{
    "fields": [
        {
            "label": "${DATE}  ${TIME}",
            "x": 211,
            "y": 44,
            "id": "oe-field-0",
            "format": "{%d-%m-%Y}{%H:%M:%S}",
            "strokewidth": 0,
            "sample": "DATE,TIME",
            "tlx": 19,
            "tly": 20,
            "fontsize": 48,
            "fill": "#ff0000"
        },
        {
            "label": "Exposure: ${sEXPOSURE}",
            "x": 237,
            "y": 98,
            "id": "oe-field-1",
            "fontsize": 36,
            "strokewidth": 0,
            "tlx": 19,
            "tly": 80
        },
        {
            "label": "Gain: ${GAIN}",
            "x": 134,
            "y": 158,
            "id": "oe-field-2",
            "format": "{:.2f}",
            "fontsize": 36,
            "strokewidth": 0,
            "tlx": 19,
            "tly": 140
        },
        {
            "label": "${CAMERA_TYPE} ${CAMERA_MODEL}",
            "x": 279,
            "y": 214,
            "id": "oe-field-3",
            "fontsize": 28,
            "strokewidth": 0,
            "tlx": 19,
            "tly": 200,
            "sample": "RPi some_model"
        }
    ],
    "images": [],
    "settings": {
        "defaultdatafileexpiry": "550",
        "defaultincludeplanets": false,
        "defaultincludesun": false,
        "defaultincludemoon": false,
        "defaultimagetopacity": 0.63,
        "defaultimagerotation": 0,
        "defaulttextrotation": 0,
        "defaultfontopacity": 1,
        "defaultfontcolour": "white",
        "defaultfont": "Arial",
        "defaultfontsize": 52,
        "defaultimagescale": 1,
        "defaultnoradids": ""
    },
    "fonts": {
        "moon_phases": {
            "fontPath": "fonts\/moon_phases.ttf",
            "fonttcolour": "red",
            "backgroundcolor": "white",
            "fontopacity": 0.5
        }
    },
    "metadata": {
        "camerabrand": "RPi",
        "cameramodel": "Module 3",
        "cameraresolutionwidth": "4608",
        "cameraresolutionheight": "2592",
        "tod": "both",
        "name": "RPI Module 3"
    }
}
