{
    "fields": [
        {
            "label": "${DATE}  ${TIME}",
            "x": 259,
            "y": 50,
            "id": "oe-field-0",
            "format": "{%d-%m-%Y}{%H:%M:%S}",
            "strokewidth": 0,
            "sample": "DATE,TIME",
            "tlx": 19,
            "tly": 20,
            "fontsize": 60,
            "fill": "#ff0000"
        },
        {
            "label": "Exposure: ${sEXPOSURE}",
            "x": 237,
            "y": 115,
            "id": "oe-field-1",
            "fontsize": 36,
            "strokewidth": 0,
            "tlx": 19,
            "tly": 100
        },
        {
            "label": "Gain: ${GAIN}",
            "x": 134,
            "y": 155,
            "id": "oe-field-2",
            "format": "{:n}",
            "fontsize": 36,
            "strokewidth": 0,
            "tlx": 19,
            "tly": 140
        },
        {
            "label": "Sensor: ${TEMPERATURE_C} C",
            "x": 167,
            "y": 195,
            "id": "oe-field-3",
            "format": "{:.1f}",
            "fontsize": 20,
            "strokewidth": 0,
            "tlx": 19,
            "tly": 180,
            "sample": "20.1"
        },
        {
            "label": "${CAMERA_TYPE} ${CAMERA_MODEL}",
            "x": 169,
            "y": 220,
            "id": "oe-field-4",
            "fontsize": 16,
            "strokewidth": 0,
            "sample": "ZWO some_model",
            "tlx": 19,
            "tly": 205
        }
    ],
    "images": [],
    "settings": {
        "defaultdatafileexpiry": "600",
        "defaultincludeplanets": true,
        "defaultincludesun": true,
        "defaultincludemoon": true,
        "defaultimagetopacity": 0.63,
        "defaultimagerotation": 0,
        "defaulttextrotation": 0,
        "defaultfontopacity": 1,
        "defaultfontcolour": "white",
        "defaultfont": "Arial",
        "defaultfontsize": 52,
        "defaultimagescale": 1,
        "defaultnoradids": "25544",
        "defaultstrokecolour": "",
        "defaultexpirytext": ""
    },
    "fonts": {
        "moon_phases": {
            "fontPath": "fonts\/moon_phases.ttf",
            "fonttcolour": "red",
            "backgroundcolor": "white",
            "fontopacity": 0.5
        }
    },
    "metadata": {
        "camerabrand": "ZWO",
        "cameramodel": "ASI676MC",
        "cameraresolutionwidth": "3552",
        "cameraresolutionheight": "3552",
        "tod": "both",
        "name": "ASI676MC"
    }
}
