{
  "0101a9": {
    "i": "0101a9",
    "r": "SU-BTF",
    "it": "C295",
    "y": null,
    "m": null,
    "mo": "CASA C-295 M",
    "o": null,
    "st": "L2T",
    "ml": true
  },
  "0101aa": {
    "i": "0101aa",
    "r": "SU-BTG",
    "it": "C295",
    "y": null,
    "m": null,
    "mo": "CASA C-295 M",
    "o": null,
    "st": "L2T",
    "ml": true
  },
  "0101bf": {
    "i": "0101bf",
    "r": "SU-BTM",
    "it": "A320",
    "y": null,
    "m": null,
    "mo": "Airbus A320-214",
    "o": null,
    "st": "L2J",
    "ml": false
  },
  "010261": {
    "i": "010261",
    "r": "SU-SFY",
    "it": "B738",
    "y": null,
    "m": null,
    "mo": "",
    "o": null,
    "st": "L2J",
    "ml": false
  },
  "018057": {
    "i": "018057",
    "r": "5A-ONJ",
    "it": "A320",
    "y": null,
    "m": null,
    "mo": "Airbus A320-214",
    "o": null,
    "st": "L2J",
    "ml": false
  },
  "0180a4": {
    "i": "0180a4",
    "r": "5A-TAJ",
    "it": "A320",
    "y": null,
    "m": null,
    "mo": "",
    "o": null,
    "st": "L2J",
    "ml": false
  },
  "0100a7": {
    "i": "0100a7",
    "r": "SU-GCJ",
    "it": "A332",
    "y": null,
    "m": null,
    "mo": "Airbus A330-243",
    "o": null,
    "st": "L2J",
    "ml": false
  },
  "01018d": {
    "i": "01018d",
    "r": "SU-TCE",
    "it": "A320",
    "y": null,
    "m": null,
    "mo": "Airbus A320-232",
    "o": null,
    "st": "L2J",
    "ml": false
  },
  "010197": {
    "i": "010197",
    "r": "SU-BSP",
    "it": "C295",
    "y": null,
    "m": null,
    "mo": "CASA C-295 M",
    "o": null,
    "st": "L2T",
    "ml": true
  },
  "0101b2": {
    "i": "0101b2",
    "r": "SU-BQL",
    "it": "A321",
    "y": null,
    "m": null,
    "mo": "",
    "o": null,
    "st": "L2J",
    "ml": false
  },
  "010082": {
    "i": "010082",
    "r": "SU-BAR",
    "it": "C130",
    "y": null,
    "m": null,
    "mo": "",
    "o": null,
    "st": "L4T",
    "ml": true
  },
  "0100ed": {
    "i": "0100ed",
    "r": "SU-GCU",
    "it": "E170",
    "y": null,
    "m": null,
    "mo": "Embraer Emb-170-100SU",
    "o": null,
    "st": "L2J",
    "ml": false
  },
  "0101ad": {
    "i": "0101ad",
    "r": "SU-BSD",
    "it": "SR22",
    "y": null,
    "m": null,
    "mo": "Cirrus Design SR22 G3 GTS Turbo",
    "o": null,
    "st": "L1P",
    "ml": false
  },
  "0101db": {
    "i": "0101db",
    "r": "SU-GER",
    "it": "B789",
    "y": null,
    "m": null,
    "mo": "Boeing 787-9",
    "o": null,
    "st": "L2J",
    "ml": false
  },
  "010235": {
    "i": "010235",
    "r": "SU-TMO",
    "it": "B738",
    "y": null,
    "m": null,
    "mo": "Boeing 737NG 846/W",
    "o": null,
    "st": "L2J",
    "ml": false
  },
  "010267": {
    "i": "010267",
    "r": "SU-BVP",
    "it": "A320",
    "y": null,
    "m": null,
    "mo": "",
    "o": null,
    "st": "L2J",
    "ml": false
  },
  "010268": {
    "i": "010268",
    "r": "SU-GGA",
    "it": "B738",
    "y": null,
    "m": null,
    "mo": "",
    "o": null,
    "st": "L2J",
    "ml": false
  },
  "010269": {
    "i": "010269",
    "r": "SU-BVQ",
    "it": "A320",
    "y": null,
    "m": null,
    "mo": "",
    "o": null,
    "st": "L2J",
    "ml": false
  },
  "01807a": {
    "i": "01807a",
    "r": "5A-LAQ",
    "it": "A320",
    "y": null,
    "m": null,
    "mo": "Airbus A320-214",
    "o": null,
    "st": "L2J",
    "ml": false
  },
  "018093": {
    "i": "018093",
    "r": "5A-OSA",
    "it": "A332",
    "y": null,
    "m": null,
    "mo": "",
    "o": null,
    "st": "L2J",
    "ml": false
  },
  "018097": {
    "i": "018097",
    "r": "5A-LEX",
    "it": "BE20",
    "y": null,
    "m": null,
    "mo": "",
    "o": null,
    "st": "L2T",
    "ml": false
  },
  "01000f": {
    "i": "01000f",
    "r": "SU-GAY",
    "it": "A306",
    "y": null,
    "m": null,
    "mo": "Airbus A300 B4-622RF",
    "o": null,
    "st": "L2J",
    "ml": false
  },
  "0100a3": {
    "i": "0100a3",
    "r": "SU-GCF",
    "it": "A332",
    "y": null,
    "m": null,
    "mo": "Airbus A330-243",
    "o": null,
    "st": "L2J",
    "ml": false
  },
  "010121": {
    "i": "010121",
    "r": "SU-TCB",
    "it": "A320",
    "y": null,
    "m": null,
    "mo": "Airbus A320-232",
    "o": null,
    "st": "L2J",
    "ml": false
  },
  "010141": {
    "i": "010141",
    "r": "SU-NMB",
    "it": "A320",
    "y": null,
    "m": null,
    "mo": "Airbus A320-232",
    "o": null,
    "st": "L2J",
    "ml": false
  },
  "010143": {
    "i": "010143",
    "r": "SU-GDS",
    "it": "A333",
    "y": null,
    "m": null,
    "mo": "",
    "o": null,
    "st": "L2J",
    "ml": false
  },
  "010146": {
    "i": "010146",
    "r": "SU-GDZ",
    "it": "B738",
    "y": null,
    "m": null,
    "mo": "Boeing 737-866",
    "o": null,
    "st": "L2J",
    "ml": false
  },
  "0101a1": {
    "i": "0101a1",
    "r": "SU-BSY",
    "it": "C295",
    "y": null,
    "m": null,
    "mo": "CASA C-295 M",
    "o": null,
    "st": "L2T",
    "ml": true
  },
  "0101de": {
    "i": "0101de",
    "r": "SU-GEU",
    "it": "B789",
    "y": null,
    "m": null,
    "mo": "",
    "o": null,
    "st": "L2J",
    "ml": false
  },
  "0101e0": {
    "i": "0101e0",
    "r": "SU-GEW",
    "it": "B789",
    "y": null,
    "m": null,
    "mo": "Boeing 787-9",
    "o": null,
    "st": "L2J",
    "ml": false
  },
  "010245": {
    "i": "010245",
    "r": "SU-GFU",
    "it": "A21N",
    "y": null,
    "m": null,
    "mo": "",
    "o": null,
    "st": "L2J",
    "ml": false
  },
  "010281": {
    "i": "010281",
    "r": "SU-TCN",
    "it": "A321",
    "y": null,
    "m": null,
    "mo": "",
    "o": null,
    "st": "L2J",
    "ml": false
  },
  "018030": {
    "i": "018030",
    "r": "5A-UAA",
    "it": "CL30",
    "y": null,
    "m": null,
    "mo": "Bombardier Challenger 300",
    "o": null,
    "st": "L2J",
    "ml": false
  },
  "01808d": {
    "i": "01808d",
    "r": "5A-FLG",
    "it": "RJ1H",
    "y": null,
    "m": null,
    "mo": "Bae 146",
    "o": null,
    "st": "L4J",
    "ml": false
  },
  "010102": {
    "i": "010102",
    "r": "SU-GDF",
    "it": "E170",
    "y": null,
    "m": null,
    "mo": "Embraer ERJ170-100LR",
    "o": null,
    "st": "L2J",
    "ml": false
  },
  "01018b": {
    "i": "01018b",
    "r": "SU-BSK",
    "it": "C295",
    "y": null,
    "m": null,
    "mo": "CASA C-295 M",
    "o": null,
    "st": "L2T",
    "ml": true
  },
  "010192": {
    "i": "010192",
    "r": "SU-BSG",
    "it": "C295",
    "y": null,
    "m": null,
    "mo": "CASA C-295 M",
    "o": null,
    "st": "L2T",
    "ml": true
  },
  "010198": {
    "i": "010198",
    "r": "SU-BSQ",
    "it": "C295",
    "y": null,
    "m": null,
    "mo": "CASA C-295 M",
    "o": null,
    "st": "L2T",
    "ml": true
  },
  "0101ca": {
    "i": "0101ca",
    "r": "SU-CCG",
    "it": "A139",
    "y": null,
    "m": null,
    "mo": "AgustaWestland 139",
    "o": null,
    "st": "H2T",
    "ml": false
  },
  "0101e1": {
    "i": "0101e1",
    "r": "SU-AAE",
    "it": "A320",
    "y": null,
    "m": null,
    "mo": "Airbus A320-214",
    "o": null,
    "st": "L2J",
    "ml": false
  },
  "0101e6": {
    "i": "0101e6",
    "r": "SU-GEX",
    "it": "BCS3",
    "y": null,
    "m": null,
    "mo": "Airbus CS-300-A220-300",
    "o": null,
    "st": "L2J",
    "ml": false
  },
  "010232": {
    "i": "010232",
    "r": "SU-BUO",
    "it": "C208",
    "y": null,
    "m": null,
    "mo": "",
    "o": null,
    "st": "L1T",
    "ml": false
  },
  "010260": {
    "i": "010260",
    "r": "SU-SAW",
    "it": "B738",
    "y": null,
    "m": null,
    "mo": "",
    "o": null,
    "st": "L2J",
    "ml": false
  },
  "010275": {
    "i": "010275",
    "r": "SU-RSC",
    "it": "B738",
    "y": null,
    "m": null,
    "mo": "",
    "o": null,
    "st": "L2J",
    "ml": false
  },
  "01801f": {
    "i": "01801f",
    "r": "5A-DMG",
    "it": "B738",
    "y": null,
    "m": null,
    "mo": "Boeing 737-8GK",
    "o": null,
    "st": "L2J",
    "ml": false
  },
  "010009": {
    "i": "010009",
    "r": "SU-GAS",
    "it": "A306",
    "y": null,
    "m": null,
    "mo": "Airbus A300 B4-622RF",
    "o": null,
    "st": "L2J",
    "ml": false
  },
  "01003e": {
    "i": "01003e",
    "r": "SU-BND",
    "it": "GLF4",
    "y": null,
    "m": null,
    "mo": "",
    "o": null,
    "st": "L2J",
    "ml": false
  },
  "010062": {
    "i": "010062",
    "r": "SU-CBF",
    "it": "DH8C",
    "y": null,
    "m": null,
    "mo": "Bombardier DHC-8 315Q",
    "o": null,
    "st": "L2T",
    "ml": false
  },
  "01008b": {
    "i": "01008b",
    "r": "SU-BKT",
    "it": "C130",
    "y": null,
    "m": null,
    "mo": "",
    "o": null,
    "st": "L4T",
    "ml": true
  },
  "0100c7": {
    "i": "0100c7",
    "r": "SU-CBJ",
    "it": "DH8C",
    "y": null,
    "m": null,
    "mo": "Bombardier DHC-8 315Q",
    "o": null,
    "st": "L2T",
    "ml": false
  },
  "010164": {
    "i": "010164",
    "r": "SU-BRP",
    "it": "C295",
    "y": null,
    "m": null,
    "mo": "CASA C-295 M",
    "o": null,
    "st": "L2T",
    "ml": true
  },
  "010169": {
    "i": "010169",
    "r": "SU-CBY",
    "it": "CRJ9",
    "y": null,
    "m": null,
    "mo": "Canadair Regional-Jet-900",
    "o": null,
    "st": "L2J",
    "ml": false
  },
  "010242": {
    "i": "010242",
    "r": "SU-GFR",
    "it": "A21N",
    "y": null,
    "m": null,
    "mo": "",
    "o": null,
    "st": "L2J",
    "ml": false
  },
  "010253": {
    "i": "010253",
    "r": "SU-BVE",
    "it": "AT76",
    "y": null,
    "m": null,
    "mo": "Avions de Transport Regional ATR 72 600",
    "o": null,
    "st": "L2T",
    "ml": false
  },
  "0180a1": {
    "i": "0180a1",
    "r": "5A-BRC",
    "it": "A320",
    "y": null,
    "m": null,
    "mo": "",
    "o": null,
    "st": "L2J",
    "ml": false
  },
  "0100cb": {
    "i": "0100cb",
    "r": "SU-BNJ",
    "it": "BE20",
    "y": null,
    "m": null,
    "mo": "Raytheon Aircraft Company King Air B200",
    "o": null,
    "st": "L2T",
    "ml": false
  },
  "0100dc": {
    "i": "0100dc",
    "r": "SU-GCN",
    "it": "B738",
    "y": null,
    "m": null,
    "mo": "Boeing 737-866",
    "o": null,
    "st": "L2J",
    "ml": false
  },
  "010109": {
    "i": "010109",
    "r": "SU-GDA",
    "it": "B738",
    "y": null,
    "m": null,
    "mo": "Boeing 737-866",
    "o": null,
    "st": "L2J",
    "ml": false
  },
  "010155": {
    "i": "010155",
    "r": "SU-SMG",
    "it": "B350",
    "y": null,
    "m": null,
    "mo": "Beech King Air 350",
    "o": null,
    "st": "L2T",
    "ml": false
  },
  "010161": {
    "i": "010161",
    "r": "SU-GEC",
    "it": "B738",
    "y": null,
    "m": null,
    "mo": "Boeing 737-866",
    "o": null,
    "st": "L2J",
    "ml": false
  },
  "0101ae": {
    "i": "0101ae",
    "r": "SU-BSJ",
    "it": "C295",
    "y": null,
    "m": null,
    "mo": "CASA C-295 M",
    "o": null,
    "st": "L2T",
    "ml": true
  },
  "0101f4": {
    "i": "0101f4",
    "r": "SU-BTX",
    "it": "IL76",
    "y": null,
    "m": null,
    "mo": "",
    "o": null,
    "st": "L4J",
    "ml": true
  },
  "01023f": {
    "i": "01023f",
    "r": "SU-RSB",
    "it": "B738",
    "y": null,
    "m": null,
    "mo": "737-8Q8",
    "o": null,
    "st": "L2J",
    "ml": false
  },
  "010250": {
    "i": "010250",
    "r": "SU-TCL",
    "it": "A321",
    "y": null,
    "m": null,
    "mo": "",
    "o": null,
    "st": "L2J",
    "ml": false
  },
  "01026a": {
    "i": "01026a",
    "r": "SU-SKD",
    "it": "A320",
    "y": null,
    "m": null,
    "mo": "",
    "o": null,
    "st": "L2J",
    "ml": false
  },
  "018089": {
    "i": "018089",
    "r": "5A-ONS",
    "it": "A306",
    "y": null,
    "m": null,
    "mo": "Airbus A300 B4-622RF",
    "o": null,
    "st": "L2J",
    "ml": false
  },
  "018092": {
    "i": "018092",
    "r": "5A-GAD",
    "it": "E145",
    "y": null,
    "m": null,
    "mo": "ERJ-145LR",
    "o": null,
    "st": "L2J",
    "ml": false
  },
  "0180a7": {
    "i": "0180a7",
    "r": "5A-LBY",
    "it": "E35L",
    "y": null,
    "m": null,
    "mo": "",
    "o": null,
    "st": "L2J",
    "ml": true
  },
  "01001b": {
    "i": "01001b",
    "r": "SU-GBK",
    "it": "B735",
    "y": null,
    "m": null,
    "mo": "Boeing 737-566",
    "o": null,
    "st": "L2J",
    "ml": false
  },
  "01002d": {
    "i": "01002d",
    "r": "SU-GBU",
    "it": "A321",
    "y": null,
    "m": null,
    "mo": "Airbus A321 231",
    "o": null,
    "st": "L2J",
    "ml": false
  },
  "010075": {
    "i": "010075",
    "r": "SU-BAB",
    "it": "C130",
    "y": null,
    "m": null,
    "mo": "",
    "o": null,
    "st": "L4T",
    "ml": true
  },
  "01009e": {
    "i": "01009e",
    "r": "SU-YAI",
    "it": "F50",
    "y": null,
    "m": null,
    "mo": "Fokker F50",
    "o": null,
    "st": "L2T",
    "ml": false
  },
  "010104": {
    "i": "010104",
    "r": "SU-GDH",
    "it": "E170",
    "y": null,
    "m": null,
    "mo": "Embraer EMB-170 LR",
    "o": null,
    "st": "L2J",
    "ml": false
  },
  "010107": {
    "i": "010107",
    "r": "SU-GDK",
    "it": "E170",
    "y": null,
    "m": null,
    "mo": "Embraer EMB-170 LR",
    "o": null,
    "st": "L2J",
    "ml": false
  },
  "010108": {
    "i": "010108",
    "r": "SU-GCZ",
    "it": "B738",
    "y": null,
    "m": null,
    "mo": "Boeing 737-866",
    "o": null,
    "st": "L2J",
    "ml": false
  },
  "01010b": {
    "i": "01010b",
    "r": "SU-GDC",
    "it": "B738",
    "y": null,
    "m": null,
    "mo": "Boeing 737-866",
    "o": null,
    "st": "L2J",
    "ml": false
  },
  "0101b0": {
    "i": "0101b0",
    "r": "SU-BTK",
    "it": "C295",
    "y": null,
    "m": null,
    "mo": "CASA C-295 M",
    "o": null,
    "st": "L2T",
    "ml": true
  },
  "0101d0": {
    "i": "0101d0",
    "r": "SU-BTU",
    "it": "FA7X",
    "y": null,
    "m": null,
    "mo": "Dassault Falcon 7X",
    "o": null,
    "st": "L3J",
    "ml": true
  },
  "0101d6": {
    "i": "0101d6",
    "r": "SU-BLD",
    "it": "BE58",
    "y": null,
    "m": null,
    "mo": "Textron Aviation Baron G58",
    "o": null,
    "st": "L2P",
    "ml": false
  },
  "0101dc": {
    "i": "0101dc",
    "r": "SU-GES",
    "it": "B789",
    "y": null,
    "m": null,
    "mo": "Boeing 787-9",
    "o": null,
    "st": "L2J",
    "ml": false
  },
  "0101f3": {
    "i": "0101f3",
    "r": "SU-CCH",
    "it": "CRJ9",
    "y": null,
    "m": null,
    "mo": "Canadair Regional-Jet-900NG",
    "o": null,
    "st": "L2J",
    "ml": false
  },
  "0101f9": {
    "i": "0101f9",
    "r": "SU-BUA",
    "it": "E190",
    "y": null,
    "m": null,
    "mo": "Embraer EMB-195 LR",
    "o": null,
    "st": "L2J",
    "ml": false
  },
  "0180ab": {
    "i": "0180ab",
    "r": "5A-BRF",
    "it": "A320",
    "y": null,
    "m": null,
    "mo": "",
    "o": null,
    "st": "L2J",
    "ml": false
  },
  "0180b4": {
    "i": "0180b4",
    "r": "5A-BAB",
    "it": "A320",
    "y": null,
    "m": null,
    "mo": "",
    "o": null,
    "st": "L2J",
    "ml": false
  },
  "010083": {
    "i": "010083",
    "r": "SU-BAS",
    "it": "C130",
    "y": null,
    "m": null,
    "mo": "",
    "o": null,
    "st": "L4T",
    "ml": true
  },
  "0100e2": {
    "i": "0100e2",
    "r": "SU-CBN",
    "it": "DH8C",
    "y": null,
    "m": null,
    "mo": "Bombardier DHC-8 315Q",
    "o": null,
    "st": "L2T",
    "ml": false
  },
  "0100e3": {
    "i": "0100e3",
    "r": "SU-MMN",
    "it": "B350",
    "y": null,
    "m": null,
    "mo": "Beech King Air 350",
    "o": null,
    "st": "L2T",
    "ml": false
  },
  "010153": {
    "i": "010153",
    "r": "SU-GDP",
    "it": "B77W",
    "y": null,
    "m": null,
    "mo": "Boeing 777-36N",
    "o": null,
    "st": "L2J",
    "ml": false
  },
  "010277": {
    "i": "010277",
    "r": "SU-SKG",
    "it": "A321",
    "y": null,
    "m": null,
    "mo": "",
    "o": null,
    "st": "L2J",
    "ml": false
  },
  "018086": {
    "i": "018086",
    "r": "5A-WLA",
    "it": "A319",
    "y": null,
    "m": null,
    "mo": "Airbus A319-112",
    "o": null,
    "st": "L2J",
    "ml": false
  },
  "0180a3": {
    "i": "0180a3",
    "r": "5A-BRD",
    "it": "A320",
    "y": null,
    "m": null,
    "mo": "",
    "o": null,
    "st": "L2J",
    "ml": false
  },
  "0180b3": {
    "i": "0180b3",
    "r": "5A-FLR",
    "it": "CRJ2",
    "y": null,
    "m": null,
    "mo": "",
    "o": null,
    "st": "L2J",
    "ml": false
  },
  "0100de": {
    "i": "0100de",
    "r": "SU-GCP",
    "it": "B738",
    "y": null,
    "m": null,
    "mo": "Boeing 737-866",
    "o": null,
    "st": "L2J",
    "ml": false
  },
  "01012a": {
    "i": "01012a",
    "r": "SU-GDL",
    "it": "B77W",
    "y": null,
    "m": null,
    "mo": "Boeing 777-36N",
    "o": null,
    "st": "L2J",
    "ml": false
  },
  "0101b1": {
    "i": "0101b1",
    "r": "SU-BTL",
    "it": "C295",
    "y": null,
    "m": null,
    "mo": "CASA C-295 M",
    "o": null,
    "st": "L2T",
    "ml": true
  },
  "010207": {
    "i": "010207",
    "r": "SU-GFM",
    "it": "A20N",
    "y": null,
    "m": null,
    "mo": "Airbus A320-251N",
    "o": null,
    "st": "L2J",
    "ml": false
  },
  "018084": {
    "i": "018084",
    "r": "5A-ONR",
    "it": "A333",
    "y": null,
    "m": null,
    "mo": "Airbus A330-302",
    "o": null,
    "st": "L2J",
    "ml": false
  },
  "01808b": {
    "i": "01808b",
    "r": "5A-FLE",
    "it": "RJ1H",
    "y": null,
    "m": null,
    "mo": "Bae 146",
    "o": null,
    "st": "L4J",
    "ml": false
  },
  "0180a0": {
    "i": "0180a0",
    "r": "5A-BRB",
    "it": "A320",
    "y": null,
    "m": null,
    "mo": "",
    "o": null,
    "st": "L2J",
    "ml": false
  },
  "0180ac": {
    "i": "0180ac",
    "r": "5A-BAA",
    "it": "A320",
    "y": null,
    "m": null,
    "mo": "",
    "o": null,
    "st": "L2J",
    "ml": false
  },
  "01007e": {
    "i": "01007e",
    "r": "SU-BAM",
    "it": "C130",
    "y": null,
    "m": null,
    "mo": "Lockheed C-130H Hercules",
    "o": null,
    "st": "L4T",
    "ml": true
  },
  "0100a4": {
    "i": "0100a4",
    "r": "SU-GCG",
    "it": "A332",
    "y": null,
    "m": null,
    "mo": "Airbus A330-243",
    "o": null,
    "st": "L2J",
    "ml": false
  },
  "0100e7": {
    "i": "0100e7",
    "r": "SU-BPX",
    "it": "A320",
    "y": null,
    "m": null,
    "mo": "Airbus A320-214",
    "o": null,
    "st": "L2J",
    "ml": false
  },
  "0101b7": {
    "i": "0101b7",
    "r": "SU-GEG",
    "it": "B738",
    "y": null,
    "m": null,
    "mo": "Boeing 737-800",
    "o": null,
    "st": "L2J",
    "ml": false
  },
  "0101c8": {
    "i": "0101c8",
    "r": "SU-BQN",
    "it": "A321",
    "y": null,
    "m": null,
    "mo": "Airbus A321-231",
    "o": null,
    "st": "L2J",
    "ml": false
  },
  "010208": {
    "i": "010208",
    "r": "SU-GFN",
    "it": "A20N",
    "y": null,
    "m": null,
    "mo": "Airbus A320-251N",
    "o": null,
    "st": "L2J",
    "ml": false
  },
  "01024e": {
    "i": "01024e",
    "r": "SU-BUP",
    "it": "A20N",
    "y": null,
    "m": null,
    "mo": "",
    "o": null,
    "st": "L2J",
    "ml": false
  },
  "018003": {
    "i": "018003",
    "r": "5A-DDY",
    "it": "BE20",
    "y": null,
    "m": null,
    "mo": "",
    "o": null,
    "st": "L2T",
    "ml": false
  },
  "01806b": {
    "i": "01806b",
    "r": "5A-LAK",
    "it": "A320",
    "y": null,
    "m": null,
    "mo": "Airbus A320-214",
    "o": null,
    "st": "L2J",
    "ml": false
  },
  "018094": {
    "i": "018094",
    "r": "5A-GAC",
    "it": "E145",
    "y": null,
    "m": null,
    "mo": "",
    "o": null,
    "st": "L2J",
    "ml": false
  },
  "01007b": {
    "i": "01007b",
    "r": "SU-BAJ",
    "it": "C130",
    "y": null,
    "m": null,
    "mo": "",
    "o": null,
    "st": "L4T",
    "ml": true
  },
  "010087": {
    "i": "010087",
    "r": "SU-BEW",
    "it": "C130",
    "y": null,
    "m": null,
    "mo": "",
    "o": null,
    "st": "L4T",
    "ml": true
  },
  "010089": {
    "i": "010089",
    "r": "SU-BEY",
    "it": "C130",
    "y": null,
    "m": null,
    "mo": "",
    "o": null,
    "st": "L4T",
    "ml": true
  },
  "0100d3": {
    "i": "0100d3",
    "r": "SU-BPO",
    "it": "AN72",
    "y": null,
    "m": null,
    "mo": "Antonov An-74 TK-200",
    "o": null,
    "st": "L2J",
    "ml": true
  },
  "0100db": {
    "i": "0100db",
    "r": "SU-GCM",
    "it": "B738",
    "y": null,
    "m": null,
    "mo": "Boeing 737-866",
    "o": null,
    "st": "L2J",
    "ml": false
  },
  "0100dd": {
    "i": "0100dd",
    "r": "SU-GCO",
    "it": "B738",
    "y": null,
    "m": null,
    "mo": "Boeing 737-866",
    "o": null,
    "st": "L2J",
    "ml": false
  },
  "010123": {
    "i": "010123",
    "r": "SU-CBV",
    "it": "A139",
    "y": null,
    "m": null,
    "mo": "AgustaWestland AW.139",
    "o": null,
    "st": "H2T",
    "ml": false
  },
  "01012b": {
    "i": "01012b",
    "r": "SU-GDM",
    "it": "B77W",
    "y": null,
    "m": null,
    "mo": "Boeing 777-36N",
    "o": null,
    "st": "L2J",
    "ml": false
  },
  "01012c": {
    "i": "01012c",
    "r": "SU-BPL",
    "it": "C130",
    "y": null,
    "m": null,
    "mo": "",
    "o": null,
    "st": "L4T",
    "ml": true
  },
  "010147": {
    "i": "010147",
    "r": "SU-GEA",
    "it": "B738",
    "y": null,
    "m": null,
    "mo": "Boeing 737-866",
    "o": null,
    "st": "L2J",
    "ml": false
  },
  "0101ac": {
    "i": "0101ac",
    "r": "SU-BTI",
    "it": "C295",
    "y": null,
    "m": null,
    "mo": "CASA C-295 M",
    "o": null,
    "st": "L2T",
    "ml": true
  },
  "0101e5": {
    "i": "0101e5",
    "r": "SU-SML",
    "it": "C680",
    "y": null,
    "m": null,
    "mo": "Cessna 680",
    "o": null,
    "st": "L2J",
    "ml": false
  },
  "0101ea": {
    "i": "0101ea",
    "r": "SU-GFB",
    "it": "BCS3",
    "y": null,
    "m": null,
    "mo": "Airbus CS-300-A220-300",
    "o": null,
    "st": "L2J",
    "ml": false
  },
  "01021f": {
    "i": "01021f",
    "r": "SU-CCK",
    "it": "A139",
    "y": null,
    "m": null,
    "mo": "Leonardo AW139",
    "o": null,
    "st": "H2T",
    "ml": false
  },
  "01025c": {
    "i": "01025c",
    "r": "SU-BVK",
    "it": "A20N",
    "y": null,
    "m": null,
    "mo": "",
    "o": null,
    "st": "L2J",
    "ml": false
  },
  "018099": {
    "i": "018099",
    "r": "5A-BRA",
    "it": "A320",
    "y": null,
    "m": null,
    "mo": "",
    "o": null,
    "st": "L2J",
    "ml": false
  },
  "010077": {
    "i": "010077",
    "r": "SU-BAD",
    "it": "C130",
    "y": null,
    "m": null,
    "mo": "",
    "o": null,
    "st": "L4T",
    "ml": true
  },
  "010094": {
    "i": "010094",
    "r": "SU-GCD",
    "it": "A320",
    "y": null,
    "m": null,
    "mo": "Airbus A320-232",
    "o": null,
    "st": "L2J",
    "ml": false
  },
  "0100fe": {
    "i": "0100fe",
    "r": "SU-SMD",
    "it": "C680",
    "y": null,
    "m": null,
    "mo": "Cessna 680",
    "o": null,
    "st": "L2J",
    "ml": false
  },
  "01013d": {
    "i": "01013d",
    "r": "SU-GDO",
    "it": "B77W",
    "y": null,
    "m": null,
    "mo": "Boeing 777-36N",
    "o": null,
    "st": "L2J",
    "ml": false
  },
  "0101bb": {
    "i": "0101bb",
    "r": "SU-GEK",
    "it": "B738",
    "y": null,
    "m": null,
    "mo": "Boeing 737-800",
    "o": null,
    "st": "L2J",
    "ml": false
  },
  "0101c4": {
    "i": "0101c4",
    "r": "SU-ALC",
    "it": "A332",
    "y": null,
    "m": null,
    "mo": "Airbus A330 243",
    "o": null,
    "st": "L2J",
    "ml": false
  },
  "01022f": {
    "i": "01022f",
    "r": "SU-BUN",
    "it": "A20N",
    "y": null,
    "m": null,
    "mo": "",
    "o": null,
    "st": "L2J",
    "ml": false
  },
  "010247": {
    "i": "010247",
    "r": "SU-GFW",
    "it": "A21N",
    "y": null,
    "m": null,
    "mo": "",
    "o": null,
    "st": "L2J",
    "ml": false
  },
  "0100cf": {
    "i": "0100cf",
    "r": "SU-EWD",
    "it": "C680",
    "y": null,
    "m": null,
    "mo": "Cessna 680",
    "o": null,
    "st": "L2J",
    "ml": false
  },
  "0100ec": {
    "i": "0100ec",
    "r": "SU-GCT",
    "it": "E170",
    "y": null,
    "m": null,
    "mo": "Embraer EMB-170 LR",
    "o": null,
    "st": "L2J",
    "ml": false
  },
  "01015d": {
    "i": "01015d",
    "r": "SU-GDU",
    "it": "A333",
    "y": null,
    "m": null,
    "mo": "Airbus A330-343X",
    "o": null,
    "st": "L2J",
    "ml": false
  },
  "0101a3": {
    "i": "0101a3",
    "r": "SU-BTA",
    "it": "C295",
    "y": null,
    "m": null,
    "mo": "CASA C-295 M",
    "o": null,
    "st": "L2T",
    "ml": true
  },
  "0101eb": {
    "i": "0101eb",
    "r": "SU-GFC",
    "it": "BCS3",
    "y": null,
    "m": null,
    "mo": "Airbus CS-300-A220-300",
    "o": null,
    "st": "L2J",
    "ml": false
  },
  "0101ec": {
    "i": "0101ec",
    "r": "SU-TMN",
    "it": "B38M",
    "y": null,
    "m": null,
    "mo": "",
    "o": null,
    "st": "L2J",
    "ml": false
  },
  "010244": {
    "i": "010244",
    "r": "SU-GFT",
    "it": "A21N",
    "y": null,
    "m": null,
    "mo": "",
    "o": null,
    "st": "L2J",
    "ml": false
  },
  "01024b": {
    "i": "01024b",
    "r": "SU-BUX",
    "it": "A20N",
    "y": null,
    "m": null,
    "mo": "",
    "o": null,
    "st": "L2J",
    "ml": false
  },
  "010257": {
    "i": "010257",
    "r": "SU-BVG",
    "it": "E190",
    "y": null,
    "m": null,
    "mo": "",
    "o": null,
    "st": "L2J",
    "ml": false
  },
  "01809e": {
    "i": "01809e",
    "r": "5A-FLM",
    "it": "RJ1H",
    "y": null,
    "m": null,
    "mo": "BAe RJ100",
    "o": null,
    "st": "L4J",
    "ml": false
  },
  "0180ad": {
    "i": "0180ad",
    "r": "5A-GRS",
    "it": "B772",
    "y": null,
    "m": null,
    "mo": "",
    "o": null,
    "st": "L2J",
    "ml": false
  },
  "010079": {
    "i": "010079",
    "r": "SU-BAF",
    "it": "C130",
    "y": null,
    "m": null,
    "mo": "",
    "o": null,
    "st": "L4T",
    "ml": true
  },
  "0100a5": {
    "i": "0100a5",
    "r": "SU-GCH",
    "it": "A332",
    "y": null,
    "m": null,
    "mo": "Airbus A330 243",
    "o": null,
    "st": "L2J",
    "ml": false
  },
  "0100f3": {
    "i": "0100f3",
    "r": "SU-SMK",
    "it": "C680",
    "y": null,
    "m": null,
    "mo": "Cessna 680",
    "o": null,
    "st": "L2J",
    "ml": false
  },
  "010258": {
    "i": "010258",
    "r": "SU-BVH",
    "it": "E190",
    "y": null,
    "m": null,
    "mo": "",
    "o": null,
    "st": "L2J",
    "ml": false
  },
  "018029": {
    "i": "018029",
    "r": "5A-SOC",
    "it": "E170",
    "y": null,
    "m": null,
    "mo": "Embraer Emb-170-100LR",
    "o": null,
    "st": "L2J",
    "ml": false
  },
  "018074": {
    "i": "018074",
    "r": "5A-LAN",
    "it": "CRJ9",
    "y": null,
    "m": null,
    "mo": "Bombardier CRJ 900 ER NG",
    "o": null,
    "st": "L2J",
    "ml": false
  },
  "01808f": {
    "i": "01808f",
    "r": "5A-WLC",
    "it": "A319",
    "y": null,
    "m": null,
    "mo": "Airbus A319-115",
    "o": null,
    "st": "L2J",
    "ml": false
  },
  "01006b": {
    "i": "01006b",
    "r": "SU-AYD",
    "it": "FA20",
    "y": null,
    "m": null,
    "mo": "Dassault Falcon-20F",
    "o": null,
    "st": "L2J",
    "ml": false
  },
  "01006d": {
    "i": "01006d",
    "r": "SU-AXN",
    "it": "FA20",
    "y": null,
    "m": null,
    "mo": "Dassault Falcon 20 E-5B",
    "o": null,
    "st": "L2J",
    "ml": false
  },
  "0100eb": {
    "i": "0100eb",
    "r": "SU-KHM",
    "it": "B735",
    "y": null,
    "m": null,
    "mo": "Boeing 737 5C9",
    "o": null,
    "st": "L2J",
    "ml": false
  },
  "010178": {
    "i": "010178",
    "r": "SU-BRV",
    "it": "C295",
    "y": null,
    "m": null,
    "mo": "",
    "o": null,
    "st": "L2T",
    "ml": true
  },
  "010191": {
    "i": "010191",
    "r": "SU-BSE",
    "it": "C295",
    "y": null,
    "m": null,
    "mo": "CASA C-295 M",
    "o": null,
    "st": "L2T",
    "ml": true
  },
  "0101ab": {
    "i": "0101ab",
    "r": "SU-BTH",
    "it": "C295",
    "y": null,
    "m": null,
    "mo": "CASA C-295 M",
    "o": null,
    "st": "L2T",
    "ml": false
  },
  "0101ba": {
    "i": "0101ba",
    "r": "SU-GEJ",
    "it": "B738",
    "y": null,
    "m": null,
    "mo": "",
    "o": null,
    "st": "L2J",
    "ml": false
  },
  "0101e8": {
    "i": "0101e8",
    "r": "SU-GEZ",
    "it": "BCS3",
    "y": null,
    "m": null,
    "mo": "Airbus A220 300",
    "o": null,
    "st": "L2J",
    "ml": false
  },
  "0101fd": {
    "i": "0101fd",
    "r": "SU-GFH",
    "it": "BCS3",
    "y": null,
    "m": null,
    "mo": "Airbus CS-300-A220-300",
    "o": null,
    "st": "L2J",
    "ml": false
  },
  "010206": {
    "i": "010206",
    "r": "SU-GFL",
    "it": "A20N",
    "y": null,
    "m": null,
    "mo": "Airbus A320-251N",
    "o": null,
    "st": "L2J",
    "ml": false
  },
  "010248": {
    "i": "010248",
    "r": "SU-SKB",
    "it": "A320",
    "y": null,
    "m": null,
    "mo": "Airbus A320-232",
    "o": null,
    "st": "L2J",
    "ml": false
  },
  "018035": {
    "i": "018035",
    "r": "5A-OND",
    "it": "A319",
    "y": null,
    "m": null,
    "mo": "Airbus A319-111",
    "o": null,
    "st": "L2J",
    "ml": false
  },
  "01805e": {
    "i": "01805e",
    "r": "5A-PAB",
    "it": "E170",
    "y": null,
    "m": null,
    "mo": "Embraer Emb-170-100LR",
    "o": null,
    "st": "L2J",
    "ml": false
  },
  "018065": {
    "i": "018065",
    "r": "5A-ONL",
    "it": "A320",
    "y": null,
    "m": null,
    "mo": "Airbus A320-214",
    "o": null,
    "st": "L2J",
    "ml": false
  },
  "01006c": {
    "i": "01006c",
    "r": "SU-AZJ",
    "it": "FA20",
    "y": null,
    "m": null,
    "mo": "",
    "o": null,
    "st": "L2J",
    "ml": false
  },
  "01007c": {
    "i": "01007c",
    "r": "SU-BAK",
    "it": "C130",
    "y": null,
    "m": null,
    "mo": "",
    "o": null,
    "st": "L4T",
    "ml": true
  },
  "01008d": {
    "i": "01008d",
    "r": "SU-BPJ",
    "it": "C130",
    "y": null,
    "m": null,
    "mo": "",
    "o": null,
    "st": "L4T",
    "ml": true
  },
  "0100f0": {
    "i": "0100f0",
    "r": "SU-GCX",
    "it": "E170",
    "y": null,
    "m": null,
    "mo": "Embraer EMB-170 LR",
    "o": null,
    "st": "L2J",
    "ml": false
  },
  "010128": {
    "i": "010128",
    "r": "SU-BQH",
    "it": "C510",
    "y": null,
    "m": null,
    "mo": "Cessna Citation Mustang",
    "o": null,
    "st": "L2J",
    "ml": false
  },
  "010162": {
    "i": "010162",
    "r": "SU-GED",
    "it": "B738",
    "y": null,
    "m": null,
    "mo": "Boeing 737-866",
    "o": null,
    "st": "L2J",
    "ml": false
  },
  "010190": {
    "i": "010190",
    "r": "SU-BSF",
    "it": "C295",
    "y": null,
    "m": null,
    "mo": "CASA C-295 M",
    "o": null,
    "st": "L2T",
    "ml": true
  },
  "0101da": {
    "i": "0101da",
    "r": "SU-KHP",
    "it": "B773",
    "y": null,
    "m": null,
    "mo": "Boeing 777-31H",
    "o": null,
    "st": "L2J",
    "ml": false
  },
  "0101f2": {
    "i": "0101f2",
    "r": "SU-GFE",
    "it": "BCS3",
    "y": null,
    "m": null,
    "mo": "Airbus CS-300-A220-300",
    "o": null,
    "st": "L2J",
    "ml": false
  },
  "0101fb": {
    "i": "0101fb",
    "r": "SU-GFF",
    "it": "BCS3",
    "y": null,
    "m": null,
    "mo": "Airbus CS-300-A220-300",
    "o": null,
    "st": "L2J",
    "ml": false
  },
  "01023e": {
    "i": "01023e",
    "r": "SU-BUV",
    "it": "A320",
    "y": null,
    "m": null,
    "mo": "Airbus A320-214",
    "o": null,
    "st": "L2J",
    "ml": false
  },
  "010256": {
    "i": "010256",
    "r": "SU-TCM",
    "it": "A321",
    "y": null,
    "m": null,
    "mo": "",
    "o": null,
    "st": "L2J",
    "ml": false
  },
  "018050": {
    "i": "018050",
    "r": "5A-AGR",
    "it": "DH8C",
    "y": null,
    "m": null,
    "mo": "Bombardier DHC-8 315Q",
    "o": null,
    "st": "L2T",
    "ml": false
  },
  "01807f": {
    "i": "01807f",
    "r": "5A-LAT",
    "it": "A332",
    "y": null,
    "m": null,
    "mo": "Airbus A330-202",
    "o": null,
    "st": "L2J",
    "ml": false
  },
  "018096": {
    "i": "018096",
    "r": "5A-GRA",
    "it": "B733",
    "y": null,
    "m": null,
    "mo": "",
    "o": null,
    "st": "L2J",
    "ml": false
  },
  "0180a6": {
    "i": "0180a6",
    "r": "5A-EMA",
    "it": "A320",
    "y": null,
    "m": null,
    "mo": "",
    "o": null,
    "st": "L2J",
    "ml": false
  },
  "010063": {
    "i": "010063",
    "r": "SU-CBG",
    "it": "DH8C",
    "y": null,
    "m": null,
    "mo": "Bombardier DHC-8 315Q",
    "o": null,
    "st": "L2T",
    "ml": false
  },
  "010071": {
    "i": "010071",
    "r": "4801",
    "it": "B190",
    "y": null,
    "m": null,
    "mo": "Beech 1900 C-1",
    "o": null,
    "st": "L2T",
    "ml": true
  },
  "010080": {
    "i": "010080",
    "r": "SU-BAP",
    "it": "C130",
    "y": null,
    "m": null,
    "mo": "",
    "o": null,
    "st": "L4T",
    "ml": true
  },
  "0100a0": {
    "i": "0100a0",
    "r": "SU-CBD",
    "it": "DHC7",
    "y": null,
    "m": null,
    "mo": "De Havilland Canada DHC-7 102",
    "o": null,
    "st": "L4T",
    "ml": false
  },
  "0101a4": {
    "i": "0101a4",
    "r": "SU-CCB",
    "it": "CRJ9",
    "y": null,
    "m": null,
    "mo": "Canadair Regional-Jet-900NG",
    "o": null,
    "st": "L2J",
    "ml": false
  },
  "0101c9": {
    "i": "0101c9",
    "r": "SU-CCF",
    "it": "A139",
    "y": null,
    "m": null,
    "mo": "AgustaWestland 139",
    "o": null,
    "st": "H2T",
    "ml": false
  },
  "0101df": {
    "i": "0101df",
    "r": "SU-GEV",
    "it": "B789",
    "y": null,
    "m": null,
    "mo": "Boeing 787-9",
    "o": null,
    "st": "L2J",
    "ml": false
  },
  "01022c": {
    "i": "01022c",
    "r": "SU-BUK",
    "it": "A20N",
    "y": null,
    "m": null,
    "mo": "Airbus A320-251N",
    "o": null,
    "st": "L2J",
    "ml": false
  },
  "01023b": {
    "i": "01023b",
    "r": "SU-BUS",
    "it": "A20N",
    "y": null,
    "m": null,
    "mo": "",
    "o": null,
    "st": "L2J",
    "ml": false
  },
  "01024d": {
    "i": "01024d",
    "r": "SU-BUZ",
    "it": "A20N",
    "y": null,
    "m": null,
    "mo": "",
    "o": null,
    "st": "L2J",
    "ml": false
  },
  "01801c": {
    "i": "01801c",
    "r": "5A-CAA",
    "it": "AN72",
    "y": null,
    "m": null,
    "mo": "Antonov An-74 TK-300",
    "o": null,
    "st": "L2J",
    "ml": false
  },
  "018061": {
    "i": "018061",
    "r": "5A-LAH",
    "it": "A320",
    "y": null,
    "m": null,
    "mo": "Airbus A320 214",
    "o": null,
    "st": "L2J",
    "ml": false
  },
  "010092": {
    "i": "010092",
    "r": "SU-GCB",
    "it": "A320",
    "y": null,
    "m": null,
    "mo": "Airbus A320 232",
    "o": null,
    "st": "L2J",
    "ml": false
  },
  "010144": {
    "i": "010144",
    "r": "SU-GDX",
    "it": "B738",
    "y": null,
    "m": null,
    "mo": "Boeing 737-866",
    "o": null,
    "st": "L2J",
    "ml": false
  },
  "010163": {
    "i": "010163",
    "r": "SU-GEE",
    "it": "B738",
    "y": null,
    "m": null,
    "mo": "Boeing 737-866",
    "o": null,
    "st": "L2J",
    "ml": false
  },
  "0101e7": {
    "i": "0101e7",
    "r": "SU-GEY",
    "it": "BCS3",
    "y": null,
    "m": null,
    "mo": "Airbus CS-300-A220-300",
    "o": null,
    "st": "L2J",
    "ml": false
  },
  "0101f6": {
    "i": "0101f6",
    "r": "SU-CCI",
    "it": "A139",
    "y": null,
    "m": null,
    "mo": "AgustaWestland AW139",
    "o": null,
    "st": "H2T",
    "ml": false
  },
  "0101fe": {
    "i": "0101fe",
    "r": "SU-GFI",
    "it": "BCS3",
    "y": null,
    "m": null,
    "mo": "Airbus A220 300",
    "o": null,
    "st": "L2J",
    "ml": false
  },
  "010209": {
    "i": "010209",
    "r": "SU-GFO",
    "it": "A20N",
    "y": null,
    "m": null,
    "mo": "Airbus A320-251N",
    "o": null,
    "st": "L2J",
    "ml": false
  },
  "010282": {
    "i": "010282",
    "r": "SU-TCP",
    "it": "A321",
    "y": null,
    "m": null,
    "mo": "",
    "o": null,
    "st": "L2J",
    "ml": false
  },
  "01802e": {
    "i": "01802e",
    "r": "5A-ONA",
    "it": "A320",
    "y": null,
    "m": null,
    "mo": "Airbus A320 214",
    "o": null,
    "st": "L2J",
    "ml": false
  },
  "010017": {
    "i": "010017",
    "r": "SU-GBG",
    "it": "A320",
    "y": null,
    "m": null,
    "mo": "Airbus A320 231",
    "o": null,
    "st": "L2J",
    "ml": false
  },
  "01001a": {
    "i": "01001a",
    "r": "SU-GBJ",
    "it": "B735",
    "y": null,
    "m": null,
    "mo": "Boeing 737 566",
    "o": null,
    "st": "L2J",
    "ml": false
  },
  "01008c": {
    "i": "01008c",
    "r": "SU-BKU",
    "it": "C130",
    "y": null,
    "m": null,
    "mo": "",
    "o": null,
    "st": "L4T",
    "ml": true
  },
  "0100df": {
    "i": "0100df",
    "r": "SU-GCR",
    "it": "B738",
    "y": null,
    "m": null,
    "mo": "Boeing 737-866",
    "o": null,
    "st": "L2J",
    "ml": false
  },
  "010166": {
    "i": "010166",
    "r": "SU-BRR",
    "it": "C295",
    "y": null,
    "m": null,
    "mo": "CASA C-295 M",
    "o": null,
    "st": "L2T",
    "ml": true
  },
  "0101bc": {
    "i": "0101bc",
    "r": "SU-GEL",
    "it": "B738",
    "y": null,
    "m": null,
    "mo": "Boeing 737-800",
    "o": null,
    "st": "L2J",
    "ml": false
  },
  "0101fc": {
    "i": "0101fc",
    "r": "SU-GFG",
    "it": "BCS3",
    "y": null,
    "m": null,
    "mo": "Airbus A220 300",
    "o": null,
    "st": "L2J",
    "ml": false
  },
  "01020b": {
    "i": "01020b",
    "r": "SU-GFQ",
    "it": "A20N",
    "y": null,
    "m": null,
    "mo": "",
    "o": null,
    "st": "L2J",
    "ml": false
  },
  "01023d": {
    "i": "01023d",
    "r": "SU-BUU",
    "it": "A320",
    "y": null,
    "m": null,
    "mo": "Airbus A320-214",
    "o": null,
    "st": "L2J",
    "ml": false
  },
  "018078": {
    "i": "018078",
    "r": "5A-LAP",
    "it": "A320",
    "y": null,
    "m": null,
    "mo": "Airbus A320-214",
    "o": null,
    "st": "L2J",
    "ml": false
  },
  "01809c": {
    "i": "01809c",
    "r": "5A-DFN",
    "it": "C68A",
    "y": null,
    "m": null,
    "mo": "",
    "o": null,
    "st": "L2J",
    "ml": false
  },
  "01009d": {
    "i": "01009d",
    "r": "SU-YAH",
    "it": "F50",
    "y": null,
    "m": null,
    "mo": "Fokker F50",
    "o": null,
    "st": "L2T",
    "ml": false
  },
  "0100e4": {
    "i": "0100e4",
    "r": "SU-BPU",
    "it": "A320",
    "y": null,
    "m": null,
    "mo": "Airbus A320-214",
    "o": null,
    "st": "L2J",
    "ml": false
  },
  "010127": {
    "i": "010127",
    "r": "SU-BQG",
    "it": "C510",
    "y": null,
    "m": null,
    "mo": "Cessna Citation Mustang",
    "o": null,
    "st": "L2J",
    "ml": false
  },
  "010145": {
    "i": "010145",
    "r": "SU-GDY",
    "it": "B738",
    "y": null,
    "m": null,
    "mo": "Boeing 737-866",
    "o": null,
    "st": "L2J",
    "ml": false
  },
  "010154": {
    "i": "010154",
    "r": "SU-GDR",
    "it": "B77W",
    "y": null,
    "m": null,
    "mo": "Boeing 777-36N",
    "o": null,
    "st": "L2J",
    "ml": false
  },
  "01015c": {
    "i": "01015c",
    "r": "SU-GDT",
    "it": "A333",
    "y": null,
    "m": null,
    "mo": "Airbus A330-343E",
    "o": null,
    "st": "L2J",
    "ml": false
  },
  "0101a0": {
    "i": "0101a0",
    "r": "SU-BSX",
    "it": "C295",
    "y": null,
    "m": null,
    "mo": "CASA C-295 M",
    "o": null,
    "st": "L2T",
    "ml": true
  },
  "010205": {
    "i": "010205",
    "r": "SU-GFK",
    "it": "A20N",
    "y": null,
    "m": null,
    "mo": "Airbus A320-251N",
    "o": null,
    "st": "L2J",
    "ml": false
  },
  "01024c": {
    "i": "01024c",
    "r": "SU-BUY",
    "it": "A20N",
    "y": null,
    "m": null,
    "mo": "",
    "o": null,
    "st": "L2J",
    "ml": false
  },
  "010252": {
    "i": "010252",
    "r": "SU-BVB",
    "it": "AT76",
    "y": null,
    "m": null,
    "mo": "Avions de Transport Regional ATR 72 600",
    "o": null,
    "st": "L2T",
    "ml": false
  },
  "01025b": {
    "i": "01025b",
    "r": "SU-BVJ",
    "it": "A20N",
    "y": null,
    "m": null,
    "mo": "",
    "o": null,
    "st": "L2J",
    "ml": false
  },
  "0180a5": {
    "i": "0180a5",
    "r": "5A-VIP",
    "it": "B735",
    "y": null,
    "m": null,
    "mo": "",
    "o": null,
    "st": "L2J",
    "ml": false
  },
  "010058": {
    "i": "010058",
    "r": "SU-BNP",
    "it": "GLF4",
    "y": null,
    "m": null,
    "mo": "Gulfstream Aerospace G4-SP",
    "o": null,
    "st": "L2J",
    "ml": false
  },
  "0100ff": {
    "i": "0100ff",
    "r": "SU-SME",
    "it": "C680",
    "y": null,
    "m": null,
    "mo": "Cessna 680",
    "o": null,
    "st": "L2J",
    "ml": false
  },
  "0101b6": {
    "i": "0101b6",
    "r": "SU-GEF",
    "it": "B738",
    "y": null,
    "m": null,
    "mo": "Boeing 737-800",
    "o": null,
    "st": "L2J",
    "ml": false
  },
  "0101dd": {
    "i": "0101dd",
    "r": "SU-GET",
    "it": "B789",
    "y": null,
    "m": null,
    "mo": "Boeing 787-9",
    "o": null,
    "st": "L2J",
    "ml": false
  },
  "0101ef": {
    "i": "0101ef",
    "r": "SU-TCK",
    "it": "B734",
    "y": null,
    "m": null,
    "mo": "Boeing 737 446",
    "o": null,
    "st": "L2J",
    "ml": false
  },
  "010240": {
    "i": "010240",
    "r": "SU-BVC",
    "it": "AT76",
    "y": null,
    "m": null,
    "mo": "",
    "o": null,
    "st": "L2T",
    "ml": false
  },
  "01025f": {
    "i": "01025f",
    "r": "SU-RSA",
    "it": "B738",
    "y": null,
    "m": null,
    "mo": "",
    "o": null,
    "st": "L2J",
    "ml": false
  },
  "01802f": {
    "i": "01802f",
    "r": "5A-ONB",
    "it": "A320",
    "y": null,
    "m": null,
    "mo": "Airbus A320-214",
    "o": null,
    "st": "L2J",
    "ml": false
  },
  "018070": {
    "i": "018070",
    "r": "5A-ONO",
    "it": "A320",
    "y": null,
    "m": null,
    "mo": "Airbus A320-214",
    "o": null,
    "st": "L2J",
    "ml": false
  },
  "018073": {
    "i": "018073",
    "r": "5A-LAM",
    "it": "CRJ9",
    "y": null,
    "m": null,
    "mo": "Canadair Regional-Jet-900",
    "o": null,
    "st": "L2J",
    "ml": false
  },
  "01808c": {
    "i": "01808c",
    "r": "5A-FLF",
    "it": "RJ1H",
    "y": null,
    "m": null,
    "mo": "Bae 146",
    "o": null,
    "st": "L4J",
    "ml": false
  },
  "01007a": {
    "i": "01007a",
    "r": "SU-BAI",
    "it": "C130",
    "y": null,
    "m": null,
    "mo": "",
    "o": null,
    "st": "L4T",
    "ml": true
  },
  "010090": {
    "i": "010090",
    "r": "SU-GBZ",
    "it": "A320",
    "y": null,
    "m": null,
    "mo": "A320 232",
    "o": null,
    "st": "L2J",
    "ml": false
  },
  "010091": {
    "i": "010091",
    "r": "SU-GCA",
    "it": "A320",
    "y": null,
    "m": null,
    "mo": "Airbus A320-232",
    "o": null,
    "st": "L2J",
    "ml": false
  },
  "0100a8": {
    "i": "0100a8",
    "r": "SU-GCK",
    "it": "A332",
    "y": null,
    "m": null,
    "mo": "Airbus A330-243",
    "o": null,
    "st": "L2J",
    "ml": false
  },
  "01010c": {
    "i": "01010c",
    "r": "SU-GDD",
    "it": "B738",
    "y": null,
    "m": null,
    "mo": "Boeing 737-866",
    "o": null,
    "st": "L2J",
    "ml": false
  },
  "010117": {
    "i": "010117",
    "r": "SU-BQC",
    "it": "A320",
    "y": null,
    "m": null,
    "mo": "Airbus A320-232",
    "o": null,
    "st": "L2J",
    "ml": false
  },
  "01015e": {
    "i": "01015e",
    "r": "SU-GDV",
    "it": "A333",
    "y": null,
    "m": null,
    "mo": "Airbus A330-343X",
    "o": null,
    "st": "L2J",
    "ml": false
  },
  "010254": {
    "i": "010254",
    "r": "SU-BVF",
    "it": "AT76",
    "y": null,
    "m": null,
    "mo": "Avions de Transport Regional ATR 72 600",
    "o": null,
    "st": "L2T",
    "ml": false
  },
  "018085": {
    "i": "018085",
    "r": "5A-LAU",
    "it": "A332",
    "y": null,
    "m": null,
    "mo": "Airbus A330 202",
    "o": null,
    "st": "L2J",
    "ml": false
  },
  "018088": {
    "i": "018088",
    "r": "5A-FLD",
    "it": "B735",
    "y": null,
    "m": null,
    "mo": "Boeing 737 505",
    "o": null,
    "st": "L2J",
    "ml": false
  },
  "018090": {
    "i": "018090",
    "r": "5A-WLD",
    "it": "A319",
    "y": null,
    "m": null,
    "mo": "Airbus A319-115",
    "o": null,
    "st": "L2J",
    "ml": false
  },
  "0100a6": {
    "i": "0100a6",
    "r": "SU-GCI",
    "it": "A332",
    "y": null,
    "m": null,
    "mo": "Airbus A330-243",
    "o": null,
    "st": "L2J",
    "ml": false
  },
  "0100e5": {
    "i": "0100e5",
    "r": "SU-BPV",
    "it": "A320",
    "y": null,
    "m": null,
    "mo": "Airbus A320-214",
    "o": null,
    "st": "L2J",
    "ml": false
  },
  "0100f6": {
    "i": "0100f6",
    "r": "SU-BPZ",
    "it": "B738",
    "y": null,
    "m": null,
    "mo": "Boeing 737-86N",
    "o": null,
    "st": "L2J",
    "ml": false
  },
  "010103": {
    "i": "010103",
    "r": "SU-GDG",
    "it": "E170",
    "y": null,
    "m": null,
    "mo": "Embraer EMB-170 LR",
    "o": null,
    "st": "L2J",
    "ml": false
  },
  "01018e": {
    "i": "01018e",
    "r": "SU-CBZ",
    "it": "B412",
    "y": null,
    "m": null,
    "mo": "Bell 412 EP",
    "o": null,
    "st": "H2T",
    "ml": false
  },
  "0101b4": {
    "i": "0101b4",
    "r": "SU-BQM",
    "it": "A320",
    "y": null,
    "m": null,
    "mo": "Airbus A320-214",
    "o": null,
    "st": "L2J",
    "ml": false
  },
  "010204": {
    "i": "010204",
    "r": "SU-GFJ",
    "it": "A20N",
    "y": null,
    "m": null,
    "mo": "Airbus A320-251N",
    "o": null,
    "st": "L2J",
    "ml": false
  },
  "010236": {
    "i": "010236",
    "r": "SU-NMG",
    "it": "A320",
    "y": null,
    "m": null,
    "mo": "",
    "o": null,
    "st": "L2J",
    "ml": false
  },
  "010246": {
    "i": "010246",
    "r": "SU-GFV",
    "it": "A21N",
    "y": null,
    "m": null,
    "mo": "",
    "o": null,
    "st": "L2J",
    "ml": false
  },
  "01026c": {
    "i": "01026c",
    "r": "SU-SKF",
    "it": "A321",
    "y": null,
    "m": null,
    "mo": "",
    "o": null,
    "st": "L2J",
    "ml": false
  },
  "01809d": {
    "i": "01809d",
    "r": "5A-GAB",
    "it": "E145",
    "y": null,
    "m": null,
    "mo": "",
    "o": null,
    "st": "L2J",
    "ml": false
  },
  "010070": {
    "i": "010070",
    "r": "SU-BGM",
    "it": "GLF4",
    "y": null,
    "m": null,
    "mo": "Gulfstream 4",
    "o": null,
    "st": "L2J",
    "ml": false
  },
  "01008e": {
    "i": "01008e",
    "r": "SU-BPE",
    "it": "GLF4",
    "y": null,
    "m": null,
    "mo": "Gulfstream Aerospace G400",
    "o": null,
    "st": "L2J",
    "ml": false
  },
  "010106": {
    "i": "010106",
    "r": "SU-GDJ",
    "it": "E170",
    "y": null,
    "m": null,
    "mo": "Embraer EMB-170 LR",
    "o": null,
    "st": "L2J",
    "ml": false
  },
  "010195": {
    "i": "010195",
    "r": "SU-TCF",
    "it": "A320",
    "y": null,
    "m": null,
    "mo": "Airbus A320 232",
    "o": null,
    "st": "L2J",
    "ml": false
  },
  "0101e9": {
    "i": "0101e9",
    "r": "SU-GFA",
    "it": "BCS3",
    "y": null,
    "m": null,
    "mo": "Airbus CS-300-A220-300",
    "o": null,
    "st": "L2J",
    "ml": false
  },
  "01023c": {
    "i": "01023c",
    "r": "SU-BUT",
    "it": "A20N",
    "y": null,
    "m": null,
    "mo": "",
    "o": null,
    "st": "L2J",
    "ml": false
  },
  "018033": {
    "i": "018033",
    "r": "5A-DUA",
    "it": "BE20",
    "y": null,
    "m": null,
    "mo": "Raytheon Aircraft Company King Air B200",
    "o": null,
    "st": "L2T",
    "ml": false
  },
  "018039": {
    "i": "018039",
    "r": "5A-DRL",
    "it": "C56X",
    "y": null,
    "m": null,
    "mo": "Cessna 560XL",
    "o": null,
    "st": "L2J",
    "ml": false
  },
  "01805d": {
    "i": "01805d",
    "r": "5A-PAA",
    "it": "E170",
    "y": null,
    "m": null,
    "mo": "Embraer EMB-170 LR",
    "o": null,
    "st": "L2J",
    "ml": false
  },
  "01807b": {
    "i": "01807b",
    "r": "5A-LAR",
    "it": "A332",
    "y": null,
    "m": null,
    "mo": "Airbus A330-202",
    "o": null,
    "st": "L2J",
    "ml": false
  },
  "010072": {
    "i": "010072",
    "r": "SU-BKW",
    "it": "B190",
    "y": null,
    "m": null,
    "mo": "",
    "o": null,
    "st": "L2T",
    "ml": true
  },
  "01007d": {
    "i": "01007d",
    "r": "SU-BAL",
    "it": "C130",
    "y": null,
    "m": null,
    "mo": "",
    "o": null,
    "st": "L4T",
    "ml": true
  },
  "0100a1": {
    "i": "0100a1",
    "r": "SU-CBE",
    "it": "DHC7",
    "y": null,
    "m": null,
    "mo": "De Havilland Canada DHC-7 102",
    "o": null,
    "st": "L4T",
    "ml": false
  },
  "0100a2": {
    "i": "0100a2",
    "r": "SU-GCE",
    "it": "A332",
    "y": null,
    "m": null,
    "mo": "Airbus A330-243",
    "o": null,
    "st": "L2J",
    "ml": false
  },
  "0100e0": {
    "i": "0100e0",
    "r": "SU-GCS",
    "it": "B738",
    "y": null,
    "m": null,
    "mo": "Boeing 737-866",
    "o": null,
    "st": "L2J",
    "ml": false
  },
  "0100f1": {
    "i": "0100f1",
    "r": "SU-GCY",
    "it": "E170",
    "y": null,
    "m": null,
    "mo": "Embraer EMB-170 LR",
    "o": null,
    "st": "L2J",
    "ml": false
  },
  "0101be": {
    "i": "0101be",
    "r": "SU-GEN",
    "it": "B738",
    "y": null,
    "m": null,
    "mo": "Boeing 737-800",
    "o": null,
    "st": "L2J",
    "ml": false
  },
  "0101c3": {
    "i": "0101c3",
    "r": "SU-ALB",
    "it": "A332",
    "y": null,
    "m": null,
    "mo": "Airbus A330-243",
    "o": null,
    "st": "L2J",
    "ml": false
  },
  "0101d3": {
    "i": "0101d3",
    "r": "SU-BTT",
    "it": "FA7X",
    "y": null,
    "m": null,
    "mo": "Dassault Falcon 7X",
    "o": null,
    "st": "L3J",
    "ml": true
  },
  "01024f": {
    "i": "01024f",
    "r": "SU-BUQ",
    "it": "A20N",
    "y": null,
    "m": null,
    "mo": "",
    "o": null,
    "st": "L2J",
    "ml": false
  },
  "018083": {
    "i": "018083",
    "r": "5A-WAT",
    "it": "A320",
    "y": null,
    "m": null,
    "mo": "Airbus A320 212",
    "o": null,
    "st": "L2J",
    "ml": false
  },
  "01013c": {
    "i": "01013c",
    "r": "SU-GDN",
    "it": "B77W",
    "y": null,
    "m": null,
    "mo": "Boeing 777-36N",
    "o": null,
    "st": "L2J",
    "ml": false
  },
  "010140": {
    "i": "010140",
    "r": "SU-NMA",
    "it": "A320",
    "y": null,
    "m": null,
    "mo": "Airbus A320-232",
    "o": null,
    "st": "L2J",
    "ml": false
  },
  "0101bd": {
    "i": "0101bd",
    "r": "SU-GEM",
    "it": "B738",
    "y": null,
    "m": null,
    "mo": "Boeing 737-800",
    "o": null,
    "st": "L2J",
    "ml": false
  },
  "0101d9": {
    "i": "0101d9",
    "r": "SU-TMK",
    "it": "B738",
    "y": null,
    "m": null,
    "mo": "Boeing 737NG 82R/W",
    "o": null,
    "st": "L2J",
    "ml": false
  },
  "010255": {
    "i": "010255",
    "r": "SU-AAI",
    "it": "A320",
    "y": null,
    "m": null,
    "mo": "",
    "o": null,
    "st": "L2J",
    "ml": false
  },
  "01809a": {
    "i": "01809a",
    "r": "5A-MIS",
    "it": "B350",
    "y": null,
    "m": null,
    "mo": "Raytheon Aircraft Company King Air B350",
    "o": null,
    "st": "L2T",
    "ml": false
  },
  "010078": {
    "i": "010078",
    "r": "SU-BAE",
    "it": "C130",
    "y": null,
    "m": null,
    "mo": "",
    "o": null,
    "st": "L4T",
    "ml": true
  },
  "01008a": {
    "i": "01008a",
    "r": "SU-BKS",
    "it": "C130",
    "y": null,
    "m": null,
    "mo": "",
    "o": null,
    "st": "L4T",
    "ml": true
  },
  "0100e6": {
    "i": "0100e6",
    "r": "SU-BPW",
    "it": "A320",
    "y": null,
    "m": null,
    "mo": "Airbus A320-214",
    "o": null,
    "st": "L2J",
    "ml": false
  },
  "010160": {
    "i": "010160",
    "r": "SU-GEB",
    "it": "B738",
    "y": null,
    "m": null,
    "mo": "Boeing 737-866",
    "o": null,
    "st": "L2J",
    "ml": false
  },
  "0101a6": {
    "i": "0101a6",
    "r": "SU-CCD",
    "it": "B212",
    "y": null,
    "m": null,
    "mo": "Bell 212",
    "o": null,
    "st": "H2T",
    "ml": false
  },
  "0101b9": {
    "i": "0101b9",
    "r": "SU-GEI",
    "it": "B738",
    "y": null,
    "m": null,
    "mo": "Boeing 737-800",
    "o": null,
    "st": "L2J",
    "ml": false
  },
  "0101ee": {
    "i": "0101ee",
    "r": "SU-TCI",
    "it": "B734",
    "y": null,
    "m": null,
    "mo": "Boeing 737 446",
    "o": null,
    "st": "L2J",
    "ml": false
  },
  "010241": {
    "i": "010241",
    "r": "SU-BVD",
    "it": "AT76",
    "y": null,
    "m": null,
    "mo": "",
    "o": null,
    "st": "L2T",
    "ml": false
  },
  "010251": {
    "i": "010251",
    "r": "SU-BVA",
    "it": "AT76",
    "y": null,
    "m": null,
    "mo": "",
    "o": null,
    "st": "L2T",
    "ml": false
  },
  "010259": {
    "i": "010259",
    "r": "SU-BVI",
    "it": "E190",
    "y": null,
    "m": null,
    "mo": "",
    "o": null,
    "st": "L2J",
    "ml": false
  },
  "010276": {
    "i": "010276",
    "r": "SU-RSD",
    "it": "B738",
    "y": null,
    "m": null,
    "mo": "",
    "o": null,
    "st": "L2J",
    "ml": false
  },
  "018032": {
    "i": "018032",
    "r": "5A-DRK",
    "it": "C56X",
    "y": null,
    "m": null,
    "mo": "Cessna 560XL",
    "o": null,
    "st": "L2J",
    "ml": false
  },
  "0180a8": {
    "i": "0180a8",
    "r": "5A-BRE",
    "it": "A320",
    "y": null,
    "m": null,
    "mo": "",
    "o": null,
    "st": "L2J",
    "ml": false
  },
  "01003d": {
    "i": "01003d",
    "r": "SU-BNC",
    "it": "GLF4",
    "y": null,
    "m": null,
    "mo": "Gulfstream Aerospace G4-SP",
    "o": null,
    "st": "L2J",
    "ml": false
  },
  "010073": {
    "i": "010073",
    "r": "SU-BKX",
    "it": "B190",
    "y": null,
    "m": null,
    "mo": "Beech 1900 C-1",
    "o": null,
    "st": "L2T",
    "ml": false
  },
  "0100d2": {
    "i": "0100d2",
    "r": "SU-BPN",
    "it": "AN72",
    "y": null,
    "m": null,
    "mo": "Antonov An-74 TK-200",
    "o": null,
    "st": "L2J",
    "ml": true
  },
  "0101a2": {
    "i": "0101a2",
    "r": "SU-BSZ",
    "it": "C295",
    "y": null,
    "m": null,
    "mo": "CASA C-295 M",
    "o": null,
    "st": "L2T",
    "ml": true
  },
  "0101b3": {
    "i": "0101b3",
    "r": "SU-NMD",
    "it": "A319",
    "y": null,
    "m": null,
    "mo": "Airbus A319-132",
    "o": null,
    "st": "L2J",
    "ml": false
  },
  "0101b8": {
    "i": "0101b8",
    "r": "SU-GEH",
    "it": "B738",
    "y": null,
    "m": null,
    "mo": "Boeing 737-800",
    "o": null,
    "st": "L2J",
    "ml": false
  },
  "0101cd": {
    "i": "0101cd",
    "r": "SU-AAD",
    "it": "A320",
    "y": null,
    "m": null,
    "mo": "Airbus A320-214",
    "o": null,
    "st": "L2J",
    "ml": false
  },
  "01022e": {
    "i": "01022e",
    "r": "SU-BUM",
    "it": "A20N",
    "y": null,
    "m": null,
    "mo": "",
    "o": null,
    "st": "L2J",
    "ml": false
  },
  "018069": {
    "i": "018069",
    "r": "5A-WAC",
    "it": "B734",
    "y": null,
    "m": null,
    "mo": "Boeing 737-4B6",
    "o": null,
    "st": "L2J",
    "ml": false
  },
  "01807e": {
    "i": "01807e",
    "r": "5A-FLC",
    "it": "B462",
    "y": null,
    "m": null,
    "mo": "BAe 146 200",
    "o": null,
    "st": "L4J",
    "ml": false
  },
  "010086": {
    "i": "010086",
    "r": "SU-BAV",
    "it": "C130",
    "y": null,
    "m": null,
    "mo": "",
    "o": null,
    "st": "L4T",
    "ml": true
  },
  "010105": {
    "i": "010105",
    "r": "SU-GDI",
    "it": "E170",
    "y": null,
    "m": null,
    "mo": "Embraer EMB-170 LR",
    "o": null,
    "st": "L2J",
    "ml": false
  },
  "01010a": {
    "i": "01010a",
    "r": "SU-GDB",
    "it": "B738",
    "y": null,
    "m": null,
    "mo": "Boeing 737-866",
    "o": null,
    "st": "L2J",
    "ml": false
  },
  "01010d": {
    "i": "01010d",
    "r": "SU-GDE",
    "it": "B738",
    "y": null,
    "m": null,
    "mo": "Boeing 737-866",
    "o": null,
    "st": "L2J",
    "ml": false
  },
  "01018f": {
    "i": "01018f",
    "r": "SU-CCA",
    "it": "B412",
    "y": null,
    "m": null,
    "mo": "Bell 412 EP",
    "o": null,
    "st": "H2T",
    "ml": false
  },
  "0101c1": {
    "i": "0101c1",
    "r": "SU-CCE",
    "it": "A139",
    "y": null,
    "m": null,
    "mo": "AgustaWestland 139",
    "o": null,
    "st": "H2T",
    "ml": false
  },
  "0101f5": {
    "i": "0101f5",
    "r": "SU-BTY",
    "it": "IL76",
    "y": null,
    "m": null,
    "mo": "",
    "o": null,
    "st": "L4J",
    "ml": true
  },
  "0101fa": {
    "i": "0101fa",
    "r": "SU-AAF",
    "it": "A320",
    "y": null,
    "m": null,
    "mo": "Airbus A320-214",
    "o": null,
    "st": "L2J",
    "ml": false
  },
  "01021e": {
    "i": "01021e",
    "r": "SU-CCJ",
    "it": "A139",
    "y": null,
    "m": null,
    "mo": "LEONARDO AW.139",
    "o": null,
    "st": "H2T",
    "ml": false
  },
  "010249": {
    "i": "010249",
    "r": "SU-SKC",
    "it": "A320",
    "y": null,
    "m": null,
    "mo": "",
    "o": null,
    "st": "L2J",
    "ml": false
  },
  "01027f": {
    "i": "01027f",
    "r": "SU-GGD",
    "it": "A332",
    "y": null,
    "m": null,
    "mo": "Airbus A330-223",
    "o": null,
    "st": "L2J",
    "ml": false
  },
  "017073": {
    "i": "017073",
    "r": "RP-C803",
    "it": "C172",
    "y": null,
    "m": null,
    "mo": "Cessna 172M Skyhawk",
    "o": null,
    "st": "L1P",
    "ml": false
  },
  "018055": {
    "i": "018055",
    "r": "5A-UAD",
    "it": "CRJ2",
    "y": null,
    "m": null,
    "mo": "Bombardier Challenger 850",
    "o": null,
    "st": "L2J",
    "ml": false
  },
  "01001c": {
    "i": "01001c",
    "r": "SU-GBL",
    "it": "B735",
    "y": null,
    "m": null,
    "mo": "Boeing 737 566",
    "o": null,
    "st": "L2J",
    "ml": false
  },
  "010074": {
    "i": "010074",
    "r": "SU-BLA",
    "it": "B190",
    "y": null,
    "m": null,
    "mo": "",
    "o": null,
    "st": "L2T",
    "ml": true
  },
  "0101a7": {
    "i": "0101a7",
    "r": "SU-BQK",
    "it": "A320",
    "y": null,
    "m": null,
    "mo": "Airbus A320-214",
    "o": null,
    "st": "L2J",
    "ml": false
  },
  "0101c2": {
    "i": "0101c2",
    "r": "SU-ALA",
    "it": "A332",
    "y": null,
    "m": null,
    "mo": "Airbus A330-243",
    "o": null,
    "st": "L2J",
    "ml": false
  },
  "0101e4": {
    "i": "0101e4",
    "r": "SU-TMM",
    "it": "B737",
    "y": null,
    "m": null,
    "mo": "Boeing 737-76J",
    "o": null,
    "st": "L2J",
    "ml": false
  },
  "01022b": {
    "i": "01022b",
    "r": "SU-BUJ",
    "it": "A320",
    "y": null,
    "m": null,
    "mo": "",
    "o": null,
    "st": "L2J",
    "ml": false
  },
  "01022d": {
    "i": "01022d",
    "r": "SU-BUL",
    "it": "A20N",
    "y": null,
    "m": null,
    "mo": "Airbus A320-251N",
    "o": null,
    "st": "L2J",
    "ml": false
  },
  "010243": {
    "i": "010243",
    "r": "SU-GFS",
    "it": "A21N",
    "y": null,
    "m": null,
    "mo": "",
    "o": null,
    "st": "L2J",
    "ml": false
  },
  "010262": {
    "i": "010262",
    "r": "SU-GFX",
    "it": "A21N",
    "y": null,
    "m": null,
    "mo": "",
    "o": null,
    "st": "L2J",
    "ml": false
  },
  "0180a2": {
    "i": "0180a2",
    "r": "5A-MSB",
    "it": "A320",
    "y": null,
    "m": null,
    "mo": "",
    "o": null,
    "st": "L2J",
    "ml": false
  },
  "010165": {
    "i": "010165",
    "r": "SU-BRQ",
    "it": "C295",
    "y": null,
    "m": null,
    "mo": "CASA C-295 M",
    "o": null,
    "st": "L2T",
    "ml": true
  },
  "010177": {
    "i": "010177",
    "r": "SU-BRU",
    "it": "C295",
    "y": null,
    "m": null,
    "mo": "CASA C-295 M",
    "o": null,
    "st": "L2T",
    "ml": true
  },
  "0101a5": {
    "i": "0101a5",
    "r": "SU-BQJ",
    "it": "A320",
    "y": null,
    "m": null,
    "mo": "Airbus A320-232",
    "o": null,
    "st": "L2J",
    "ml": false
  },
  "0101d1": {
    "i": "0101d1",
    "r": "SU-BTV",
    "it": "FA7X",
    "y": null,
    "m": null,
    "mo": "Dassault Falcon 7X",
    "o": null,
    "st": "L3J",
    "ml": true
  },
  "0101d2": {
    "i": "0101d2",
    "r": "SU-BTW",
    "it": "FA8X",
    "y": null,
    "m": null,
    "mo": "Dassault Falcon 8X",
    "o": null,
    "st": "L3J",
    "ml": true
  },
  "010237": {
    "i": "010237",
    "r": "SU-NML",
    "it": "A320",
    "y": null,
    "m": null,
    "mo": "Airbus A320-214",
    "o": null,
    "st": "L2J",
    "ml": false
  },
  "01025a": {
    "i": "01025a",
    "r": "SU-NMR",
    "it": "A320",
    "y": null,
    "m": null,
    "mo": "",
    "o": null,
    "st": "L2J",
    "ml": false
  },
  "01804f": {
    "i": "01804f",
    "r": "5A-GHV",
    "it": "BE30",
    "y": null,
    "m": null,
    "mo": "Beech King Air 300",
    "o": null,
    "st": "L2T",
    "ml": false
  },
  "0101d4": {
    "i": "0101d4",
    "r": "SU-TCH",
    "it": "A332",
    "y": null,
    "m": null,
    "mo": "Airbus A330-203",
    "o": null,
    "st": "L2J",
    "ml": false
  },
  "0101d5": {
    "i": "0101d5",
    "r": "SU-BTP",
    "it": "BE58",
    "y": null,
    "m": null,
    "mo": "Beech Baron",
    "o": null,
    "st": "L2P",
    "ml": false
  },
  "01020a": {
    "i": "01020a",
    "r": "SU-GFP",
    "it": "A20N",
    "y": null,
    "m": null,
    "mo": "",
    "o": null,
    "st": "L2J",
    "ml": false
  },
  "01023a": {
    "i": "01023a",
    "r": "SU-BUR",
    "it": "A20N",
    "y": null,
    "m": null,
    "mo": "",
    "o": null,
    "st": "L2J",
    "ml": false
  },
  "018082": {
    "i": "018082",
    "r": "5A-ONQ",
    "it": "A333",
    "y": null,
    "m": null,
    "mo": "",
    "o": null,
    "st": "L2J",
    "ml": false
  },
  "018087": {
    "i": "018087",
    "r": "5A-WLB",
    "it": "A319",
    "y": null,
    "m": null,
    "mo": "Airbus A319-112",
    "o": null,
    "st": "L2J",
    "ml": false
  },
  "01809f": {
    "i": "01809f",
    "r": "5A-GRR",
    "it": "B733",
    "y": null,
    "m": null,
    "mo": "Boeing 737-341",
    "o": null,
    "st": "L2J",
    "ml": false
  },
  "0101cc": {
    "i": "0101cc",
    "r": "SU-SMM",
    "it": "GLF4",
    "y": null,
    "m": null,
    "mo": "Gulfstream 4",
    "o": null,
    "st": "L2J",
    "ml": false
  },
  "018019": {
    "i": "018019",
    "r": "5A-DCN",
    "it": "F900",
    "y": null,
    "m": null,
    "mo": "DASSAULT FALCON-900EX EASY",
    "o": "Government of Libya",
    "st": "L3J",
    "ml": true
  },
  "018021": {
    "i": "018021",
    "r": "5A-ONE",
    "it": "A342",
    "y": null,
    "m": "Airbus",
    "mo": "A340-213",
    "o": "Government of Libya",
    "st": "L4J",
    "ml": true
  },
  "01025d": {
    "i": "01025d",
    "r": "SU-GFY",
    "it": "B789",
    "y": null,
    "m": "Boeing",
    "mo": "787-9",
    "o": "Egyptair",
    "st": "L2J",
    "ml": false
  },
  "010264": {
    "i": "010264",
    "r": "SU-BVM",
    "it": "A20N",
    "y": null,
    "m": "AIRBUS",
    "mo": "A320neo",
    "o": null,
    "st": "L2J",
    "ml": false
  },
  "0180b1": {
    "i": "0180b1",
    "r": "5A-DHO",
    "it": "B505",
    "y": null,
    "m": "BELL",
    "mo": "505 JetRanger X",
    "o": null,
    "st": "H1T",
    "ml": false
  },
  "010265": {
    "i": "010265",
    "r": "SU-BVN",
    "it": "A20N",
    "y": null,
    "m": "AIRBUS",
    "mo": "A320neo",
    "o": null,
    "st": "L2J",
    "ml": false
  },
  "010266": {
    "i": "010266",
    "r": "SU-BVO",
    "it": "A20N",
    "y": null,
    "m": "AIRBUS",
    "mo": "A320neo",
    "o": null,
    "st": "L2J",
    "ml": false
  },
  "0180b5": {
    "i": "0180b5",
    "r": "5A-BAC",
    "it": "A320",
    "y": null,
    "m": "AIRBUS",
    "mo": "A-320",
    "o": null,
    "st": "L2J",
    "ml": false
  },
  "010137": {
    "i": "010137",
    "r": "SU-BRF",
    "it": "C680",
    "y": null,
    "m": "CESSNA",
    "mo": "680 Citation Latitude",
    "o": null,
    "st": "L2J",
    "ml": true
  },
  "010148": {
    "i": "010148",
    "r": "SU-BRG",
    "it": "C680",
    "y": null,
    "m": "CESSNA",
    "mo": "680 Citation Latitude",
    "o": null,
    "st": "L2J",
    "ml": true
  },
  "0101d7": {
    "i": "0101d7",
    "r": "SU-BRT",
    "it": "B190",
    "y": null,
    "m": "BEECH",
    "mo": "1900",
    "o": null,
    "st": "L2T",
    "ml": true
  },
  "010179": {
    "i": "010179",
    "r": "SU-BRW",
    "it": "C295",
    "y": null,
    "m": "CASA",
    "mo": "C-295",
    "o": null,
    "st": "L2T",
    "ml": true
  },
  "0101d8": {
    "i": "0101d8",
    "r": "SU-BTS",
    "it": "BE36",
    "y": null,
    "m": "BEECH",
    "mo": "36 Bonanza",
    "o": null,
    "st": "L1P",
    "ml": false
  },
  "01025e": {
    "i": "01025e",
    "r": "SU-GFZ",
    "it": "B789",
    "y": null,
    "m": "BOEING",
    "mo": "787-9 Dreamliner",
    "o": null,
    "st": "L2J",
    "ml": false
  },
  "010263": {
    "i": "010263",
    "r": "SU-BVL",
    "it": "A20N",
    "y": null,
    "m": "AIRBUS",
    "mo": "A320neo",
    "o": null,
    "st": "L2J",
    "ml": false
  },
  "0180af": {
    "i": "0180af",
    "r": "5A-LHR",
    "it": "CRJ2",
    "y": null,
    "m": "BOMBARDIER",
    "mo": "Regional Jet CRJ-200",
    "o": null,
    "st": "L2J",
    "ml": false
  },
  "01026b": {
    "i": "01026b",
    "r": "SU-SKE",
    "it": "A320",
    "y": null,
    "m": "AIRBUS",
    "mo": "A-320",
    "o": null,
    "st": "L2J",
    "ml": false
  },
  "010057": {
    "i": "010057",
    "r": "SU-BNO",
    "it": "GLF4",
    "y": null,
    "m": "GULFSTREAM",
    "mo": "4",
    "o": "Government of Egypt",
    "st": "L2J",
    "ml": true
  },
  "010024": {
    "i": "010024",
    "r": "SU-GGG",
    "it": "A342",
    "y": null,
    "m": "AIRBUS",
    "mo": "A340-200",
    "o": "Government of Egypt",
    "st": "L4J",
    "ml": true
  },
  "010230": {
    "i": "010230",
    "r": "SU-EGY",
    "it": "B748",
    "y": null,
    "m": "BOEING",
    "mo": "747-800",
    "o": "Government of Egypt",
    "st": "L4J",
    "ml": true
  },
  "010280": {
    "i": "010280",
    "r": "SU-NMF",
    "it": "A320",
    "y": null,
    "m": "AIRBUS",
    "mo": "A-320",
    "o": null,
    "st": "L2J",
    "ml": false
  },
  "018000": {
    "i": "018000",
    "r": "5A-DRS",
    "it": "IL76",
    "y": null,
    "m": "ILYUSHIN",
    "mo": "Il-76/82",
    "o": null,
    "st": "L4J",
    "ml": true
  },
  "018047": {
    "i": "018047",
    "r": "5A-ONI",
    "it": "A319",
    "y": null,
    "m": "AIRBUS",
    "mo": "A-319",
    "o": "Government of Libya",
    "st": "L2J",
    "ml": true
  },
  "01027d": {
    "i": "01027d",
    "r": "SU-GGB",
    "it": "B738",
    "y": null,
    "m": "BOEING",
    "mo": "737-800",
    "o": null,
    "st": "L2J",
    "ml": false
  },
  "0180b6": {
    "i": "0180b6",
    "r": "5A-BAE",
    "it": "A320",
    "y": null,
    "m": "AIRBUS",
    "mo": "A-320",
    "o": null,
    "st": "L2J",
    "ml": false
  },
  "0100d1": {
    "i": "0100d1",
    "r": "SU-BPM",
    "it": "AN72",
    "y": null,
    "m": "ANTONOV",
    "mo": "An-72",
    "o": null,
    "st": "L2J",
    "ml": true
  },
  "018098": {
    "i": "018098",
    "r": "5A-POL",
    "it": "IL76",
    "y": null,
    "m": "ILYUSHIN",
    "mo": "Il-76",
    "o": "Government of Libya",
    "st": "L4J",
    "ml": true
  },
  "01008f": {
    "i": "01008f",
    "r": "SU-BPF",
    "it": "GLF4",
    "y": null,
    "m": "GULFSTREAM",
    "mo": "4",
    "o": "Government of Egypt",
    "st": "L2J",
    "ml": true
  }
}