{
  "02001c": {
    "i": "02001c",
    "r": "CN-RNM",
    "it": "B737",
    "y": null,
    "m": null,
    "mo": "Boeing 737-7B6",
    "o": null,
    "st": "L2J",
    "ml": false
  },
  "0200a3": {
    "i": "0200a3",
    "r": "CN-AMO",
    "it": "C27J",
    "y": null,
    "m": null,
    "mo": "",
    "o": null,
    "st": "L2T",
    "ml": true
  },
  "0200c4": {
    "i": "0200c4",
    "r": "CN-BTU",
    "it": "TEX2",
    "y": null,
    "m": null,
    "mo": "",
    "o": null,
    "st": "L1T",
    "ml": true
  },
  "0200ca": {
    "i": "0200ca",
    "r": "CN-RGC",
    "it": "B788",
    "y": null,
    "m": null,
    "mo": "Boeing 787-8",
    "o": null,
    "st": "L2J",
    "ml": false
  },
  "020100": {
    "i": "020100",
    "r": "CN-COH",
    "it": "AT76",
    "y": null,
    "m": null,
    "mo": "Atr ATR 72-600",
    "o": null,
    "st": "L2T",
    "ml": false
  },
  "020183": {
    "i": "020183",
    "r": "CN-TME",
    "it": "LJ45",
    "y": null,
    "m": null,
    "mo": "",
    "o": null,
    "st": "L2J",
    "ml": false
  },
  "02a040": {
    "i": "02a040",
    "r": "TS-ICA",
    "it": "B733",
    "y": null,
    "m": null,
    "mo": "Boeing 737-330",
    "o": null,
    "st": "L2J",
    "ml": false
  },
  "02a1ca": {
    "i": "02a1ca",
    "r": "TS-IOK",
    "it": "B736",
    "y": null,
    "m": null,
    "mo": "Boeing 737NG 6H3",
    "o": null,
    "st": "L2J",
    "ml": false
  },
  "0200b8": {
    "i": "0200b8",
    "r": "CN-BTI",
    "it": "TEX2",
    "y": null,
    "m": null,
    "mo": "",
    "o": null,
    "st": "L1T",
    "ml": true
  },
  "0200eb": {
    "i": "0200eb",
    "r": "CN-RGF",
    "it": "B738",
    "y": null,
    "m": null,
    "mo": "Boeing 737NG 86N/W",
    "o": null,
    "st": "L2J",
    "ml": false
  },
  "0200fc": {
    "i": "0200fc",
    "r": "CN-ABQ",
    "it": "CP23",
    "y": null,
    "m": null,
    "mo": "",
    "o": null,
    "st": "L1P",
    "ml": true
  },
  "020140": {
    "i": "020140",
    "r": "CN-NMN",
    "it": "A320",
    "y": null,
    "m": null,
    "mo": "Airbus A320-214",
    "o": null,
    "st": "L2J",
    "ml": false
  },
  "020145": {
    "i": "020145",
    "r": "CN-NMO",
    "it": "A320",
    "y": null,
    "m": null,
    "mo": "Airbus A320-214",
    "o": null,
    "st": "L2J",
    "ml": false
  },
  "02015f": {
    "i": "02015f",
    "r": "CN-PPL",
    "it": "EVSS",
    "y": null,
    "m": null,
    "mo": "",
    "o": null,
    "st": "L1P",
    "ml": false
  },
  "020179": {
    "i": "020179",
    "r": "CN-PLH",
    "it": "DA40",
    "y": null,
    "m": null,
    "mo": "",
    "o": null,
    "st": "L1P",
    "ml": false
  },
  "02ba64": {
    "i": "02ba64",
    "r": "Z94045",
    "it": "L410",
    "y": null,
    "m": null,
    "mo": "",
    "o": null,
    "st": "L2T",
    "ml": true
  },
  "02001b": {
    "i": "02001b",
    "r": "CN-RNL",
    "it": "B737",
    "y": null,
    "m": null,
    "mo": "Boeing 737-7B6",
    "o": null,
    "st": "L2J",
    "ml": false
  },
  "020035": {
    "i": "020035",
    "r": "CN-AOE",
    "it": "C130",
    "y": null,
    "m": null,
    "mo": "",
    "o": null,
    "st": "L4T",
    "ml": true
  },
  "02007c": {
    "i": "02007c",
    "r": "CN-CEC",
    "it": "DA40",
    "y": null,
    "m": null,
    "mo": "Diamond Aircraft Diamond Star DA40D",
    "o": null,
    "st": "L1P",
    "ml": false
  },
  "020087": {
    "i": "020087",
    "r": "CN-TKN",
    "it": "FA10",
    "y": null,
    "m": null,
    "mo": "Dassault Falcon 10",
    "o": null,
    "st": "L2J",
    "ml": false
  },
  "0200d1": {
    "i": "0200d1",
    "r": "CN-TAX",
    "it": "BE9L",
    "y": null,
    "m": null,
    "mo": "Beech King Air C90",
    "o": null,
    "st": "L2T",
    "ml": false
  },
  "0200ea": {
    "i": "0200ea",
    "r": "CN-RGG",
    "it": "B738",
    "y": null,
    "m": null,
    "mo": "Boeing 737-86N",
    "o": null,
    "st": "L2J",
    "ml": false
  },
  "0200ed": {
    "i": "0200ed",
    "r": "CN-RGH",
    "it": "B738",
    "y": null,
    "m": null,
    "mo": "Boeing 737-86N",
    "o": null,
    "st": "L2J",
    "ml": false
  },
  "020127": {
    "i": "020127",
    "r": "CN-NMK",
    "it": "A320",
    "y": null,
    "m": null,
    "mo": "Airbus A320-214",
    "o": null,
    "st": "L2J",
    "ml": false
  },
  "02013d": {
    "i": "02013d",
    "r": "CN-RGX",
    "it": "B789",
    "y": null,
    "m": null,
    "mo": "Boeing 787-9",
    "o": null,
    "st": "L2J",
    "ml": false
  },
  "020182": {
    "i": "020182",
    "r": "CN-THM",
    "it": "E35L",
    "y": null,
    "m": null,
    "mo": "",
    "o": null,
    "st": "L2J",
    "ml": false
  },
  "020184": {
    "i": "020184",
    "r": "CN-PLI",
    "it": "DA40",
    "y": null,
    "m": null,
    "mo": "",
    "o": null,
    "st": "L1P",
    "ml": false
  },
  "02a1aa": {
    "i": "02a1aa",
    "r": "TS-INK",
    "it": "A320",
    "y": null,
    "m": null,
    "mo": "",
    "o": null,
    "st": "L2J",
    "ml": false
  },
  "02a1af": {
    "i": "02a1af",
    "r": "TS-INP",
    "it": "A320",
    "y": null,
    "m": null,
    "mo": "Airbus A320-214",
    "o": null,
    "st": "L2J",
    "ml": false
  },
  "02a240": {
    "i": "02a240",
    "r": "TS-ISA",
    "it": "CRJ9",
    "y": null,
    "m": null,
    "mo": "Bombardier CRJ 900 ER",
    "o": null,
    "st": "L2J",
    "ml": false
  },
  "020063": {
    "i": "020063",
    "r": "CN-AMG",
    "it": "CN35",
    "y": null,
    "m": null,
    "mo": "",
    "o": null,
    "st": "L2T",
    "ml": true
  },
  "02006f": {
    "i": "02006f",
    "r": "CN-ROH",
    "it": "B738",
    "y": null,
    "m": null,
    "mo": "Boeing 737-85P",
    "o": null,
    "st": "L2J",
    "ml": false
  },
  "0200b0": {
    "i": "0200b0",
    "r": "CN-BTA",
    "it": "TEX2",
    "y": null,
    "m": null,
    "mo": "",
    "o": null,
    "st": "L1T",
    "ml": true
  },
  "0200bc": {
    "i": "0200bc",
    "r": "CN-BTM",
    "it": "TEX2",
    "y": null,
    "m": null,
    "mo": "",
    "o": null,
    "st": "L1T",
    "ml": true
  },
  "0200e1": {
    "i": "0200e1",
    "r": "CN-CPC",
    "it": "B350",
    "y": null,
    "m": null,
    "mo": "Hawker Beechcraft Corp King Air 350C",
    "o": null,
    "st": "L2T",
    "ml": false
  },
  "0200f0": {
    "i": "0200f0",
    "r": "CN-ABR",
    "it": "CP23",
    "y": null,
    "m": null,
    "mo": "",
    "o": null,
    "st": "L1P",
    "ml": true
  },
  "020109": {
    "i": "020109",
    "r": "CN-ATP",
    "it": "CL2T",
    "y": null,
    "m": null,
    "mo": "",
    "o": null,
    "st": "A2T",
    "ml": true
  },
  "02a18d": {
    "i": "02a18d",
    "r": "TS-IMN",
    "it": "A320",
    "y": null,
    "m": null,
    "mo": "Airbus A320-211",
    "o": null,
    "st": "L2J",
    "ml": false
  },
  "02a194": {
    "i": "02a194",
    "r": "TS-IMU",
    "it": "A320",
    "y": null,
    "m": null,
    "mo": "Airbus A320-214",
    "o": null,
    "st": "L2J",
    "ml": false
  },
  "02b261": {
    "i": "02b261",
    "r": "Z21012",
    "it": "C130",
    "y": null,
    "m": null,
    "mo": "",
    "o": null,
    "st": "L4T",
    "ml": true
  },
  "020058": {
    "i": "020058",
    "r": "CN-ROA",
    "it": "B738",
    "y": null,
    "m": null,
    "mo": "Boeing 737-8B6",
    "o": null,
    "st": "L2J",
    "ml": false
  },
  "020072": {
    "i": "020072",
    "r": "CN-ROL",
    "it": "B738",
    "y": null,
    "m": null,
    "mo": "Boeing 737-8B6",
    "o": null,
    "st": "L2J",
    "ml": false
  },
  "0200c5": {
    "i": "0200c5",
    "r": "CN-BTT",
    "it": "TEX2",
    "y": null,
    "m": null,
    "mo": "Raytheon T-6A Texan II",
    "o": null,
    "st": "L1T",
    "ml": true
  },
  "020126": {
    "i": "020126",
    "r": "CN-TKD",
    "it": "C650",
    "y": null,
    "m": null,
    "mo": "650 Citation 3/650 Citation 6/650 Citation 7/Citation 3/Citation 6/Citation 7",
    "o": null,
    "st": "L2J",
    "ml": false
  },
  "0201a3": {
    "i": "0201a3",
    "r": "CN-RHA",
    "it": "B789",
    "y": null,
    "m": null,
    "mo": "Boeing 787-9 Dreamliner",
    "o": null,
    "st": "L2J",
    "ml": false
  },
  "02a1cd": {
    "i": "02a1cd",
    "r": "TS-ION",
    "it": "B736",
    "y": null,
    "m": null,
    "mo": "",
    "o": null,
    "st": "L2J",
    "ml": false
  },
  "02a260": {
    "i": "02a260",
    "r": "TS-ITA",
    "it": "A320",
    "y": null,
    "m": null,
    "mo": "",
    "o": null,
    "st": "L2J",
    "ml": false
  },
  "02006e": {
    "i": "02006e",
    "r": "CN-ROJ",
    "it": "B738",
    "y": null,
    "m": null,
    "mo": "Boeing 737-85P",
    "o": null,
    "st": "L2J",
    "ml": false
  },
  "020175": {
    "i": "020175",
    "r": "CN-NMP",
    "it": "A320",
    "y": null,
    "m": null,
    "mo": "Airbus A320-214",
    "o": null,
    "st": "L2J",
    "ml": false
  },
  "02a041": {
    "i": "02a041",
    "r": "TS-ICB",
    "it": "B733",
    "y": null,
    "m": null,
    "mo": "Boeing 737-3G7",
    "o": null,
    "st": "L2J",
    "ml": false
  },
  "02a187": {
    "i": "02a187",
    "r": "TS-IMH",
    "it": "A320",
    "y": null,
    "m": null,
    "mo": "Airbus A320-211",
    "o": null,
    "st": "L2J",
    "ml": false
  },
  "02a199": {
    "i": "02a199",
    "r": "TS-IMZ",
    "it": "A20N",
    "y": null,
    "m": null,
    "mo": "",
    "o": null,
    "st": "L2J",
    "ml": false
  },
  "02010e": {
    "i": "02010e",
    "r": "CN-COI",
    "it": "AT76",
    "y": null,
    "m": null,
    "mo": "Atr ATR 72-600",
    "o": null,
    "st": "L2T",
    "ml": false
  },
  "020152": {
    "i": "020152",
    "r": "CN-BZN",
    "it": "AS50",
    "y": null,
    "m": null,
    "mo": "Airbus Helicopters Squirrel AS.350 B3e (H125)",
    "o": null,
    "st": "H1T",
    "ml": false
  },
  "020171": {
    "i": "020171",
    "r": "CN-TMX",
    "it": "E35L",
    "y": null,
    "m": null,
    "mo": "",
    "o": null,
    "st": "L2J",
    "ml": false
  },
  "020187": {
    "i": "020187",
    "r": "CN-PLK",
    "it": "DA40",
    "y": null,
    "m": null,
    "mo": "",
    "o": null,
    "st": "L1P",
    "ml": false
  },
  "028646": {
    "i": "028646",
    "r": "TS-CSA",
    "it": "DA42",
    "y": null,
    "m": null,
    "mo": "Diamond Aircraft Twin Star DA42 NG",
    "o": null,
    "st": "L2P",
    "ml": false
  },
  "02a181": {
    "i": "02a181",
    "r": "TS-IMB",
    "it": "A20N",
    "y": null,
    "m": null,
    "mo": "",
    "o": null,
    "st": "L2J",
    "ml": false
  },
  "02a184": {
    "i": "02a184",
    "r": "TS-IME",
    "it": "A320",
    "y": null,
    "m": null,
    "mo": "Airbus A320 211",
    "o": null,
    "st": "L2J",
    "ml": false
  },
  "02a1a2": {
    "i": "02a1a2",
    "r": "TS-INC",
    "it": "A320",
    "y": null,
    "m": null,
    "mo": "Airbus A320-214",
    "o": null,
    "st": "L2J",
    "ml": false
  },
  "02a1ce": {
    "i": "02a1ce",
    "r": "TS-IOO",
    "it": "B737",
    "y": null,
    "m": null,
    "mo": "Boeing 737NG 7H3/W BBJ",
    "o": null,
    "st": "L2J",
    "ml": false
  },
  "020185": {
    "i": "020185",
    "r": "CN-PLJ",
    "it": "DA40",
    "y": null,
    "m": null,
    "mo": "",
    "o": null,
    "st": "L1P",
    "ml": false
  },
  "020026": {
    "i": "020026",
    "r": "CN-RNQ",
    "it": "B737",
    "y": null,
    "m": null,
    "mo": "Boeing 737-7B6",
    "o": null,
    "st": "L2J",
    "ml": false
  },
  "020027": {
    "i": "020027",
    "r": "CN-RNR",
    "it": "B737",
    "y": null,
    "m": null,
    "mo": "Boeing 737-7B6",
    "o": null,
    "st": "L2J",
    "ml": false
  },
  "02006d": {
    "i": "02006d",
    "r": "CN-TSA",
    "it": "DA42",
    "y": null,
    "m": null,
    "mo": "Diamond Aircraft Twin Star DA42",
    "o": null,
    "st": "L2P",
    "ml": false
  },
  "0200fb": {
    "i": "0200fb",
    "r": "CN-RGK",
    "it": "B738",
    "y": null,
    "m": null,
    "mo": "Boeing 737-8B6",
    "o": null,
    "st": "L2J",
    "ml": false
  },
  "020118": {
    "i": "020118",
    "r": "CN-NMI",
    "it": "A320",
    "y": null,
    "m": null,
    "mo": "",
    "o": null,
    "st": "L2J",
    "ml": false
  },
  "020128": {
    "i": "020128",
    "r": "CN-HAC",
    "it": "A139",
    "y": null,
    "m": null,
    "mo": "AgustaWestland AW.139",
    "o": null,
    "st": "H2T",
    "ml": false
  },
  "02012a": {
    "i": "02012a",
    "r": "CN-HAF",
    "it": "A139",
    "y": null,
    "m": null,
    "mo": "AgustaWestland AW.139",
    "o": null,
    "st": "H2T",
    "ml": false
  },
  "020139": {
    "i": "020139",
    "r": "CN-MAX",
    "it": "B38M",
    "y": null,
    "m": null,
    "mo": "Boeing 737MAX 8",
    "o": null,
    "st": "L2J",
    "ml": false
  },
  "02a120": {
    "i": "02a120",
    "r": "TS-IJA",
    "it": "E170",
    "y": null,
    "m": null,
    "mo": "Embraer EMB-170 LR",
    "o": null,
    "st": "L2J",
    "ml": false
  },
  "020073": {
    "i": "020073",
    "r": "CN-ROK",
    "it": "B738",
    "y": null,
    "m": null,
    "mo": "Boeing 737-8B6",
    "o": null,
    "st": "L2J",
    "ml": false
  },
  "020074": {
    "i": "020074",
    "r": "CN-TWY",
    "it": "B350",
    "y": null,
    "m": null,
    "mo": "Beech King Air 350",
    "o": null,
    "st": "L2T",
    "ml": false
  },
  "020083": {
    "i": "020083",
    "r": "CN-CEF",
    "it": "DA40",
    "y": null,
    "m": null,
    "mo": "Diamond Aircraft Diamond Star DA40D",
    "o": null,
    "st": "L1P",
    "ml": false
  },
  "0200de": {
    "i": "0200de",
    "r": "CN-SHS",
    "it": "E190",
    "y": null,
    "m": null,
    "mo": "",
    "o": null,
    "st": "L2J",
    "ml": false
  },
  "020177": {
    "i": "020177",
    "r": "CN-NMR",
    "it": "A320",
    "y": null,
    "m": null,
    "mo": "",
    "o": null,
    "st": "L2J",
    "ml": false
  },
  "02017a": {
    "i": "02017a",
    "r": "CN-PLP",
    "it": "DA42",
    "y": null,
    "m": null,
    "mo": "",
    "o": null,
    "st": "L2P",
    "ml": false
  },
  "020198": {
    "i": "020198",
    "r": "CN-SYA",
    "it": "C650",
    "y": null,
    "m": null,
    "mo": "",
    "o": null,
    "st": "L2J",
    "ml": false
  },
  "0201b2": {
    "i": "0201b2",
    "r": "CN-PLC",
    "it": "DA40",
    "y": null,
    "m": null,
    "mo": "",
    "o": null,
    "st": "L1P",
    "ml": true
  },
  "02a0ac": {
    "i": "02a0ac",
    "r": "TS-IFM",
    "it": "A332",
    "y": null,
    "m": null,
    "mo": "Airbus A330-243",
    "o": null,
    "st": "L2J",
    "ml": false
  },
  "02a121": {
    "i": "02a121",
    "r": "TS-IJB",
    "it": "E170",
    "y": null,
    "m": null,
    "mo": "Embraer Emb-170-100SU",
    "o": null,
    "st": "L2J",
    "ml": false
  },
  "020033": {
    "i": "020033",
    "r": "CN-AOC",
    "it": "C130",
    "y": null,
    "m": null,
    "mo": "",
    "o": null,
    "st": "L4T",
    "ml": true
  },
  "020038": {
    "i": "020038",
    "r": "CN-AOJ",
    "it": "C130",
    "y": null,
    "m": null,
    "mo": "",
    "o": null,
    "st": "L4T",
    "ml": true
  },
  "02005a": {
    "i": "02005a",
    "r": "CN-ROB",
    "it": "B738",
    "y": null,
    "m": null,
    "mo": "Boeing 737-8B6",
    "o": null,
    "st": "L2J",
    "ml": false
  },
  "02007f": {
    "i": "02007f",
    "r": "CN-CED",
    "it": "DA40",
    "y": null,
    "m": null,
    "mo": "Diamond Aircraft Diamond Star DA40D",
    "o": null,
    "st": "L1P",
    "ml": false
  },
  "0200af": {
    "i": "0200af",
    "r": "CN-ROZ",
    "it": "B738",
    "y": null,
    "m": null,
    "mo": "Boeing 737-8B6",
    "o": null,
    "st": "L2J",
    "ml": false
  },
  "0200c7": {
    "i": "0200c7",
    "r": "CN-BTV",
    "it": "TEX2",
    "y": null,
    "m": null,
    "mo": "",
    "o": null,
    "st": "L1T",
    "ml": true
  },
  "02011c": {
    "i": "02011c",
    "r": "CN-TKX",
    "it": "C650",
    "y": null,
    "m": null,
    "mo": "650 Citation 3/650 Citation 6/650 Citation 7/Citation 3/Citation 6/Citation 7",
    "o": null,
    "st": "L2J",
    "ml": false
  },
  "020176": {
    "i": "020176",
    "r": "CN-NMQ",
    "it": "A320",
    "y": null,
    "m": null,
    "mo": "",
    "o": null,
    "st": "L2J",
    "ml": false
  },
  "02a18b": {
    "i": "02a18b",
    "r": "TS-IML",
    "it": "A320",
    "y": null,
    "m": null,
    "mo": "Airbus A320 211",
    "o": null,
    "st": "L2J",
    "ml": false
  },
  "02a1a1": {
    "i": "02a1a1",
    "r": "TS-INB",
    "it": "A320",
    "y": null,
    "m": null,
    "mo": "Airbus A320 214",
    "o": null,
    "st": "L2J",
    "ml": false
  },
  "02a1a7": {
    "i": "02a1a7",
    "r": "TS-INH",
    "it": "A320",
    "y": null,
    "m": null,
    "mo": "Airbus A320-214",
    "o": null,
    "st": "L2J",
    "ml": false
  },
  "02003b": {
    "i": "02003b",
    "r": "CN-AOM",
    "it": "C130",
    "y": null,
    "m": null,
    "mo": "",
    "o": null,
    "st": "L4T",
    "ml": true
  },
  "020093": {
    "i": "020093",
    "r": "CN-RBS",
    "it": "H25B",
    "y": null,
    "m": null,
    "mo": "British Aerospace 125-900XP",
    "o": null,
    "st": "L2J",
    "ml": false
  },
  "0200f3": {
    "i": "0200f3",
    "r": "CN-ABT",
    "it": "CP23",
    "y": null,
    "m": null,
    "mo": "",
    "o": null,
    "st": "L1P",
    "ml": true
  },
  "020196": {
    "i": "020196",
    "r": "CN-GEA",
    "it": "BN2T",
    "y": null,
    "m": null,
    "mo": "Britten-norman BN-2-T",
    "o": null,
    "st": "L2T",
    "ml": false
  },
  "02a18e": {
    "i": "02a18e",
    "r": "TS-IMO",
    "it": "A319",
    "y": null,
    "m": null,
    "mo": "Airbus A319-115LR",
    "o": null,
    "st": "L2J",
    "ml": false
  },
  "02003a": {
    "i": "02003a",
    "r": "CN-AOL",
    "it": "C130",
    "y": null,
    "m": null,
    "mo": "",
    "o": null,
    "st": "L4T",
    "ml": true
  },
  "02005f": {
    "i": "02005f",
    "r": "CN-AMC",
    "it": "CN35",
    "y": null,
    "m": null,
    "mo": "",
    "o": null,
    "st": "L2T",
    "ml": true
  },
  "02007d": {
    "i": "02007d",
    "r": "CN-ROR",
    "it": "B738",
    "y": null,
    "m": null,
    "mo": "Boeing 737-8B6",
    "o": null,
    "st": "L2J",
    "ml": false
  },
  "0200b5": {
    "i": "0200b5",
    "r": "CN-BTF",
    "it": "TEX2",
    "y": null,
    "m": null,
    "mo": "Raytheon T-6A Texan II",
    "o": null,
    "st": "L1T",
    "ml": true
  },
  "02011a": {
    "i": "02011a",
    "r": "CN-ALK",
    "it": "H47",
    "y": null,
    "m": null,
    "mo": "",
    "o": null,
    "st": "H2T",
    "ml": true
  },
  "02019c": {
    "i": "02019c",
    "r": "CN-NMS",
    "it": "A320",
    "y": null,
    "m": null,
    "mo": "",
    "o": null,
    "st": "L2J",
    "ml": false
  },
  "0280ae": {
    "i": "0280ae",
    "r": "TS-AFO",
    "it": "SIRA",
    "y": null,
    "m": null,
    "mo": "Tecnam P.2002 Sierra JF",
    "o": null,
    "st": "L1P",
    "ml": false
  },
  "02a18f": {
    "i": "02a18f",
    "r": "TS-IMP",
    "it": "A320",
    "y": null,
    "m": null,
    "mo": "Airbus A320 211",
    "o": null,
    "st": "L2J",
    "ml": false
  },
  "02a1a6": {
    "i": "02a1a6",
    "r": "TS-ING",
    "it": "A320",
    "y": null,
    "m": null,
    "mo": "",
    "o": null,
    "st": "L2J",
    "ml": false
  },
  "020017": {
    "i": "020017",
    "r": "CN-RNJ",
    "it": "B738",
    "y": null,
    "m": null,
    "mo": "Boeing 737-8B6",
    "o": null,
    "st": "L2J",
    "ml": false
  },
  "02003e": {
    "i": "02003e",
    "r": "CN-AOP",
    "it": "C130",
    "y": null,
    "m": null,
    "mo": "Lockheed C-130H Hercules",
    "o": null,
    "st": "L4T",
    "ml": true
  },
  "020040": {
    "i": "020040",
    "r": "CN-AOR",
    "it": "C130",
    "y": null,
    "m": null,
    "mo": "",
    "o": null,
    "st": "L4T",
    "ml": true
  },
  "020053": {
    "i": "020053",
    "r": "CN-RNW",
    "it": "B738",
    "y": null,
    "m": null,
    "mo": "Boeing 737-8B6",
    "o": null,
    "st": "L2J",
    "ml": false
  },
  "0200ae": {
    "i": "0200ae",
    "r": "CN-ROY",
    "it": "B738",
    "y": null,
    "m": null,
    "mo": "Boeing 737NG 8B6/W",
    "o": null,
    "st": "L2J",
    "ml": false
  },
  "020114": {
    "i": "020114",
    "r": "CN-TRS",
    "it": "G280",
    "y": null,
    "m": null,
    "mo": "Israeli A/c Ind. G280",
    "o": null,
    "st": "L2J",
    "ml": false
  },
  "020122": {
    "i": "020122",
    "r": "CN-RGT",
    "it": "B788",
    "y": null,
    "m": null,
    "mo": "Boeing 787-8",
    "o": null,
    "st": "L2J",
    "ml": false
  },
  "020149": {
    "i": "020149",
    "r": "CN-TCP",
    "it": "C152",
    "y": null,
    "m": null,
    "mo": "Cessna 150/152",
    "o": null,
    "st": "L1P",
    "ml": false
  },
  "02a189": {
    "i": "02a189",
    "r": "TS-IMJ",
    "it": "A319",
    "y": null,
    "m": null,
    "mo": "Airbus A319 114",
    "o": null,
    "st": "L2J",
    "ml": false
  },
  "02005e": {
    "i": "02005e",
    "r": "CN-AMB",
    "it": "CN35",
    "y": null,
    "m": null,
    "mo": "",
    "o": null,
    "st": "L2T",
    "ml": true
  },
  "020061": {
    "i": "020061",
    "r": "CN-AME",
    "it": "CN35",
    "y": null,
    "m": null,
    "mo": "",
    "o": null,
    "st": "L2T",
    "ml": true
  },
  "020082": {
    "i": "020082",
    "r": "CN-CEG",
    "it": "DA40",
    "y": null,
    "m": null,
    "mo": "Diamond Aircraft Diamond Star DA40D",
    "o": null,
    "st": "L1P",
    "ml": false
  },
  "0200ee": {
    "i": "0200ee",
    "r": "CN-ATN",
    "it": "CL2T",
    "y": null,
    "m": null,
    "mo": "",
    "o": null,
    "st": "A2T",
    "ml": true
  },
  "020155": {
    "i": "020155",
    "r": "CN-SAO",
    "it": "DA42",
    "y": null,
    "m": null,
    "mo": "",
    "o": null,
    "st": "L2P",
    "ml": false
  },
  "020173": {
    "i": "020173",
    "r": "CN-PLF",
    "it": "DA40",
    "y": null,
    "m": null,
    "mo": "",
    "o": null,
    "st": "L1P",
    "ml": false
  },
  "02a186": {
    "i": "02a186",
    "r": "TS-IMG",
    "it": "A320",
    "y": null,
    "m": null,
    "mo": "Airbus A320 211",
    "o": null,
    "st": "L2J",
    "ml": false
  },
  "02a241": {
    "i": "02a241",
    "r": "TS-ISB",
    "it": "CRJ9",
    "y": null,
    "m": null,
    "mo": "",
    "o": null,
    "st": "L2J",
    "ml": false
  },
  "020018": {
    "i": "020018",
    "r": "CN-RNK",
    "it": "B738",
    "y": null,
    "m": null,
    "mo": "Boeing 737-8B6",
    "o": null,
    "st": "L2J",
    "ml": false
  },
  "02007e": {
    "i": "02007e",
    "r": "CN-CEE",
    "it": "DA40",
    "y": null,
    "m": null,
    "mo": "Diamond Aircraft Diamond Star DA40D",
    "o": null,
    "st": "L1P",
    "ml": false
  },
  "0200b7": {
    "i": "0200b7",
    "r": "CN-BTH",
    "it": "TEX2",
    "y": null,
    "m": null,
    "mo": "",
    "o": null,
    "st": "L1T",
    "ml": true
  },
  "0200c1": {
    "i": "0200c1",
    "r": "CN-BTP",
    "it": "TEX2",
    "y": null,
    "m": null,
    "mo": "Raytheon T-6A Texan II",
    "o": null,
    "st": "L1T",
    "ml": true
  },
  "020107": {
    "i": "020107",
    "r": "CN-ATO",
    "it": "CL2T",
    "y": null,
    "m": null,
    "mo": "",
    "o": null,
    "st": "A2T",
    "ml": true
  },
  "020137": {
    "i": "020137",
    "r": "CN-SRA",
    "it": "C650",
    "y": null,
    "m": null,
    "mo": "Cessna Citation VII",
    "o": null,
    "st": "L2J",
    "ml": false
  },
  "020188": {
    "i": "020188",
    "r": "CN-PLL",
    "it": "DA40",
    "y": null,
    "m": null,
    "mo": "",
    "o": null,
    "st": "L1P",
    "ml": false
  },
  "020189": {
    "i": "020189",
    "r": "CN-PLR",
    "it": "DA42",
    "y": null,
    "m": null,
    "mo": "",
    "o": null,
    "st": "L2P",
    "ml": false
  },
  "02a191": {
    "i": "02a191",
    "r": "TS-IMR",
    "it": "A320",
    "y": null,
    "m": null,
    "mo": "Airbus A320-214",
    "o": null,
    "st": "L2J",
    "ml": false
  },
  "02a1b0": {
    "i": "02a1b0",
    "r": "TS-INQ",
    "it": "A320",
    "y": null,
    "m": null,
    "mo": "Airbus A320-214",
    "o": null,
    "st": "L2J",
    "ml": false
  },
  "020045": {
    "i": "020045",
    "r": "CN-RNV",
    "it": "B737",
    "y": null,
    "m": null,
    "mo": "Boeing 737-7B6",
    "o": null,
    "st": "L2J",
    "ml": false
  },
  "0200bb": {
    "i": "0200bb",
    "r": "CN-BTJ",
    "it": "TEX2",
    "y": null,
    "m": null,
    "mo": "",
    "o": null,
    "st": "L1T",
    "ml": true
  },
  "02013c": {
    "i": "02013c",
    "r": "CN-RAM",
    "it": "B789",
    "y": null,
    "m": null,
    "mo": "Boeing 787-9",
    "o": null,
    "st": "L2J",
    "ml": false
  },
  "02a0ad": {
    "i": "02a0ad",
    "r": "TS-IFN",
    "it": "A332",
    "y": null,
    "m": null,
    "mo": "Airbus A330-243",
    "o": null,
    "st": "L2J",
    "ml": false
  },
  "020039": {
    "i": "020039",
    "r": "CN-AOK",
    "it": "C130",
    "y": null,
    "m": null,
    "mo": "",
    "o": null,
    "st": "L4T",
    "ml": true
  },
  "02005b": {
    "i": "02005b",
    "r": "CN-ROC",
    "it": "B738",
    "y": null,
    "m": null,
    "mo": "Boeing 737-8B6",
    "o": null,
    "st": "L2J",
    "ml": false
  },
  "0200a1": {
    "i": "0200a1",
    "r": "CN-ROX",
    "it": "B733",
    "y": null,
    "m": null,
    "mo": "Boeing 737 3M8SF",
    "o": null,
    "st": "L2J",
    "ml": false
  },
  "0200b2": {
    "i": "0200b2",
    "r": "CN-BTC",
    "it": "TEX2",
    "y": null,
    "m": null,
    "mo": "",
    "o": null,
    "st": "L1T",
    "ml": true
  },
  "020123": {
    "i": "020123",
    "r": "CN-RGU",
    "it": "B788",
    "y": null,
    "m": null,
    "mo": "Boeing 787-8",
    "o": null,
    "st": "L2J",
    "ml": false
  },
  "020131": {
    "i": "020131",
    "r": "CN-TMS",
    "it": "B350",
    "y": null,
    "m": null,
    "mo": "Textron Aviation King Air B350",
    "o": null,
    "st": "L2T",
    "ml": true
  },
  "020151": {
    "i": "020151",
    "r": "CN-TOP",
    "it": "P46T",
    "y": null,
    "m": null,
    "mo": "Piper PA-46-500TP",
    "o": null,
    "st": "L1T",
    "ml": false
  },
  "02a192": {
    "i": "02a192",
    "r": "TS-IMS",
    "it": "A320",
    "y": null,
    "m": null,
    "mo": "Airbus A320-214",
    "o": null,
    "st": "L2J",
    "ml": false
  },
  "02a1cb": {
    "i": "02a1cb",
    "r": "TS-IOL",
    "it": "B736",
    "y": null,
    "m": null,
    "mo": "Boeing 737NG 6H3",
    "o": null,
    "st": "L2J",
    "ml": false
  },
  "020060": {
    "i": "020060",
    "r": "CN-AMD",
    "it": "CN35",
    "y": null,
    "m": null,
    "mo": "",
    "o": null,
    "st": "L2T",
    "ml": true
  },
  "0200f4": {
    "i": "0200f4",
    "r": "CN-CPH",
    "it": "C208",
    "y": null,
    "m": null,
    "mo": "Cessna 208 B",
    "o": null,
    "st": "L1T",
    "ml": false
  },
  "020103": {
    "i": "020103",
    "r": "CN-FCC",
    "it": "B350",
    "y": null,
    "m": null,
    "mo": "Hawker Beechcraft Corp King Air B350",
    "o": null,
    "st": "L2T",
    "ml": false
  },
  "020113": {
    "i": "020113",
    "r": "CN-RGR",
    "it": "E190",
    "y": null,
    "m": null,
    "mo": "Embraer EMB-190 AR",
    "o": null,
    "st": "L2J",
    "ml": false
  },
  "02a1d1": {
    "i": "02a1d1",
    "r": "TS-IOR",
    "it": "B736",
    "y": null,
    "m": null,
    "mo": "Boeing 737-6H3",
    "o": null,
    "st": "L2J",
    "ml": false
  },
  "02ac24": {
    "i": "02ac24",
    "r": "TS-LBE",
    "it": "AT75",
    "y": null,
    "m": null,
    "mo": "ATR 72-500",
    "o": null,
    "st": "L2T",
    "ml": false
  },
  "02007a": {
    "i": "02007a",
    "r": "CN-ROP",
    "it": "B738",
    "y": null,
    "m": null,
    "mo": "Boeing 737-8B6",
    "o": null,
    "st": "L2J",
    "ml": false
  },
  "0200f5": {
    "i": "0200f5",
    "r": "CN-COF",
    "it": "AT76",
    "y": null,
    "m": null,
    "mo": "",
    "o": null,
    "st": "L2T",
    "ml": false
  },
  "02010a": {
    "i": "02010a",
    "r": "CN-ATQ",
    "it": "CL2T",
    "y": null,
    "m": null,
    "mo": "",
    "o": null,
    "st": "A2T",
    "ml": true
  },
  "02a043": {
    "i": "02a043",
    "r": "TS-ICD",
    "it": "B738",
    "y": null,
    "m": null,
    "mo": "737-8Q8",
    "o": null,
    "st": "L2J",
    "ml": false
  },
  "02a180": {
    "i": "02a180",
    "r": "TS-IMA",
    "it": "A20N",
    "y": null,
    "m": null,
    "mo": "",
    "o": null,
    "st": "L2J",
    "ml": false
  },
  "02a182": {
    "i": "02a182",
    "r": "TS-IMC",
    "it": "A320",
    "y": null,
    "m": null,
    "mo": "Airbus A320 211",
    "o": null,
    "st": "L2J",
    "ml": false
  },
  "02a1cf": {
    "i": "02a1cf",
    "r": "TS-IOP",
    "it": "B736",
    "y": null,
    "m": null,
    "mo": "Boeing 737-6H3",
    "o": null,
    "st": "L2J",
    "ml": false
  },
  "020057": {
    "i": "020057",
    "r": "CN-RNZ",
    "it": "B738",
    "y": null,
    "m": null,
    "mo": "Boeing 737NG 8B6/W",
    "o": null,
    "st": "L2J",
    "ml": false
  },
  "020066": {
    "i": "020066",
    "r": "CN-ROE",
    "it": "B738",
    "y": null,
    "m": null,
    "mo": "Boeing 737-8B6",
    "o": null,
    "st": "L2J",
    "ml": false
  },
  "0200a2": {
    "i": "0200a2",
    "r": "CN-AMP",
    "it": "C27J",
    "y": null,
    "m": null,
    "mo": "",
    "o": null,
    "st": "L2T",
    "ml": true
  },
  "0200cb": {
    "i": "0200cb",
    "r": "CN-RGB",
    "it": "B788",
    "y": null,
    "m": null,
    "mo": "Boeing 787-8",
    "o": null,
    "st": "L2J",
    "ml": false
  },
  "0200fd": {
    "i": "0200fd",
    "r": "CN-ABP",
    "it": "CP23",
    "y": null,
    "m": null,
    "mo": "",
    "o": null,
    "st": "L1P",
    "ml": true
  },
  "020112": {
    "i": "020112",
    "r": "CN-RGQ",
    "it": "E190",
    "y": null,
    "m": null,
    "mo": "Embraer EMB-190 AR",
    "o": null,
    "st": "L2J",
    "ml": false
  },
  "020143": {
    "i": "020143",
    "r": "CN-TKC",
    "it": "H25B",
    "y": null,
    "m": null,
    "mo": "British Aerospace 125-850XP",
    "o": null,
    "st": "L2J",
    "ml": false
  },
  "020144": {
    "i": "020144",
    "r": "CN-SRL",
    "it": "C650",
    "y": null,
    "m": null,
    "mo": "Cessna 650",
    "o": null,
    "st": "L2J",
    "ml": false
  },
  "02a193": {
    "i": "02a193",
    "r": "TS-IMT",
    "it": "A320",
    "y": null,
    "m": null,
    "mo": "Airbus A320-214",
    "o": null,
    "st": "L2J",
    "ml": false
  },
  "020095": {
    "i": "020095",
    "r": "CN-ROU",
    "it": "B738",
    "y": null,
    "m": null,
    "mo": "Boeing 737-8B6",
    "o": null,
    "st": "L2J",
    "ml": false
  },
  "0200c3": {
    "i": "0200c3",
    "r": "CN-BTR",
    "it": "TEX2",
    "y": null,
    "m": null,
    "mo": "",
    "o": null,
    "st": "L1T",
    "ml": true
  },
  "0200ec": {
    "i": "0200ec",
    "r": "CN-RGI",
    "it": "B738",
    "y": null,
    "m": null,
    "mo": "Boeing 737-86N",
    "o": null,
    "st": "L2J",
    "ml": false
  },
  "0200ff": {
    "i": "0200ff",
    "r": "CN-ABU",
    "it": "CP23",
    "y": null,
    "m": null,
    "mo": "",
    "o": null,
    "st": "L1P",
    "ml": true
  },
  "020101": {
    "i": "020101",
    "r": "CN-COG",
    "it": "AT76",
    "y": null,
    "m": null,
    "mo": "Atr ATR 72-600",
    "o": null,
    "st": "L2T",
    "ml": false
  },
  "02010d": {
    "i": "02010d",
    "r": "CN-NMH",
    "it": "A320",
    "y": null,
    "m": null,
    "mo": "Airbus A320-214",
    "o": null,
    "st": "L2J",
    "ml": false
  },
  "020110": {
    "i": "020110",
    "r": "CN-RGO",
    "it": "E190",
    "y": null,
    "m": null,
    "mo": "Embraer Emb-190-100IGW",
    "o": null,
    "st": "L2J",
    "ml": false
  },
  "020172": {
    "i": "020172",
    "r": "CN-PLE",
    "it": "DA40",
    "y": null,
    "m": null,
    "mo": "",
    "o": null,
    "st": "L1P",
    "ml": false
  },
  "029e47": {
    "i": "029e47",
    "r": "TS-HSH",
    "it": "AS65",
    "y": null,
    "m": null,
    "mo": "Eurocopter AS.365N3",
    "o": null,
    "st": "H2T",
    "ml": false
  },
  "02a1a5": {
    "i": "02a1a5",
    "r": "TS-INF",
    "it": "A320",
    "y": null,
    "m": null,
    "mo": "Airbus A320 214SL",
    "o": null,
    "st": "L2J",
    "ml": false
  },
  "02a261": {
    "i": "02a261",
    "r": "TS-ITB",
    "it": "A320",
    "y": null,
    "m": null,
    "mo": "Airbus A320-214",
    "o": null,
    "st": "L2J",
    "ml": false
  },
  "02b26d": {
    "i": "02b26d",
    "r": "Z21014",
    "it": "C130",
    "y": null,
    "m": null,
    "mo": "",
    "o": null,
    "st": "L4T",
    "ml": true
  },
  "020129": {
    "i": "020129",
    "r": "CN-HAE",
    "it": "A139",
    "y": null,
    "m": null,
    "mo": "AgustaWestland AW.139",
    "o": null,
    "st": "H2T",
    "ml": false
  },
  "02a1b3": {
    "i": "02a1b3",
    "r": "TS-INT",
    "it": "A320",
    "y": null,
    "m": null,
    "mo": "Airbus A320-232",
    "o": null,
    "st": "L2J",
    "ml": false
  },
  "02a263": {
    "i": "02a263",
    "r": "TS-ITD",
    "it": "A320",
    "y": null,
    "m": null,
    "mo": "A320-214",
    "o": null,
    "st": "L2J",
    "ml": false
  },
  "02ac26": {
    "i": "02ac26",
    "r": "TS-LBG",
    "it": "AT76",
    "y": null,
    "m": null,
    "mo": "Atr ATR 72-600",
    "o": null,
    "st": "L2T",
    "ml": false
  },
  "020037": {
    "i": "020037",
    "r": "CN-AOI",
    "it": "C130",
    "y": null,
    "m": null,
    "mo": "",
    "o": null,
    "st": "L4T",
    "ml": true
  },
  "02003c": {
    "i": "02003c",
    "r": "CN-AON",
    "it": "C130",
    "y": null,
    "m": null,
    "mo": "",
    "o": null,
    "st": "L4T",
    "ml": true
  },
  "02004c": {
    "i": "02004c",
    "r": "CN-ANU",
    "it": "GLF3",
    "y": null,
    "m": null,
    "mo": "",
    "o": null,
    "st": "L2J",
    "ml": true
  },
  "0200b6": {
    "i": "0200b6",
    "r": "CN-BTG",
    "it": "TEX2",
    "y": null,
    "m": null,
    "mo": "",
    "o": null,
    "st": "L1T",
    "ml": true
  },
  "0200bf": {
    "i": "0200bf",
    "r": "CN-BTN",
    "it": "TEX2",
    "y": null,
    "m": null,
    "mo": "",
    "o": null,
    "st": "L1T",
    "ml": true
  },
  "0200e2": {
    "i": "0200e2",
    "r": "CN-BZM",
    "it": "EC35",
    "y": null,
    "m": null,
    "mo": "",
    "o": null,
    "st": "H2T",
    "ml": true
  },
  "02012f": {
    "i": "02012f",
    "r": "CN-TMR",
    "it": "B350",
    "y": null,
    "m": null,
    "mo": "Beechcraft Corp King Air B350",
    "o": null,
    "st": "L2T",
    "ml": true
  },
  "02a188": {
    "i": "02a188",
    "r": "TS-IMI",
    "it": "A320",
    "y": null,
    "m": null,
    "mo": "Airbus A320-211",
    "o": null,
    "st": "L2J",
    "ml": false
  },
  "020025": {
    "i": "020025",
    "r": "CN-RNP",
    "it": "B738",
    "y": null,
    "m": null,
    "mo": "Boeing 737-8B6",
    "o": null,
    "st": "L2J",
    "ml": false
  },
  "0200d5": {
    "i": "0200d5",
    "r": "CN-BZE",
    "it": "EC45",
    "y": null,
    "m": null,
    "mo": "",
    "o": null,
    "st": "H2T",
    "ml": true
  },
  "020105": {
    "i": "020105",
    "r": "CN-RGN",
    "it": "B738",
    "y": null,
    "m": null,
    "mo": "Boeing 737-8B6",
    "o": null,
    "st": "L2J",
    "ml": false
  },
  "02012c": {
    "i": "02012c",
    "r": "CN-RGV",
    "it": "B738",
    "y": null,
    "m": null,
    "mo": "Boeing 737-85P",
    "o": null,
    "st": "L2J",
    "ml": false
  },
  "020148": {
    "i": "020148",
    "r": "CN-TMF",
    "it": "M20T",
    "y": null,
    "m": null,
    "mo": "Mooney M.20K Model 252TSE",
    "o": null,
    "st": "L1P",
    "ml": false
  },
  "020163": {
    "i": "020163",
    "r": "CN-TMB",
    "it": "H25B",
    "y": null,
    "m": null,
    "mo": "Raytheon Aircraft Company 125 800XP",
    "o": null,
    "st": "L2J",
    "ml": false
  },
  "02a183": {
    "i": "02a183",
    "r": "TS-IMD",
    "it": "A320",
    "y": null,
    "m": null,
    "mo": "Airbus A320 211",
    "o": null,
    "st": "L2J",
    "ml": false
  },
  "02a197": {
    "i": "02a197",
    "r": "TS-IMX",
    "it": "A20N",
    "y": null,
    "m": null,
    "mo": "",
    "o": null,
    "st": "L2J",
    "ml": false
  },
  "02a1b4": {
    "i": "02a1b4",
    "r": "TS-INU",
    "it": "A320",
    "y": null,
    "m": null,
    "mo": "Airbus A320-214",
    "o": null,
    "st": "L2J",
    "ml": false
  },
  "020031": {
    "i": "020031",
    "r": "CN-AOG",
    "it": "C130",
    "y": null,
    "m": null,
    "mo": "",
    "o": null,
    "st": "L4T",
    "ml": true
  },
  "020092": {
    "i": "020092",
    "r": "CN-ROT",
    "it": "B738",
    "y": null,
    "m": null,
    "mo": "Boeing 737-8B6",
    "o": null,
    "st": "L2J",
    "ml": false
  },
  "02009f": {
    "i": "02009f",
    "r": "CN-ROW",
    "it": "B763",
    "y": null,
    "m": null,
    "mo": "Boeing 767-343",
    "o": null,
    "st": "L2J",
    "ml": false
  },
  "0200e5": {
    "i": "0200e5",
    "r": "CN-BZL",
    "it": "EC35",
    "y": null,
    "m": null,
    "mo": "",
    "o": null,
    "st": "H2T",
    "ml": true
  },
  "020174": {
    "i": "020174",
    "r": "CN-PLO",
    "it": "DA42",
    "y": null,
    "m": null,
    "mo": "",
    "o": null,
    "st": "L2P",
    "ml": false
  },
  "02019a": {
    "i": "02019a",
    "r": "CN-TMV",
    "it": "LJ45",
    "y": null,
    "m": null,
    "mo": "",
    "o": null,
    "st": "L2J",
    "ml": false
  },
  "02a18a": {
    "i": "02a18a",
    "r": "TS-IMK",
    "it": "A319",
    "y": null,
    "m": null,
    "mo": "Airbus A319 114",
    "o": null,
    "st": "L2J",
    "ml": false
  },
  "02a196": {
    "i": "02a196",
    "r": "TS-IMW",
    "it": "A320",
    "y": null,
    "m": null,
    "mo": "Airbus A320-214",
    "o": null,
    "st": "L2J",
    "ml": false
  },
  "02a1cc": {
    "i": "02a1cc",
    "r": "TS-IOM",
    "it": "B736",
    "y": null,
    "m": null,
    "mo": "Boeing 737NG 6H3",
    "o": null,
    "st": "L2J",
    "ml": false
  },
  "02008b": {
    "i": "02008b",
    "r": "CN-ROS",
    "it": "B738",
    "y": null,
    "m": null,
    "mo": "Boeing 737-8B6",
    "o": null,
    "st": "L2J",
    "ml": false
  },
  "0200c9": {
    "i": "0200c9",
    "r": "CN-BTX",
    "it": "TEX2",
    "y": null,
    "m": null,
    "mo": "",
    "o": null,
    "st": "L1T",
    "ml": true
  },
  "0200d7": {
    "i": "0200d7",
    "r": "CN-TMK",
    "it": "JS32",
    "y": null,
    "m": null,
    "mo": "British Aerospace Jetstream 32-01",
    "o": null,
    "st": "L2T",
    "ml": false
  },
  "02a190": {
    "i": "02a190",
    "r": "TS-IMQ",
    "it": "A319",
    "y": null,
    "m": null,
    "mo": "Airbus A319-114",
    "o": null,
    "st": "L2J",
    "ml": false
  },
  "02a1c9": {
    "i": "02a1c9",
    "r": "TS-IOJ",
    "it": "B735",
    "y": null,
    "m": null,
    "mo": "Boeing 737 5H3",
    "o": null,
    "st": "L2J",
    "ml": false
  },
  "02b262": {
    "i": "02b262",
    "r": "Z21113",
    "it": "C130",
    "y": null,
    "m": null,
    "mo": "",
    "o": null,
    "st": "L4T",
    "ml": true
  },
  "020044": {
    "i": "020044",
    "r": "CN-RNU",
    "it": "B738",
    "y": null,
    "m": null,
    "mo": "Boeing 737-8B6",
    "o": null,
    "st": "L2J",
    "ml": false
  },
  "0200c6": {
    "i": "0200c6",
    "r": "CN-BTW",
    "it": "TEX2",
    "y": null,
    "m": null,
    "mo": "Raytheon T-6A Texan II",
    "o": null,
    "st": "L1T",
    "ml": true
  },
  "0200fe": {
    "i": "0200fe",
    "r": "CN-ABV",
    "it": "CP23",
    "y": null,
    "m": null,
    "mo": "",
    "o": null,
    "st": "L1P",
    "ml": true
  },
  "020104": {
    "i": "020104",
    "r": "CN-RGM",
    "it": "B738",
    "y": null,
    "m": null,
    "mo": "Boeing 737-8B6",
    "o": null,
    "st": "L2J",
    "ml": false
  },
  "020124": {
    "i": "020124",
    "r": "CN-NMJ",
    "it": "A320",
    "y": null,
    "m": null,
    "mo": "Airbus A320-214",
    "o": null,
    "st": "L2J",
    "ml": false
  },
  "02012b": {
    "i": "02012b",
    "r": "CN-NML",
    "it": "A320",
    "y": null,
    "m": null,
    "mo": "Airbus A320-214",
    "o": null,
    "st": "L2J",
    "ml": false
  },
  "020186": {
    "i": "020186",
    "r": "CN-PLQ",
    "it": "DA42",
    "y": null,
    "m": null,
    "mo": "",
    "o": null,
    "st": "L2P",
    "ml": false
  },
  "0200f8": {
    "i": "0200f8",
    "r": "CN-RGJ",
    "it": "B738",
    "y": null,
    "m": null,
    "mo": "Boeing 737-8B6",
    "o": null,
    "st": "L2J",
    "ml": false
  },
  "020134": {
    "i": "020134",
    "r": "CN-TKT",
    "it": "C210",
    "y": null,
    "m": null,
    "mo": "Cessna T210M Turbo Centurion",
    "o": null,
    "st": "L1P",
    "ml": false
  },
  "02013f": {
    "i": "02013f",
    "r": "CN-RGY",
    "it": "B789",
    "y": null,
    "m": null,
    "mo": "Boeing 787 9",
    "o": null,
    "st": "L2J",
    "ml": false
  },
  "0201af": {
    "i": "0201af",
    "r": "CN-SNP",
    "it": "F900",
    "y": null,
    "m": null,
    "mo": "",
    "o": null,
    "st": "L3J",
    "ml": false
  },
  "0201b0": {
    "i": "0201b0",
    "r": "CN-PLA",
    "it": "DA40",
    "y": null,
    "m": null,
    "mo": "",
    "o": null,
    "st": "L1P",
    "ml": true
  },
  "02a18c": {
    "i": "02a18c",
    "r": "TS-IMM",
    "it": "A320",
    "y": null,
    "m": null,
    "mo": "Airbus A320-211",
    "o": null,
    "st": "L2J",
    "ml": false
  },
  "02a1a0": {
    "i": "02a1a0",
    "r": "TS-INA",
    "it": "A320",
    "y": null,
    "m": null,
    "mo": "A320 214",
    "o": null,
    "st": "L2J",
    "ml": false
  },
  "02a1a3": {
    "i": "02a1a3",
    "r": "TS-IND",
    "it": "A320",
    "y": null,
    "m": null,
    "mo": "Airbus A320-214",
    "o": null,
    "st": "L2J",
    "ml": false
  },
  "020078": {
    "i": "020078",
    "r": "CN-TLB",
    "it": "C525",
    "y": null,
    "m": null,
    "mo": "Cessna 525",
    "o": null,
    "st": "L2J",
    "ml": false
  },
  "0200b1": {
    "i": "0200b1",
    "r": "CN-BTB",
    "it": "TEX2",
    "y": null,
    "m": null,
    "mo": "",
    "o": null,
    "st": "L1T",
    "ml": true
  },
  "0200ef": {
    "i": "0200ef",
    "r": "CN-RGE",
    "it": "B738",
    "y": null,
    "m": null,
    "mo": "Boeing 737-8B6",
    "o": null,
    "st": "L2J",
    "ml": false
  },
  "02013a": {
    "i": "02013a",
    "r": "CN-MAY",
    "it": "B38M",
    "y": null,
    "m": null,
    "mo": "Boeing 737MAX 8",
    "o": null,
    "st": "L2J",
    "ml": false
  },
  "020161": {
    "i": "020161",
    "r": "CN-BSM",
    "it": "S92",
    "y": null,
    "m": null,
    "mo": "",
    "o": null,
    "st": "H2T",
    "ml": false
  },
  "02019b": {
    "i": "02019b",
    "r": "CN-RGW",
    "it": "B738",
    "y": null,
    "m": null,
    "mo": "Boeing 737-800",
    "o": null,
    "st": "L2J",
    "ml": false
  },
  "02a242": {
    "i": "02a242",
    "r": "TS-ISC",
    "it": "CRJ9",
    "y": null,
    "m": null,
    "mo": "Bombardier CRJ 900 ER",
    "o": null,
    "st": "L2J",
    "ml": false
  },
  "0200ad": {
    "i": "0200ad",
    "r": "CN-TMC",
    "it": "C421",
    "y": null,
    "m": null,
    "mo": "Cessna 421C Golden Eagle",
    "o": null,
    "st": "L2P",
    "ml": false
  },
  "0200b4": {
    "i": "0200b4",
    "r": "CN-BTE",
    "it": "TEX2",
    "y": null,
    "m": null,
    "mo": "",
    "o": null,
    "st": "L1T",
    "ml": true
  },
  "0200d2": {
    "i": "0200d2",
    "r": "CN-TJS",
    "it": "H25B",
    "y": null,
    "m": null,
    "mo": "Hawker Beechcraft Corp Hawker 900XP",
    "o": null,
    "st": "L2J",
    "ml": false
  },
  "02a262": {
    "i": "02a262",
    "r": "TS-ITC",
    "it": "A320",
    "y": null,
    "m": null,
    "mo": "A320-214",
    "o": null,
    "st": "L2J",
    "ml": false
  },
  "0200b3": {
    "i": "0200b3",
    "r": "CN-BTD",
    "it": "TEX2",
    "y": null,
    "m": null,
    "mo": "",
    "o": null,
    "st": "L1T",
    "ml": true
  },
  "0200e4": {
    "i": "0200e4",
    "r": "CN-BZK",
    "it": "EC35",
    "y": null,
    "m": null,
    "mo": "",
    "o": null,
    "st": "H2T",
    "ml": true
  },
  "0200f1": {
    "i": "0200f1",
    "r": "CN-ABS",
    "it": "CP23",
    "y": null,
    "m": null,
    "mo": "",
    "o": null,
    "st": "L1P",
    "ml": true
  },
  "020111": {
    "i": "020111",
    "r": "CN-RGP",
    "it": "E190",
    "y": null,
    "m": null,
    "mo": "Embraer EMB-190 AR",
    "o": null,
    "st": "L2J",
    "ml": false
  },
  "020121": {
    "i": "020121",
    "r": "CN-RGS",
    "it": "B788",
    "y": null,
    "m": null,
    "mo": "Boeing 787-8",
    "o": null,
    "st": "L2J",
    "ml": false
  },
  "02013e": {
    "i": "02013e",
    "r": "CN-RGZ",
    "it": "B789",
    "y": null,
    "m": null,
    "mo": "Boeing 787-9",
    "o": null,
    "st": "L2J",
    "ml": false
  },
  "020153": {
    "i": "020153",
    "r": "CN-BZO",
    "it": "AS50",
    "y": null,
    "m": null,
    "mo": "",
    "o": null,
    "st": "H1T",
    "ml": false
  },
  "020197": {
    "i": "020197",
    "r": "CN-BZX",
    "it": "EC25",
    "y": null,
    "m": null,
    "mo": "",
    "o": null,
    "st": "H2T",
    "ml": true
  },
  "02a198": {
    "i": "02a198",
    "r": "TS-IMY",
    "it": "A20N",
    "y": null,
    "m": null,
    "mo": "",
    "o": null,
    "st": "L2J",
    "ml": false
  },
  "02a1a4": {
    "i": "02a1a4",
    "r": "TS-INE",
    "it": "A320",
    "y": null,
    "m": null,
    "mo": "",
    "o": null,
    "st": "L2J",
    "ml": false
  },
  "02a1d0": {
    "i": "02a1d0",
    "r": "TS-IOQ",
    "it": "B736",
    "y": null,
    "m": null,
    "mo": "Boeing 737NG 6H3",
    "o": null,
    "st": "L2J",
    "ml": false
  },
  "020041": {
    "i": "020041",
    "r": "CN-AOS",
    "it": "C130",
    "y": null,
    "m": null,
    "mo": "",
    "o": null,
    "st": "L4T",
    "ml": true
  },
  "020065": {
    "i": "020065",
    "r": "CN-ROD",
    "it": "B737",
    "y": null,
    "m": null,
    "mo": "",
    "o": null,
    "st": "L2J",
    "ml": false
  },
  "0200f2": {
    "i": "0200f2",
    "r": "CN-COE",
    "it": "AT72",
    "y": null,
    "m": null,
    "mo": "Atr ATR 72-600",
    "o": null,
    "st": "L2T",
    "ml": false
  },
  "020142": {
    "i": "020142",
    "r": "CN-COJ",
    "it": "AT76",
    "y": null,
    "m": null,
    "mo": "Atr ATR 72-600",
    "o": null,
    "st": "L2T",
    "ml": false
  },
  "02a185": {
    "i": "02a185",
    "r": "TS-IMF",
    "it": "A320",
    "y": null,
    "m": null,
    "mo": "Airbus A320-211",
    "o": null,
    "st": "L2J",
    "ml": false
  },
  "02a195": {
    "i": "02a195",
    "r": "TS-IMV",
    "it": "A320",
    "y": null,
    "m": null,
    "mo": "Airbus A320-214",
    "o": null,
    "st": "L2J",
    "ml": false
  },
  "02a1ae": {
    "i": "02a1ae",
    "r": "TS-INO",
    "it": "A320",
    "y": null,
    "m": null,
    "mo": "Airbus A320-214",
    "o": null,
    "st": "L2J",
    "ml": false
  },
  "02a1b1": {
    "i": "02a1b1",
    "r": "TS-INR",
    "it": "A320",
    "y": null,
    "m": null,
    "mo": "Airbus A320-214",
    "o": null,
    "st": "L2J",
    "ml": false
  },
  "02ac25": {
    "i": "02ac25",
    "r": "TS-LBF",
    "it": "AT76",
    "y": null,
    "m": null,
    "mo": "Atr ATR 72-600",
    "o": null,
    "st": "L2T",
    "ml": false
  },
  "020146": {
    "i": "020146",
    "r": "CN-KAS",
    "it": "GL5T",
    "y": null,
    "m": null,
    "mo": "Bombardier BD700-Global 5000/5500",
    "o": null,
    "st": "L2J",
    "ml": false
  },
  "0200a8": {
    "i": "0200a8",
    "r": "CN-MMJ",
    "it": "C56X",
    "y": null,
    "m": null,
    "mo": "",
    "o": null,
    "st": "L2J",
    "ml": true
  },
  "0200cc": {
    "i": "0200cc",
    "r": "CN-MVI",
    "it": "B738",
    "y": null,
    "m": null,
    "mo": "",
    "o": null,
    "st": "L2J",
    "ml": true
  },
  "020125": {
    "i": "020125",
    "r": "CN-MSM",
    "it": "RJ1H",
    "y": null,
    "m": null,
    "mo": "",
    "o": null,
    "st": "L4J",
    "ml": true
  },
  "02008e": {
    "i": "02008e",
    "r": "CN-AMI",
    "it": "B350",
    "y": null,
    "m": null,
    "mo": "",
    "o": null,
    "st": "L2T",
    "ml": true
  },
  "0201ac": {
    "i": "0201ac",
    "r": "CN-KAM",
    "it": "GLEX",
    "y": null,
    "m": null,
    "mo": "",
    "o": null,
    "st": "L2J",
    "ml": false
  },
  "0200ac": {
    "i": "0200ac",
    "r": "CN-MMT",
    "it": "GLF5",
    "y": null,
    "m": null,
    "mo": "",
    "o": null,
    "st": "L2J",
    "ml": true
  },
  "02010f": {
    "i": "02010f",
    "r": "CN-MMS",
    "it": "A139",
    "y": null,
    "m": null,
    "mo": "AgustaWestland AW.139",
    "o": null,
    "st": "H2T",
    "ml": false
  },
  "020059": {
    "i": "020059",
    "r": "CN-ANJ",
    "it": "B350",
    "y": null,
    "m": null,
    "mo": "",
    "o": null,
    "st": "L2T",
    "ml": true
  },
  "020170": {
    "i": "020170",
    "r": "CN-EEE",
    "it": "FA7X",
    "y": null,
    "m": null,
    "mo": "",
    "o": null,
    "st": "L3J",
    "ml": false
  },
  "02017b": {
    "i": "02017b",
    "r": "CN-RAK",
    "it": "GLEX",
    "y": null,
    "m": null,
    "mo": "",
    "o": null,
    "st": "L2J",
    "ml": false
  },
  "0200e7": {
    "i": "0200e7",
    "r": "CN-TLA",
    "it": "C680",
    "y": null,
    "m": null,
    "mo": "Cessna 680",
    "o": null,
    "st": "L2J",
    "ml": false
  },
  "020141": {
    "i": "020141",
    "r": "CN-MMY",
    "it": "C56X",
    "y": null,
    "m": null,
    "mo": "Cessna 560XL",
    "o": null,
    "st": "L2J",
    "ml": false
  },
  "020135": {
    "i": "020135",
    "r": "CN-GMT",
    "it": "GLF4",
    "y": null,
    "m": null,
    "mo": "Gulfstream 4",
    "o": null,
    "st": "L2J",
    "ml": false
  },
  "020132": {
    "i": "020132",
    "r": "CN-LMH",
    "it": "GLF4",
    "y": null,
    "m": null,
    "mo": "Gulfstream 4",
    "o": null,
    "st": "L2J",
    "ml": false
  },
  "02012d": {
    "i": "02012d",
    "r": "CN-MMR",
    "it": "GLF5",
    "y": null,
    "m": null,
    "mo": "Gulfstream Aerospace G550",
    "o": null,
    "st": "L2J",
    "ml": true
  },
  "020136": {
    "i": "020136",
    "r": "CN-MMH",
    "it": "GLF6",
    "y": null,
    "m": null,
    "mo": "Gulfstream Aerospace G650",
    "o": null,
    "st": "L2J",
    "ml": true
  },
  "0200ab": {
    "i": "0200ab",
    "r": "CN-AMK",
    "it": "C56X",
    "y": null,
    "m": null,
    "mo": "",
    "o": null,
    "st": "L2J",
    "ml": true
  },
  "020106": {
    "i": "020106",
    "r": "CN-CTA",
    "it": "CL30",
    "y": null,
    "m": null,
    "mo": "Bombardier Challenger 300",
    "o": null,
    "st": "L2J",
    "ml": false
  },
  "020130": {
    "i": "020130",
    "r": "CN-MBH",
    "it": "B748",
    "y": null,
    "m": null,
    "mo": "Boeing 747 8Z5 BBJ",
    "o": null,
    "st": "L4J",
    "ml": true
  },
  "020199": {
    "i": "020199",
    "r": "CN-EMM",
    "it": "CL30",
    "y": null,
    "m": null,
    "mo": "",
    "o": null,
    "st": "L2J",
    "ml": false
  },
  "0200f9": {
    "i": "0200f9",
    "r": "CN-NMF",
    "it": "A320",
    "y": null,
    "m": null,
    "mo": null,
    "o": null,
    "st": "L2J",
    "ml": false
  },
  "020108": {
    "i": "020108",
    "r": "CN-NMG",
    "it": "A320",
    "y": null,
    "m": null,
    "mo": null,
    "o": null,
    "st": "L2J",
    "ml": false
  },
  "020119": {
    "i": "020119",
    "r": "CN-NMI",
    "it": "A320",
    "y": null,
    "m": null,
    "mo": null,
    "o": null,
    "st": "L2J",
    "ml": false
  },
  "020043": {
    "i": "020043",
    "r": "CN-RNT",
    "it": "B763",
    "y": null,
    "m": null,
    "mo": null,
    "o": null,
    "st": "L2J",
    "ml": false
  },
  "02a00c": {
    "i": "02a00c",
    "r": "TS-IAM",
    "it": "CL60",
    "y": null,
    "m": null,
    "mo": null,
    "o": null,
    "st": "L2J",
    "ml": false
  },
  "020115": {
    "i": "020115",
    "r": "CN-RAK",
    "it": "F900",
    "y": null,
    "m": null,
    "mo": null,
    "o": null,
    "st": "L3J",
    "ml": false
  },
  "02011f": {
    "i": "02011f",
    "r": "CN-TNM",
    "it": "FA20",
    "y": null,
    "m": null,
    "mo": null,
    "o": null,
    "st": "L2J",
    "ml": false
  },
  "0201a7": {
    "i": "0201a7",
    "r": "CN-BZZ",
    "it": "EC25",
    "y": null,
    "m": "EUROCOPTER",
    "mo": "EC-225 Super Puma",
    "o": null,
    "st": "H2T",
    "ml": true
  },
  "02019d": {
    "i": "02019d",
    "r": "CN-NMT",
    "it": "A320",
    "y": null,
    "m": "AIRBUS",
    "mo": "A-320",
    "o": null,
    "st": "L2J",
    "ml": false
  },
  "020034": {
    "i": "020034",
    "r": "CN-AOD",
    "it": "C130",
    "y": null,
    "m": "LOCKHEED",
    "mo": "C-130 Hercules",
    "o": null,
    "st": "L4T",
    "ml": true
  },
  "020032": {
    "i": "020032",
    "r": "CN-AOA",
    "it": "C130",
    "y": null,
    "m": "LOCKHEED",
    "mo": "C-130 Hercules",
    "o": null,
    "st": "L4T",
    "ml": true
  },
  "020036": {
    "i": "020036",
    "r": "CN-AOF",
    "it": "C130",
    "y": null,
    "m": "LOCKHEED",
    "mo": "C-130 Hercules",
    "o": null,
    "st": "L4T",
    "ml": true
  },
  "02003d": {
    "i": "02003d",
    "r": "CN-AOO",
    "it": "C130",
    "y": null,
    "m": "LOCKHEED",
    "mo": "C-130 Hercules",
    "o": null,
    "st": "L4T",
    "ml": true
  },
  "02b26c": {
    "i": "02b26c",
    "r": "Z21013",
    "it": "C130",
    "y": null,
    "m": "LOCKHEED",
    "mo": "C-130 Hercules",
    "o": null,
    "st": "L4T",
    "ml": true
  },
  "02d483": {
    "i": "02d483",
    "r": "TS-VED",
    "it": "AS50",
    "y": null,
    "m": "AEROSPATIALE",
    "mo": "AS-350 Ecureuil",
    "o": null,
    "st": "H1T",
    "ml": true
  },
  "02d060": {
    "i": "02d060",
    "r": "TS-UDA",
    "it": "C208",
    "y": null,
    "m": "CESSNA",
    "mo": "208 Caravan",
    "o": null,
    "st": "L1T",
    "ml": true
  },
  "02a1ab": {
    "i": "02a1ab",
    "r": "TS-INL",
    "it": "A20N",
    "y": null,
    "m": "AIRBUS",
    "mo": "A320neo",
    "o": null,
    "st": "L2J",
    "ml": false
  },
  "02a1ac": {
    "i": "02a1ac",
    "r": "TS-INM",
    "it": "A20N",
    "y": null,
    "m": "AIRBUS",
    "mo": "A320neo",
    "o": null,
    "st": "L2J",
    "ml": false
  },
  "02016b": {
    "i": "02016b",
    "r": "CN-AUH",
    "it": "AS02",
    "y": null,
    "m": "FFA FLUGZEUGWERKE",
    "mo": "AS-202 Bravo",
    "o": null,
    "st": "L1P",
    "ml": true
  },
  "02019f": {
    "i": "02019f",
    "r": "CN-RHD",
    "it": "B38M",
    "y": null,
    "m": "BOEING",
    "mo": "737 MAX 8",
    "o": null,
    "st": "L2J",
    "ml": false
  },
  "020166": {
    "i": "020166",
    "r": "CN-AUC",
    "it": "AS02",
    "y": null,
    "m": "FFA FLUGZEUGWERKE",
    "mo": "AS-202 Bravo",
    "o": null,
    "st": "L1P",
    "ml": true
  },
  "02000f": {
    "i": "02000f",
    "r": "CN-RGA",
    "it": "B744",
    "y": null,
    "m": "BOEING",
    "mo": "747-400",
    "o": "Government of Morocco",
    "st": "L4J",
    "ml": true
  },
  "0201a5": {
    "i": "0201a5",
    "r": "CN-TMG",
    "it": "CL60",
    "y": null,
    "m": "BOMBARDIER",
    "mo": "CL-600 Challenger",
    "o": null,
    "st": "L2J",
    "ml": false
  },
  "02c540": {
    "i": "02c540",
    "r": "Y22081",
    "it": "TEX2",
    "y": null,
    "m": "BEECHCRAFT",
    "mo": "T-6 Texan 2",
    "o": null,
    "st": "L1T",
    "ml": true
  },
  "0201a4": {
    "i": "0201a4",
    "r": "CN-RHB",
    "it": "B789",
    "y": null,
    "m": "BOEING",
    "mo": "787-9 Dreamliner",
    "o": null,
    "st": "L2J",
    "ml": false
  },
  "0201a8": {
    "i": "0201a8",
    "r": "CN-YEB",
    "it": "M20P",
    "y": null,
    "m": "MOONEY",
    "mo": "M-20",
    "o": null,
    "st": "L1P",
    "ml": false
  },
  "02c544": {
    "i": "02c544",
    "r": "Y22085",
    "it": "TEX2",
    "y": null,
    "m": "BEECHCRAFT",
    "mo": "T-6 Texan 2",
    "o": null,
    "st": "L1T",
    "ml": true
  },
  "02b26b": {
    "i": "02b26b",
    "r": "Z21122",
    "it": "C30J",
    "y": null,
    "m": "LOCKHEED MARTIN",
    "mo": "C-130J Super Hercules",
    "o": null,
    "st": "L4T",
    "ml": true
  },
  "02b26a": {
    "i": "02b26a",
    "r": "Z21121",
    "it": "C30J",
    "y": null,
    "m": "LOCKHEED MARTIN",
    "mo": "C-130J Super Hercules",
    "o": null,
    "st": "L4T",
    "ml": true
  },
  "0201a1": {
    "i": "0201a1",
    "r": "CN-RHC",
    "it": "B38M",
    "y": null,
    "m": "BOEING",
    "mo": "737 MAX 8",
    "o": null,
    "st": "L2J",
    "ml": false
  },
  "02016a": {
    "i": "02016a",
    "r": "CN-AUG",
    "it": "AS02",
    "y": null,
    "m": "FFA FLUGZEUGWERKE",
    "mo": "AS-202 Bravo",
    "o": null,
    "st": "L1P",
    "ml": true
  },
  "020167": {
    "i": "020167",
    "r": "CN-AUD",
    "it": "AS02",
    "y": null,
    "m": "FFA FLUGZEUGWERKE",
    "mo": "AS-202 Bravo",
    "o": null,
    "st": "L1P",
    "ml": true
  },
  "020165": {
    "i": "020165",
    "r": "CN-AUB",
    "it": "AS02",
    "y": null,
    "m": "FFA FLUGZEUGWERKE",
    "mo": "AS-202 Bravo",
    "o": null,
    "st": "L1P",
    "ml": true
  },
  "0201a6": {
    "i": "0201a6",
    "r": "CN-BZY",
    "it": "EC25",
    "y": null,
    "m": "EUROCOPTER",
    "mo": "EC-225 Super Puma",
    "o": null,
    "st": "H2T",
    "ml": true
  },
  "0201a2": {
    "i": "0201a2",
    "r": "CN-RHE",
    "it": "B38M",
    "y": null,
    "m": "BOEING",
    "mo": "737 MAX 8",
    "o": null,
    "st": "L2J",
    "ml": false
  }
}