{
  "030031": {
    "i": "030031",
    "r": "A2-BRK",
    "it": "H25B",
    "y": null,
    "m": null,
    "mo": "Raytheon Aircraft Company 125 800XP",
    "o": null,
    "st": "L2J",
    "ml": false
  },
  "030040": {
    "i": "030040",
    "r": "DS-1",
    "it": "PC24",
    "y": null,
    "m": null,
    "mo": "Pilatus PC-24",
    "o": null,
    "st": "L2J",
    "ml": false
  },
  "034044": {
    "i": "034044",
    "r": "TJ-QCA",
    "it": "B737",
    "y": null,
    "m": null,
    "mo": "Boeing 737NG 7BD/W",
    "o": null,
    "st": "L2J",
    "ml": false
  },
  "03e131": {
    "i": "03e131",
    "r": "TR-LJR",
    "it": "AT75",
    "y": null,
    "m": null,
    "mo": "",
    "o": null,
    "st": "L2T",
    "ml": false
  },
  "030036": {
    "i": "030036",
    "r": "A2-OKB",
    "it": "C208",
    "y": null,
    "m": null,
    "mo": "Textron Aviation 208 EX",
    "o": null,
    "st": "L1T",
    "ml": false
  },
  "034443": {
    "i": "034443",
    "r": "TJ-XCD",
    "it": "C130",
    "y": null,
    "m": null,
    "mo": "",
    "o": null,
    "st": "L4T",
    "ml": true
  },
  "038245": {
    "i": "038245",
    "r": "TU-TRF",
    "it": "A319",
    "y": null,
    "m": null,
    "mo": "",
    "o": null,
    "st": "L2J",
    "ml": false
  },
  "038f43": {
    "i": "038f43",
    "r": "TU-VHL",
    "it": "MI8",
    "y": null,
    "m": null,
    "mo": "",
    "o": null,
    "st": "H2T",
    "ml": true
  },
  "034066": {
    "i": "034066",
    "r": "TJ-QCB",
    "it": "B737",
    "y": null,
    "m": null,
    "mo": "Boeing 737NG 7BD/W",
    "o": null,
    "st": "L2J",
    "ml": false
  },
  "038f4e": {
    "i": "038f4e",
    "r": "TU-VMF",
    "it": "B350",
    "y": null,
    "m": null,
    "mo": "",
    "o": null,
    "st": "L2T",
    "ml": true
  },
  "036103": {
    "i": "036103",
    "r": "TN-AJY",
    "it": "B733",
    "y": null,
    "m": null,
    "mo": "",
    "o": null,
    "st": "L2J",
    "ml": false
  },
  "038259": {
    "i": "038259",
    "r": "TU-TSZ",
    "it": "A319",
    "y": null,
    "m": null,
    "mo": "",
    "o": null,
    "st": "L2J",
    "ml": false
  },
  "030003": {
    "i": "030003",
    "r": "A2-ABP",
    "it": "AT45",
    "y": null,
    "m": null,
    "mo": "Avions de Transport Regional ATR 42 500",
    "o": null,
    "st": "L2T",
    "ml": false
  },
  "03003f": {
    "i": "03003f",
    "r": "A2-ABM",
    "it": "E170",
    "y": null,
    "m": null,
    "mo": "",
    "o": null,
    "st": "L2J",
    "ml": false
  },
  "038f44": {
    "i": "038f44",
    "r": "TU-VHN",
    "it": "MI8",
    "y": null,
    "m": null,
    "mo": "",
    "o": null,
    "st": "H2T",
    "ml": true
  },
  "03e019": {
    "i": "03e019",
    "r": "TR-ABJ",
    "it": "AT76",
    "y": null,
    "m": null,
    "mo": "",
    "o": null,
    "st": "L2T",
    "ml": false
  },
  "030001": {
    "i": "030001",
    "r": "A2-ABN",
    "it": "AT45",
    "y": null,
    "m": null,
    "mo": "Avions de Transport Regional ATR 42 500",
    "o": null,
    "st": "L2T",
    "ml": false
  },
  "03002b": {
    "i": "03002b",
    "r": "A2-DBH",
    "it": "BE9L",
    "y": null,
    "m": null,
    "mo": "Beech King Air C90",
    "o": null,
    "st": "L2T",
    "ml": false
  },
  "03842b": {
    "i": "03842b",
    "r": "TU-TSW",
    "it": "A320",
    "y": null,
    "m": null,
    "mo": "Airbus A320-214",
    "o": null,
    "st": "L2J",
    "ml": false
  },
  "0384d8": {
    "i": "0384d8",
    "r": "TU-GGY",
    "it": "PC12",
    "y": null,
    "m": null,
    "mo": "",
    "o": null,
    "st": "L1T",
    "ml": false
  },
  "03ee47": {
    "i": "03ee47",
    "r": "TR-XCH",
    "it": "AT73",
    "y": null,
    "m": null,
    "mo": "",
    "o": null,
    "st": "L2T",
    "ml": false
  },
  "030043": {
    "i": "030043",
    "r": "A2-OKP",
    "it": "C208",
    "y": null,
    "m": null,
    "mo": "Textron Aviation 208 EX",
    "o": null,
    "st": "L1T",
    "ml": false
  },
  "034150": {
    "i": "034150",
    "r": "TJ-KKA",
    "it": "E35L",
    "y": null,
    "m": null,
    "mo": "",
    "o": null,
    "st": "L2J",
    "ml": false
  },
  "038432": {
    "i": "038432",
    "r": "TU-TSB",
    "it": "A319",
    "y": null,
    "m": null,
    "mo": "Airbus A319-115LR",
    "o": null,
    "st": "L2J",
    "ml": false
  },
  "038ff0": {
    "i": "038ff0",
    "r": "TU-VHT",
    "it": "MI24",
    "y": null,
    "m": null,
    "mo": "",
    "o": null,
    "st": "H2T",
    "ml": true
  },
  "036114": {
    "i": "036114",
    "r": "TN-AKP",
    "it": "DC85",
    "y": null,
    "m": null,
    "mo": "",
    "o": null,
    "st": "L4J",
    "ml": false
  },
  "034116": {
    "i": "034116",
    "r": "TJ-KMK",
    "it": "E135",
    "y": null,
    "m": null,
    "mo": "",
    "o": null,
    "st": "L2J",
    "ml": false
  },
  "034445": {
    "i": "034445",
    "r": "TJ-XCF",
    "it": "C130",
    "y": null,
    "m": null,
    "mo": "",
    "o": null,
    "st": "L4T",
    "ml": true
  },
  "030035": {
    "i": "030035",
    "r": "A2-OKA",
    "it": "C208",
    "y": null,
    "m": null,
    "mo": "Cessna 208-B",
    "o": null,
    "st": "L1T",
    "ml": false
  },
  "030013": {
    "i": "030013",
    "r": "JK-1",
    "it": "PC12",
    "y": null,
    "m": null,
    "mo": "Pilatus PC-XII 47E",
    "o": null,
    "st": "L1T",
    "ml": false
  },
  "038438": {
    "i": "038438",
    "r": "TU-TSH",
    "it": "BE20",
    "y": null,
    "m": null,
    "mo": "",
    "o": null,
    "st": "L2T",
    "ml": false
  },
  "038451": {
    "i": "038451",
    "r": "TU-TSQ",
    "it": "DH8D",
    "y": null,
    "m": null,
    "mo": "Bombardier DHC-8-Q-402NG",
    "o": null,
    "st": "L2T",
    "ml": false
  },
  "038656": {
    "i": "038656",
    "r": "TU-TSV",
    "it": "A320",
    "y": null,
    "m": null,
    "mo": "Airbus A320-214",
    "o": null,
    "st": "L2J",
    "ml": false
  },
  "03e00a": {
    "i": "03e00a",
    "r": "TR-KPR",
    "it": "B772",
    "y": null,
    "m": null,
    "mo": "Boeing 777 236",
    "o": null,
    "st": "L2J",
    "ml": false
  },
  "030014": {
    "i": "030014",
    "r": "A2-ABF",
    "it": "B461",
    "y": null,
    "m": null,
    "mo": "BAe 146 100",
    "o": null,
    "st": "L4J",
    "ml": false
  },
  "03003e": {
    "i": "03003e",
    "r": "A2-ABL",
    "it": "AT76",
    "y": null,
    "m": null,
    "mo": "Atr ATR 72-600",
    "o": null,
    "st": "L2T",
    "ml": false
  },
  "034138": {
    "i": "034138",
    "r": "TJ-KMM",
    "it": "E145",
    "y": null,
    "m": null,
    "mo": "Embraer ERJ-145",
    "o": null,
    "st": "L2J",
    "ml": false
  },
  "036bc1": {
    "i": "036bc1",
    "r": "TN-ELS",
    "it": "FA7X",
    "y": null,
    "m": null,
    "mo": "Dassault Falcon 7X",
    "o": null,
    "st": "L3J",
    "ml": false
  },
  "030038": {
    "i": "030038",
    "r": "A2-OKD",
    "it": "C208",
    "y": null,
    "m": null,
    "mo": "Cessna 208-B",
    "o": null,
    "st": "L1T",
    "ml": false
  },
  "03610c": {
    "i": "03610c",
    "r": "TN-AKH",
    "it": "B735",
    "y": null,
    "m": null,
    "mo": "B737-5Y0/F",
    "o": null,
    "st": "L2J",
    "ml": false
  },
  "03e325": {
    "i": "03e325",
    "r": "TR-KJF",
    "it": "C295",
    "y": null,
    "m": null,
    "mo": "",
    "o": null,
    "st": "L2T",
    "ml": true
  },
  "030016": {
    "i": "030016",
    "r": "JK-2",
    "it": "PC12",
    "y": null,
    "m": null,
    "mo": "Pilatus PC-XII 47E",
    "o": null,
    "st": "L1T",
    "ml": false
  },
  "038f4f": {
    "i": "038f4f",
    "r": "TU-VMD",
    "it": "B350",
    "y": null,
    "m": null,
    "mo": "",
    "o": null,
    "st": "L2T",
    "ml": true
  },
  "030039": {
    "i": "030039",
    "r": "A2-OKE",
    "it": "C208",
    "y": null,
    "m": null,
    "mo": "Cessna 208-B",
    "o": null,
    "st": "L1T",
    "ml": false
  },
  "03003b": {
    "i": "03003b",
    "r": "A2-OKJ",
    "it": "C208",
    "y": null,
    "m": null,
    "mo": "Cessna 208-B",
    "o": null,
    "st": "L1T",
    "ml": false
  },
  "03610a": {
    "i": "03610a",
    "r": "TN-AKF",
    "it": "B735",
    "y": null,
    "m": null,
    "mo": "",
    "o": null,
    "st": "L2J",
    "ml": false
  },
  "038f4b": {
    "i": "038f4b",
    "r": "TU-VHA",
    "it": "AS50",
    "y": null,
    "m": null,
    "mo": "",
    "o": null,
    "st": "H1T",
    "ml": false
  },
  "038ff4": {
    "i": "038ff4",
    "r": "TU-VHS",
    "it": "MI24",
    "y": null,
    "m": null,
    "mo": "Mil Mi-24-D",
    "o": null,
    "st": "H2T",
    "ml": false
  },
  "03e017": {
    "i": "03e017",
    "r": "TR-AFB",
    "it": "AT45",
    "y": null,
    "m": null,
    "mo": "",
    "o": null,
    "st": "L2T",
    "ml": false
  },
  "034143": {
    "i": "034143",
    "r": "TJ-ZAS",
    "it": "E145",
    "y": null,
    "m": null,
    "mo": "",
    "o": null,
    "st": "L2J",
    "ml": false
  },
  "038454": {
    "i": "038454",
    "r": "TU-TST",
    "it": "A319",
    "y": null,
    "m": null,
    "mo": "Airbus A319-112",
    "o": null,
    "st": "L2J",
    "ml": false
  },
  "03e021": {
    "i": "03e021",
    "r": "TR-AEM",
    "it": "B350",
    "y": null,
    "m": null,
    "mo": "Raytheon Aircraft Company King Air B350",
    "o": null,
    "st": "L2T",
    "ml": false
  },
  "030033": {
    "i": "030033",
    "r": "A2-OKH",
    "it": "C208",
    "y": null,
    "m": null,
    "mo": "Textron Aviation 208 EX",
    "o": null,
    "st": "L1T",
    "ml": false
  },
  "034002": {
    "i": "034002",
    "r": "TJ-AAW",
    "it": "GLF3",
    "y": null,
    "m": null,
    "mo": "Grumman GIII",
    "o": null,
    "st": "L2J",
    "ml": false
  },
  "038257": {
    "i": "038257",
    "r": "TU-TSX",
    "it": "A20N",
    "y": null,
    "m": null,
    "mo": "",
    "o": null,
    "st": "L2J",
    "ml": false
  },
  "038439": {
    "i": "038439",
    "r": "TU-TSI",
    "it": "DH8D",
    "y": null,
    "m": null,
    "mo": "",
    "o": null,
    "st": "L2T",
    "ml": false
  },
  "0389a0": {
    "i": "0389a0",
    "r": "TU-HNA",
    "it": "A169",
    "y": null,
    "m": null,
    "mo": "AgustaWestland 169",
    "o": null,
    "st": "H2T",
    "ml": false
  },
  "03e3e6": {
    "i": "03e3e6",
    "r": "TR-KPG",
    "it": "GLF5",
    "y": null,
    "m": null,
    "mo": "",
    "o": null,
    "st": "L2J",
    "ml": true
  },
  "030032": {
    "i": "030032",
    "r": "A2-OKG",
    "it": "C208",
    "y": null,
    "m": null,
    "mo": "Textron Aviation 208 EX",
    "o": null,
    "st": "L1T",
    "ml": false
  },
  "030184": {
    "i": "030184",
    "r": "RA-3104G",
    "it": "PC12",
    "y": null,
    "m": null,
    "mo": "Myasushchev M-101T",
    "o": null,
    "st": "L1T",
    "ml": false
  },
  "03e12d": {
    "i": "03e12d",
    "r": "TR-LJN",
    "it": "AT76",
    "y": null,
    "m": null,
    "mo": "",
    "o": null,
    "st": "L2T",
    "ml": false
  },
  "036109": {
    "i": "036109",
    "r": "TN-AKE",
    "it": "BE40",
    "y": null,
    "m": null,
    "mo": "Hawker 400XP",
    "o": null,
    "st": "L2J",
    "ml": false
  },
  "038258": {
    "i": "038258",
    "r": "TU-TSY",
    "it": "A319",
    "y": null,
    "m": null,
    "mo": "",
    "o": null,
    "st": "L2J",
    "ml": false
  },
  "0384c4": {
    "i": "0384c4",
    "r": "TU-TLB",
    "it": "P28A",
    "y": null,
    "m": null,
    "mo": "",
    "o": null,
    "st": "L1P",
    "ml": false
  },
  "03e326": {
    "i": "03e326",
    "r": "TR-KJG",
    "it": "AT76",
    "y": null,
    "m": null,
    "mo": "",
    "o": null,
    "st": "L2T",
    "ml": true
  },
  "03842c": {
    "i": "03842c",
    "r": "TU-GBM",
    "it": "PC12",
    "y": null,
    "m": null,
    "mo": "Pilatus PC-12--47E",
    "o": null,
    "st": "L1T",
    "ml": false
  },
  "03e636": {
    "i": "03e636",
    "r": "TR-ABW",
    "it": "AT76",
    "y": null,
    "m": null,
    "mo": "",
    "o": null,
    "st": "L2T",
    "ml": false
  },
  "030037": {
    "i": "030037",
    "r": "A2-OKC",
    "it": "C208",
    "y": null,
    "m": null,
    "mo": "Cessna 208-B",
    "o": null,
    "st": "L1T",
    "ml": false
  },
  "03005a": {
    "i": "03005a",
    "r": "A2-AGO",
    "it": "BE20",
    "y": null,
    "m": null,
    "mo": "",
    "o": null,
    "st": "L2T",
    "ml": false
  },
  "035287": {
    "i": "035287",
    "r": "D6-TYR",
    "it": "B733",
    "y": null,
    "m": null,
    "mo": "",
    "o": null,
    "st": "L2J",
    "ml": false
  },
  "0360e1": {
    "i": "0360e1",
    "r": "TN-AIQ",
    "it": "B190",
    "y": null,
    "m": null,
    "mo": "Beech 1900 C-1",
    "o": null,
    "st": "L2T",
    "ml": false
  },
  "038431": {
    "i": "038431",
    "r": "TU-TSA",
    "it": "A319",
    "y": null,
    "m": null,
    "mo": "Airbus A319-115LR",
    "o": null,
    "st": "L2J",
    "ml": false
  },
  "0388ec": {
    "i": "0388ec",
    "r": "TU-HHM",
    "it": "EC45",
    "y": null,
    "m": null,
    "mo": "",
    "o": null,
    "st": "H2T",
    "ml": false
  },
  "030024": {
    "i": "030024",
    "r": "A2-TRG",
    "it": "PC12",
    "y": null,
    "m": null,
    "mo": "Pilatus PC-XII 47E",
    "o": null,
    "st": "L1T",
    "ml": false
  },
  "03003d": {
    "i": "03003d",
    "r": "A2-ABK",
    "it": "AT76",
    "y": null,
    "m": null,
    "mo": "Atr ATR 72-600",
    "o": null,
    "st": "L2T",
    "ml": false
  },
  "03004b": {
    "i": "03004b",
    "r": "A2-OKQ",
    "it": "C208",
    "y": null,
    "m": null,
    "mo": "",
    "o": null,
    "st": "L1T",
    "ml": false
  },
  "036107": {
    "i": "036107",
    "r": "TN-AKC",
    "it": "B733",
    "y": null,
    "m": null,
    "mo": "",
    "o": null,
    "st": "L2J",
    "ml": false
  },
  "038643": {
    "i": "038643",
    "r": "TU-TRC",
    "it": "A319",
    "y": null,
    "m": null,
    "mo": "",
    "o": null,
    "st": "L2J",
    "ml": false
  },
  "030041": {
    "i": "030041",
    "r": "A2-OKN",
    "it": "C208",
    "y": null,
    "m": null,
    "mo": "Textron Aviation 208 EX",
    "o": null,
    "st": "L1T",
    "ml": false
  },
  "0360b2": {
    "i": "0360b2",
    "r": "TN-AFS",
    "it": "IL76",
    "y": null,
    "m": null,
    "mo": "Ilyushin IL-76 TD",
    "o": null,
    "st": "L4J",
    "ml": false
  },
  "03003a": {
    "i": "03003a",
    "r": "A2-OKF",
    "it": "C208",
    "y": null,
    "m": null,
    "mo": "",
    "o": null,
    "st": "L1T",
    "ml": false
  },
  "030062": {
    "i": "030062",
    "r": "A2-SYN",
    "it": "C210",
    "y": null,
    "m": null,
    "mo": "",
    "o": null,
    "st": "L1P",
    "ml": false
  },
  "036110": {
    "i": "036110",
    "r": "TN-AKL",
    "it": "",
    "y": null,
    "m": null,
    "mo": "",
    "o": null,
    "st": null,
    "ml": false
  },
  "03843c": {
    "i": "03843c",
    "r": "TU-TSL",
    "it": "DH8D",
    "y": null,
    "m": null,
    "mo": "",
    "o": null,
    "st": "L2T",
    "ml": false
  },
  "0384ae": {
    "i": "0384ae",
    "r": "TU-TJN",
    "it": "BE58",
    "y": null,
    "m": null,
    "mo": "Beech Baron",
    "o": null,
    "st": "L2P",
    "ml": false
  },
  "034115": {
    "i": "034115",
    "r": "TJ-XRL",
    "it": "B350",
    "y": null,
    "m": null,
    "mo": "",
    "o": null,
    "st": "L2T",
    "ml": false
  },
  "03c3e4": {
    "i": "03c3e4",
    "r": "I-FVAB",
    "it": "C25M",
    "y": null,
    "m": null,
    "mo": null,
    "o": null,
    "st": "L2J",
    "ml": false
  },
  "03e015": {
    "i": "03e015",
    "r": "TR-KGM",
    "it": "GLF6",
    "y": null,
    "m": "GULFSTREAM AEROSPACE",
    "mo": "G650 ER",
    "o": "Government of Gabon",
    "st": "L2J",
    "ml": true
  },
  "03e004": {
    "i": "03e004",
    "r": "TR-KSP",
    "it": "GLF4",
    "y": null,
    "m": "GULFSTREAM AEROSPACE",
    "mo": "G4-SP",
    "o": "Government of Gabon",
    "st": "L2J",
    "ml": true
  },
  "036549": {
    "i": "036549",
    "r": "TN-AJI",
    "it": "B737",
    "y": null,
    "m": "BOEING",
    "mo": "737-700",
    "o": null,
    "st": "L2J",
    "ml": false
  },
  "03e130": {
    "i": "03e130",
    "r": "TR-LJQ",
    "it": "AT75",
    "y": null,
    "m": "ATR",
    "mo": "ATR-72-500",
    "o": null,
    "st": "L2T",
    "ml": false
  },
  "030077": {
    "i": "030077",
    "r": "A2-MVF",
    "it": "PC12",
    "y": null,
    "m": "PILATUS",
    "mo": "PC-12",
    "o": null,
    "st": "L1T",
    "ml": false
  },
  "03e637": {
    "i": "03e637",
    "r": "TR-ABX",
    "it": "AT76",
    "y": null,
    "m": "ATR",
    "mo": "ATR-72-600",
    "o": null,
    "st": "L2T",
    "ml": false
  },
  "03000e": {
    "i": "03000e",
    "r": "A2-MDM",
    "it": "PC12",
    "y": null,
    "m": "PILATUS",
    "mo": "PC-12",
    "o": null,
    "st": "L1T",
    "ml": false
  },
  "03e137": {
    "i": "03e137",
    "r": "TR-LJX",
    "it": "AT76",
    "y": null,
    "m": "ATR",
    "mo": "ATR-72-600",
    "o": null,
    "st": "L2T",
    "ml": false
  },
  "030075": {
    "i": "030075",
    "r": "A2-TAZ",
    "it": "BE20",
    "y": null,
    "m": "BEECH",
    "mo": "Super King Air 200",
    "o": null,
    "st": "L2T",
    "ml": false
  },
  "03e2d3": {
    "i": "03e2d3",
    "r": "TR-KGT",
    "it": "E145",
    "y": null,
    "m": "EMBRAER",
    "mo": "ERJ-145",
    "o": null,
    "st": "L2J",
    "ml": false
  },
  "038229": {
    "i": "038229",
    "r": "TU-TRJ",
    "it": "A319",
    "y": null,
    "m": "AIRBUS",
    "mo": "A-319",
    "o": null,
    "st": "L2J",
    "ml": false
  },
  "038f42": {
    "i": "038f42",
    "r": "TU-VMC",
    "it": "C295",
    "y": null,
    "m": "CASA",
    "mo": "C-295",
    "o": null,
    "st": "L2T",
    "ml": true
  },
  "038613": {
    "i": "038613",
    "r": "TU-VAS",
    "it": "A319",
    "y": null,
    "m": "AIRBUS",
    "mo": "A-319",
    "o": "Government of Cote d'Ivoire",
    "st": "L2J",
    "ml": true
  },
  "038ffe": {
    "i": "038ffe",
    "r": "TU-VMB",
    "it": "AN26",
    "y": null,
    "m": "ANTONOV",
    "mo": "An-26",
    "o": null,
    "st": "L2T",
    "ml": true
  },
  "038f47": {
    "i": "038f47",
    "r": "TU-VML",
    "it": "BE9L",
    "y": null,
    "m": "BEECH",
    "mo": "90 King Air",
    "o": null,
    "st": "L2T",
    "ml": true
  },
  "038f45": {
    "i": "038f45",
    "r": "TU-VAG",
    "it": "GLF4",
    "y": null,
    "m": "GULFSTREAM",
    "mo": "G450",
    "o": "Government of Cote d'Ivoire",
    "st": "L2J",
    "ml": true
  },
  "038f46": {
    "i": "038f46",
    "r": "TU-VAI",
    "it": "GLF4",
    "y": null,
    "m": "GULFSTREAM",
    "mo": "G450",
    "o": "Government of Cote d'Ivoire",
    "st": "L2J",
    "ml": true
  },
  "038fff": {
    "i": "038fff",
    "r": "TU-VMA",
    "it": "AN26",
    "y": null,
    "m": "ANTONOV",
    "mo": "An-26",
    "o": null,
    "st": "L2T",
    "ml": true
  },
  "038615": {
    "i": "038615",
    "r": "TU-VAE",
    "it": "GLF5",
    "y": null,
    "m": "GULFSTREAM",
    "mo": "G550",
    "o": "Government of Cote d'Ivoire",
    "st": "L2J",
    "ml": true
  },
  "038f4a": {
    "i": "038f4a",
    "r": "TU-VAJ",
    "it": "A20N",
    "y": null,
    "m": "AIRBUS",
    "mo": "A320neo",
    "o": "Government of Cote d'Ivoire",
    "st": "L2J",
    "ml": true
  },
  "030006": {
    "i": "030006",
    "r": "OM1",
    "it": "C130",
    "y": null,
    "m": "LOCKHEED",
    "mo": "C-130 Hercules",
    "o": null,
    "st": "L4T",
    "ml": true
  },
  "030012": {
    "i": "030012",
    "r": "OK1",
    "it": "GLEX",
    "y": null,
    "m": "BOMBARDIER",
    "mo": "BD-700 Global 6000/6500",
    "o": "Government of Botswana",
    "st": "L2J",
    "ml": true
  },
  "030076": {
    "i": "030076",
    "r": "A2-ABE",
    "it": "E75S",
    "y": null,
    "m": "EMBRAER",
    "mo": "ERJ-170-200 (short wing)",
    "o": null,
    "st": "L2J",
    "ml": false
  }
}