{
  "04004b": {
    "i": "04004b",
    "r": "ET-AOU",
    "it": "B788",
    "y": null,
    "m": null,
    "mo": "Boeing 787-8",
    "o": null,
    "st": "L2J",
    "ml": false
  },
  "04018b": {
    "i": "04018b",
    "r": "ET-AXO",
    "it": "B738",
    "y": null,
    "m": null,
    "mo": "Boeing 737-8AL",
    "o": null,
    "st": "L2J",
    "ml": false
  },
  "04c030": {
    "i": "04c030",
    "r": "KAF308",
    "it": "F70",
    "y": null,
    "m": null,
    "mo": "Fokker 70 (F28-0070)",
    "o": null,
    "st": "L2J",
    "ml": true
  },
  "04c098": {
    "i": "04c098",
    "r": "5Y-IHO",
    "it": "DH8A",
    "y": null,
    "m": null,
    "mo": "De Havilland Canada DHC-8 106",
    "o": null,
    "st": "L2T",
    "ml": false
  },
  "04c106": {
    "i": "04c106",
    "r": "5Y-FFJ",
    "it": "E190",
    "y": null,
    "m": null,
    "mo": "Embraer Emb-190-100IGW",
    "o": null,
    "st": "L2J",
    "ml": false
  },
  "04c1a6": {
    "i": "04c1a6",
    "r": "304",
    "it": "DH8A",
    "y": null,
    "m": null,
    "mo": "",
    "o": null,
    "st": "L2T",
    "ml": true
  },
  "04c1ce": {
    "i": "04c1ce",
    "r": "5Y-WFB",
    "it": "F50",
    "y": null,
    "m": null,
    "mo": "Fokker F50",
    "o": null,
    "st": "L2T",
    "ml": false
  },
  "04c219": {
    "i": "04c219",
    "r": "5Y-JXI",
    "it": "DH8D",
    "y": null,
    "m": null,
    "mo": "Bombardier DHC-8-Q-402NG",
    "o": null,
    "st": "L2T",
    "ml": false
  },
  "04c2a1": {
    "i": "04c2a1",
    "r": "5Y-HYS",
    "it": "BE20",
    "y": null,
    "m": null,
    "mo": "",
    "o": null,
    "st": "L2T",
    "ml": false
  },
  "04c2be": {
    "i": "04c2be",
    "r": "5Y-SHJ",
    "it": "B752",
    "y": null,
    "m": null,
    "mo": "757-232",
    "o": null,
    "st": "L2J",
    "ml": false
  },
  "04c2f1": {
    "i": "04c2f1",
    "r": "5Y-NIX",
    "it": "C180",
    "y": null,
    "m": null,
    "mo": "",
    "o": null,
    "st": "L1P",
    "ml": false
  },
  "04c340": {
    "i": "04c340",
    "r": "5Y-SXN",
    "it": "C208",
    "y": null,
    "m": null,
    "mo": "",
    "o": null,
    "st": "L1T",
    "ml": false
  },
  "040038": {
    "i": "040038",
    "r": "ET-ANY",
    "it": "DH8D",
    "y": null,
    "m": null,
    "mo": "Bombardier DHC-8 402 NG",
    "o": null,
    "st": "L2T",
    "ml": false
  },
  "04003d": {
    "i": "04003d",
    "r": "ET-AOF",
    "it": "C208",
    "y": null,
    "m": null,
    "mo": "Cessna 208 B",
    "o": null,
    "st": "L1T",
    "ml": false
  },
  "040065": {
    "i": "040065",
    "r": "ET-APX",
    "it": "B77W",
    "y": null,
    "m": null,
    "mo": "Boeing 777-36N",
    "o": null,
    "st": "L2J",
    "ml": false
  },
  "04008b": {
    "i": "04008b",
    "r": "ET-ARI",
    "it": "B77L",
    "y": null,
    "m": null,
    "mo": "Boeing 777-F60",
    "o": null,
    "st": "L2J",
    "ml": false
  },
  "040127": {
    "i": "040127",
    "r": "ET-ATK",
    "it": "B788",
    "y": null,
    "m": null,
    "mo": "Boeing 787-8",
    "o": null,
    "st": "L2J",
    "ml": false
  },
  "040140": {
    "i": "040140",
    "r": "ET-AUO",
    "it": "B789",
    "y": null,
    "m": null,
    "mo": "Boeing 787-9",
    "o": null,
    "st": "L2J",
    "ml": false
  },
  "04014e": {
    "i": "04014e",
    "r": "ET-AVE",
    "it": "A359",
    "y": null,
    "m": null,
    "mo": "Airbus A350-941",
    "o": null,
    "st": "L2J",
    "ml": false
  },
  "040182": {
    "i": "040182",
    "r": "ET-AXF",
    "it": "DH8D",
    "y": null,
    "m": null,
    "mo": "Bombardier DHC-8-Q-402NG",
    "o": null,
    "st": "L2T",
    "ml": false
  },
  "044055": {
    "i": "044055",
    "r": "9G-AFJ",
    "it": "E145",
    "y": null,
    "m": null,
    "mo": "Embraer ERJ-145",
    "o": null,
    "st": "L2J",
    "ml": false
  },
  "04c009": {
    "i": "04c009",
    "r": "5Y-KYP",
    "it": "E190",
    "y": null,
    "m": null,
    "mo": "Embraer EMB-190 AR",
    "o": null,
    "st": "L2J",
    "ml": false
  },
  "04c1a0": {
    "i": "04c1a0",
    "r": "5Y-ZBJ",
    "it": "C208",
    "y": null,
    "m": null,
    "mo": "Textron Aviation 208 EX",
    "o": null,
    "st": "L1T",
    "ml": false
  },
  "04c1ac": {
    "i": "04c1ac",
    "r": "5Y-EST",
    "it": "C208",
    "y": null,
    "m": null,
    "mo": "",
    "o": null,
    "st": "L1T",
    "ml": false
  },
  "04c27e": {
    "i": "04c27e",
    "r": "5Y-SNL",
    "it": "B762",
    "y": null,
    "m": null,
    "mo": "",
    "o": null,
    "st": "L2J",
    "ml": false
  },
  "04c2f3": {
    "i": "04c2f3",
    "r": "5Y-GNR",
    "it": "B350",
    "y": null,
    "m": null,
    "mo": "",
    "o": null,
    "st": "L2T",
    "ml": false
  },
  "04c2fd": {
    "i": "04c2fd",
    "r": "5Y-ZBV",
    "it": "C208",
    "y": null,
    "m": null,
    "mo": "",
    "o": null,
    "st": "L1T",
    "ml": false
  },
  "04c30a": {
    "i": "04c30a",
    "r": "5Y-XPA",
    "it": "C208",
    "y": null,
    "m": null,
    "mo": "",
    "o": null,
    "st": "L1T",
    "ml": false
  },
  "04000d": {
    "i": "04000d",
    "r": "ET-AKZ",
    "it": "DH8B",
    "y": null,
    "m": null,
    "mo": "Bombardier DHC-8 202",
    "o": null,
    "st": "L2T",
    "ml": false
  },
  "04015a": {
    "i": "04015a",
    "r": "ET-AVR",
    "it": "DH8D",
    "y": null,
    "m": null,
    "mo": "Bombardier DHC-8-Q-402NG",
    "o": null,
    "st": "L2T",
    "ml": false
  },
  "040235": {
    "i": "040235",
    "r": "ET-BAL",
    "it": "B38M",
    "y": null,
    "m": null,
    "mo": "Boeing 737 MAX 8",
    "o": null,
    "st": "L2J",
    "ml": false
  },
  "04404c": {
    "i": "04404c",
    "r": "9G-AGL",
    "it": "B734",
    "y": null,
    "m": null,
    "mo": "Boeing 737-4Q8F",
    "o": null,
    "st": "L2J",
    "ml": false
  },
  "044061": {
    "i": "044061",
    "r": "9G-AFR",
    "it": "E145",
    "y": null,
    "m": null,
    "mo": "",
    "o": null,
    "st": "L2J",
    "ml": false
  },
  "04c1fa": {
    "i": "04c1fa",
    "r": "5Y-FSC",
    "it": "DH8D",
    "y": null,
    "m": null,
    "mo": "",
    "o": null,
    "st": "L2T",
    "ml": false
  },
  "04c209": {
    "i": "04c209",
    "r": "5Y-PCS",
    "it": "C208",
    "y": null,
    "m": null,
    "mo": "",
    "o": null,
    "st": "L1T",
    "ml": false
  },
  "04c21e": {
    "i": "04c21e",
    "r": "5Y-SLE",
    "it": "C208",
    "y": null,
    "m": null,
    "mo": "",
    "o": null,
    "st": "L1T",
    "ml": false
  },
  "04c228": {
    "i": "04c228",
    "r": "5Y-CJA",
    "it": "D228",
    "y": null,
    "m": null,
    "mo": "",
    "o": null,
    "st": "L2T",
    "ml": false
  },
  "04c289": {
    "i": "04c289",
    "r": "5Y-CKA",
    "it": "DH8B",
    "y": null,
    "m": null,
    "mo": "",
    "o": null,
    "st": "L2T",
    "ml": false
  },
  "04c2b4": {
    "i": "04c2b4",
    "r": "5Y-SXA",
    "it": "C208",
    "y": null,
    "m": null,
    "mo": "",
    "o": null,
    "st": "L1T",
    "ml": false
  },
  "04ce18": {
    "i": "04ce18",
    "r": "5Y-SLN",
    "it": "C208",
    "y": null,
    "m": null,
    "mo": "",
    "o": null,
    "st": "L1T",
    "ml": false
  },
  "040101": {
    "i": "040101",
    "r": "ET-ASG",
    "it": "B788",
    "y": null,
    "m": null,
    "mo": "Boeing 787-8",
    "o": null,
    "st": "L2J",
    "ml": false
  },
  "040133": {
    "i": "040133",
    "r": "ET-AUB",
    "it": "A359",
    "y": null,
    "m": null,
    "mo": "Airbus A350-941",
    "o": null,
    "st": "L2J",
    "ml": false
  },
  "040158": {
    "i": "040158",
    "r": "ET-AVP",
    "it": "B737",
    "y": null,
    "m": null,
    "mo": "Boeing 737-752",
    "o": null,
    "st": "L2J",
    "ml": false
  },
  "04016a": {
    "i": "04016a",
    "r": "ET-AWG",
    "it": "B38M",
    "y": null,
    "m": null,
    "mo": "Boeing 737MAX 8",
    "o": null,
    "st": "L2J",
    "ml": false
  },
  "04403f": {
    "i": "04403f",
    "r": "GHF551",
    "it": "C295",
    "y": null,
    "m": null,
    "mo": "",
    "o": null,
    "st": "L2T",
    "ml": true
  },
  "044056": {
    "i": "044056",
    "r": "9G-AFK",
    "it": "E145",
    "y": null,
    "m": null,
    "mo": "Embraer ERJ-145",
    "o": null,
    "st": "L2J",
    "ml": false
  },
  "04c03f": {
    "i": "04c03f",
    "r": "NASD002",
    "it": "A139",
    "y": null,
    "m": null,
    "mo": "",
    "o": null,
    "st": "H2T",
    "ml": true
  },
  "04c044": {
    "i": "04c044",
    "r": "5Y-KYE",
    "it": "B738",
    "y": null,
    "m": null,
    "mo": "Boeing 737-8Q8",
    "o": null,
    "st": "L2J",
    "ml": false
  },
  "04c09f": {
    "i": "04c09f",
    "r": "5Y-BMH",
    "it": "C310",
    "y": null,
    "m": null,
    "mo": "Cessna 310R",
    "o": null,
    "st": "L2P",
    "ml": false
  },
  "04c0aa": {
    "i": "04c0aa",
    "r": "5Y-BYH",
    "it": "D228",
    "y": null,
    "m": null,
    "mo": "Dornier Do 228 101",
    "o": null,
    "st": "L2T",
    "ml": false
  },
  "04c0f7": {
    "i": "04c0f7",
    "r": "5Y-CCE",
    "it": "F27",
    "y": null,
    "m": null,
    "mo": "Fokker F27 500",
    "o": null,
    "st": "L2T",
    "ml": false
  },
  "04c0fd": {
    "i": "04c0fd",
    "r": "5Y-CBL",
    "it": "C172",
    "y": null,
    "m": null,
    "mo": "Cessna 172R Skyhawk",
    "o": null,
    "st": "L1P",
    "ml": false
  },
  "04c19a": {
    "i": "04c19a",
    "r": "5Y-SMQ",
    "it": "F50",
    "y": null,
    "m": null,
    "mo": "Fokker F50",
    "o": null,
    "st": "L2T",
    "ml": false
  },
  "04c1aa": {
    "i": "04c1aa",
    "r": "5Y-JWZ",
    "it": "F50",
    "y": null,
    "m": null,
    "mo": "Fokker F50",
    "o": null,
    "st": "L2T",
    "ml": false
  },
  "04c286": {
    "i": "04c286",
    "r": "5Y-EXZ",
    "it": "BE20",
    "y": null,
    "m": null,
    "mo": "",
    "o": null,
    "st": "L2T",
    "ml": false
  },
  "04c327": {
    "i": "04c327",
    "r": "5Y-SKF",
    "it": "F100",
    "y": null,
    "m": null,
    "mo": "",
    "o": null,
    "st": "L2J",
    "ml": false
  },
  "04005c": {
    "i": "04005c",
    "r": "ET-APL",
    "it": "B738",
    "y": null,
    "m": null,
    "mo": "Boeing 737-860",
    "o": null,
    "st": "L2J",
    "ml": false
  },
  "040078": {
    "i": "040078",
    "r": "ET-AQO",
    "it": "B738",
    "y": null,
    "m": null,
    "mo": "Boeing 737-860",
    "o": null,
    "st": "L2J",
    "ml": false
  },
  "040199": {
    "i": "040199",
    "r": "ET-AYC",
    "it": "B789",
    "y": null,
    "m": null,
    "mo": "Boeing 787 9",
    "o": null,
    "st": "L2J",
    "ml": false
  },
  "04019a": {
    "i": "04019a",
    "r": "ET-AYD",
    "it": "B789",
    "y": null,
    "m": null,
    "mo": "",
    "o": null,
    "st": "L2J",
    "ml": false
  },
  "04c037": {
    "i": "04c037",
    "r": "5Y-KQS",
    "it": "B772",
    "y": null,
    "m": null,
    "mo": "Boeing 777 2U8ER",
    "o": null,
    "st": "L2J",
    "ml": false
  },
  "04c1a3": {
    "i": "04c1a3",
    "r": "5Y-CMS",
    "it": "C210",
    "y": null,
    "m": null,
    "mo": "",
    "o": null,
    "st": "L1P",
    "ml": false
  },
  "04c1a7": {
    "i": "04c1a7",
    "r": "305",
    "it": "DH8A",
    "y": null,
    "m": null,
    "mo": "",
    "o": null,
    "st": "L2T",
    "ml": true
  },
  "04c221": {
    "i": "04c221",
    "r": "5Y-SLI",
    "it": "C208",
    "y": null,
    "m": null,
    "mo": "Cessna 208 EX",
    "o": null,
    "st": "L1T",
    "ml": false
  },
  "04c256": {
    "i": "04c256",
    "r": "5Y-DDI",
    "it": "F50",
    "y": null,
    "m": null,
    "mo": "",
    "o": null,
    "st": "L2T",
    "ml": false
  },
  "04c301": {
    "i": "04c301",
    "r": "5Y-RNJ",
    "it": "CRJ1",
    "y": null,
    "m": null,
    "mo": "",
    "o": null,
    "st": "L2J",
    "ml": false
  },
  "04002f": {
    "i": "04002f",
    "r": "ET-ANN",
    "it": "B77L",
    "y": null,
    "m": null,
    "mo": "Boeing 777-260",
    "o": null,
    "st": "L2J",
    "ml": false
  },
  "04008d": {
    "i": "04008d",
    "r": "ET-ARK",
    "it": "B77L",
    "y": null,
    "m": null,
    "mo": "Boeing 777-F60",
    "o": null,
    "st": "L2J",
    "ml": false
  },
  "04019e": {
    "i": "04019e",
    "r": "ET-AYH",
    "it": "DH8D",
    "y": null,
    "m": null,
    "mo": "",
    "o": null,
    "st": "L2T",
    "ml": false
  },
  "040204": {
    "i": "040204",
    "r": "ET-AYN",
    "it": "A359",
    "y": null,
    "m": null,
    "mo": "",
    "o": null,
    "st": "L2J",
    "ml": false
  },
  "044044": {
    "i": "044044",
    "r": "9G-AET",
    "it": "E145",
    "y": null,
    "m": null,
    "mo": "Embraer ERJ-145",
    "o": null,
    "st": "L2J",
    "ml": false
  },
  "044066": {
    "i": "044066",
    "r": "9G-AEH",
    "it": "AS65",
    "y": null,
    "m": null,
    "mo": "",
    "o": null,
    "st": "H2T",
    "ml": false
  },
  "04c063": {
    "i": "04c063",
    "r": "5Y-BVZ",
    "it": "E135",
    "y": null,
    "m": null,
    "mo": "Embraer ERJ-135",
    "o": null,
    "st": "L2J",
    "ml": false
  },
  "04c0bb": {
    "i": "04c0bb",
    "r": "5Y-PKI",
    "it": "B407",
    "y": null,
    "m": null,
    "mo": "Bell 407",
    "o": null,
    "st": "H1T",
    "ml": false
  },
  "04c0cb": {
    "i": "04c0cb",
    "r": "5Y-GOK",
    "it": "C208",
    "y": null,
    "m": null,
    "mo": "Cessna 208 B",
    "o": null,
    "st": "L1T",
    "ml": false
  },
  "04c0f8": {
    "i": "04c0f8",
    "r": "5Y-VVI",
    "it": "DH8D",
    "y": null,
    "m": null,
    "mo": "Bombardier DHC-8 402",
    "o": null,
    "st": "L2T",
    "ml": false
  },
  "04c15e": {
    "i": "04c15e",
    "r": "5Y-JXJ",
    "it": "F50",
    "y": null,
    "m": null,
    "mo": "Fokker F50",
    "o": null,
    "st": "L2T",
    "ml": false
  },
  "04c16e": {
    "i": "04c16e",
    "r": "5Y-SMK",
    "it": "DH8C",
    "y": null,
    "m": null,
    "mo": "Bombardier DHC-8 311B",
    "o": null,
    "st": "L2T",
    "ml": false
  },
  "04c1d2": {
    "i": "04c1d2",
    "r": "5Y-NPW",
    "it": "A119",
    "y": null,
    "m": null,
    "mo": "Agust AW.119 Koala",
    "o": null,
    "st": "H1T",
    "ml": false
  },
  "04c234": {
    "i": "04c234",
    "r": "5Y-FFL",
    "it": "E190",
    "y": null,
    "m": null,
    "mo": "",
    "o": null,
    "st": "L2J",
    "ml": false
  },
  "04c237": {
    "i": "04c237",
    "r": "5Y-JXM",
    "it": "DH8D",
    "y": null,
    "m": null,
    "mo": "",
    "o": null,
    "st": "L2T",
    "ml": false
  },
  "04c27f": {
    "i": "04c27f",
    "r": "5Y-RJA",
    "it": "BE20",
    "y": null,
    "m": null,
    "mo": "",
    "o": null,
    "st": "L2T",
    "ml": false
  },
  "04c2ab": {
    "i": "04c2ab",
    "r": "5Y-SAR",
    "it": "B505",
    "y": null,
    "m": null,
    "mo": "",
    "o": null,
    "st": "H1T",
    "ml": false
  },
  "04c2c9": {
    "i": "04c2c9",
    "r": "5Y-DRG",
    "it": "DH8D",
    "y": null,
    "m": null,
    "mo": "",
    "o": null,
    "st": "L2T",
    "ml": false
  },
  "040015": {
    "i": "040015",
    "r": "ET-ALO",
    "it": "B763",
    "y": null,
    "m": null,
    "mo": "Boeing 767-360",
    "o": null,
    "st": "L2J",
    "ml": false
  },
  "040047": {
    "i": "040047",
    "r": "ET-AOQ",
    "it": "B788",
    "y": null,
    "m": null,
    "mo": "Boeing 787-8",
    "o": null,
    "st": "L2J",
    "ml": false
  },
  "04006d": {
    "i": "04006d",
    "r": "ET-AQF",
    "it": "DH8D",
    "y": null,
    "m": null,
    "mo": "Bombardier DHC-8 402 NG",
    "o": null,
    "st": "L2T",
    "ml": false
  },
  "04012e": {
    "i": "04012e",
    "r": "ET-ATV",
    "it": "B738",
    "y": null,
    "m": null,
    "mo": "Boeing 737-8Q8",
    "o": null,
    "st": "L2J",
    "ml": false
  },
  "040156": {
    "i": "040156",
    "r": "ET-AVN",
    "it": "B77L",
    "y": null,
    "m": null,
    "mo": "Boeing 777-F",
    "o": null,
    "st": "L2J",
    "ml": false
  },
  "040169": {
    "i": "040169",
    "r": "ET-AWF",
    "it": "B38M",
    "y": null,
    "m": null,
    "mo": "Boeing 737MAX 8",
    "o": null,
    "st": "L2J",
    "ml": false
  },
  "040173": {
    "i": "040173",
    "r": "ET-AWP",
    "it": "A359",
    "y": null,
    "m": null,
    "mo": "Airbus A350-941",
    "o": null,
    "st": "L2J",
    "ml": false
  },
  "04019c": {
    "i": "04019c",
    "r": "ET-AYF",
    "it": "DH8D",
    "y": null,
    "m": null,
    "mo": "",
    "o": null,
    "st": "L2T",
    "ml": false
  },
  "040240": {
    "i": "040240",
    "r": "ET-BAW",
    "it": "A35K",
    "y": null,
    "m": null,
    "mo": "",
    "o": null,
    "st": "L2J",
    "ml": false
  },
  "04c01f": {
    "i": "04c01f",
    "r": "5Y-KQD",
    "it": "B733",
    "y": null,
    "m": null,
    "mo": "Boeing 737 3U8F",
    "o": null,
    "st": "L2J",
    "ml": false
  },
  "04c025": {
    "i": "04c025",
    "r": "5Y-KQF",
    "it": "B737",
    "y": null,
    "m": null,
    "mo": "Boeing 737NG 76N/W",
    "o": null,
    "st": "L2J",
    "ml": false
  },
  "04c22e": {
    "i": "04c22e",
    "r": "5Y-SMN",
    "it": "F50",
    "y": null,
    "m": null,
    "mo": "Fokker F50 F",
    "o": null,
    "st": "L2T",
    "ml": false
  },
  "04c281": {
    "i": "04c281",
    "r": "5Y-CJV",
    "it": "FUSI",
    "y": null,
    "m": null,
    "mo": "",
    "o": null,
    "st": "L1P",
    "ml": false
  },
  "04c298": {
    "i": "04c298",
    "r": "5Y-FPB",
    "it": "C208",
    "y": null,
    "m": null,
    "mo": "",
    "o": null,
    "st": "L1T",
    "ml": false
  },
  "04c29e": {
    "i": "04c29e",
    "r": "5Y-FTB",
    "it": "C208",
    "y": null,
    "m": null,
    "mo": "",
    "o": null,
    "st": "L1T",
    "ml": false
  },
  "04c2a6": {
    "i": "04c2a6",
    "r": "5Y-KCA",
    "it": "B738",
    "y": null,
    "m": null,
    "mo": "",
    "o": null,
    "st": "L2J",
    "ml": false
  },
  "04c2a9": {
    "i": "04c2a9",
    "r": "5Y-FAH",
    "it": "A320",
    "y": null,
    "m": null,
    "mo": "",
    "o": null,
    "st": "L2J",
    "ml": false
  },
  "04c2d7": {
    "i": "04c2d7",
    "r": "5Y-MMK",
    "it": "C208",
    "y": null,
    "m": null,
    "mo": "",
    "o": null,
    "st": "L1T",
    "ml": false
  },
  "04c300": {
    "i": "04c300",
    "r": "5Y-RNF",
    "it": "AT75",
    "y": null,
    "m": null,
    "mo": "",
    "o": null,
    "st": "L2T",
    "ml": false
  },
  "04c312": {
    "i": "04c312",
    "r": "5Y-JSK",
    "it": "B734",
    "y": null,
    "m": null,
    "mo": "",
    "o": null,
    "st": "L2J",
    "ml": false
  },
  "040075": {
    "i": "040075",
    "r": "ET-AQL",
    "it": "B77L",
    "y": null,
    "m": null,
    "mo": "Boeing 777-260",
    "o": null,
    "st": "L2J",
    "ml": false
  },
  "04005e": {
    "i": "04005e",
    "r": "ET-APO",
    "it": "B738",
    "y": null,
    "m": null,
    "mo": "Boeing 737-860",
    "o": null,
    "st": "L2J",
    "ml": false
  },
  "040174": {
    "i": "040174",
    "r": "ET-AWQ",
    "it": "B763",
    "y": null,
    "m": null,
    "mo": "Boeing 767-306",
    "o": null,
    "st": "L2J",
    "ml": false
  },
  "040176": {
    "i": "040176",
    "r": "ET-AWS",
    "it": "B738",
    "y": null,
    "m": null,
    "mo": "Boeing 737-8FB",
    "o": null,
    "st": "L2J",
    "ml": false
  },
  "04406b": {
    "i": "04406b",
    "r": "9G-AFW",
    "it": "AS50",
    "y": null,
    "m": null,
    "mo": "",
    "o": null,
    "st": "H1T",
    "ml": false
  },
  "044609": {
    "i": "044609",
    "r": "9G-KRH",
    "it": "DH8C",
    "y": null,
    "m": null,
    "mo": "",
    "o": null,
    "st": "L2T",
    "ml": false
  },
  "04c077": {
    "i": "04c077",
    "r": "5Y-VVS",
    "it": "DH8A",
    "y": null,
    "m": null,
    "mo": "Bombardier DHC-8 102A",
    "o": null,
    "st": "L2T",
    "ml": false
  },
  "04c092": {
    "i": "04c092",
    "r": "5Y-BVS",
    "it": "C208",
    "y": null,
    "m": null,
    "mo": "Cessna 208 B",
    "o": null,
    "st": "L1T",
    "ml": false
  },
  "04c0da": {
    "i": "04c0da",
    "r": "5Y-FFB",
    "it": "E190",
    "y": null,
    "m": null,
    "mo": "Embraer Emb-190-100LR",
    "o": null,
    "st": "L2J",
    "ml": false
  },
  "04c0db": {
    "i": "04c0db",
    "r": "5Y-FFC",
    "it": "E190",
    "y": null,
    "m": null,
    "mo": "Embraer EMB-190 AR",
    "o": null,
    "st": "L2J",
    "ml": false
  },
  "04c19d": {
    "i": "04c19d",
    "r": "5Y-CGL",
    "it": "DH8B",
    "y": null,
    "m": null,
    "mo": "Bombardier DHC-8 202",
    "o": null,
    "st": "L2T",
    "ml": false
  },
  "04c1d0": {
    "i": "04c1d0",
    "r": "5Y-SMO",
    "it": "F50",
    "y": null,
    "m": null,
    "mo": "Fokker F50",
    "o": null,
    "st": "L2T",
    "ml": false
  },
  "04c20c": {
    "i": "04c20c",
    "r": "KAF1802",
    "it": "A139",
    "y": null,
    "m": null,
    "mo": "",
    "o": null,
    "st": "H2T",
    "ml": true
  },
  "04c24d": {
    "i": "04c24d",
    "r": "5Y-ZBS",
    "it": "C208",
    "y": null,
    "m": null,
    "mo": "",
    "o": null,
    "st": "L1T",
    "ml": false
  },
  "04c2b2": {
    "i": "04c2b2",
    "r": "5Y-MHJ",
    "it": "B350",
    "y": null,
    "m": null,
    "mo": "",
    "o": null,
    "st": "L2T",
    "ml": false
  },
  "04c2fe": {
    "i": "04c2fe",
    "r": "5Y-ZBY",
    "it": "C208",
    "y": null,
    "m": null,
    "mo": "",
    "o": null,
    "st": "L1T",
    "ml": false
  },
  "040037": {
    "i": "040037",
    "r": "ET-ANX",
    "it": "DH8D",
    "y": null,
    "m": null,
    "mo": "Bombardier DHC-8 402 NG",
    "o": null,
    "st": "L2T",
    "ml": false
  },
  "04012b": {
    "i": "04012b",
    "r": "ET-ATR",
    "it": "A359",
    "y": null,
    "m": null,
    "mo": "Airbus A350-941",
    "o": null,
    "st": "L2J",
    "ml": false
  },
  "040152": {
    "i": "040152",
    "r": "ET-AVJ",
    "it": "B38M",
    "y": null,
    "m": null,
    "mo": "Boeing 737MAX 8",
    "o": null,
    "st": "L2J",
    "ml": false
  },
  "040195": {
    "i": "040195",
    "r": "ET-AXY",
    "it": "DH8D",
    "y": null,
    "m": null,
    "mo": "",
    "o": null,
    "st": "L2T",
    "ml": false
  },
  "040228": {
    "i": "040228",
    "r": "ET-AZY",
    "it": "B738",
    "y": null,
    "m": null,
    "mo": "",
    "o": null,
    "st": "L2J",
    "ml": false
  },
  "04c0df": {
    "i": "04c0df",
    "r": "5Y-NNA",
    "it": "PA34",
    "y": null,
    "m": null,
    "mo": "Piper PA-34 220T Seneca V",
    "o": null,
    "st": "L2P",
    "ml": false
  },
  "04c105": {
    "i": "04c105",
    "r": "5Y-ESU",
    "it": "C208",
    "y": null,
    "m": null,
    "mo": "Cessna 208-B",
    "o": null,
    "st": "L1T",
    "ml": false
  },
  "04c197": {
    "i": "04c197",
    "r": "5Y-GMD",
    "it": "F27",
    "y": null,
    "m": null,
    "mo": "Fokker F27 500",
    "o": null,
    "st": "L2T",
    "ml": false
  },
  "04c1e4": {
    "i": "04c1e4",
    "r": "5Y-IZO",
    "it": "F50",
    "y": null,
    "m": null,
    "mo": "Fokker F50",
    "o": null,
    "st": "L2T",
    "ml": false
  },
  "04c206": {
    "i": "04c206",
    "r": "5Y-ISO",
    "it": "DH8C",
    "y": null,
    "m": null,
    "mo": "Bombardier DHC-8 315",
    "o": null,
    "st": "L2T",
    "ml": false
  },
  "04c222": {
    "i": "04c222",
    "r": "5Y-SLJ",
    "it": "C208",
    "y": null,
    "m": null,
    "mo": "Cessna 208 EX",
    "o": null,
    "st": "L1T",
    "ml": false
  },
  "04c23c": {
    "i": "04c23c",
    "r": "5Y-ZBE",
    "it": "C208",
    "y": null,
    "m": null,
    "mo": "Cessna 208-B",
    "o": null,
    "st": "L1T",
    "ml": false
  },
  "04c2b3": {
    "i": "04c2b3",
    "r": "5Y-EMM",
    "it": "C208",
    "y": null,
    "m": null,
    "mo": "",
    "o": null,
    "st": "L1T",
    "ml": false
  },
  "04c2d8": {
    "i": "04c2d8",
    "r": "5Y-FQA",
    "it": "B734",
    "y": null,
    "m": null,
    "mo": "",
    "o": null,
    "st": "L2J",
    "ml": false
  },
  "040021": {
    "i": "040021",
    "r": "ET-AOK",
    "it": "B737",
    "y": null,
    "m": null,
    "mo": "",
    "o": null,
    "st": "L2J",
    "ml": false
  },
  "040032": {
    "i": "040032",
    "r": "ET-ANQ",
    "it": "B77L",
    "y": null,
    "m": null,
    "mo": "Boeing 777-260",
    "o": null,
    "st": "L2J",
    "ml": false
  },
  "040062": {
    "i": "040062",
    "r": "ET-APU",
    "it": "B77L",
    "y": null,
    "m": null,
    "mo": "Boeing 777-F6N",
    "o": null,
    "st": "L2J",
    "ml": false
  },
  "040124": {
    "i": "040124",
    "r": "ET-ATH",
    "it": "B788",
    "y": null,
    "m": null,
    "mo": "Boeing 787-8",
    "o": null,
    "st": "L2J",
    "ml": false
  },
  "04012d": {
    "i": "04012d",
    "r": "ET-ATU",
    "it": "B738",
    "y": null,
    "m": null,
    "mo": "Boeing 737-8Q8",
    "o": null,
    "st": "L2J",
    "ml": false
  },
  "040149": {
    "i": "040149",
    "r": "ET-AUZ",
    "it": "DH8D",
    "y": null,
    "m": null,
    "mo": "Bombardier DHC-8-Q-402NG",
    "o": null,
    "st": "L2T",
    "ml": false
  },
  "04014a": {
    "i": "04014a",
    "r": "ET-AVA",
    "it": "DH8D",
    "y": null,
    "m": null,
    "mo": "Bombardier DHC-8 402 NG",
    "o": null,
    "st": "L2T",
    "ml": false
  },
  "040153": {
    "i": "040153",
    "r": "ET-AVK",
    "it": "B38M",
    "y": null,
    "m": null,
    "mo": "Boeing 737MAX 8",
    "o": null,
    "st": "L2J",
    "ml": false
  },
  "040159": {
    "i": "040159",
    "r": "ET-AVQ",
    "it": "B77L",
    "y": null,
    "m": null,
    "mo": "Boeing 777-F",
    "o": null,
    "st": "L2J",
    "ml": false
  },
  "040185": {
    "i": "040185",
    "r": "ET-AXI",
    "it": "B738",
    "y": null,
    "m": null,
    "mo": "Boeing 737-85R",
    "o": null,
    "st": "L2J",
    "ml": false
  },
  "0428d3": {
    "i": "0428d3",
    "r": "3C-LLM",
    "it": "AT75",
    "y": null,
    "m": null,
    "mo": "Avions de Transport Regional ATR 72 500",
    "o": null,
    "st": "L2T",
    "ml": false
  },
  "04c00f": {
    "i": "04c00f",
    "r": "5Y-GMA",
    "it": "B722",
    "y": null,
    "m": null,
    "mo": "Boeing 727-2Q9(Adv)(F)",
    "o": null,
    "st": "L3J",
    "ml": false
  },
  "04c05f": {
    "i": "04c05f",
    "r": "5Y-WHB",
    "it": "C56X",
    "y": null,
    "m": null,
    "mo": "Cessna Citation Excel",
    "o": null,
    "st": "L2J",
    "ml": false
  },
  "04c0ce": {
    "i": "04c0ce",
    "r": "5Y-KWM",
    "it": "B407",
    "y": null,
    "m": null,
    "mo": "Bell 407",
    "o": null,
    "st": "H1T",
    "ml": false
  },
  "04c0d8": {
    "i": "04c0d8",
    "r": "5Y-FFA",
    "it": "E190",
    "y": null,
    "m": null,
    "mo": "Embraer Emb-190-100LR",
    "o": null,
    "st": "L2J",
    "ml": false
  },
  "04c223": {
    "i": "04c223",
    "r": "5Y-SLL",
    "it": "C208",
    "y": null,
    "m": null,
    "mo": "",
    "o": null,
    "st": "L1T",
    "ml": false
  },
  "04c250": {
    "i": "04c250",
    "r": "5Y-MJM",
    "it": "C208",
    "y": null,
    "m": null,
    "mo": "",
    "o": null,
    "st": "L1T",
    "ml": false
  },
  "04c299": {
    "i": "04c299",
    "r": "5Y-BUR",
    "it": "C208",
    "y": null,
    "m": null,
    "mo": "",
    "o": null,
    "st": "L1T",
    "ml": false
  },
  "04c2c0": {
    "i": "04c2c0",
    "r": "5Y-FEC",
    "it": "DH8D",
    "y": null,
    "m": null,
    "mo": "",
    "o": null,
    "st": "L2T",
    "ml": false
  },
  "04c2e6": {
    "i": "04c2e6",
    "r": "5Y-WDC",
    "it": "BE20",
    "y": null,
    "m": null,
    "mo": "",
    "o": null,
    "st": "L2T",
    "ml": false
  },
  "040030": {
    "i": "040030",
    "r": "ET-ANO",
    "it": "B77L",
    "y": null,
    "m": null,
    "mo": "Boeing 777-260",
    "o": null,
    "st": "L2J",
    "ml": false
  },
  "040046": {
    "i": "040046",
    "r": "ET-AOP",
    "it": "B788",
    "y": null,
    "m": null,
    "mo": "Boeing 787-8",
    "o": null,
    "st": "L2J",
    "ml": false
  },
  "04008a": {
    "i": "04008a",
    "r": "ET-ARH",
    "it": "B77L",
    "y": null,
    "m": null,
    "mo": "Boeing 777-F60",
    "o": null,
    "st": "L2J",
    "ml": false
  },
  "040128": {
    "i": "040128",
    "r": "ET-ATL",
    "it": "B788",
    "y": null,
    "m": null,
    "mo": "Boeing 787-8",
    "o": null,
    "st": "L2J",
    "ml": false
  },
  "04016e": {
    "i": "04016e",
    "r": "ET-AWK",
    "it": "B38M",
    "y": null,
    "m": null,
    "mo": "",
    "o": null,
    "st": "L2J",
    "ml": false
  },
  "040178": {
    "i": "040178",
    "r": "ET-AWU",
    "it": "DA40",
    "y": null,
    "m": null,
    "mo": "",
    "o": null,
    "st": "L1P",
    "ml": false
  },
  "040233": {
    "i": "040233",
    "r": "ET-BAI",
    "it": "B38M",
    "y": null,
    "m": null,
    "mo": "",
    "o": null,
    "st": "L2J",
    "ml": false
  },
  "04023d": {
    "i": "04023d",
    "r": "ET-BAT",
    "it": "B38M",
    "y": null,
    "m": null,
    "mo": "",
    "o": null,
    "st": "L2J",
    "ml": false
  },
  "042002": {
    "i": "042002",
    "r": "3C-AAL",
    "it": "E75S",
    "y": null,
    "m": null,
    "mo": "",
    "o": null,
    "st": "L2J",
    "ml": false
  },
  "044057": {
    "i": "044057",
    "r": "9G-DIA",
    "it": "DH8D",
    "y": null,
    "m": null,
    "mo": "Bombardier DHC-8 402",
    "o": null,
    "st": "L2T",
    "ml": false
  },
  "04c0e4": {
    "i": "04c0e4",
    "r": "5Y-CBV",
    "it": "D228",
    "y": null,
    "m": null,
    "mo": "",
    "o": null,
    "st": "L2T",
    "ml": false
  },
  "04c1b2": {
    "i": "04c1b2",
    "r": "5Y-SAK",
    "it": "AS50",
    "y": null,
    "m": null,
    "mo": "",
    "o": null,
    "st": "H1T",
    "ml": false
  },
  "04ca90": {
    "i": "04ca90",
    "r": "5Y-DRZ",
    "it": "C208",
    "y": null,
    "m": null,
    "mo": "",
    "o": null,
    "st": "L1T",
    "ml": false
  },
  "040035": {
    "i": "040035",
    "r": "ET-ANV",
    "it": "DH8D",
    "y": null,
    "m": null,
    "mo": "Bombardier DHC-8 402 NG",
    "o": null,
    "st": "L2T",
    "ml": false
  },
  "040049": {
    "i": "040049",
    "r": "ET-AOS",
    "it": "B788",
    "y": null,
    "m": null,
    "mo": "Boeing 787-8",
    "o": null,
    "st": "L2J",
    "ml": false
  },
  "040060": {
    "i": "040060",
    "r": "ET-APS",
    "it": "B77L",
    "y": null,
    "m": null,
    "mo": "",
    "o": null,
    "st": "L2J",
    "ml": false
  },
  "04007a": {
    "i": "04007a",
    "r": "ET-AQQ",
    "it": "B738",
    "y": null,
    "m": null,
    "mo": "Boeing 737-860",
    "o": null,
    "st": "L2J",
    "ml": false
  },
  "040126": {
    "i": "040126",
    "r": "ET-ATJ",
    "it": "B788",
    "y": null,
    "m": null,
    "mo": "Boeing 787-8",
    "o": null,
    "st": "L2J",
    "ml": false
  },
  "040150": {
    "i": "040150",
    "r": "ET-AVH",
    "it": "DH8D",
    "y": null,
    "m": null,
    "mo": "Bombardier DHC-8-Q-402NG",
    "o": null,
    "st": "L2T",
    "ml": false
  },
  "04c0de": {
    "i": "04c0de",
    "r": "5Y-SMJ",
    "it": "DH8D",
    "y": null,
    "m": null,
    "mo": "Bombardier DHC-8 402",
    "o": null,
    "st": "L2T",
    "ml": false
  },
  "04c0e5": {
    "i": "04c0e5",
    "r": "5Y-CBJ",
    "it": "D228",
    "y": null,
    "m": null,
    "mo": "Dornier Do.228-201",
    "o": null,
    "st": "L2T",
    "ml": false
  },
  "04c0eb": {
    "i": "04c0eb",
    "r": "5Y-BXI",
    "it": "DH8A",
    "y": null,
    "m": null,
    "mo": "Bombardier DHC-8 102A",
    "o": null,
    "st": "L2T",
    "ml": false
  },
  "04c0f6": {
    "i": "04c0f6",
    "r": "5Y-MIS",
    "it": "F50",
    "y": null,
    "m": null,
    "mo": "Fokker F50",
    "o": null,
    "st": "L2T",
    "ml": false
  },
  "04c11e": {
    "i": "04c11e",
    "r": "5Y-KZX",
    "it": "B773",
    "y": null,
    "m": null,
    "mo": "Boeing 777 3U8ER",
    "o": null,
    "st": "L2J",
    "ml": false
  },
  "04c11f": {
    "i": "04c11f",
    "r": "5Y-KZY",
    "it": "B773",
    "y": null,
    "m": null,
    "mo": "Boeing 777 36NER",
    "o": null,
    "st": "L2J",
    "ml": false
  },
  "04c149": {
    "i": "04c149",
    "r": "5Y-CYC",
    "it": "B738",
    "y": null,
    "m": null,
    "mo": "Boeing 737-86N",
    "o": null,
    "st": "L2J",
    "ml": false
  },
  "04c153": {
    "i": "04c153",
    "r": "5Y-JXK",
    "it": "F50",
    "y": null,
    "m": null,
    "mo": "Fokker F50",
    "o": null,
    "st": "L2T",
    "ml": false
  },
  "04c170": {
    "i": "04c170",
    "r": "5Y-WFA",
    "it": "F50",
    "y": null,
    "m": null,
    "mo": "Fokker F50",
    "o": null,
    "st": "L2T",
    "ml": false
  },
  "04c1d7": {
    "i": "04c1d7",
    "r": "5Y-MHD",
    "it": "DH8A",
    "y": null,
    "m": null,
    "mo": "Bombardier DHC-8 102A",
    "o": null,
    "st": "L2T",
    "ml": false
  },
  "04c283": {
    "i": "04c283",
    "r": "5Y-NIV",
    "it": "B722",
    "y": null,
    "m": null,
    "mo": "",
    "o": null,
    "st": "L3J",
    "ml": false
  },
  "04c2cc": {
    "i": "04c2cc",
    "r": "5Y-RBE",
    "it": "R66",
    "y": null,
    "m": null,
    "mo": "",
    "o": null,
    "st": "H1T",
    "ml": false
  },
  "04c2ff": {
    "i": "04c2ff",
    "r": "5Y-FQD",
    "it": "B734",
    "y": null,
    "m": null,
    "mo": "",
    "o": null,
    "st": "L2J",
    "ml": false
  },
  "04002c": {
    "i": "04002c",
    "r": "ET-ANJ",
    "it": "DH8D",
    "y": null,
    "m": null,
    "mo": "Bombardier DHC-8 402 NG",
    "o": null,
    "st": "L2T",
    "ml": false
  },
  "04002d": {
    "i": "04002d",
    "r": "ET-ANK",
    "it": "DH8D",
    "y": null,
    "m": null,
    "mo": "Bombardier DHC-8 402 NG",
    "o": null,
    "st": "L2T",
    "ml": false
  },
  "040048": {
    "i": "040048",
    "r": "ET-AOR",
    "it": "B788",
    "y": null,
    "m": null,
    "mo": "Boeing 787-8",
    "o": null,
    "st": "L2J",
    "ml": false
  },
  "04004a": {
    "i": "04004a",
    "r": "ET-AOT",
    "it": "B788",
    "y": null,
    "m": null,
    "mo": "Boeing 787-8",
    "o": null,
    "st": "L2J",
    "ml": false
  },
  "040085": {
    "i": "040085",
    "r": "ET-ARB",
    "it": "B737",
    "y": null,
    "m": null,
    "mo": "Boeing 737-7Q8",
    "o": null,
    "st": "L2J",
    "ml": false
  },
  "040102": {
    "i": "040102",
    "r": "ET-ASH",
    "it": "B788",
    "y": null,
    "m": null,
    "mo": "Boeing 787-8",
    "o": null,
    "st": "L2J",
    "ml": false
  },
  "040157": {
    "i": "040157",
    "r": "ET-AVO",
    "it": "B737",
    "y": null,
    "m": null,
    "mo": "Boeing 737-752",
    "o": null,
    "st": "L2J",
    "ml": false
  },
  "04018f": {
    "i": "04018f",
    "r": "ET-AXS",
    "it": "B789",
    "y": null,
    "m": null,
    "mo": "Boeing 787-9",
    "o": null,
    "st": "L2J",
    "ml": false
  },
  "04c061": {
    "i": "04c061",
    "r": "5Y-SIR",
    "it": "C55B",
    "y": null,
    "m": null,
    "mo": "Cessna 550/551",
    "o": null,
    "st": "L2J",
    "ml": false
  },
  "04c06c": {
    "i": "04c06c",
    "r": "5Y-BVP",
    "it": "B190",
    "y": null,
    "m": null,
    "mo": "Beech 1900 D",
    "o": null,
    "st": "L2T",
    "ml": false
  },
  "04c0e3": {
    "i": "04c0e3",
    "r": "5Y-FFG",
    "it": "E190",
    "y": null,
    "m": null,
    "mo": "Embraer Emb-190-100IGW",
    "o": null,
    "st": "L2J",
    "ml": false
  },
  "04c0f9": {
    "i": "04c0f9",
    "r": "5Y-VVO",
    "it": "DH8D",
    "y": null,
    "m": null,
    "mo": "Bombardier DHC-8 402",
    "o": null,
    "st": "L2T",
    "ml": false
  },
  "04c11b": {
    "i": "04c11b",
    "r": "5Y-KZE",
    "it": "B788",
    "y": null,
    "m": null,
    "mo": "Boeing 787-8",
    "o": null,
    "st": "L2J",
    "ml": false
  },
  "04c182": {
    "i": "04c182",
    "r": "5Y-BNG",
    "it": "C208",
    "y": null,
    "m": null,
    "mo": "",
    "o": null,
    "st": "L1T",
    "ml": false
  },
  "04c220": {
    "i": "04c220",
    "r": "5Y-SLH",
    "it": "C208",
    "y": null,
    "m": null,
    "mo": "Cessna 208 B",
    "o": null,
    "st": "L1T",
    "ml": false
  },
  "04c23b": {
    "i": "04c23b",
    "r": "5Y-ZBG",
    "it": "C208",
    "y": null,
    "m": null,
    "mo": "Cessna 208 B",
    "o": null,
    "st": "L1T",
    "ml": false
  },
  "04c245": {
    "i": "04c245",
    "r": "5Y-GCC",
    "it": "C208",
    "y": null,
    "m": null,
    "mo": "",
    "o": null,
    "st": "L1T",
    "ml": false
  },
  "04c2e4": {
    "i": "04c2e4",
    "r": "5Y-SKX",
    "it": "F70",
    "y": null,
    "m": null,
    "mo": "Fokker F70",
    "o": null,
    "st": "L2J",
    "ml": false
  },
  "04000e": {
    "i": "04000e",
    "r": "ET-ALJ",
    "it": "B763",
    "y": null,
    "m": null,
    "mo": "Boeing 767-360",
    "o": null,
    "st": "L2J",
    "ml": false
  },
  "04002a": {
    "i": "04002a",
    "r": "ET-ANH",
    "it": "B737",
    "y": null,
    "m": null,
    "mo": "Boeing 737NG 7K9/W",
    "o": null,
    "st": "L2J",
    "ml": false
  },
  "040125": {
    "i": "040125",
    "r": "ET-ATI",
    "it": "B788",
    "y": null,
    "m": null,
    "mo": "Boeing 787-8",
    "o": null,
    "st": "L2J",
    "ml": false
  },
  "040166": {
    "i": "040166",
    "r": "ET-AWC",
    "it": "B738",
    "y": null,
    "m": null,
    "mo": "Boeing 737NG 83NSF/W",
    "o": null,
    "st": "L2J",
    "ml": false
  },
  "040184": {
    "i": "040184",
    "r": "ET-AXG",
    "it": "B38M",
    "y": null,
    "m": null,
    "mo": "",
    "o": null,
    "st": "L2J",
    "ml": false
  },
  "044054": {
    "i": "044054",
    "r": "9G-AFI",
    "it": "E145",
    "y": null,
    "m": null,
    "mo": "Embraer ERJ-145",
    "o": null,
    "st": "L2J",
    "ml": false
  },
  "04c017": {
    "i": "04c017",
    "r": "5Y-KQB",
    "it": "B733",
    "y": null,
    "m": null,
    "mo": "Boeing 737-3U8",
    "o": null,
    "st": "L2J",
    "ml": false
  },
  "04c045": {
    "i": "04c045",
    "r": "5Y-KYF",
    "it": "B738",
    "y": null,
    "m": null,
    "mo": "Boeing 737-86N",
    "o": null,
    "st": "L2J",
    "ml": false
  },
  "04c073": {
    "i": "04c073",
    "r": "5Y-VVX",
    "it": "DH8D",
    "y": null,
    "m": null,
    "mo": "Bombardier DHC-8 402",
    "o": null,
    "st": "L2T",
    "ml": false
  },
  "04c074": {
    "i": "04c074",
    "r": "5Y-VVW",
    "it": "DH8D",
    "y": null,
    "m": null,
    "mo": "Bombardier DHC-8 402",
    "o": null,
    "st": "L2T",
    "ml": false
  },
  "04c17f": {
    "i": "04c17f",
    "r": "5Y-BRE",
    "it": "C208",
    "y": null,
    "m": null,
    "mo": "Cessna 208-B",
    "o": null,
    "st": "L1T",
    "ml": false
  },
  "04c218": {
    "i": "04c218",
    "r": "5Y-ZBP",
    "it": "C208",
    "y": null,
    "m": null,
    "mo": "Cessna 208-B",
    "o": null,
    "st": "L1T",
    "ml": false
  },
  "04c239": {
    "i": "04c239",
    "r": "5Y-ZBH",
    "it": "C208",
    "y": null,
    "m": null,
    "mo": "Cessna 208 EX",
    "o": null,
    "st": "L1T",
    "ml": false
  },
  "04c24f": {
    "i": "04c24f",
    "r": "5Y-FOR",
    "it": "C208",
    "y": null,
    "m": null,
    "mo": "",
    "o": null,
    "st": "L1T",
    "ml": false
  },
  "04c2c7": {
    "i": "04c2c7",
    "r": "5Y-IFB",
    "it": "F70",
    "y": null,
    "m": null,
    "mo": "",
    "o": null,
    "st": "L2J",
    "ml": false
  },
  "04c2d9": {
    "i": "04c2d9",
    "r": "5Y-CKW",
    "it": "ATP",
    "y": null,
    "m": null,
    "mo": "Jetstream ATP-F",
    "o": null,
    "st": "L2T",
    "ml": false
  },
  "04c2f0": {
    "i": "04c2f0",
    "r": "5Y-DWB",
    "it": "R66",
    "y": null,
    "m": null,
    "mo": "",
    "o": null,
    "st": "H1T",
    "ml": false
  },
  "04c2f7": {
    "i": "04c2f7",
    "r": "5Y-SKB",
    "it": "F100",
    "y": null,
    "m": null,
    "mo": "F100",
    "o": null,
    "st": "L2J",
    "ml": false
  },
  "04c33a": {
    "i": "04c33a",
    "r": "5Y-SVR",
    "it": "B763",
    "y": null,
    "m": null,
    "mo": "Boeing 767-338(ER)(BDSF)",
    "o": null,
    "st": "L2J",
    "ml": false
  },
  "040013": {
    "i": "040013",
    "r": "ET-ALM",
    "it": "B737",
    "y": null,
    "m": null,
    "mo": "Boeing 737-760",
    "o": null,
    "st": "L2J",
    "ml": false
  },
  "04004f": {
    "i": "04004f",
    "r": "ET-AOY",
    "it": "DA40",
    "y": null,
    "m": null,
    "mo": "Diamond Aircraft Diamond Star DA40 NG",
    "o": null,
    "st": "L1P",
    "ml": false
  },
  "040088": {
    "i": "040088",
    "r": "ET-ARF",
    "it": "B788",
    "y": null,
    "m": null,
    "mo": "Boeing 787-8",
    "o": null,
    "st": "L2J",
    "ml": false
  },
  "040097": {
    "i": "040097",
    "r": "ET-ASA",
    "it": "DH8D",
    "y": null,
    "m": null,
    "mo": "Bombardier DHC-8 402 NG",
    "o": null,
    "st": "L2T",
    "ml": false
  },
  "040104": {
    "i": "040104",
    "r": "ET-ASJ",
    "it": "B738",
    "y": null,
    "m": null,
    "mo": "Boeing 737-860",
    "o": null,
    "st": "L2J",
    "ml": false
  },
  "040155": {
    "i": "040155",
    "r": "ET-AVM",
    "it": "B38M",
    "y": null,
    "m": null,
    "mo": "Boeing 737MAX 8",
    "o": null,
    "st": "L2J",
    "ml": false
  },
  "040171": {
    "i": "040171",
    "r": "ET-AWN",
    "it": "A359",
    "y": null,
    "m": null,
    "mo": "",
    "o": null,
    "st": "L2J",
    "ml": false
  },
  "040244": {
    "i": "040244",
    "r": "ET-BBA",
    "it": "B38M",
    "y": null,
    "m": null,
    "mo": "",
    "o": null,
    "st": "L2J",
    "ml": false
  },
  "046aa8": {
    "i": "046aa8",
    "r": "3X-AAJ",
    "it": "L410",
    "y": null,
    "m": null,
    "mo": "Let L-410 UVP",
    "o": null,
    "st": "L2T",
    "ml": false
  },
  "04c0cc": {
    "i": "04c0cc",
    "r": "5Y-ELO",
    "it": "C208",
    "y": null,
    "m": null,
    "mo": "Cessna 208 B",
    "o": null,
    "st": "L1T",
    "ml": false
  },
  "04c18d": {
    "i": "04c18d",
    "r": "5Y-DSC",
    "it": "EC30",
    "y": null,
    "m": null,
    "mo": "",
    "o": null,
    "st": "H1T",
    "ml": false
  },
  "04c19f": {
    "i": "04c19f",
    "r": "5Y-JXF",
    "it": "DH8D",
    "y": null,
    "m": null,
    "mo": "",
    "o": null,
    "st": "L2T",
    "ml": false
  },
  "04c2dd": {
    "i": "04c2dd",
    "r": "5Y-CKI",
    "it": "D228",
    "y": null,
    "m": null,
    "mo": "",
    "o": null,
    "st": "L2T",
    "ml": false
  },
  "04c309": {
    "i": "04c309",
    "r": "5Y-SXE",
    "it": "C208",
    "y": null,
    "m": null,
    "mo": "",
    "o": null,
    "st": "L1T",
    "ml": false
  },
  "04006c": {
    "i": "04006c",
    "r": "ET-AQE",
    "it": "DH8D",
    "y": null,
    "m": null,
    "mo": "Bombardier DHC-8 402 NG",
    "o": null,
    "st": "L2T",
    "ml": false
  },
  "04008f": {
    "i": "04008f",
    "r": "ET-ARM",
    "it": "DH8D",
    "y": null,
    "m": null,
    "mo": "DHC-8 402 NG",
    "o": null,
    "st": "L2T",
    "ml": false
  },
  "040151": {
    "i": "040151",
    "r": "ET-AVI",
    "it": "B38M",
    "y": null,
    "m": null,
    "mo": "Boeing 737MAX 8",
    "o": null,
    "st": "L2J",
    "ml": false
  },
  "04600f": {
    "i": "04600f",
    "r": "3X-AAP",
    "it": "L410",
    "y": null,
    "m": null,
    "mo": "",
    "o": null,
    "st": "L2T",
    "ml": false
  },
  "04c0f5": {
    "i": "04c0f5",
    "r": "5Y-FAJ",
    "it": "C208",
    "y": null,
    "m": null,
    "mo": "",
    "o": null,
    "st": "L1T",
    "ml": false
  },
  "04c11c": {
    "i": "04c11c",
    "r": "5Y-KZF",
    "it": "B788",
    "y": null,
    "m": null,
    "mo": "Boeing 787-8",
    "o": null,
    "st": "L2J",
    "ml": false
  },
  "04c253": {
    "i": "04c253",
    "r": "5Y-NLD",
    "it": "C208",
    "y": null,
    "m": null,
    "mo": "",
    "o": null,
    "st": "L1T",
    "ml": false
  },
  "04c2a0": {
    "i": "04c2a0",
    "r": "5Y-TBW",
    "it": "C182",
    "y": null,
    "m": null,
    "mo": "",
    "o": null,
    "st": "L1P",
    "ml": false
  },
  "04c2b6": {
    "i": "04c2b6",
    "r": "5Y-PNI",
    "it": "B752",
    "y": null,
    "m": null,
    "mo": "",
    "o": null,
    "st": "L2J",
    "ml": false
  },
  "04c314": {
    "i": "04c314",
    "r": "5Y-CAJ",
    "it": "C208",
    "y": null,
    "m": null,
    "mo": "",
    "o": null,
    "st": "L1T",
    "ml": false
  },
  "04c31f": {
    "i": "04c31f",
    "r": "5Y-SKM",
    "it": "DH8D",
    "y": null,
    "m": null,
    "mo": "",
    "o": null,
    "st": "L2T",
    "ml": false
  },
  "040066": {
    "i": "040066",
    "r": "ET-APY",
    "it": "B77W",
    "y": null,
    "m": null,
    "mo": "Boeing 777-36N",
    "o": null,
    "st": "L2J",
    "ml": false
  },
  "040096": {
    "i": "040096",
    "r": "ET-ARN",
    "it": "DH8D",
    "y": null,
    "m": null,
    "mo": "Bombardier DHC-8 402 NG",
    "o": null,
    "st": "L2T",
    "ml": false
  },
  "04016d": {
    "i": "04016d",
    "r": "ET-AWJ",
    "it": "B38M",
    "y": null,
    "m": null,
    "mo": "",
    "o": null,
    "st": "L2J",
    "ml": false
  },
  "040187": {
    "i": "040187",
    "r": "ET-AXK",
    "it": "B789",
    "y": null,
    "m": null,
    "mo": "Boeing 787-9",
    "o": null,
    "st": "L2J",
    "ml": false
  },
  "040237": {
    "i": "040237",
    "r": "ET-BAN",
    "it": "B38M",
    "y": null,
    "m": null,
    "mo": "",
    "o": null,
    "st": "L2J",
    "ml": false
  },
  "04023a": {
    "i": "04023a",
    "r": "ET-BAQ",
    "it": "B38M",
    "y": null,
    "m": null,
    "mo": "",
    "o": null,
    "st": "L2J",
    "ml": false
  },
  "0429da": {
    "i": "0429da",
    "r": "3C-LLY",
    "it": "B738",
    "y": null,
    "m": null,
    "mo": "Boeing 737NG 8FB",
    "o": null,
    "st": "L2J",
    "ml": false
  },
  "04c174": {
    "i": "04c174",
    "r": "5Y-MAG",
    "it": "C208",
    "y": null,
    "m": null,
    "mo": "Cessna 208-B",
    "o": null,
    "st": "L1T",
    "ml": false
  },
  "04c1bc": {
    "i": "04c1bc",
    "r": "5Y-PHL",
    "it": "B407",
    "y": null,
    "m": null,
    "mo": "",
    "o": null,
    "st": "H1T",
    "ml": false
  },
  "04c1ca": {
    "i": "04c1ca",
    "r": "5Y-JXD",
    "it": "DH8D",
    "y": null,
    "m": null,
    "mo": "Bombardier DHC-8-Q-402NG",
    "o": null,
    "st": "L2T",
    "ml": false
  },
  "04c1fb": {
    "i": "04c1fb",
    "r": "5Y-TMP",
    "it": "C295",
    "y": null,
    "m": null,
    "mo": "CASA C-295 M",
    "o": null,
    "st": "L2T",
    "ml": false
  },
  "04c2bc": {
    "i": "04c2bc",
    "r": "5Y-MML",
    "it": "AS50",
    "y": null,
    "m": null,
    "mo": "",
    "o": null,
    "st": "H1T",
    "ml": false
  },
  "04c2d0": {
    "i": "04c2d0",
    "r": "5Y-MJA",
    "it": "C208",
    "y": null,
    "m": null,
    "mo": "",
    "o": null,
    "st": "L1T",
    "ml": false
  },
  "04c2d6": {
    "i": "04c2d6",
    "r": "5Y-MAE",
    "it": "C208",
    "y": null,
    "m": null,
    "mo": "",
    "o": null,
    "st": "L1T",
    "ml": false
  },
  "04c2f4": {
    "i": "04c2f4",
    "r": "5Y-SYF",
    "it": "DH8B",
    "y": null,
    "m": null,
    "mo": "",
    "o": null,
    "st": "L2T",
    "ml": false
  },
  "04ca24": {
    "i": "04ca24",
    "r": "5Y-NMM",
    "it": "C208",
    "y": null,
    "m": null,
    "mo": "",
    "o": null,
    "st": "L1T",
    "ml": false
  },
  "04016c": {
    "i": "04016c",
    "r": "ET-AWI",
    "it": "B38M",
    "y": null,
    "m": null,
    "mo": "",
    "o": null,
    "st": "L2J",
    "ml": false
  },
  "040131": {
    "i": "040131",
    "r": "ET-ATY",
    "it": "A359",
    "y": null,
    "m": null,
    "mo": "Airbus A350-941",
    "o": null,
    "st": "L2J",
    "ml": false
  },
  "04015c": {
    "i": "04015c",
    "r": "ET-AVT",
    "it": "B77L",
    "y": null,
    "m": null,
    "mo": "Boeing 777-F",
    "o": null,
    "st": "L2J",
    "ml": false
  },
  "040168": {
    "i": "040168",
    "r": "ET-AWE",
    "it": "B77L",
    "y": null,
    "m": null,
    "mo": "",
    "o": null,
    "st": "L2J",
    "ml": false
  },
  "04022a": {
    "i": "04022a",
    "r": "ET-BAA",
    "it": "B77L",
    "y": null,
    "m": null,
    "mo": "",
    "o": null,
    "st": "L2J",
    "ml": false
  },
  "04c0ad": {
    "i": "04c0ad",
    "r": "5Y-BSM",
    "it": "L410",
    "y": null,
    "m": null,
    "mo": "Let L-410 UVP-E9",
    "o": null,
    "st": "L2T",
    "ml": false
  },
  "04c0e1": {
    "i": "04c0e1",
    "r": "5Y-FFE",
    "it": "E190",
    "y": null,
    "m": null,
    "mo": "Embraer Emb-190-100IGW",
    "o": null,
    "st": "L2J",
    "ml": false
  },
  "04c0ef": {
    "i": "04c0ef",
    "r": "5Y-FAM",
    "it": "E120",
    "y": null,
    "m": null,
    "mo": "",
    "o": null,
    "st": "L2T",
    "ml": false
  },
  "04c139": {
    "i": "04c139",
    "r": "5Y-CDL",
    "it": "C208",
    "y": null,
    "m": null,
    "mo": "Cessna 208 EX",
    "o": null,
    "st": "L1T",
    "ml": false
  },
  "04c156": {
    "i": "04c156",
    "r": "5Y-YWA",
    "it": "C208",
    "y": null,
    "m": null,
    "mo": "Cessna 208 B",
    "o": null,
    "st": "L1T",
    "ml": false
  },
  "04c1b9": {
    "i": "04c1b9",
    "r": "5Y-CGH",
    "it": "DH8C",
    "y": null,
    "m": null,
    "mo": "Bombardier DHC-8 314Q",
    "o": null,
    "st": "L2T",
    "ml": false
  },
  "04c1df": {
    "i": "04c1df",
    "r": "5Y-JXE",
    "it": "DH8D",
    "y": null,
    "m": null,
    "mo": "Bombardier DHC-8-Q-402NG",
    "o": null,
    "st": "L2T",
    "ml": false
  },
  "04c1e6": {
    "i": "04c1e6",
    "r": "5Y-BXU",
    "it": "DH8A",
    "y": null,
    "m": null,
    "mo": "Bombardier DHC-8 106",
    "o": null,
    "st": "L2T",
    "ml": false
  },
  "04c1fd": {
    "i": "04c1fd",
    "r": "5Y-ZBF",
    "it": "C208",
    "y": null,
    "m": null,
    "mo": "Cessna 208-B",
    "o": null,
    "st": "L1T",
    "ml": false
  },
  "04c203": {
    "i": "04c203",
    "r": "5Y-CIM",
    "it": "E145",
    "y": null,
    "m": null,
    "mo": "",
    "o": null,
    "st": "L2J",
    "ml": false
  },
  "04c25b": {
    "i": "04c25b",
    "r": "5Y-SLO",
    "it": "DH8B",
    "y": null,
    "m": null,
    "mo": "",
    "o": null,
    "st": "L2T",
    "ml": false
  },
  "04c27d": {
    "i": "04c27d",
    "r": "5Y-STW",
    "it": "C208",
    "y": null,
    "m": null,
    "mo": "",
    "o": null,
    "st": "L1T",
    "ml": false
  },
  "04c2ae": {
    "i": "04c2ae",
    "r": "5Y-JMN",
    "it": "PC12",
    "y": null,
    "m": null,
    "mo": "",
    "o": null,
    "st": "L1T",
    "ml": false
  },
  "04c2bf": {
    "i": "04c2bf",
    "r": "5Y-MMB",
    "it": "F70",
    "y": null,
    "m": null,
    "mo": "",
    "o": null,
    "st": "L2J",
    "ml": false
  },
  "04c2ce": {
    "i": "04c2ce",
    "r": "5Y-RSZ",
    "it": "R66",
    "y": null,
    "m": null,
    "mo": "",
    "o": null,
    "st": "H1T",
    "ml": false
  },
  "04c2f9": {
    "i": "04c2f9",
    "r": "5Y-BZA",
    "it": "C172",
    "y": null,
    "m": null,
    "mo": "",
    "o": null,
    "st": "L1P",
    "ml": false
  },
  "04c332": {
    "i": "04c332",
    "r": "5Y-CYF",
    "it": "B738",
    "y": null,
    "m": null,
    "mo": "",
    "o": null,
    "st": "L2J",
    "ml": false
  },
  "04014b": {
    "i": "04014b",
    "r": "ET-AVB",
    "it": "A359",
    "y": null,
    "m": null,
    "mo": "Airbus A350-941",
    "o": null,
    "st": "L2J",
    "ml": false
  },
  "04020b": {
    "i": "04020b",
    "r": "ET-AYU",
    "it": "B738",
    "y": null,
    "m": null,
    "mo": "",
    "o": null,
    "st": "L2J",
    "ml": false
  },
  "04c167": {
    "i": "04c167",
    "r": "5Y-CIV",
    "it": "C206",
    "y": null,
    "m": null,
    "mo": "Cessna 206H Stationair",
    "o": null,
    "st": "L1P",
    "ml": false
  },
  "04c1db": {
    "i": "04c1db",
    "r": "5Y-TTX",
    "it": "CC11",
    "y": null,
    "m": null,
    "mo": "",
    "o": null,
    "st": "L1P",
    "ml": false
  },
  "04c21a": {
    "i": "04c21a",
    "r": "5Y-JXH",
    "it": "DH8D",
    "y": null,
    "m": null,
    "mo": "Bombardier DHC-8-Q-402NG",
    "o": null,
    "st": "L2T",
    "ml": false
  },
  "04c224": {
    "i": "04c224",
    "r": "5Y-LEO",
    "it": "C208",
    "y": null,
    "m": null,
    "mo": "",
    "o": null,
    "st": "L1T",
    "ml": false
  },
  "04c2d1": {
    "i": "04c2d1",
    "r": "5Y-SKE",
    "it": "F100",
    "y": null,
    "m": null,
    "mo": "Fokker F28 to 100",
    "o": null,
    "st": "L2J",
    "ml": false
  },
  "04c2e2": {
    "i": "04c2e2",
    "r": "5Y-YWC",
    "it": "C208",
    "y": null,
    "m": null,
    "mo": "",
    "o": null,
    "st": "L1T",
    "ml": false
  },
  "04c916": {
    "i": "04c916",
    "r": "5Y-MHO",
    "it": "C208",
    "y": null,
    "m": null,
    "mo": "",
    "o": null,
    "st": "L1T",
    "ml": false
  },
  "040079": {
    "i": "040079",
    "r": "ET-AQP",
    "it": "B738",
    "y": null,
    "m": null,
    "mo": "Boeing 737-860",
    "o": null,
    "st": "L2J",
    "ml": false
  },
  "040141": {
    "i": "040141",
    "r": "ET-AUP",
    "it": "B789",
    "y": null,
    "m": null,
    "mo": "Boeing 787-9",
    "o": null,
    "st": "L2J",
    "ml": false
  },
  "040143": {
    "i": "040143",
    "r": "ET-AUR",
    "it": "B789",
    "y": null,
    "m": null,
    "mo": "Boeing 787-9",
    "o": null,
    "st": "L2J",
    "ml": false
  },
  "04018c": {
    "i": "04018c",
    "r": "ET-AXP",
    "it": "DH8D",
    "y": null,
    "m": null,
    "mo": "Bombardier DHC-8-Q-402NG",
    "o": null,
    "st": "L2T",
    "ml": false
  },
  "04c06f": {
    "i": "04c06f",
    "r": "5Y-BVT",
    "it": "B190",
    "y": null,
    "m": null,
    "mo": "Beech 1900 D",
    "o": null,
    "st": "L2T",
    "ml": false
  },
  "04c086": {
    "i": "04c086",
    "r": "5Y-BWG",
    "it": "DH8C",
    "y": null,
    "m": null,
    "mo": "Bombardier DHC-8 311B",
    "o": null,
    "st": "L2T",
    "ml": false
  },
  "04c22f": {
    "i": "04c22f",
    "r": "5Y-ISA",
    "it": "C208",
    "y": null,
    "m": null,
    "mo": "",
    "o": null,
    "st": "L1T",
    "ml": false
  },
  "04c238": {
    "i": "04c238",
    "r": "5Y-JXL",
    "it": "DH8D",
    "y": null,
    "m": null,
    "mo": "De Havilland Canada DHC-8 402 NG",
    "o": null,
    "st": "L2T",
    "ml": false
  },
  "04c249": {
    "i": "04c249",
    "r": "5Y-MHT",
    "it": "F50",
    "y": null,
    "m": null,
    "mo": "Fokker F50",
    "o": null,
    "st": "L2T",
    "ml": false
  },
  "040016": {
    "i": "040016",
    "r": "ET-ALP",
    "it": "B763",
    "y": null,
    "m": null,
    "mo": "Boeing 767-360",
    "o": null,
    "st": "L2J",
    "ml": false
  },
  "04004c": {
    "i": "04004c",
    "r": "ET-AOV",
    "it": "B788",
    "y": null,
    "m": null,
    "mo": "Boeing 787-8",
    "o": null,
    "st": "L2J",
    "ml": false
  },
  "040072": {
    "i": "040072",
    "r": "ET-AMV",
    "it": "C208",
    "y": null,
    "m": null,
    "mo": "Cessna 208 B",
    "o": null,
    "st": "L1T",
    "ml": false
  },
  "040106": {
    "i": "040106",
    "r": "ET-ASL",
    "it": "B77W",
    "y": null,
    "m": null,
    "mo": "Boeing 777-360",
    "o": null,
    "st": "L2J",
    "ml": false
  },
  "040172": {
    "i": "040172",
    "r": "ET-AWO",
    "it": "A359",
    "y": null,
    "m": null,
    "mo": "Airbus A350-941",
    "o": null,
    "st": "L2J",
    "ml": false
  },
  "040190": {
    "i": "040190",
    "r": "ET-AXT",
    "it": "B789",
    "y": null,
    "m": null,
    "mo": "",
    "o": null,
    "st": "L2J",
    "ml": false
  },
  "04023e": {
    "i": "04023e",
    "r": "ET-BAU",
    "it": "B38M",
    "y": null,
    "m": null,
    "mo": "",
    "o": null,
    "st": "L2J",
    "ml": false
  },
  "044045": {
    "i": "044045",
    "r": "9G-TOP",
    "it": "DC86",
    "y": null,
    "m": null,
    "mo": "Douglas DC-8 63CF",
    "o": null,
    "st": "L4J",
    "ml": false
  },
  "04405f": {
    "i": "04405f",
    "r": "9G-AFQ",
    "it": "E145",
    "y": null,
    "m": null,
    "mo": "",
    "o": null,
    "st": "L2J",
    "ml": false
  },
  "04c000": {
    "i": "04c000",
    "r": "5Y-JAI",
    "it": "BE20",
    "y": null,
    "m": null,
    "mo": "Beech King Air B200",
    "o": null,
    "st": "L2T",
    "ml": false
  },
  "04c01d": {
    "i": "04c01d",
    "r": "5Y-KQC",
    "it": "B733",
    "y": null,
    "m": null,
    "mo": "Boeing 737 3U8F",
    "o": null,
    "st": "L2J",
    "ml": false
  },
  "04c0f0": {
    "i": "04c0f0",
    "r": "5Y-SIA",
    "it": "F100",
    "y": null,
    "m": null,
    "mo": "Fokker F28 to 100",
    "o": null,
    "st": "L2J",
    "ml": false
  },
  "04c15b": {
    "i": "04c15b",
    "r": "5Y-KZJ",
    "it": "B788",
    "y": null,
    "m": null,
    "mo": "Boeing 787-8",
    "o": null,
    "st": "L2J",
    "ml": false
  },
  "04c176": {
    "i": "04c176",
    "r": "5Y-PAA",
    "it": "C680",
    "y": null,
    "m": null,
    "mo": "Cessna 680",
    "o": null,
    "st": "L2J",
    "ml": false
  },
  "04c1b6": {
    "i": "04c1b6",
    "r": "5Y-CGZ",
    "it": "C208",
    "y": null,
    "m": null,
    "mo": "Cessna 208 B",
    "o": null,
    "st": "L1T",
    "ml": false
  },
  "04c1b8": {
    "i": "04c1b8",
    "r": "5Y-SMS",
    "it": "F50",
    "y": null,
    "m": null,
    "mo": "Fokker F50",
    "o": null,
    "st": "L2T",
    "ml": false
  },
  "04c20d": {
    "i": "04c20d",
    "r": "1804",
    "it": "A139",
    "y": null,
    "m": null,
    "mo": "",
    "o": null,
    "st": "H2T",
    "ml": true
  },
  "04c236": {
    "i": "04c236",
    "r": "5Y-CJB",
    "it": "D228",
    "y": null,
    "m": null,
    "mo": "",
    "o": null,
    "st": "L2T",
    "ml": false
  },
  "04c294": {
    "i": "04c294",
    "r": "5Y-FTE",
    "it": "C208",
    "y": null,
    "m": null,
    "mo": "",
    "o": null,
    "st": "L1T",
    "ml": false
  },
  "040014": {
    "i": "040014",
    "r": "ET-ALN",
    "it": "B737",
    "y": null,
    "m": null,
    "mo": "Boeing 737-760",
    "o": null,
    "st": "L2J",
    "ml": false
  },
  "040134": {
    "i": "040134",
    "r": "ET-AUC",
    "it": "A359",
    "y": null,
    "m": null,
    "mo": "Airbus A350-941",
    "o": null,
    "st": "L2J",
    "ml": false
  },
  "040181": {
    "i": "040181",
    "r": "ET-AXE",
    "it": "DH8D",
    "y": null,
    "m": null,
    "mo": "De Havilland Canada DHC-8 402 NG",
    "o": null,
    "st": "L2T",
    "ml": false
  },
  "040196": {
    "i": "040196",
    "r": "ET-AXZ",
    "it": "DH8D",
    "y": null,
    "m": null,
    "mo": "",
    "o": null,
    "st": "L2T",
    "ml": false
  },
  "04403d": {
    "i": "04403d",
    "r": "9G-SBB",
    "it": "B463",
    "y": null,
    "m": null,
    "mo": "BAe 146 300",
    "o": null,
    "st": "L4J",
    "ml": false
  },
  "04c0f3": {
    "i": "04c0f3",
    "r": "5Y-DSM",
    "it": "AS50",
    "y": null,
    "m": null,
    "mo": "",
    "o": null,
    "st": "H1T",
    "ml": false
  },
  "04c0fc": {
    "i": "04c0fc",
    "r": "5Y-SOP",
    "it": "C208",
    "y": null,
    "m": null,
    "mo": "Cessna 208 B",
    "o": null,
    "st": "L1T",
    "ml": false
  },
  "04c13b": {
    "i": "04c13b",
    "r": "5Y-SKN",
    "it": "F50",
    "y": null,
    "m": null,
    "mo": "Fokker F50",
    "o": null,
    "st": "L2T",
    "ml": false
  },
  "04c17b": {
    "i": "04c17b",
    "r": "5Y-CGF",
    "it": "CRJ2",
    "y": null,
    "m": null,
    "mo": "Bombardier CRJ 200LR",
    "o": null,
    "st": "L2J",
    "ml": false
  },
  "04c1a1": {
    "i": "04c1a1",
    "r": "5Y-SMT",
    "it": "F50",
    "y": null,
    "m": null,
    "mo": "Fokker F50",
    "o": null,
    "st": "L2T",
    "ml": false
  },
  "04c255": {
    "i": "04c255",
    "r": "5Y-YWB",
    "it": "C208",
    "y": null,
    "m": null,
    "mo": "",
    "o": null,
    "st": "L1T",
    "ml": false
  },
  "04c275": {
    "i": "04c275",
    "r": "5Y-BKY",
    "it": "C206",
    "y": null,
    "m": null,
    "mo": "",
    "o": null,
    "st": "L1P",
    "ml": false
  },
  "04c29f": {
    "i": "04c29f",
    "r": "5Y-SLK",
    "it": "DH8C",
    "y": null,
    "m": null,
    "mo": "",
    "o": null,
    "st": "L2T",
    "ml": false
  },
  "04c306": {
    "i": "04c306",
    "r": "5Y-SLQ",
    "it": "C208",
    "y": null,
    "m": null,
    "mo": "",
    "o": null,
    "st": "L1T",
    "ml": false
  },
  "04c342": {
    "i": "04c342",
    "r": "5Y-DBA",
    "it": "DH8B",
    "y": null,
    "m": null,
    "mo": "",
    "o": null,
    "st": "L2T",
    "ml": false
  },
  "040031": {
    "i": "040031",
    "r": "ET-ANP",
    "it": "B77L",
    "y": null,
    "m": null,
    "mo": "Boeing 777-260",
    "o": null,
    "st": "L2J",
    "ml": false
  },
  "040033": {
    "i": "040033",
    "r": "ET-ANR",
    "it": "B77L",
    "y": null,
    "m": null,
    "mo": "Boeing 777-260",
    "o": null,
    "st": "L2J",
    "ml": false
  },
  "040069": {
    "i": "040069",
    "r": "ET-AQB",
    "it": "DH8D",
    "y": null,
    "m": null,
    "mo": "Bombardier DHC-8 402 NG",
    "o": null,
    "st": "L2T",
    "ml": false
  },
  "040087": {
    "i": "040087",
    "r": "ET-ARE",
    "it": "B788",
    "y": null,
    "m": null,
    "mo": "Boeing 787-8",
    "o": null,
    "st": "L2J",
    "ml": false
  },
  "040170": {
    "i": "040170",
    "r": "ET-AWM",
    "it": "A359",
    "y": null,
    "m": null,
    "mo": "Airbus A350-941",
    "o": null,
    "st": "L2J",
    "ml": false
  },
  "040230": {
    "i": "040230",
    "r": "ET-BAG",
    "it": "B38M",
    "y": null,
    "m": null,
    "mo": "",
    "o": null,
    "st": "L2J",
    "ml": false
  },
  "040231": {
    "i": "040231",
    "r": "ET-BAH",
    "it": "B738",
    "y": null,
    "m": null,
    "mo": "",
    "o": null,
    "st": "L2J",
    "ml": false
  },
  "042088": {
    "i": "042088",
    "r": "3C-QQH",
    "it": "E145",
    "y": null,
    "m": null,
    "mo": "Embraer ERJ-145",
    "o": null,
    "st": "L2J",
    "ml": false
  },
  "04403e": {
    "i": "04403e",
    "r": "GHF550",
    "it": "C295",
    "y": null,
    "m": null,
    "mo": "",
    "o": null,
    "st": "L2T",
    "ml": true
  },
  "04406c": {
    "i": "04406c",
    "r": "9G-BPD",
    "it": "DH8D",
    "y": null,
    "m": null,
    "mo": "",
    "o": null,
    "st": "L2T",
    "ml": false
  },
  "04c027": {
    "i": "04c027",
    "r": "5Y-KQH",
    "it": "B737",
    "y": null,
    "m": null,
    "mo": "Boeing 737NG 7U8/W",
    "o": null,
    "st": "L2J",
    "ml": false
  },
  "04c03b": {
    "i": "04c03b",
    "r": "5Y-KYD",
    "it": "B738",
    "y": null,
    "m": null,
    "mo": "Boeing 737-86N",
    "o": null,
    "st": "L2J",
    "ml": false
  },
  "04c0b5": {
    "i": "04c0b5",
    "r": "5Y-BUZ",
    "it": "DH8A",
    "y": null,
    "m": null,
    "mo": "De Havilland Canada DHC-8 106",
    "o": null,
    "st": "L2T",
    "ml": false
  },
  "04c108": {
    "i": "04c108",
    "r": "5Y-CCV",
    "it": "C208",
    "y": null,
    "m": null,
    "mo": "Cessna 208 EX",
    "o": null,
    "st": "L1T",
    "ml": false
  },
  "04c1f3": {
    "i": "04c1f3",
    "r": "5Y-GME",
    "it": "ATP",
    "y": null,
    "m": null,
    "mo": "British Aerospace ATP",
    "o": null,
    "st": "L2T",
    "ml": false
  },
  "04c1f5": {
    "i": "04c1f5",
    "r": "5Y-GMG",
    "it": "ATP",
    "y": null,
    "m": null,
    "mo": "British Aerospace ATP",
    "o": null,
    "st": "L2T",
    "ml": false
  },
  "04c2af": {
    "i": "04c2af",
    "r": "5Y-TDL",
    "it": "PC12",
    "y": null,
    "m": null,
    "mo": "",
    "o": null,
    "st": "L1T",
    "ml": false
  },
  "04c2c5": {
    "i": "04c2c5",
    "r": "5Y-CKT",
    "it": "C208",
    "y": null,
    "m": null,
    "mo": "",
    "o": null,
    "st": "L1T",
    "ml": false
  },
  "04006b": {
    "i": "04006b",
    "r": "ET-AQD",
    "it": "DH8D",
    "y": null,
    "m": null,
    "mo": "Bombardier DHC-8 402 NG",
    "o": null,
    "st": "L2T",
    "ml": false
  },
  "040086": {
    "i": "040086",
    "r": "ET-ARD",
    "it": "B737",
    "y": null,
    "m": null,
    "mo": "Boeing 737-7Q8",
    "o": null,
    "st": "L2J",
    "ml": false
  },
  "04014c": {
    "i": "04014c",
    "r": "ET-AVC",
    "it": "A359",
    "y": null,
    "m": null,
    "mo": "Airbus A350-941",
    "o": null,
    "st": "L2J",
    "ml": false
  },
  "040188": {
    "i": "040188",
    "r": "ET-AXL",
    "it": "B789",
    "y": null,
    "m": null,
    "mo": "Boeing 787-9",
    "o": null,
    "st": "L2J",
    "ml": false
  },
  "04c010": {
    "i": "04c010",
    "r": "5Y-SRI",
    "it": "PC12",
    "y": null,
    "m": null,
    "mo": "Pilatus PC-12--47E",
    "o": null,
    "st": "L1T",
    "ml": false
  },
  "04c0e0": {
    "i": "04c0e0",
    "r": "5Y-FFD",
    "it": "E190",
    "y": null,
    "m": null,
    "mo": "Embraer Emb-190-100IGW",
    "o": null,
    "st": "L2J",
    "ml": false
  },
  "04c109": {
    "i": "04c109",
    "r": "5Y-CCD",
    "it": "D228",
    "y": null,
    "m": null,
    "mo": "Dornier Do.228-200",
    "o": null,
    "st": "L2T",
    "ml": false
  },
  "04c14b": {
    "i": "04c14b",
    "r": "5Y-CYE",
    "it": "B738",
    "y": null,
    "m": null,
    "mo": "Boeing 737-86N",
    "o": null,
    "st": "L2J",
    "ml": false
  },
  "04c22d": {
    "i": "04c22d",
    "r": "5Y-IZZ",
    "it": "F50",
    "y": null,
    "m": null,
    "mo": "Fokker F50",
    "o": null,
    "st": "L2T",
    "ml": false
  },
  "04c23a": {
    "i": "04c23a",
    "r": "5Y-ZBN",
    "it": "C208",
    "y": null,
    "m": null,
    "mo": "Cessna 208 B",
    "o": null,
    "st": "L1T",
    "ml": false
  },
  "04c285": {
    "i": "04c285",
    "r": "5Y-IFL",
    "it": "F50",
    "y": null,
    "m": null,
    "mo": "",
    "o": null,
    "st": "L2T",
    "ml": false
  },
  "04c295": {
    "i": "04c295",
    "r": "5Y-CSZ",
    "it": "P28A",
    "y": null,
    "m": null,
    "mo": "",
    "o": null,
    "st": "L1P",
    "ml": false
  },
  "04c2bd": {
    "i": "04c2bd",
    "r": "5Y-IFA",
    "it": "F70",
    "y": null,
    "m": null,
    "mo": "Fokker F28 to 100",
    "o": null,
    "st": "L2J",
    "ml": false
  },
  "04c32a": {
    "i": "04c32a",
    "r": "5Y-SWZ",
    "it": "AS50",
    "y": null,
    "m": null,
    "mo": "",
    "o": null,
    "st": "H1T",
    "ml": false
  },
  "04c330": {
    "i": "04c330",
    "r": "5Y-RNK",
    "it": "CRJ2",
    "y": null,
    "m": null,
    "mo": "",
    "o": null,
    "st": "L2J",
    "ml": false
  },
  "04005d": {
    "i": "04005d",
    "r": "ET-APM",
    "it": "B738",
    "y": null,
    "m": null,
    "mo": "Boeing 737-860",
    "o": null,
    "st": "L2J",
    "ml": false
  },
  "040142": {
    "i": "040142",
    "r": "ET-AUQ",
    "it": "B789",
    "y": null,
    "m": null,
    "mo": "Boeing 787-9",
    "o": null,
    "st": "L2J",
    "ml": false
  },
  "04015b": {
    "i": "04015b",
    "r": "ET-AVS",
    "it": "DH8D",
    "y": null,
    "m": null,
    "mo": "Bombardier DHC-8 402 NG",
    "o": null,
    "st": "L2T",
    "ml": false
  },
  "04021d": {
    "i": "04021d",
    "r": "ET-AZN",
    "it": "A359",
    "y": null,
    "m": null,
    "mo": "",
    "o": null,
    "st": "L2J",
    "ml": false
  },
  "04023b": {
    "i": "04023b",
    "r": "ET-BAR",
    "it": "B38M",
    "y": null,
    "m": null,
    "mo": "",
    "o": null,
    "st": "L2J",
    "ml": false
  },
  "04405a": {
    "i": "04405a",
    "r": "9G-AGS",
    "it": "JS32",
    "y": null,
    "m": null,
    "mo": "British Aerospace Jetstream 32-17",
    "o": null,
    "st": "L2T",
    "ml": false
  },
  "04406a": {
    "i": "04406a",
    "r": "9G-IMR",
    "it": "DH8C",
    "y": null,
    "m": null,
    "mo": "",
    "o": null,
    "st": "L2T",
    "ml": false
  },
  "04c078": {
    "i": "04c078",
    "r": "5Y-VVT",
    "it": "DH8A",
    "y": null,
    "m": null,
    "mo": "Bombardier DHC-8 102A",
    "o": null,
    "st": "L2T",
    "ml": false
  },
  "04c0af": {
    "i": "04c0af",
    "r": "5Y-VVZ",
    "it": "DH8D",
    "y": null,
    "m": null,
    "mo": "Bombardier DHC-8 402",
    "o": null,
    "st": "L2T",
    "ml": false
  },
  "04c0d4": {
    "i": "04c0d4",
    "r": "5Y-KYT",
    "it": "E190",
    "y": null,
    "m": null,
    "mo": "Embraer EMB-190 AR",
    "o": null,
    "st": "L2J",
    "ml": false
  },
  "04c115": {
    "i": "04c115",
    "r": "5Y-FFK",
    "it": "E190",
    "y": null,
    "m": null,
    "mo": "Embraer Emb-190-100IGW",
    "o": null,
    "st": "L2J",
    "ml": false
  },
  "04c148": {
    "i": "04c148",
    "r": "5Y-CYB",
    "it": "B738",
    "y": null,
    "m": null,
    "mo": "Boeing 737-8HX",
    "o": null,
    "st": "L2J",
    "ml": false
  },
  "04c173": {
    "i": "04c173",
    "r": "5Y-DSN",
    "it": "AS50",
    "y": null,
    "m": null,
    "mo": "",
    "o": null,
    "st": "H1T",
    "ml": false
  },
  "04c18a": {
    "i": "04c18a",
    "r": "5Y-PKZ",
    "it": "B407",
    "y": null,
    "m": null,
    "mo": "",
    "o": null,
    "st": "H1T",
    "ml": false
  },
  "04c1c0": {
    "i": "04c1c0",
    "r": "5Y-JXC",
    "it": "DH8D",
    "y": null,
    "m": null,
    "mo": "Bombardier DHC-8-Q-402NG",
    "o": null,
    "st": "L2T",
    "ml": false
  },
  "04c247": {
    "i": "04c247",
    "r": "5Y-SMH",
    "it": "C208",
    "y": null,
    "m": null,
    "mo": "",
    "o": null,
    "st": "L1T",
    "ml": false
  },
  "04c2e9": {
    "i": "04c2e9",
    "r": "5Y-BXE",
    "it": "AS50",
    "y": null,
    "m": null,
    "mo": "",
    "o": null,
    "st": "H1T",
    "ml": false
  },
  "040045": {
    "i": "040045",
    "r": "ET-AOO",
    "it": "B788",
    "y": null,
    "m": null,
    "mo": "Boeing 787-8",
    "o": null,
    "st": "L2J",
    "ml": false
  },
  "040052": {
    "i": "040052",
    "r": "ET-APB",
    "it": "DA40",
    "y": null,
    "m": null,
    "mo": "Diamond Aircraft Diamond Star DA40 NG",
    "o": null,
    "st": "L1P",
    "ml": false
  },
  "040055": {
    "i": "040055",
    "r": "ET-APH",
    "it": "DA42",
    "y": null,
    "m": null,
    "mo": "Diamond Aircraft Twin Star DA42 NG",
    "o": null,
    "st": "L2P",
    "ml": false
  },
  "04008e": {
    "i": "04008e",
    "r": "ET-ARL",
    "it": "DH8D",
    "y": null,
    "m": null,
    "mo": "Bombardier DHC-8 402 NG",
    "o": null,
    "st": "L2T",
    "ml": false
  },
  "040123": {
    "i": "040123",
    "r": "ET-ATG",
    "it": "B788",
    "y": null,
    "m": null,
    "mo": "Boeing 787-8",
    "o": null,
    "st": "L2J",
    "ml": false
  },
  "04014d": {
    "i": "04014d",
    "r": "ET-AVD",
    "it": "A359",
    "y": null,
    "m": null,
    "mo": "Airbus A350-941",
    "o": null,
    "st": "L2J",
    "ml": false
  },
  "04c01e": {
    "i": "04c01e",
    "r": "5Y-KYS",
    "it": "E190",
    "y": null,
    "m": null,
    "mo": "Embraer EMB-190 AR",
    "o": null,
    "st": "L2J",
    "ml": false
  },
  "04c08b": {
    "i": "04c08b",
    "r": "5Y-KGV",
    "it": "EC30",
    "y": null,
    "m": null,
    "mo": "",
    "o": null,
    "st": "H1T",
    "ml": false
  },
  "04c0a5": {
    "i": "04c0a5",
    "r": "5Y-DSB",
    "it": "AS50",
    "y": null,
    "m": null,
    "mo": "",
    "o": null,
    "st": "H1T",
    "ml": false
  },
  "04c0c3": {
    "i": "04c0c3",
    "r": "5Y-JLF",
    "it": "CRJ1",
    "y": null,
    "m": null,
    "mo": "Bombardier CRJ 100ER",
    "o": null,
    "st": "L2J",
    "ml": false
  },
  "04c1dd": {
    "i": "04c1dd",
    "r": "5Y-SMP",
    "it": "DH8A",
    "y": null,
    "m": null,
    "mo": "",
    "o": null,
    "st": "L2T",
    "ml": false
  },
  "04c1fe": {
    "i": "04c1fe",
    "r": "5Y-JIB",
    "it": "B772",
    "y": null,
    "m": null,
    "mo": "",
    "o": null,
    "st": "L2J",
    "ml": false
  },
  "04c217": {
    "i": "04c217",
    "r": "5Y-CIS",
    "it": "E145",
    "y": null,
    "m": null,
    "mo": "",
    "o": null,
    "st": "L2J",
    "ml": false
  },
  "04c2a7": {
    "i": "04c2a7",
    "r": "5Y-CKG",
    "it": "C206",
    "y": null,
    "m": null,
    "mo": "",
    "o": null,
    "st": "L1P",
    "ml": false
  },
  "04c2c8": {
    "i": "04c2c8",
    "r": "5Y-CKU",
    "it": "C208",
    "y": null,
    "m": null,
    "mo": "",
    "o": null,
    "st": "L1T",
    "ml": false
  },
  "04c2ef": {
    "i": "04c2ef",
    "r": "5Y-SKC",
    "it": "F100",
    "y": null,
    "m": null,
    "mo": "",
    "o": null,
    "st": "L2J",
    "ml": false
  },
  "04008c": {
    "i": "04008c",
    "r": "ET-ARJ",
    "it": "B77L",
    "y": null,
    "m": null,
    "mo": "Boeing 777-F60",
    "o": null,
    "st": "L2J",
    "ml": false
  },
  "040136": {
    "i": "040136",
    "r": "ET-AUE",
    "it": "DH8D",
    "y": null,
    "m": null,
    "mo": "Bombardier DHC-8 402 NG",
    "o": null,
    "st": "L2T",
    "ml": false
  },
  "040154": {
    "i": "040154",
    "r": "ET-AVL",
    "it": "B38M",
    "y": null,
    "m": null,
    "mo": "Boeing 737MAX 8",
    "o": null,
    "st": "L2J",
    "ml": false
  },
  "04019d": {
    "i": "04019d",
    "r": "ET-AYG",
    "it": "DH8D",
    "y": null,
    "m": null,
    "mo": "",
    "o": null,
    "st": "L2T",
    "ml": false
  },
  "04020e": {
    "i": "04020e",
    "r": "ET-AYX",
    "it": "DA62",
    "y": null,
    "m": null,
    "mo": "",
    "o": null,
    "st": "L2P",
    "ml": false
  },
  "04c047": {
    "i": "04c047",
    "r": "5Y-MNG",
    "it": "C55B",
    "y": null,
    "m": null,
    "mo": "Cessna Citation Bravo",
    "o": null,
    "st": "L2J",
    "ml": false
  },
  "04c0b4": {
    "i": "04c0b4",
    "r": "5Y-KYQ",
    "it": "E190",
    "y": null,
    "m": null,
    "mo": "Embraer EMB-190 AR",
    "o": null,
    "st": "L2J",
    "ml": false
  },
  "04c117": {
    "i": "04c117",
    "r": "5Y-KZA",
    "it": "B788",
    "y": null,
    "m": null,
    "mo": "Boeing 787-8",
    "o": null,
    "st": "L2J",
    "ml": false
  },
  "04c11a": {
    "i": "04c11a",
    "r": "5Y-KZD",
    "it": "B788",
    "y": null,
    "m": null,
    "mo": "Boeing 787-8",
    "o": null,
    "st": "L2J",
    "ml": false
  },
  "04c159": {
    "i": "04c159",
    "r": "5Y-KZG",
    "it": "B788",
    "y": null,
    "m": null,
    "mo": "Boeing 787-8",
    "o": null,
    "st": "L2J",
    "ml": false
  },
  "04c1b3": {
    "i": "04c1b3",
    "r": "5Y-JWX",
    "it": "F50",
    "y": null,
    "m": null,
    "mo": "Fokker F50",
    "o": null,
    "st": "L2T",
    "ml": false
  },
  "04c1cb": {
    "i": "04c1cb",
    "r": "5Y-JWG",
    "it": "F50",
    "y": null,
    "m": null,
    "mo": "Fokker F50 F",
    "o": null,
    "st": "L2T",
    "ml": false
  },
  "04c1dc": {
    "i": "04c1dc",
    "r": "5Y-JWF",
    "it": "F70",
    "y": null,
    "m": null,
    "mo": "Fokker F28 to 100",
    "o": null,
    "st": "L2J",
    "ml": false
  },
  "04c287": {
    "i": "04c287",
    "r": "5Y-FMA",
    "it": "DH8D",
    "y": null,
    "m": null,
    "mo": "",
    "o": null,
    "st": "L2T",
    "ml": false
  },
  "04c2eb": {
    "i": "04c2eb",
    "r": "5Y-NNR",
    "it": "C172",
    "y": null,
    "m": null,
    "mo": "",
    "o": null,
    "st": "L1P",
    "ml": false
  },
  "04002e": {
    "i": "04002e",
    "r": "ET-ANL",
    "it": "DH8D",
    "y": null,
    "m": null,
    "mo": "Bombardier DHC-8 402 NG",
    "o": null,
    "st": "L2T",
    "ml": false
  },
  "040175": {
    "i": "040175",
    "r": "ET-AVV",
    "it": "E145",
    "y": null,
    "m": null,
    "mo": "Embraer ERJ-145-LR",
    "o": null,
    "st": "L2J",
    "ml": false
  },
  "040211": {
    "i": "040211",
    "r": "ET-AZA",
    "it": "B38M",
    "y": null,
    "m": null,
    "mo": "",
    "o": null,
    "st": "L2J",
    "ml": false
  },
  "04021e": {
    "i": "04021e",
    "r": "ET-AZO",
    "it": "B38M",
    "y": null,
    "m": null,
    "mo": "",
    "o": null,
    "st": "L2J",
    "ml": false
  },
  "040225": {
    "i": "040225",
    "r": "ET-AZV",
    "it": "DH8D",
    "y": null,
    "m": null,
    "mo": "",
    "o": null,
    "st": "L2T",
    "ml": false
  },
  "040229": {
    "i": "040229",
    "r": "ET-AZZ",
    "it": "B738",
    "y": null,
    "m": null,
    "mo": "",
    "o": null,
    "st": "L2J",
    "ml": false
  },
  "040241": {
    "i": "040241",
    "r": "ET-BAX",
    "it": "A35K",
    "y": null,
    "m": null,
    "mo": "",
    "o": null,
    "st": "L2J",
    "ml": false
  },
  "04c12e": {
    "i": "04c12e",
    "r": "5Y-UAE",
    "it": "DC93",
    "y": null,
    "m": null,
    "mo": "Douglas DC-9 34CF",
    "o": null,
    "st": "L2J",
    "ml": false
  },
  "04c143": {
    "i": "04c143",
    "r": "5Y-FAN",
    "it": "CRJ1",
    "y": null,
    "m": null,
    "mo": "Bombardier CRJ 100LR",
    "o": null,
    "st": "L2J",
    "ml": false
  },
  "04c14f": {
    "i": "04c14f",
    "r": "5Y-CEW",
    "it": "C208",
    "y": null,
    "m": null,
    "mo": "Cessna 208 B",
    "o": null,
    "st": "L1T",
    "ml": false
  },
  "04c25f": {
    "i": "04c25f",
    "r": "5Y-EAF",
    "it": "ATP",
    "y": null,
    "m": null,
    "mo": "Jetstream ATP-F",
    "o": null,
    "st": "L2T",
    "ml": false
  },
  "04c273": {
    "i": "04c273",
    "r": "5Y-CHT",
    "it": "P28A",
    "y": null,
    "m": null,
    "mo": "",
    "o": null,
    "st": "L1P",
    "ml": false
  },
  "040103": {
    "i": "040103",
    "r": "ET-ASI",
    "it": "B788",
    "y": null,
    "m": null,
    "mo": "Boeing 787-8",
    "o": null,
    "st": "L2J",
    "ml": false
  },
  "040162": {
    "i": "040162",
    "r": "ET-AVY",
    "it": "E145",
    "y": null,
    "m": null,
    "mo": "Embraer ERJ-145",
    "o": null,
    "st": "L2J",
    "ml": false
  },
  "040203": {
    "i": "040203",
    "r": "ET-AYM",
    "it": "A359",
    "y": null,
    "m": null,
    "mo": "",
    "o": null,
    "st": "L2J",
    "ml": false
  },
  "044046": {
    "i": "044046",
    "r": "9G-GAS",
    "it": "JS32",
    "y": null,
    "m": null,
    "mo": "British Aerospace Jetstream 32-02",
    "o": null,
    "st": "L2T",
    "ml": false
  },
  "044073": {
    "i": "044073",
    "r": "9G-ACC",
    "it": "B734",
    "y": null,
    "m": null,
    "mo": "Boeing 737-4Q8",
    "o": null,
    "st": "L2J",
    "ml": false
  },
  "046000": {
    "i": "046000",
    "r": "3X-AAA",
    "it": "PUMA",
    "y": null,
    "m": null,
    "mo": "",
    "o": null,
    "st": "H2T",
    "ml": true
  },
  "04c094": {
    "i": "04c094",
    "r": "5Y-GRS",
    "it": "DH8A",
    "y": null,
    "m": null,
    "mo": "Bombardier DHC-8 106",
    "o": null,
    "st": "L2T",
    "ml": false
  },
  "04c0fb": {
    "i": "04c0fb",
    "r": "5Y-FFH",
    "it": "E190",
    "y": null,
    "m": null,
    "mo": "Embraer Emb-190-100IGW",
    "o": null,
    "st": "L2J",
    "ml": false
  },
  "04c152": {
    "i": "04c152",
    "r": "5Y-RHM",
    "it": "DH8A",
    "y": null,
    "m": null,
    "mo": "De Havilland Canada DHC-8 103",
    "o": null,
    "st": "L2T",
    "ml": false
  },
  "04c1e3": {
    "i": "04c1e3",
    "r": "5Y-CRZ",
    "it": "E145",
    "y": null,
    "m": null,
    "mo": "",
    "o": null,
    "st": "L2J",
    "ml": false
  },
  "04c1f1": {
    "i": "04c1f1",
    "r": "5Y-DVK",
    "it": "AS50",
    "y": null,
    "m": null,
    "mo": "",
    "o": null,
    "st": "H1T",
    "ml": false
  },
  "04c24e": {
    "i": "04c24e",
    "r": "5Y-CJJ",
    "it": "C182",
    "y": null,
    "m": null,
    "mo": "",
    "o": null,
    "st": "L1P",
    "ml": false
  },
  "04c251": {
    "i": "04c251",
    "r": "5Y-LLJ",
    "it": "C206",
    "y": null,
    "m": null,
    "mo": "",
    "o": null,
    "st": "L1P",
    "ml": false
  },
  "040068": {
    "i": "040068",
    "r": "ET-AQA",
    "it": "C172",
    "y": null,
    "m": null,
    "mo": "Cessna 172S Skyhawk SP",
    "o": null,
    "st": "L1P",
    "ml": false
  },
  "04012a": {
    "i": "04012a",
    "r": "ET-ATQ",
    "it": "A359",
    "y": null,
    "m": null,
    "mo": "Airbus A350-941",
    "o": null,
    "st": "L2J",
    "ml": false
  },
  "040135": {
    "i": "040135",
    "r": "ET-AUD",
    "it": "DH8D",
    "y": null,
    "m": null,
    "mo": "Bombardier DHC-8 402 NG",
    "o": null,
    "st": "L2T",
    "ml": false
  },
  "040194": {
    "i": "040194",
    "r": "ET-AXX",
    "it": "DH8D",
    "y": null,
    "m": null,
    "mo": "",
    "o": null,
    "st": "L2T",
    "ml": false
  },
  "040198": {
    "i": "040198",
    "r": "ET-AYA",
    "it": "A359",
    "y": null,
    "m": null,
    "mo": "Airbus A350 941",
    "o": null,
    "st": "L2J",
    "ml": false
  },
  "040202": {
    "i": "040202",
    "r": "ET-AYL",
    "it": "B738",
    "y": null,
    "m": null,
    "mo": "",
    "o": null,
    "st": "L2J",
    "ml": false
  },
  "04406e": {
    "i": "04406e",
    "r": "9G-MCD",
    "it": "BE20",
    "y": null,
    "m": null,
    "mo": "",
    "o": null,
    "st": "L2T",
    "ml": false
  },
  "04c076": {
    "i": "04c076",
    "r": "5Y-VVR",
    "it": "DH8A",
    "y": null,
    "m": null,
    "mo": "De Havilland Canada DHC-8 102",
    "o": null,
    "st": "L2T",
    "ml": false
  },
  "04c0c2": {
    "i": "04c0c2",
    "r": "5Y-JLB",
    "it": "CRJ1",
    "y": null,
    "m": null,
    "mo": "Bombardier CRJ 100LR",
    "o": null,
    "st": "L2J",
    "ml": false
  },
  "04c213": {
    "i": "04c213",
    "r": "5Y-GAS",
    "it": "B190",
    "y": null,
    "m": null,
    "mo": "Beech 1900 D",
    "o": null,
    "st": "L2T",
    "ml": false
  },
  "04c241": {
    "i": "04c241",
    "r": "5Y-FFM",
    "it": "E190",
    "y": null,
    "m": null,
    "mo": "Embraer EMB-190 LR",
    "o": null,
    "st": "L2J",
    "ml": false
  },
  "04000f": {
    "i": "04000f",
    "r": "ET-ALK",
    "it": "B737",
    "y": null,
    "m": null,
    "mo": "Boeing 737-760",
    "o": null,
    "st": "L2J",
    "ml": false
  },
  "040029": {
    "i": "040029",
    "r": "ET-ANG",
    "it": "B737",
    "y": null,
    "m": null,
    "mo": "Boeing 737-7K9",
    "o": null,
    "st": "L2J",
    "ml": false
  },
  "040036": {
    "i": "040036",
    "r": "ET-ANW",
    "it": "DH8D",
    "y": null,
    "m": null,
    "mo": "Bombardier DHC-8 402 NG",
    "o": null,
    "st": "L2T",
    "ml": false
  },
  "040105": {
    "i": "040105",
    "r": "ET-ASK",
    "it": "B77W",
    "y": null,
    "m": null,
    "mo": "Boeing 777-360",
    "o": null,
    "st": "L2J",
    "ml": false
  },
  "04016b": {
    "i": "04016b",
    "r": "ET-AWH",
    "it": "B38M",
    "y": null,
    "m": null,
    "mo": "",
    "o": null,
    "st": "L2J",
    "ml": false
  },
  "040193": {
    "i": "040193",
    "r": "ET-AXW",
    "it": "DH8D",
    "y": null,
    "m": null,
    "mo": "",
    "o": null,
    "st": "L2T",
    "ml": false
  },
  "040197": {
    "i": "040197",
    "r": "ET-AYB",
    "it": "A359",
    "y": null,
    "m": null,
    "mo": "Airbus A350 941",
    "o": null,
    "st": "L2J",
    "ml": false
  },
  "040248": {
    "i": "040248",
    "r": "ET-BBE",
    "it": "B763",
    "y": null,
    "m": null,
    "mo": "",
    "o": null,
    "st": "L2J",
    "ml": false
  },
  "04c119": {
    "i": "04c119",
    "r": "5Y-KZC",
    "it": "B788",
    "y": null,
    "m": null,
    "mo": "Boeing 787-8",
    "o": null,
    "st": "L2J",
    "ml": false
  },
  "04c147": {
    "i": "04c147",
    "r": "5Y-CYA",
    "it": "B738",
    "y": null,
    "m": null,
    "mo": "Boeing 737-8HX",
    "o": null,
    "st": "L2J",
    "ml": false
  },
  "04c14a": {
    "i": "04c14a",
    "r": "5Y-CYD",
    "it": "B738",
    "y": null,
    "m": null,
    "mo": "Boeing 737-8HX",
    "o": null,
    "st": "L2J",
    "ml": false
  },
  "04c15a": {
    "i": "04c15a",
    "r": "5Y-KZH",
    "it": "B788",
    "y": null,
    "m": null,
    "mo": "",
    "o": null,
    "st": "L2J",
    "ml": false
  },
  "04c1a4": {
    "i": "04c1a4",
    "r": "5Y-JXB",
    "it": "DH8D",
    "y": null,
    "m": null,
    "mo": "Bombardier DHC-8-Q-402NG",
    "o": null,
    "st": "L2T",
    "ml": false
  },
  "04c1a8": {
    "i": "04c1a8",
    "r": "306",
    "it": "DH8A",
    "y": null,
    "m": null,
    "mo": "",
    "o": null,
    "st": "L2T",
    "ml": true
  },
  "04c21f": {
    "i": "04c21f",
    "r": "5Y-SLG",
    "it": "C208",
    "y": null,
    "m": null,
    "mo": "",
    "o": null,
    "st": "L1T",
    "ml": false
  },
  "04c23f": {
    "i": "04c23f",
    "r": "5Y-ZBD",
    "it": "C208",
    "y": null,
    "m": null,
    "mo": "",
    "o": null,
    "st": "L1T",
    "ml": false
  },
  "04c277": {
    "i": "04c277",
    "r": "5Y-FQB",
    "it": "B734",
    "y": null,
    "m": null,
    "mo": "",
    "o": null,
    "st": "L2J",
    "ml": false
  },
  "04c2a4": {
    "i": "04c2a4",
    "r": "5Y-FEB",
    "it": "DH8D",
    "y": null,
    "m": null,
    "mo": "",
    "o": null,
    "st": "L2T",
    "ml": false
  },
  "04c2c1": {
    "i": "04c2c1",
    "r": "5Y-TUX",
    "it": "DH8B",
    "y": null,
    "m": null,
    "mo": "",
    "o": null,
    "st": "L2T",
    "ml": false
  },
  "04c2e8": {
    "i": "04c2e8",
    "r": "5Y-CKY",
    "it": "DH8B",
    "y": null,
    "m": null,
    "mo": "",
    "o": null,
    "st": "L2T",
    "ml": false
  },
  "04c2f6": {
    "i": "04c2f6",
    "r": "5Y-KCB",
    "it": "B738",
    "y": null,
    "m": null,
    "mo": "Boeing 737NG 8Q8/W",
    "o": null,
    "st": "L2J",
    "ml": false
  },
  "04006a": {
    "i": "04006a",
    "r": "ET-AQC",
    "it": "DH8D",
    "y": null,
    "m": null,
    "mo": "Bombardier DHC-8 402 NG",
    "o": null,
    "st": "L2T",
    "ml": false
  },
  "040070": {
    "i": "040070",
    "r": "ET-AQI",
    "it": "AC90",
    "y": null,
    "m": null,
    "mo": "Rockwell Turbo Commander 690C",
    "o": null,
    "st": "L2T",
    "ml": false
  },
  "040077": {
    "i": "040077",
    "r": "ET-AQN",
    "it": "B738",
    "y": null,
    "m": null,
    "mo": "Boeing 737-860",
    "o": null,
    "st": "L2J",
    "ml": false
  },
  "040132": {
    "i": "040132",
    "r": "ET-AUA",
    "it": "A359",
    "y": null,
    "m": null,
    "mo": "Airbus A350-941",
    "o": null,
    "st": "L2J",
    "ml": false
  },
  "040219": {
    "i": "040219",
    "r": "ET-AZI",
    "it": "A359",
    "y": null,
    "m": null,
    "mo": "",
    "o": null,
    "st": "L2J",
    "ml": false
  },
  "04c055": {
    "i": "04c055",
    "r": "5Y-BVI",
    "it": "B190",
    "y": null,
    "m": null,
    "mo": "Beech 1900 C-1",
    "o": null,
    "st": "L2T",
    "ml": false
  },
  "04c085": {
    "i": "04c085",
    "r": "5Y-DAC",
    "it": "DH8A",
    "y": null,
    "m": null,
    "mo": "",
    "o": null,
    "st": "L2T",
    "ml": false
  },
  "04c09c": {
    "i": "04c09c",
    "r": "5Y-AXL",
    "it": "MD82",
    "y": null,
    "m": null,
    "mo": "McDonnell Douglas DC-9 82",
    "o": null,
    "st": "L2J",
    "ml": false
  },
  "04c0d1": {
    "i": "04c0d1",
    "r": "5Y-VVU",
    "it": "DH8D",
    "y": null,
    "m": null,
    "mo": "Bombardier DHC-8 402",
    "o": null,
    "st": "L2T",
    "ml": false
  },
  "04c118": {
    "i": "04c118",
    "r": "5Y-KZB",
    "it": "B788",
    "y": null,
    "m": null,
    "mo": "Boeing 787-8",
    "o": null,
    "st": "L2J",
    "ml": false
  },
  "04c15c": {
    "i": "04c15c",
    "r": "5Y-CCW",
    "it": "C175",
    "y": null,
    "m": null,
    "mo": "Cessna 175 Skylark",
    "o": null,
    "st": "L1P",
    "ml": false
  },
  "04c16b": {
    "i": "04c16b",
    "r": "5Y-SMI",
    "it": "DH8C",
    "y": null,
    "m": null,
    "mo": "",
    "o": null,
    "st": "L2T",
    "ml": false
  },
  "04c1cf": {
    "i": "04c1cf",
    "r": "5Y-WFC",
    "it": "F50",
    "y": null,
    "m": null,
    "mo": "Fokker F50",
    "o": null,
    "st": "L2T",
    "ml": false
  },
  "04c200": {
    "i": "04c200",
    "r": "5Y-NNJ",
    "it": "C172",
    "y": null,
    "m": null,
    "mo": "",
    "o": null,
    "st": "L1P",
    "ml": false
  },
  "04020d": {
    "i": "04020d",
    "r": "ET-AYW",
    "it": "B350",
    "y": null,
    "m": null,
    "mo": "",
    "o": null,
    "st": "L2T",
    "ml": false
  },
  "04c293": {
    "i": "04c293",
    "r": "5Y-FDW",
    "it": "C680",
    "y": null,
    "m": null,
    "mo": "",
    "o": null,
    "st": "L2J",
    "ml": false
  },
  "04c1cd": {
    "i": "04c1cd",
    "r": "5Y-FDP",
    "it": "PC12",
    "y": null,
    "m": null,
    "mo": "Pilatus PC-XII 45",
    "o": null,
    "st": "L1T",
    "ml": false
  },
  "04c20b": {
    "i": "04c20b",
    "r": "5Y-FDM",
    "it": "C56X",
    "y": null,
    "m": null,
    "mo": "Cessna 560XL",
    "o": null,
    "st": "L2J",
    "ml": false
  },
  "04c1cc": {
    "i": "04c1cc",
    "r": "5Y-FDF",
    "it": "PC12",
    "y": null,
    "m": null,
    "mo": "",
    "o": null,
    "st": "L1T",
    "ml": false
  },
  "04c226": {
    "i": "04c226",
    "r": "5Y-FDR",
    "it": "C55B",
    "y": null,
    "m": null,
    "mo": "Cessna 550/551",
    "o": null,
    "st": "L2J",
    "ml": false
  },
  "04c2b8": {
    "i": "04c2b8",
    "r": "5Y-CKH",
    "it": "D228",
    "y": null,
    "m": "DORNIER",
    "mo": "228",
    "o": null,
    "st": "L2T",
    "ml": false
  },
  "04c322": {
    "i": "04c322",
    "r": "5Y-0929A",
    "it": "SOL2",
    "y": null,
    "m": "AALTO",
    "mo": "Zephyr",
    "o": null,
    "st": "L4E",
    "ml": false
  },
  "040245": {
    "i": "040245",
    "r": "ET-BBB",
    "it": "B38M",
    "y": null,
    "m": "BOEING",
    "mo": "737 MAX 8",
    "o": null,
    "st": "L2J",
    "ml": false
  },
  "04c32f": {
    "i": "04c32f",
    "r": "5Y-PCX",
    "it": "PC12",
    "y": null,
    "m": "PILATUS",
    "mo": "PC-12",
    "o": null,
    "st": "L1T",
    "ml": false
  },
  "04c317": {
    "i": "04c317",
    "r": "5Y-PAB",
    "it": "C680",
    "y": null,
    "m": "CESSNA",
    "mo": "680 Citation Latitude",
    "o": null,
    "st": "L2J",
    "ml": false
  },
  "04c329": {
    "i": "04c329",
    "r": "5Y-RNH",
    "it": "DH8A",
    "y": null,
    "m": "DE HAVILLAND",
    "mo": "DHC-8-100 Dash 8",
    "o": null,
    "st": "L2T",
    "ml": false
  },
  "040238": {
    "i": "040238",
    "r": "ET-BAO",
    "it": "B38M",
    "y": null,
    "m": "BOEING",
    "mo": "737 MAX 8",
    "o": null,
    "st": "L2J",
    "ml": false
  },
  "04c31a": {
    "i": "04c31a",
    "r": "5Y-VAN",
    "it": "C208",
    "y": null,
    "m": "CESSNA",
    "mo": "208 Caravan",
    "o": null,
    "st": "L1T",
    "ml": false
  },
  "040249": {
    "i": "040249",
    "r": "ET-BBF",
    "it": "B763",
    "y": null,
    "m": "BOEING",
    "mo": "767-300",
    "o": null,
    "st": "L2J",
    "ml": false
  },
  "04406f": {
    "i": "04406f",
    "r": "9G-HAB",
    "it": "A139",
    "y": null,
    "m": "AGUSTA",
    "mo": "AW-139",
    "o": null,
    "st": "H2T",
    "ml": false
  },
  "040242": {
    "i": "040242",
    "r": "ET-BAY",
    "it": "A35K",
    "y": null,
    "m": "AIRBUS",
    "mo": "A350-1000",
    "o": null,
    "st": "L2J",
    "ml": false
  },
  "04c31e": {
    "i": "04c31e",
    "r": "5Y-SKD",
    "it": "F70",
    "y": null,
    "m": "FOKKER",
    "mo": "70",
    "o": null,
    "st": "L2J",
    "ml": false
  },
  "04002b": {
    "i": "04002b",
    "r": "ET-ANH",
    "it": "B737",
    "y": null,
    "m": "BOEING",
    "mo": "737-700",
    "o": null,
    "st": "L2J",
    "ml": false
  },
  "04c2c3": {
    "i": "04c2c3",
    "r": "5Y-FEC",
    "it": "DH8D",
    "y": null,
    "m": "DE HAVILLAND",
    "mo": "DHC-8-400 Dash 8",
    "o": null,
    "st": "L2T",
    "ml": false
  },
  "040234": {
    "i": "040234",
    "r": "ET-BAK",
    "it": "B38M",
    "y": null,
    "m": "BOEING",
    "mo": "737 MAX 8",
    "o": null,
    "st": "L2J",
    "ml": false
  },
  "04022c": {
    "i": "04022c",
    "r": "ET-BAC",
    "it": "B77L",
    "y": null,
    "m": "BOEING",
    "mo": "777-200LR",
    "o": null,
    "st": "L2J",
    "ml": false
  },
  "04024a": {
    "i": "04024a",
    "r": "ET-BBG",
    "it": "B77W",
    "y": null,
    "m": "BOEING",
    "mo": "777-300ER",
    "o": null,
    "st": "L2J",
    "ml": false
  },
  "04c2f2": {
    "i": "04c2f2",
    "r": "5Y-FQC",
    "it": "B734",
    "y": null,
    "m": "BOEING",
    "mo": "737-400",
    "o": null,
    "st": "L2J",
    "ml": false
  },
  "04c2fc": {
    "i": "04c2fc",
    "r": "5Y-BZW",
    "it": "C180",
    "y": null,
    "m": "CESSNA",
    "mo": "180 Skywagon",
    "o": null,
    "st": "L1P",
    "ml": false
  },
  "0428da": {
    "i": "0428da",
    "r": "3C-MAF",
    "it": "IL76",
    "y": null,
    "m": "ILYUSHIN",
    "mo": "Il-76/82",
    "o": "Government of Equatorial Guinea",
    "st": "L4J",
    "ml": true
  },
  "04c315": {
    "i": "04c315",
    "r": "5Y-CJR",
    "it": "C206",
    "y": null,
    "m": "CESSNA",
    "mo": "206 Stationair",
    "o": null,
    "st": "L1P",
    "ml": false
  },
  "04022b": {
    "i": "04022b",
    "r": "ET-BAB",
    "it": "B77L",
    "y": null,
    "m": "BOEING",
    "mo": "777-200LR",
    "o": null,
    "st": "L2J",
    "ml": false
  },
  "04c32d": {
    "i": "04c32d",
    "r": "5Y-BJS",
    "it": "C206",
    "y": null,
    "m": "CESSNA",
    "mo": "206 Stationair",
    "o": null,
    "st": "L1P",
    "ml": false
  },
  "044037": {
    "i": "044037",
    "r": "9G-EXE",
    "it": "F900",
    "y": null,
    "m": "DASSAULT",
    "mo": "Falcon 900",
    "o": "Government of Ghana",
    "st": "L3J",
    "ml": true
  },
  "04c326": {
    "i": "04c326",
    "r": "5Y-KBX",
    "it": "F70",
    "y": null,
    "m": "FOKKER",
    "mo": "70",
    "o": null,
    "st": "L2J",
    "ml": false
  },
  "04c31b": {
    "i": "04c31b",
    "r": "5Y-LEX",
    "it": "C208",
    "y": null,
    "m": "CESSNA",
    "mo": "208 Caravan",
    "o": null,
    "st": "L1T",
    "ml": false
  },
  "04c324": {
    "i": "04c324",
    "r": "5Y-HNK",
    "it": "AS50",
    "y": null,
    "m": "AEROSPATIALE",
    "mo": "AS-350 Ecureuil",
    "o": null,
    "st": "H1T",
    "ml": false
  },
  "04c1e8": {
    "i": "04c1e8",
    "r": "222",
    "it": "C27J",
    "y": null,
    "m": "ALENIA",
    "mo": "C-27J Spartan",
    "o": null,
    "st": "L2T",
    "ml": true
  },
  "04c1e9": {
    "i": "04c1e9",
    "r": "224",
    "it": "C27J",
    "y": null,
    "m": "ALENIA",
    "mo": "C-27J Spartan",
    "o": null,
    "st": "L2T",
    "ml": true
  },
  "04c20e": {
    "i": "04c20e",
    "r": "KAF1806",
    "it": "A139",
    "y": null,
    "m": "AGUSTA",
    "mo": "AW-139",
    "o": null,
    "st": "H2T",
    "ml": true
  },
  "04c325": {
    "i": "04c325",
    "r": "5Y-CCJ",
    "it": "C208",
    "y": null,
    "m": "CESSNA",
    "mo": "208 Caravan",
    "o": null,
    "st": "L1T",
    "ml": false
  },
  "04c31c": {
    "i": "04c31c",
    "r": "5Y-CCU",
    "it": "C208",
    "y": null,
    "m": "CESSNA",
    "mo": "208 Caravan",
    "o": null,
    "st": "L1T",
    "ml": false
  },
  "04c319": {
    "i": "04c319",
    "r": "5Y-PRL",
    "it": "AS50",
    "y": null,
    "m": "AEROSPATIALE",
    "mo": "AS-350 Ecureuil",
    "o": null,
    "st": "H1T",
    "ml": false
  },
  "04c1ea": {
    "i": "04c1ea",
    "r": "226",
    "it": "C27J",
    "y": null,
    "m": "ALENIA",
    "mo": "C-27J Spartan",
    "o": null,
    "st": "L2T",
    "ml": true
  },
  "042001": {
    "i": "042001",
    "r": "3C-ONM",
    "it": "F900",
    "y": null,
    "m": "DASSAULT",
    "mo": "FALCON 900 B",
    "o": "Government of Equatorial Guinea",
    "st": "L3J",
    "ml": true
  },
  "040246": {
    "i": "040246",
    "r": "ET-BBC",
    "it": "B38M",
    "y": null,
    "m": "BOEING",
    "mo": "737 MAX 8",
    "o": null,
    "st": "L2J",
    "ml": false
  },
  "040232": {
    "i": "040232",
    "r": "ET-BAJ",
    "it": "B38M",
    "y": null,
    "m": "BOEING",
    "mo": "737 MAX 8",
    "o": null,
    "st": "L2J",
    "ml": false
  },
  "04c0f4": {
    "i": "04c0f4",
    "r": "5Y-EXR",
    "it": "BE58",
    "y": null,
    "m": "BEECH",
    "mo": "58 Baron",
    "o": null,
    "st": "L2P",
    "ml": false
  },
  "04c328": {
    "i": "04c328",
    "r": "5Y-ART",
    "it": "C210",
    "y": null,
    "m": "CESSNA",
    "mo": "210 Centurion",
    "o": null,
    "st": "L1P",
    "ml": false
  },
  "040255": {
    "i": "040255",
    "r": "ET-BBB",
    "it": "B38M",
    "y": null,
    "m": "BOEING",
    "mo": "737 MAX 8",
    "o": null,
    "st": "L2J",
    "ml": false
  },
  "042003": {
    "i": "042003",
    "r": "3C-LGE",
    "it": "FA50",
    "y": null,
    "m": "DASSAULT",
    "mo": "FALCON-50",
    "o": "Government of Equatorial Guinea",
    "st": "L3J",
    "ml": true
  },
  "04c310": {
    "i": "04c310",
    "r": "5Y-IIK",
    "it": "AS50",
    "y": null,
    "m": "AEROSPATIALE",
    "mo": "AS-350 Ecureuil",
    "o": null,
    "st": "H1T",
    "ml": false
  },
  "04c33c": {
    "i": "04c33c",
    "r": "5Y-SLR",
    "it": "C208",
    "y": null,
    "m": "CESSNA",
    "mo": "208 Caravan",
    "o": null,
    "st": "L1T",
    "ml": false
  },
  "04200a": {
    "i": "04200a",
    "r": "3C-EGE",
    "it": "B737",
    "y": null,
    "m": "BOEING",
    "mo": "737NG 7FB BBJ/W",
    "o": "Government of Ecuatorial Guinea",
    "st": "L2J",
    "ml": true
  }
}