{
  "058027": {
    "i": "058027",
    "r": "7Q-KWA",
    "it": "D228",
    "y": null,
    "m": null,
    "mo": "Dornier Do.228-101",
    "o": null,
    "st": "L2T",
    "ml": false
  },
  "05a057": {
    "i": "05a057",
    "r": "8Q-AMD",
    "it": "DH8B",
    "y": null,
    "m": null,
    "mo": "Bombardier DHC-8-202",
    "o": null,
    "st": "L2T",
    "ml": false
  },
  "05a07b": {
    "i": "05a07b",
    "r": "8Q-ISI",
    "it": "DHC6",
    "y": null,
    "m": null,
    "mo": "",
    "o": null,
    "st": "L2T",
    "ml": false
  },
  "05a0a8": {
    "i": "05a0a8",
    "r": "8Q-TBB",
    "it": "DHC6",
    "y": null,
    "m": null,
    "mo": "",
    "o": null,
    "st": "L2T",
    "ml": false
  },
  "05a0aa": {
    "i": "05a0aa",
    "r": "8Q-IAW",
    "it": "AT46",
    "y": null,
    "m": null,
    "mo": "",
    "o": null,
    "st": "L2T",
    "ml": false
  },
  "05c086": {
    "i": "05c086",
    "r": "TZ-DTC",
    "it": "A342",
    "y": null,
    "m": null,
    "mo": "",
    "o": null,
    "st": "L4J",
    "ml": false
  },
  "054013": {
    "i": "054013",
    "r": "5R-MGX",
    "it": "C55B",
    "y": null,
    "m": null,
    "mo": "Cessna Citation Bravo",
    "o": null,
    "st": "L2J",
    "ml": false
  },
  "05a02b": {
    "i": "05a02b",
    "r": "8Q-MBC",
    "it": "DHC6",
    "y": null,
    "m": null,
    "mo": "",
    "o": null,
    "st": "L2T",
    "ml": false
  },
  "05a049": {
    "i": "05a049",
    "r": "8Q-TMI",
    "it": "DHC6",
    "y": null,
    "m": null,
    "mo": "",
    "o": null,
    "st": "L2T",
    "ml": false
  },
  "05a050": {
    "i": "05a050",
    "r": "8Q-TMQ",
    "it": "DHC6",
    "y": null,
    "m": null,
    "mo": "",
    "o": null,
    "st": "L2T",
    "ml": false
  },
  "05a088": {
    "i": "05a088",
    "r": "8Q-RAA",
    "it": "DHC6",
    "y": null,
    "m": null,
    "mo": "",
    "o": null,
    "st": "L2T",
    "ml": false
  },
  "05e05c": {
    "i": "05e05c",
    "r": "5T-CLL",
    "it": "E75L",
    "y": null,
    "m": null,
    "mo": "Embraer EMB-175",
    "o": null,
    "st": "L2J",
    "ml": false
  },
  "05402b": {
    "i": "05402b",
    "r": "5R-AME",
    "it": "BE20",
    "y": null,
    "m": null,
    "mo": "Beech King Air B200",
    "o": null,
    "st": "L2T",
    "ml": false
  },
  "05800f": {
    "i": "05800f",
    "r": "7Q-ULC",
    "it": "B350",
    "y": null,
    "m": null,
    "mo": "Hawker Beechcraft Corp King Air B350",
    "o": null,
    "st": "L2T",
    "ml": false
  },
  "05a012": {
    "i": "05a012",
    "r": "8Q-MAO",
    "it": "DHC6",
    "y": null,
    "m": null,
    "mo": "",
    "o": null,
    "st": "L2T",
    "ml": false
  },
  "05a043": {
    "i": "05a043",
    "r": "8Q-MBH",
    "it": "DHC6",
    "y": null,
    "m": null,
    "mo": "",
    "o": null,
    "st": "L2T",
    "ml": false
  },
  "05a052": {
    "i": "05a052",
    "r": "8Q-TMR",
    "it": "DHC6",
    "y": null,
    "m": null,
    "mo": "",
    "o": null,
    "st": "L2T",
    "ml": false
  },
  "05a067": {
    "i": "05a067",
    "r": "8Q-VAW",
    "it": "AT75",
    "y": null,
    "m": null,
    "mo": "Avions de Transport Regional ATR 72 500",
    "o": null,
    "st": "L2T",
    "ml": false
  },
  "05a09e": {
    "i": "05a09e",
    "r": "8Q-IAY",
    "it": "AT76",
    "y": null,
    "m": null,
    "mo": "",
    "o": null,
    "st": "L2T",
    "ml": false
  },
  "05a0ab": {
    "i": "05a0ab",
    "r": "8Q-RAO",
    "it": "DHC6",
    "y": null,
    "m": null,
    "mo": "",
    "o": null,
    "st": "L2T",
    "ml": false
  },
  "05c07d": {
    "i": "05c07d",
    "r": "TZ-FKA",
    "it": "F406",
    "y": null,
    "m": null,
    "mo": "",
    "o": null,
    "st": "L2T",
    "ml": false
  },
  "05e0e3": {
    "i": "05e0e3",
    "r": "5T-PCL",
    "it": "GLF4",
    "y": null,
    "m": null,
    "mo": "",
    "o": null,
    "st": "L2J",
    "ml": false
  },
  "05803c": {
    "i": "05803c",
    "r": "7Q-KHA",
    "it": "L410",
    "y": null,
    "m": null,
    "mo": "",
    "o": null,
    "st": "L2T",
    "ml": false
  },
  "05a004": {
    "i": "05a004",
    "r": "8Q-IAP",
    "it": "DH8C",
    "y": null,
    "m": null,
    "mo": "Bombardier DHC-8-Q-311B",
    "o": null,
    "st": "L2T",
    "ml": false
  },
  "05a00e": {
    "i": "05a00e",
    "r": "8Q-MAI",
    "it": "DHC6",
    "y": null,
    "m": null,
    "mo": "De Havilland Canada DHC-6 Twin Otter 300",
    "o": null,
    "st": "L2T",
    "ml": false
  },
  "05a083": {
    "i": "05a083",
    "r": "8Q-TAL",
    "it": "DHC6",
    "y": null,
    "m": null,
    "mo": "",
    "o": null,
    "st": "L2T",
    "ml": false
  },
  "050029": {
    "i": "050029",
    "r": "7Q-STC",
    "it": "DHC5",
    "y": null,
    "m": null,
    "mo": "",
    "o": null,
    "st": "L2T",
    "ml": false
  },
  "05401f": {
    "i": "05401f",
    "r": "5R-EAA",
    "it": "A343",
    "y": null,
    "m": null,
    "mo": "Airbus A340 313X",
    "o": null,
    "st": "L4J",
    "ml": false
  },
  "05a021": {
    "i": "05a021",
    "r": "8Q-MAF",
    "it": "DHC6",
    "y": null,
    "m": null,
    "mo": "",
    "o": null,
    "st": "L2T",
    "ml": false
  },
  "05a03b": {
    "i": "05a03b",
    "r": "8Q-TMX",
    "it": "DHC6",
    "y": null,
    "m": null,
    "mo": "",
    "o": null,
    "st": "L2T",
    "ml": false
  },
  "05a05b": {
    "i": "05a05b",
    "r": "8Q-IAJ",
    "it": "DHC6",
    "y": null,
    "m": null,
    "mo": "",
    "o": null,
    "st": "L2T",
    "ml": false
  },
  "05a074": {
    "i": "05a074",
    "r": "8Q-ISH",
    "it": "DHC6",
    "y": null,
    "m": null,
    "mo": "",
    "o": null,
    "st": "L2T",
    "ml": false
  },
  "05a075": {
    "i": "05a075",
    "r": "8Q-TMA",
    "it": "DHC6",
    "y": null,
    "m": null,
    "mo": "",
    "o": null,
    "st": "L2T",
    "ml": false
  },
  "05a098": {
    "i": "05a098",
    "r": "8Q-MFC",
    "it": "C152",
    "y": null,
    "m": null,
    "mo": "",
    "o": null,
    "st": "L1P",
    "ml": false
  },
  "05a0a7": {
    "i": "05a0a7",
    "r": "8Q-TBA",
    "it": "DHC6",
    "y": null,
    "m": null,
    "mo": "",
    "o": null,
    "st": "L2T",
    "ml": false
  },
  "05a045": {
    "i": "05a045",
    "r": "8Q-TMF",
    "it": "DHC6",
    "y": null,
    "m": null,
    "mo": "",
    "o": null,
    "st": "L2T",
    "ml": false
  },
  "05a07d": {
    "i": "05a07d",
    "r": "8Q-TAJ",
    "it": "DHC6",
    "y": null,
    "m": null,
    "mo": "",
    "o": null,
    "st": "L2T",
    "ml": false
  },
  "05a08a": {
    "i": "05a08a",
    "r": "8Q-RAF",
    "it": "DHC6",
    "y": null,
    "m": null,
    "mo": "",
    "o": null,
    "st": "L2T",
    "ml": false
  },
  "058010": {
    "i": "058010",
    "r": "7Q-ULL",
    "it": "C208",
    "y": null,
    "m": null,
    "mo": "",
    "o": null,
    "st": "L1T",
    "ml": false
  },
  "05a05a": {
    "i": "05a05a",
    "r": "8Q-IAK",
    "it": "DH8C",
    "y": null,
    "m": null,
    "mo": "Bombardier DHC-8-Q-315",
    "o": null,
    "st": "L2T",
    "ml": false
  },
  "05a072": {
    "i": "05a072",
    "r": "8Q-MFE",
    "it": "C152",
    "y": null,
    "m": null,
    "mo": "",
    "o": null,
    "st": "L1P",
    "ml": false
  },
  "05a078": {
    "i": "05a078",
    "r": "8Q-TAH",
    "it": "DHC6",
    "y": null,
    "m": null,
    "mo": "De Havilland Canada DHC-6-300",
    "o": null,
    "st": "L2T",
    "ml": false
  },
  "05803a": {
    "i": "05803a",
    "r": "7Q-CWJ",
    "it": "E135",
    "y": null,
    "m": null,
    "mo": "Embraer ERJ-135-BJ Legacy 650",
    "o": null,
    "st": "L2J",
    "ml": false
  },
  "05a018": {
    "i": "05a018",
    "r": "8Q-RAH",
    "it": "DHC6",
    "y": null,
    "m": null,
    "mo": "",
    "o": null,
    "st": "L2T",
    "ml": false
  },
  "05a028": {
    "i": "05a028",
    "r": "8Q-TMU",
    "it": "DHC6",
    "y": null,
    "m": null,
    "mo": "",
    "o": null,
    "st": "L2T",
    "ml": false
  },
  "05a06a": {
    "i": "05a06a",
    "r": "8Q-ISA",
    "it": "DHC6",
    "y": null,
    "m": null,
    "mo": "",
    "o": null,
    "st": "L2T",
    "ml": false
  },
  "05a09b": {
    "i": "05a09b",
    "r": "8Q-TAU",
    "it": "DHC6",
    "y": null,
    "m": null,
    "mo": "",
    "o": null,
    "st": "L2T",
    "ml": false
  },
  "05e054": {
    "i": "05e054",
    "r": "5T-CLE",
    "it": "B738",
    "y": null,
    "m": null,
    "mo": "Boeing 737-800",
    "o": null,
    "st": "L2J",
    "ml": false
  },
  "054023": {
    "i": "054023",
    "r": "5R-HMR",
    "it": "C56X",
    "y": null,
    "m": null,
    "mo": "Cessna 560XL",
    "o": null,
    "st": "L2J",
    "ml": false
  },
  "058033": {
    "i": "058033",
    "r": "7Q-YAE",
    "it": "L410",
    "y": null,
    "m": null,
    "mo": "",
    "o": null,
    "st": "L2T",
    "ml": false
  },
  "05a00d": {
    "i": "05a00d",
    "r": "8Q-MAH",
    "it": "DHC6",
    "y": null,
    "m": null,
    "mo": "",
    "o": null,
    "st": "L2T",
    "ml": false
  },
  "05a023": {
    "i": "05a023",
    "r": "8Q-MAJ",
    "it": "DHC6",
    "y": null,
    "m": null,
    "mo": "",
    "o": null,
    "st": "L2T",
    "ml": false
  },
  "05a073": {
    "i": "05a073",
    "r": "8Q-ISF",
    "it": "DHC6",
    "y": null,
    "m": null,
    "mo": "",
    "o": null,
    "st": "L2T",
    "ml": false
  },
  "05a097": {
    "i": "05a097",
    "r": "8Q-MFB",
    "it": "C152",
    "y": null,
    "m": null,
    "mo": "",
    "o": null,
    "st": "L1P",
    "ml": false
  },
  "05a09c": {
    "i": "05a09c",
    "r": "8Q-TAV",
    "it": "DHC6",
    "y": null,
    "m": null,
    "mo": "",
    "o": null,
    "st": "L2T",
    "ml": false
  },
  "05a092": {
    "i": "05a092",
    "r": "8Q-TAR",
    "it": "DHC6",
    "y": null,
    "m": null,
    "mo": "",
    "o": null,
    "st": "L2T",
    "ml": false
  },
  "05a0a5": {
    "i": "05a0a5",
    "r": "8Q-RAQ",
    "it": "DHC6",
    "y": null,
    "m": null,
    "mo": "",
    "o": null,
    "st": "L2T",
    "ml": false
  },
  "05c07f": {
    "i": "05c07f",
    "r": "TZ-SMA",
    "it": "B735",
    "y": null,
    "m": null,
    "mo": "",
    "o": null,
    "st": "L2J",
    "ml": false
  },
  "05a025": {
    "i": "05a025",
    "r": "8Q-MAN",
    "it": "DHC6",
    "y": null,
    "m": null,
    "mo": "",
    "o": null,
    "st": "L2T",
    "ml": false
  },
  "05a03d": {
    "i": "05a03d",
    "r": "8Q-TMY",
    "it": "DHC6",
    "y": null,
    "m": null,
    "mo": "Viking Air DHC-6 Twin Otter 400",
    "o": null,
    "st": "L2T",
    "ml": false
  },
  "05a04a": {
    "i": "05a04a",
    "r": "8Q-TMJ",
    "it": "DHC6",
    "y": null,
    "m": null,
    "mo": "",
    "o": null,
    "st": "L2T",
    "ml": false
  },
  "05a079": {
    "i": "05a079",
    "r": "8Q-IAA",
    "it": "DH8C",
    "y": null,
    "m": null,
    "mo": "Bombardier DHC-8 315Q",
    "o": null,
    "st": "L2T",
    "ml": false
  },
  "05a087": {
    "i": "05a087",
    "r": "8Q-RAB",
    "it": "DHC6",
    "y": null,
    "m": null,
    "mo": "",
    "o": null,
    "st": "L2T",
    "ml": false
  },
  "05a08d": {
    "i": "05a08d",
    "r": "8Q-TAO",
    "it": "DHC6",
    "y": null,
    "m": null,
    "mo": "",
    "o": null,
    "st": "L2T",
    "ml": false
  },
  "05e063": {
    "i": "05e063",
    "r": "5T-CSD",
    "it": "AT75",
    "y": null,
    "m": null,
    "mo": "",
    "o": null,
    "st": "L2T",
    "ml": false
  },
  "05a01f": {
    "i": "05a01f",
    "r": "8Q-MAW",
    "it": "DHC6",
    "y": null,
    "m": null,
    "mo": "",
    "o": null,
    "st": "L2T",
    "ml": false
  },
  "05a051": {
    "i": "05a051",
    "r": "8Q-TMP",
    "it": "DHC6",
    "y": null,
    "m": null,
    "mo": "",
    "o": null,
    "st": "L2T",
    "ml": false
  },
  "05a08c": {
    "i": "05a08c",
    "r": "8Q-TAN",
    "it": "DHC6",
    "y": null,
    "m": null,
    "mo": "",
    "o": null,
    "st": "L2T",
    "ml": false
  },
  "05a04c": {
    "i": "05a04c",
    "r": "8Q-TML",
    "it": "DHC6",
    "y": null,
    "m": null,
    "mo": "",
    "o": null,
    "st": "L2T",
    "ml": false
  },
  "05a05e": {
    "i": "05a05e",
    "r": "8Q-IAH",
    "it": "DHC6",
    "y": null,
    "m": null,
    "mo": "De Havilland Canada DHC-6 Twin Otter 300",
    "o": null,
    "st": "L2T",
    "ml": false
  },
  "05a064": {
    "i": "05a064",
    "r": "8Q-IAE",
    "it": "DHC6",
    "y": null,
    "m": null,
    "mo": "",
    "o": null,
    "st": "L2T",
    "ml": false
  },
  "05a082": {
    "i": "05a082",
    "r": "8Q-RAX",
    "it": "AT76",
    "y": null,
    "m": null,
    "mo": "",
    "o": null,
    "st": "L2T",
    "ml": false
  },
  "05a0a2": {
    "i": "05a0a2",
    "r": "8Q-RAM",
    "it": "DHC6",
    "y": null,
    "m": null,
    "mo": "",
    "o": null,
    "st": "L2T",
    "ml": false
  },
  "058065": {
    "i": "058065",
    "r": "7Q-DAL",
    "it": "DH8D",
    "y": null,
    "m": null,
    "mo": "",
    "o": null,
    "st": "L2T",
    "ml": false
  },
  "05a036": {
    "i": "05a036",
    "r": "8Q-TAC",
    "it": "DHC6",
    "y": null,
    "m": null,
    "mo": "",
    "o": null,
    "st": "L2T",
    "ml": false
  },
  "05a0af": {
    "i": "05a0af",
    "r": "8Q-IAB",
    "it": "A332",
    "y": null,
    "m": null,
    "mo": "",
    "o": null,
    "st": "L2J",
    "ml": false
  },
  "05c075": {
    "i": "05c075",
    "r": "TZ-PRM",
    "it": "B737",
    "y": null,
    "m": null,
    "mo": "Boeing 737-7DW",
    "o": null,
    "st": "L2J",
    "ml": false
  },
  "05a04b": {
    "i": "05a04b",
    "r": "8Q-TMK",
    "it": "DHC6",
    "y": null,
    "m": null,
    "mo": "",
    "o": null,
    "st": "L2T",
    "ml": false
  },
  "05a07c": {
    "i": "05a07c",
    "r": "8Q-ISK",
    "it": "DHC6",
    "y": null,
    "m": null,
    "mo": "",
    "o": null,
    "st": "L2T",
    "ml": false
  },
  "05e051": {
    "i": "05e051",
    "r": "5T-CLC",
    "it": "B737",
    "y": null,
    "m": null,
    "mo": "Boeing 737-7EE",
    "o": null,
    "st": "L2J",
    "ml": false
  },
  "05e057": {
    "i": "05e057",
    "r": "5T-CLJ",
    "it": "B38M",
    "y": null,
    "m": null,
    "mo": "Boeing 737MAX 8",
    "o": null,
    "st": "L2J",
    "ml": false
  },
  "05a062": {
    "i": "05a062",
    "r": "8Q-VAV",
    "it": "AT76",
    "y": null,
    "m": null,
    "mo": "",
    "o": null,
    "st": "L2T",
    "ml": false
  },
  "05a08b": {
    "i": "05a08b",
    "r": "8Q-TAM",
    "it": "DHC6",
    "y": null,
    "m": null,
    "mo": "",
    "o": null,
    "st": "L2T",
    "ml": false
  },
  "05a09f": {
    "i": "05a09f",
    "r": "8Q-IAZ",
    "it": "AT76",
    "y": null,
    "m": null,
    "mo": "",
    "o": null,
    "st": "L2T",
    "ml": false
  },
  "05cc10": {
    "i": "05cc10",
    "r": "TZ-12T",
    "it": "C295",
    "y": null,
    "m": null,
    "mo": "",
    "o": null,
    "st": "L2T",
    "ml": true
  },
  "05a044": {
    "i": "05a044",
    "r": "8Q-TMG",
    "it": "DHC6",
    "y": null,
    "m": null,
    "mo": "",
    "o": null,
    "st": "L2T",
    "ml": false
  },
  "05a0a6": {
    "i": "05a0a6",
    "r": "8Q-FBA",
    "it": "A319",
    "y": null,
    "m": null,
    "mo": "",
    "o": null,
    "st": "L2J",
    "ml": false
  },
  "05a0b3": {
    "i": "05a0b3",
    "r": "8Q-RAR",
    "it": "DHC6",
    "y": null,
    "m": null,
    "mo": "",
    "o": null,
    "st": "L2T",
    "ml": false
  },
  "05c081": {
    "i": "05c081",
    "r": "TZ-DTA",
    "it": "A342",
    "y": null,
    "m": null,
    "mo": "",
    "o": null,
    "st": "L4J",
    "ml": false
  },
  "05a01b": {
    "i": "05a01b",
    "r": "8Q-OEQ",
    "it": "DHC6",
    "y": null,
    "m": null,
    "mo": "",
    "o": null,
    "st": "L2T",
    "ml": false
  },
  "05a03c": {
    "i": "05a03c",
    "r": "8Q-MBG",
    "it": "DHC6",
    "y": null,
    "m": null,
    "mo": "",
    "o": null,
    "st": "L2T",
    "ml": false
  },
  "05a084": {
    "i": "05a084",
    "r": "8Q-VAY",
    "it": "AT76",
    "y": null,
    "m": null,
    "mo": "Atr ATR 72-600",
    "o": null,
    "st": "L2T",
    "ml": false
  },
  "05a086": {
    "i": "05a086",
    "r": "8Q-RAD",
    "it": "DHC6",
    "y": null,
    "m": null,
    "mo": "",
    "o": null,
    "st": "L2T",
    "ml": false
  },
  "05a0a3": {
    "i": "05a0a3",
    "r": "8Q-TAX",
    "it": "DHC6",
    "y": null,
    "m": null,
    "mo": "",
    "o": null,
    "st": "L2T",
    "ml": false
  },
  "05a080": {
    "i": "05a080",
    "r": "8Q-RAZ",
    "it": "AT76",
    "y": null,
    "m": null,
    "mo": "",
    "o": null,
    "st": "L2T",
    "ml": false
  },
  "05a081": {
    "i": "05a081",
    "r": "8Q-TAK",
    "it": "DHC6",
    "y": null,
    "m": null,
    "mo": "",
    "o": null,
    "st": "L2T",
    "ml": false
  },
  "05a094": {
    "i": "05a094",
    "r": "8Q-RAK",
    "it": "DHC6",
    "y": null,
    "m": null,
    "mo": "",
    "o": null,
    "st": "L2T",
    "ml": false
  },
  "058022": {
    "i": "058022",
    "r": "7Q-STB",
    "it": "DHC5",
    "y": null,
    "m": null,
    "mo": "",
    "o": null,
    "st": "L2T",
    "ml": false
  },
  "05a006": {
    "i": "05a006",
    "r": "8Q-IAO",
    "it": "DH8C",
    "y": null,
    "m": null,
    "mo": "Bombardier DHC-8 314Q",
    "o": null,
    "st": "L2T",
    "ml": false
  },
  "05a06e": {
    "i": "05a06e",
    "r": "8Q-IAT",
    "it": "DH8C",
    "y": null,
    "m": null,
    "mo": "Bombardier DHC-8-Q-314",
    "o": null,
    "st": "L2T",
    "ml": false
  },
  "05401c": {
    "i": "05401c",
    "r": "5R-AMR",
    "it": "BE9L",
    "y": null,
    "m": null,
    "mo": "Raytheon Aircraft Company King Air C90B",
    "o": null,
    "st": "L2T",
    "ml": false
  },
  "05a026": {
    "i": "05a026",
    "r": "8Q-MBA",
    "it": "DHC6",
    "y": null,
    "m": null,
    "mo": "",
    "o": null,
    "st": "L2T",
    "ml": false
  },
  "05a09a": {
    "i": "05a09a",
    "r": "8Q-TAT",
    "it": "DHC6",
    "y": null,
    "m": null,
    "mo": "",
    "o": null,
    "st": "L2T",
    "ml": false
  },
  "05a001": {
    "i": "05a001",
    "r": "8Q-IAR",
    "it": "DH8C",
    "y": null,
    "m": null,
    "mo": "Bombardier DHC-8-Q-314",
    "o": null,
    "st": "L2T",
    "ml": false
  },
  "05a047": {
    "i": "05a047",
    "r": "8Q-TMB",
    "it": "DHC6",
    "y": null,
    "m": null,
    "mo": "",
    "o": null,
    "st": "L2T",
    "ml": false
  },
  "05a048": {
    "i": "05a048",
    "r": "8Q-TMH",
    "it": "DHC6",
    "y": null,
    "m": null,
    "mo": "",
    "o": null,
    "st": "L2T",
    "ml": false
  },
  "05a04e": {
    "i": "05a04e",
    "r": "8Q-TMN",
    "it": "DHC6",
    "y": null,
    "m": null,
    "mo": "",
    "o": null,
    "st": "L2T",
    "ml": false
  },
  "05a061": {
    "i": "05a061",
    "r": "8Q-TAD",
    "it": "DHC6",
    "y": null,
    "m": null,
    "mo": "",
    "o": null,
    "st": "L2T",
    "ml": false
  },
  "05a076": {
    "i": "05a076",
    "r": "8Q-TAG",
    "it": "DHC6",
    "y": null,
    "m": null,
    "mo": "",
    "o": null,
    "st": "L2T",
    "ml": false
  },
  "05a095": {
    "i": "05a095",
    "r": "8Q-RAJ",
    "it": "DHC6",
    "y": null,
    "m": null,
    "mo": "",
    "o": null,
    "st": "L2T",
    "ml": false
  },
  "05a0a4": {
    "i": "05a0a4",
    "r": "8Q-RAW",
    "it": "B190",
    "y": null,
    "m": null,
    "mo": "",
    "o": null,
    "st": "L2T",
    "ml": false
  },
  "05a035": {
    "i": "05a035",
    "r": "8Q-TAB",
    "it": "DHC6",
    "y": null,
    "m": null,
    "mo": "",
    "o": null,
    "st": "L2T",
    "ml": false
  },
  "05a06d": {
    "i": "05a06d",
    "r": "8Q-ISD",
    "it": "DHC6",
    "y": null,
    "m": null,
    "mo": "",
    "o": null,
    "st": "L2T",
    "ml": false
  },
  "05a08e": {
    "i": "05a08e",
    "r": "8Q-TAP",
    "it": "DHC6",
    "y": null,
    "m": null,
    "mo": "",
    "o": null,
    "st": "L2T",
    "ml": false
  },
  "054025": {
    "i": "054025",
    "r": "5R-EJA",
    "it": "AT76",
    "y": null,
    "m": null,
    "mo": "Avions de Transport Regional ATR 72 600",
    "o": null,
    "st": "L2T",
    "ml": false
  },
  "05a016": {
    "i": "05a016",
    "r": "8Q-MAT",
    "it": "DHC6",
    "y": null,
    "m": null,
    "mo": "",
    "o": null,
    "st": "L2T",
    "ml": false
  },
  "05a02e": {
    "i": "05a02e",
    "r": "8Q-MBD",
    "it": "DHC6",
    "y": null,
    "m": null,
    "mo": "",
    "o": null,
    "st": "L2T",
    "ml": false
  },
  "05e053": {
    "i": "05e053",
    "r": "5T-CLD",
    "it": "E145",
    "y": null,
    "m": null,
    "mo": "Embraer ERJ-145",
    "o": null,
    "st": "L2J",
    "ml": false
  },
  "05a042": {
    "i": "05a042",
    "r": "8Q-IAS",
    "it": "DH8C",
    "y": null,
    "m": null,
    "mo": "",
    "o": null,
    "st": "L2T",
    "ml": false
  },
  "05a02a": {
    "i": "05a02a",
    "r": "8Q-TMW",
    "it": "DHC6",
    "y": null,
    "m": null,
    "mo": "",
    "o": null,
    "st": "L2T",
    "ml": false
  },
  "05a04f": {
    "i": "05a04f",
    "r": "8Q-TMO",
    "it": "DHC6",
    "y": null,
    "m": null,
    "mo": "",
    "o": null,
    "st": "L2T",
    "ml": false
  },
  "05a093": {
    "i": "05a093",
    "r": "8Q-RAL",
    "it": "DHC6",
    "y": null,
    "m": null,
    "mo": "",
    "o": null,
    "st": "L2T",
    "ml": false
  },
  "05a0a1": {
    "i": "05a0a1",
    "r": "8Q-TAZ",
    "it": "DHC6",
    "y": null,
    "m": null,
    "mo": "",
    "o": null,
    "st": "L2T",
    "ml": false
  },
  "058024": {
    "i": "058024",
    "r": "7Q-FMB",
    "it": "BE20",
    "y": null,
    "m": null,
    "mo": "Beech King Air 200",
    "o": null,
    "st": "L2T",
    "ml": false
  },
  "058058": {
    "i": "058058",
    "r": "7Q-STA",
    "it": "DHC5",
    "y": null,
    "m": null,
    "mo": "",
    "o": null,
    "st": "L2T",
    "ml": false
  },
  "05a02f": {
    "i": "05a02f",
    "r": "8Q-MBE",
    "it": "DHC6",
    "y": null,
    "m": null,
    "mo": "",
    "o": null,
    "st": "L2T",
    "ml": false
  },
  "05a038": {
    "i": "05a038",
    "r": "8Q-MBF",
    "it": "DHC6",
    "y": null,
    "m": null,
    "mo": "De Havilland Canada DHC-6 Twin Otter 300",
    "o": null,
    "st": "L2T",
    "ml": false
  },
  "05a06c": {
    "i": "05a06c",
    "r": "8Q-ISC",
    "it": "DHC6",
    "y": null,
    "m": null,
    "mo": "",
    "o": null,
    "st": "L2T",
    "ml": false
  },
  "05a085": {
    "i": "05a085",
    "r": "8Q-RAC",
    "it": "DHC6",
    "y": null,
    "m": null,
    "mo": "",
    "o": null,
    "st": "L2T",
    "ml": false
  },
  "05a089": {
    "i": "05a089",
    "r": "8Q-RAG",
    "it": "DHC6",
    "y": null,
    "m": null,
    "mo": "",
    "o": null,
    "st": "L2T",
    "ml": false
  },
  "05a099": {
    "i": "05a099",
    "r": "8Q-MFD",
    "it": "C152",
    "y": null,
    "m": null,
    "mo": "",
    "o": null,
    "st": "L1P",
    "ml": false
  },
  "05a024": {
    "i": "05a024",
    "r": "8Q-MBB",
    "it": "DHC6",
    "y": null,
    "m": null,
    "mo": "",
    "o": null,
    "st": "L2T",
    "ml": false
  },
  "054020": {
    "i": "054020",
    "r": "5R-AHF",
    "it": "C56X",
    "y": null,
    "m": null,
    "mo": "",
    "o": null,
    "st": "L2J",
    "ml": false
  },
  "05a00a": {
    "i": "05a00a",
    "r": "8Q-MAD",
    "it": "DHC6",
    "y": null,
    "m": null,
    "mo": "",
    "o": null,
    "st": "L2T",
    "ml": false
  },
  "05a01d": {
    "i": "05a01d",
    "r": "8Q-MAX",
    "it": "DHC6",
    "y": null,
    "m": null,
    "mo": "",
    "o": null,
    "st": "L2T",
    "ml": false
  },
  "05a054": {
    "i": "05a054",
    "r": "8Q-IAN",
    "it": "A320",
    "y": null,
    "m": null,
    "mo": "Airbus A320-214",
    "o": null,
    "st": "L2J",
    "ml": false
  },
  "05a059": {
    "i": "05a059",
    "r": "8Q-IAL",
    "it": "DHC6",
    "y": null,
    "m": null,
    "mo": "",
    "o": null,
    "st": "L2T",
    "ml": false
  },
  "05a077": {
    "i": "05a077",
    "r": "8Q-VAX",
    "it": "AT45",
    "y": null,
    "m": null,
    "mo": "",
    "o": null,
    "st": "L2T",
    "ml": false
  },
  "05a090": {
    "i": "05a090",
    "r": "8Q-RAI",
    "it": "DHC6",
    "y": null,
    "m": null,
    "mo": "",
    "o": null,
    "st": "L2T",
    "ml": false
  },
  "05a09d": {
    "i": "05a09d",
    "r": "8Q-IAX",
    "it": "AT46",
    "y": null,
    "m": null,
    "mo": "",
    "o": null,
    "st": "L2T",
    "ml": false
  },
  "05a0a0": {
    "i": "05a0a0",
    "r": "8Q-RAN",
    "it": "DHC6",
    "y": null,
    "m": null,
    "mo": "",
    "o": null,
    "st": "L2T",
    "ml": false
  },
  "054030": {
    "i": "054030",
    "r": "5R-ASB",
    "it": "PAY3",
    "y": null,
    "m": null,
    "mo": "Piper PA-42-720",
    "o": null,
    "st": "L2T",
    "ml": false
  },
  "058f00": {
    "i": "058f00",
    "r": "MAF-T10",
    "it": "MA60",
    "y": null,
    "m": null,
    "mo": "",
    "o": null,
    "st": "L2T",
    "ml": true
  },
  "05a002": {
    "i": "05a002",
    "r": "8Q-IAQ",
    "it": "DH8B",
    "y": null,
    "m": null,
    "mo": "Bombardier DHC-8-Q-202",
    "o": null,
    "st": "L2T",
    "ml": false
  },
  "05a0a9": {
    "i": "05a0a9",
    "r": "8Q-TBC",
    "it": "DHC6",
    "y": null,
    "m": null,
    "mo": "",
    "o": null,
    "st": "L2T",
    "ml": false
  },
  "05a0ae": {
    "i": "05a0ae",
    "r": "8Q-RAP",
    "it": "DHC6",
    "y": null,
    "m": null,
    "mo": "",
    "o": null,
    "st": "L2T",
    "ml": false
  },
  "058f01": {
    "i": "058f01",
    "r": "MAF-T12",
    "it": "MA60",
    "y": null,
    "m": null,
    "mo": "",
    "o": null,
    "st": "L2T",
    "ml": true
  },
  "05a013": {
    "i": "05a013",
    "r": "8Q-MAP",
    "it": "DHC6",
    "y": null,
    "m": null,
    "mo": "",
    "o": null,
    "st": "L2T",
    "ml": false
  },
  "05a03e": {
    "i": "05a03e",
    "r": "8Q-TMZ",
    "it": "DHC6",
    "y": null,
    "m": null,
    "mo": "",
    "o": null,
    "st": "L2T",
    "ml": false
  },
  "05a020": {
    "i": "05a020",
    "r": "8Q-MAZ",
    "it": "DHC6",
    "y": null,
    "m": null,
    "mo": "",
    "o": null,
    "st": "L2T",
    "ml": false
  },
  "05a04d": {
    "i": "05a04d",
    "r": "8Q-TME",
    "it": "DHC6",
    "y": null,
    "m": null,
    "mo": "",
    "o": null,
    "st": "L2T",
    "ml": false
  },
  "05e05d": {
    "i": "05e05d",
    "r": "5T-CLO",
    "it": "E75L",
    "y": null,
    "m": null,
    "mo": "Embraer EMB-175",
    "o": null,
    "st": "L2J",
    "ml": false
  },
  "05802e": {
    "i": "05802e",
    "r": "7Q-YAA",
    "it": "L410",
    "y": null,
    "m": null,
    "mo": "",
    "o": null,
    "st": "L2T",
    "ml": false
  },
  "05a017": {
    "i": "05a017",
    "r": "8Q-RAE",
    "it": "DHC6",
    "y": null,
    "m": null,
    "mo": "",
    "o": null,
    "st": "L2T",
    "ml": false
  },
  "05a029": {
    "i": "05a029",
    "r": "8Q-TMV",
    "it": "DHC6",
    "y": null,
    "m": null,
    "mo": "De Havilland Canada DHC-6 Twin Otter 300",
    "o": null,
    "st": "L2T",
    "ml": false
  },
  "05a053": {
    "i": "05a053",
    "r": "8Q-TMS",
    "it": "DHC6",
    "y": null,
    "m": null,
    "mo": "",
    "o": null,
    "st": "L2T",
    "ml": false
  },
  "05a07e": {
    "i": "05a07e",
    "r": "8Q-RAY",
    "it": "AT76",
    "y": null,
    "m": null,
    "mo": "",
    "o": null,
    "st": "L2T",
    "ml": false
  },
  "05a091": {
    "i": "05a091",
    "r": "8Q-TAQ",
    "it": "DHC6",
    "y": null,
    "m": null,
    "mo": "",
    "o": null,
    "st": "L2T",
    "ml": false
  },
  "05e0bb": {
    "i": "05e0bb",
    "r": "5T-ONE",
    "it": "B737",
    "y": null,
    "m": null,
    "mo": "",
    "o": null,
    "st": "L2J",
    "ml": false
  },
  "05403e": {
    "i": "05403e",
    "r": "5R-MLB",
    "it": "P28U",
    "y": null,
    "m": "PIPER",
    "mo": "PA-28RT-201T Turbo Arrow IV",
    "o": null,
    "st": "L1P",
    "ml": false
  },
  "05804c": {
    "i": "05804c",
    "r": "7Q-TOA",
    "it": "L410",
    "y": null,
    "m": "LET",
    "mo": "L-410 Turbolet",
    "o": null,
    "st": "L2T",
    "ml": false
  },
  "05a0ac": {
    "i": "05a0ac",
    "r": "8Q-FBB",
    "it": "A321",
    "y": null,
    "m": "AIRBUS",
    "mo": "A-321",
    "o": null,
    "st": "L2J",
    "ml": false
  },
  "058043": {
    "i": "058043",
    "r": "7Q-ISM",
    "it": "C208",
    "y": null,
    "m": "CESSNA",
    "mo": "208 Caravan",
    "o": null,
    "st": "L1T",
    "ml": false
  },
  "054058": {
    "i": "054058",
    "r": "5R-EJK",
    "it": "AT75",
    "y": null,
    "m": "ATR",
    "mo": "ATR-72-500",
    "o": null,
    "st": "L2T",
    "ml": false
  },
  "054054": {
    "i": "054054",
    "r": "5R-EJH",
    "it": "AT75",
    "y": null,
    "m": "ATR",
    "mo": "ATR-72-500",
    "o": null,
    "st": "L2T",
    "ml": false
  },
  "053e8e": {
    "i": "053e8e",
    "r": "N437QS",
    "it": "E55P",
    "y": "2019",
    "m": "EMBRAER",
    "mo": "EMB-505 Phenom 300",
    "o": "NETJETS SALES INC (Miscode - UNITED STATES)",
    "st": "L2J",
    "ml": false
  }
}