{
  "070102": {
    "i": "070102",
    "r": "6V-AIC",
    "it": "PA32",
    "y": null,
    "m": null,
    "mo": "",
    "o": null,
    "st": "L1P",
    "ml": false
  },
  "07800b": {
    "i": "07800b",
    "r": "6O-PAA",
    "it": "CRJ2",
    "y": null,
    "m": null,
    "mo": "",
    "o": null,
    "st": "L2J",
    "ml": false
  },
  "07c05a": {
    "i": "07c05a",
    "r": "ST-TAG",
    "it": "B734",
    "y": null,
    "m": null,
    "mo": "Boeing 737 4H6",
    "o": null,
    "st": "L2J",
    "ml": false
  },
  "07c09d": {
    "i": "07c09d",
    "r": "ST-TAM",
    "it": "B738",
    "y": null,
    "m": null,
    "mo": "",
    "o": null,
    "st": "L2J",
    "ml": false
  },
  "07c06a": {
    "i": "07c06a",
    "r": "ST-TAK",
    "it": "B738",
    "y": null,
    "m": null,
    "mo": "",
    "o": null,
    "st": "L2J",
    "ml": false
  },
  "07024d": {
    "i": "07024d",
    "r": "6V-ASN",
    "it": "AT76",
    "y": null,
    "m": null,
    "mo": "Atr ATR 72-600",
    "o": null,
    "st": "L2T",
    "ml": false
  },
  "07c06b": {
    "i": "07c06b",
    "r": "ST-BDS",
    "it": "B738",
    "y": null,
    "m": null,
    "mo": "",
    "o": null,
    "st": "L2J",
    "ml": false
  },
  "07007a": {
    "i": "07007a",
    "r": "6W-TTD",
    "it": "C295",
    "y": null,
    "m": null,
    "mo": "",
    "o": null,
    "st": "L2T",
    "ml": true
  },
  "0700b6": {
    "i": "0700b6",
    "r": "6V-AFW",
    "it": "AT43",
    "y": null,
    "m": null,
    "mo": "Atr ATR 42-312",
    "o": null,
    "st": "L2T",
    "ml": false
  },
  "070121": {
    "i": "070121",
    "r": "6V-AJB",
    "it": "E145",
    "y": null,
    "m": null,
    "mo": "Embraer ERJ-145",
    "o": null,
    "st": "L2J",
    "ml": false
  },
  "07c04b": {
    "i": "07c04b",
    "r": "ST-BDT",
    "it": "AN72",
    "y": null,
    "m": null,
    "mo": "Antonov An-74",
    "o": null,
    "st": "L2J",
    "ml": false
  },
  "0741fa": {
    "i": "0741fa",
    "r": "SY-011",
    "it": "D228",
    "y": null,
    "m": null,
    "mo": "",
    "o": null,
    "st": "L2T",
    "ml": true
  },
  "07037d": {
    "i": "07037d",
    "r": "6W-ZEE",
    "it": "TB30",
    "y": null,
    "m": null,
    "mo": "SOCATA TB-30 Epsilon",
    "o": null,
    "st": "L1P",
    "ml": false
  },
  "074037": {
    "i": "074037",
    "r": "S7-LDI",
    "it": "DHC6",
    "y": null,
    "m": null,
    "mo": "",
    "o": null,
    "st": "L2T",
    "ml": false
  },
  "074038": {
    "i": "074038",
    "r": "S7-BRD",
    "it": "DHC6",
    "y": null,
    "m": null,
    "mo": "",
    "o": null,
    "st": "L2T",
    "ml": false
  },
  "074049": {
    "i": "074049",
    "r": "S7-SEA",
    "it": "PC24",
    "y": null,
    "m": null,
    "mo": "",
    "o": null,
    "st": "L2J",
    "ml": false
  },
  "07c045": {
    "i": "07c045",
    "r": "ST-AOQ",
    "it": "DHC6",
    "y": null,
    "m": null,
    "mo": "De Havilland Canada DHC-6 Twin Otter 300",
    "o": null,
    "st": "L2T",
    "ml": false
  },
  "070180": {
    "i": "070180",
    "r": "6V-AMA",
    "it": "A319",
    "y": null,
    "m": null,
    "mo": "",
    "o": null,
    "st": "L2J",
    "ml": false
  },
  "07c08c": {
    "i": "07c08c",
    "r": "ST-BWT",
    "it": "AN12",
    "y": null,
    "m": null,
    "mo": "",
    "o": null,
    "st": "L4T",
    "ml": false
  },
  "0700e5": {
    "i": "0700e5",
    "r": "6V-AHF",
    "it": "C208",
    "y": null,
    "m": null,
    "mo": "Cessna 208-B",
    "o": null,
    "st": "L1T",
    "ml": false
  },
  "070182": {
    "i": "070182",
    "r": "6V-AMC",
    "it": "A321",
    "y": null,
    "m": null,
    "mo": "Airbus A321 211",
    "o": null,
    "st": "L2J",
    "ml": false
  },
  "070c54": {
    "i": "070c54",
    "r": "6W-HCA",
    "it": "MI24",
    "y": null,
    "m": null,
    "mo": "",
    "o": null,
    "st": "H2T",
    "ml": false
  },
  "07c03b": {
    "i": "07c03b",
    "r": "ST-NVB",
    "it": "CRJ2",
    "y": null,
    "m": null,
    "mo": "Bombardier CRJ 200ER",
    "o": null,
    "st": "L2J",
    "ml": false
  },
  "07c04c": {
    "i": "07c04c",
    "r": "ST-PRK",
    "it": "AN72",
    "y": null,
    "m": null,
    "mo": "Antonov An-72 100",
    "o": null,
    "st": "L2J",
    "ml": false
  },
  "07007c": {
    "i": "07007c",
    "r": "6V-HAG",
    "it": "A139",
    "y": null,
    "m": null,
    "mo": "",
    "o": null,
    "st": "H2T",
    "ml": false
  },
  "070122": {
    "i": "070122",
    "r": "6V-AJC",
    "it": "E145",
    "y": null,
    "m": null,
    "mo": "Embraer ERJ-145",
    "o": null,
    "st": "L2J",
    "ml": false
  },
  "070ed4": {
    "i": "070ed4",
    "r": "6V-ONE",
    "it": "A319",
    "y": null,
    "m": null,
    "mo": "Airbus A319-115XCJ",
    "o": null,
    "st": "L2J",
    "ml": false
  },
  "074042": {
    "i": "074042",
    "r": "S7-FAR",
    "it": "DHC6",
    "y": null,
    "m": null,
    "mo": "",
    "o": null,
    "st": "L2T",
    "ml": false
  },
  "07c005": {
    "i": "07c005",
    "r": "ST-PSR",
    "it": "FA50",
    "y": null,
    "m": null,
    "mo": "Dassault Falcon 50",
    "o": null,
    "st": "L3J",
    "ml": false
  },
  "074047": {
    "i": "074047",
    "r": "S7-PTI",
    "it": "A20N",
    "y": null,
    "m": null,
    "mo": "Airbus A320-251N",
    "o": null,
    "st": "L2J",
    "ml": false
  },
  "07c062": {
    "i": "07c062",
    "r": "ST-TAL",
    "it": "B733",
    "y": null,
    "m": null,
    "mo": "Boeing 737-332",
    "o": null,
    "st": "L2J",
    "ml": false
  },
  "070181": {
    "i": "070181",
    "r": "6V-AMB",
    "it": "A319",
    "y": null,
    "m": null,
    "mo": "Airbus A319-111",
    "o": null,
    "st": "L2J",
    "ml": false
  },
  "070183": {
    "i": "070183",
    "r": "6V-AMD",
    "it": "A321",
    "y": null,
    "m": null,
    "mo": "",
    "o": null,
    "st": "L2J",
    "ml": false
  },
  "07035b": {
    "i": "07035b",
    "r": "6W-TNB",
    "it": "BE20",
    "y": null,
    "m": null,
    "mo": "Raytheon Aircraft Company King Air B200",
    "o": null,
    "st": "L2T",
    "ml": false
  },
  "07c034": {
    "i": "07c034",
    "r": "ST-PRB",
    "it": "AN72",
    "y": null,
    "m": null,
    "mo": "Antonov An-74",
    "o": null,
    "st": "L2J",
    "ml": false
  },
  "070192": {
    "i": "070192",
    "r": "6V-AMS",
    "it": "AT76",
    "y": null,
    "m": null,
    "mo": "Atr ATR 72-600",
    "o": null,
    "st": "L2T",
    "ml": false
  },
  "07c059": {
    "i": "07c059",
    "r": "ST-TAH",
    "it": "B734",
    "y": null,
    "m": null,
    "mo": "Boeing 737 4H6",
    "o": null,
    "st": "L2J",
    "ml": false
  },
  "0701c0": {
    "i": "0701c0",
    "r": "6V-AOA",
    "it": "BCS3",
    "y": null,
    "m": null,
    "mo": "",
    "o": null,
    "st": "L2J",
    "ml": false
  },
  "07a205": {
    "i": "07a205",
    "r": "3DC-EAA",
    "it": "E145",
    "y": null,
    "m": null,
    "mo": "",
    "o": null,
    "st": "L2J",
    "ml": false
  },
  "07402f": {
    "i": "07402f",
    "r": "S7-IDC",
    "it": "B190",
    "y": null,
    "m": null,
    "mo": "",
    "o": null,
    "st": "L2T",
    "ml": false
  },
  "07c039": {
    "i": "07c039",
    "r": "ST-GFF",
    "it": "AN72",
    "y": null,
    "m": null,
    "mo": "Antonov An-74",
    "o": null,
    "st": "L2J",
    "ml": false
  },
  "07c069": {
    "i": "07c069",
    "r": "ST-TAC",
    "it": "B738",
    "y": null,
    "m": null,
    "mo": "",
    "o": null,
    "st": "L2J",
    "ml": false
  },
  "07007e": {
    "i": "07007e",
    "r": "6W-ZEG",
    "it": "TB30",
    "y": null,
    "m": null,
    "mo": "",
    "o": null,
    "st": "L1P",
    "ml": true
  },
  "074045": {
    "i": "074045",
    "r": "S7-VEV",
    "it": "A20N",
    "y": null,
    "m": null,
    "mo": "Airbus A320-251N",
    "o": null,
    "st": "L2J",
    "ml": false
  },
  "07c05f": {
    "i": "07c05f",
    "r": "ST-ALL",
    "it": "CRJ1",
    "y": null,
    "m": null,
    "mo": "",
    "o": null,
    "st": "L2J",
    "ml": false
  },
  "07403c": {
    "i": "07403c",
    "r": "S7-DNS",
    "it": "DHC6",
    "y": null,
    "m": null,
    "mo": "",
    "o": null,
    "st": "L2T",
    "ml": false
  },
  "074046": {
    "i": "074046",
    "r": "S7-ADM",
    "it": "P212",
    "y": null,
    "m": null,
    "mo": "",
    "o": null,
    "st": "L2P",
    "ml": false
  },
  "07c068": {
    "i": "07c068",
    "r": "ST-TAA",
    "it": "B738",
    "y": null,
    "m": null,
    "mo": "",
    "o": null,
    "st": "L2J",
    "ml": false
  },
  "07010e": {
    "i": "07010e",
    "r": "6V-AIO",
    "it": "PAY3",
    "y": null,
    "m": null,
    "mo": "Piper PA-42-720",
    "o": null,
    "st": "L2T",
    "ml": false
  },
  "070895": {
    "i": "070895",
    "r": "6V-CEV",
    "it": "C680",
    "y": null,
    "m": null,
    "mo": "Cessna 680",
    "o": null,
    "st": "L2J",
    "ml": false
  },
  "07403b": {
    "i": "07403b",
    "r": "S7-AMI",
    "it": "A320",
    "y": null,
    "m": null,
    "mo": "Airbus A320-232",
    "o": null,
    "st": "L2J",
    "ml": false
  },
  "07404b": {
    "i": "07404b",
    "r": "S7-COS",
    "it": "P212",
    "y": null,
    "m": null,
    "mo": "",
    "o": null,
    "st": "L2P",
    "ml": false
  },
  "07c08f": {
    "i": "07c08f",
    "r": "ST-BDG",
    "it": "B738",
    "y": null,
    "m": null,
    "mo": "",
    "o": null,
    "st": "L2J",
    "ml": false
  },
  "07007f": {
    "i": "07007f",
    "r": "6W-ZEH",
    "it": "TB30",
    "y": null,
    "m": null,
    "mo": "",
    "o": null,
    "st": "L1P",
    "ml": true
  },
  "07001c": {
    "i": "07001c",
    "r": "6V-HAW",
    "it": "A139",
    "y": null,
    "m": null,
    "mo": "",
    "o": null,
    "st": "H2T",
    "ml": false
  },
  "07019d": {
    "i": "07019d",
    "r": "6V-JMJ",
    "it": "FA7X",
    "y": null,
    "m": null,
    "mo": "",
    "o": null,
    "st": "L3J",
    "ml": false
  },
  "0703fb": {
    "i": "0703fb",
    "r": "6V-HAK",
    "it": "A139",
    "y": null,
    "m": null,
    "mo": "AgustaWestland AW.139",
    "o": null,
    "st": "H2T",
    "ml": false
  },
  "07c05b": {
    "i": "07c05b",
    "r": "ST-TAI",
    "it": "B734",
    "y": null,
    "m": null,
    "mo": "Boeing 737 4H6",
    "o": null,
    "st": "L2J",
    "ml": false
  },
  "07c061": {
    "i": "07c061",
    "r": "ST-TAD",
    "it": "B733",
    "y": null,
    "m": null,
    "mo": "Boeing 737 306",
    "o": null,
    "st": "L2J",
    "ml": false
  },
  "074041": {
    "i": "074041",
    "r": "S7-PRN",
    "it": "DHC6",
    "y": null,
    "m": null,
    "mo": "",
    "o": null,
    "st": "L2T",
    "ml": false
  },
  "070123": {
    "i": "070123",
    "r": "6V-AJD",
    "it": "B735",
    "y": null,
    "m": null,
    "mo": "",
    "o": null,
    "st": "L2J",
    "ml": false
  },
  "07014e": {
    "i": "07014e",
    "r": "6V-AKO",
    "it": "A139",
    "y": null,
    "m": null,
    "mo": "AgustaWestland 139",
    "o": null,
    "st": "H2T",
    "ml": false
  },
  "07c058": {
    "i": "07c058",
    "r": "ST-MKW",
    "it": "A320",
    "y": null,
    "m": null,
    "mo": "Airbus A320-214",
    "o": null,
    "st": "L2J",
    "ml": false
  },
  "0701a1": {
    "i": "0701a1",
    "r": "6V-ANB",
    "it": "A339",
    "y": null,
    "m": null,
    "mo": "",
    "o": null,
    "st": "L2J",
    "ml": false
  },
  "07c022": {
    "i": "07c022",
    "r": "ST-ATA",
    "it": "A306",
    "y": null,
    "m": null,
    "mo": "Airbus A300 B4-622R",
    "o": null,
    "st": "L2J",
    "ml": false
  },
  "07c05e": {
    "i": "07c05e",
    "r": "ST-PNA",
    "it": "E35L",
    "y": null,
    "m": null,
    "mo": "Embraer ERJ-135",
    "o": null,
    "st": "L2J",
    "ml": false
  },
  "07c067": {
    "i": "07c067",
    "r": "ST-BBC",
    "it": "CRJ1",
    "y": null,
    "m": null,
    "mo": "Bombardier CRJ 100ER",
    "o": null,
    "st": "L2J",
    "ml": false
  },
  "074043": {
    "i": "074043",
    "r": "S7-DES",
    "it": "B190",
    "y": null,
    "m": null,
    "mo": "",
    "o": null,
    "st": "L2T",
    "ml": false
  },
  "07c04f": {
    "i": "07c04f",
    "r": "ST-MRA",
    "it": "B735",
    "y": null,
    "m": null,
    "mo": "Boeing 737 5C9",
    "o": null,
    "st": "L2J",
    "ml": false
  },
  "07c031": {
    "i": "07c031",
    "r": "ST-DAL",
    "it": "BE30",
    "y": null,
    "m": null,
    "mo": "Beech King Air 300",
    "o": null,
    "st": "L2T",
    "ml": false
  },
  "07c05c": {
    "i": "07c05c",
    "r": "ST-GFL",
    "it": "B734",
    "y": null,
    "m": null,
    "mo": "Boeing 737-4Q8",
    "o": null,
    "st": "L2J",
    "ml": false
  },
  "07a201": {
    "i": "07a201",
    "r": "3DC-SDF",
    "it": "A343",
    "y": null,
    "m": null,
    "mo": "Airbus A340 313X",
    "o": null,
    "st": "L4J",
    "ml": false
  },
  "07a200": {
    "i": "07a200",
    "r": "3DC-SWZ",
    "it": "MD87",
    "y": null,
    "m": null,
    "mo": "Douglas DC-9",
    "o": null,
    "st": "L2J",
    "ml": false
  },
  "07037e": {
    "i": "07037e",
    "r": "6W-ZEF",
    "it": "TB30",
    "y": null,
    "m": "SOCATA",
    "mo": "TB-30 Epsilon",
    "o": null,
    "st": "L1P",
    "ml": true
  },
  "0700bb": {
    "i": "0700bb",
    "r": "6V-TEH",
    "it": "DA42",
    "y": null,
    "m": "DIAMOND",
    "mo": "DA-42 Guardian",
    "o": null,
    "st": "L2P",
    "ml": true
  },
  "0703fa": {
    "i": "0703fa",
    "r": "6V-SEN",
    "it": "A20N",
    "y": null,
    "m": "AIRBUS",
    "mo": "A320neo",
    "o": "Government of Senegal",
    "st": "L2J",
    "ml": true
  },
  "07404a": {
    "i": "07404a",
    "r": "S7-SKY",
    "it": "C206",
    "y": null,
    "m": "CESSNA",
    "mo": "206 Stationair",
    "o": null,
    "st": "L1P",
    "ml": false
  },
  "07a206": {
    "i": "07a206",
    "r": "3DC-EAB",
    "it": "E145",
    "y": null,
    "m": "EMBRAER",
    "mo": "ERJ-145",
    "o": null,
    "st": "L2J",
    "ml": false
  },
  "0700df": {
    "i": "0700df",
    "r": "6V-HAD",
    "it": "A139",
    "y": null,
    "m": "AGUSTA",
    "mo": "AW-139",
    "o": null,
    "st": "H2T",
    "ml": false
  },
  "07c001": {
    "i": "07c001",
    "r": "ST-PSA",
    "it": "F900",
    "y": null,
    "m": "DASSAULT",
    "mo": "Falcon 900",
    "o": "Government of Sudan",
    "st": "L3J",
    "ml": true
  },
  "07c024": {
    "i": "07c024",
    "r": "ST-EWX",
    "it": "IL76",
    "y": null,
    "m": "ILYUSHIN",
    "mo": "Il-76",
    "o": null,
    "st": "L4J",
    "ml": false
  }
}