{
  "08a0dc": {
    "i": "08a0dc",
    "r": "9J-TST",
    "it": "E145",
    "y": null,
    "m": null,
    "mo": "",
    "o": null,
    "st": "L2J",
    "ml": false
  },
  "08a0f2": {
    "i": "08a0f2",
    "r": "9J-TEN",
    "it": "A139",
    "y": null,
    "m": null,
    "mo": "",
    "o": null,
    "st": "H2T",
    "ml": false
  },
  "08af3f": {
    "i": "08af3f",
    "r": "AF001",
    "it": "GLF6",
    "y": null,
    "m": null,
    "mo": "",
    "o": null,
    "st": "L2J",
    "ml": true
  },
  "08caae": {
    "i": "08caae",
    "r": "9S-GLA",
    "it": "L410",
    "y": null,
    "m": null,
    "mo": "",
    "o": null,
    "st": "L2T",
    "ml": false
  },
  "08004b": {
    "i": "08004b",
    "r": "5H-DEB",
    "it": "C208",
    "y": null,
    "m": null,
    "mo": "",
    "o": null,
    "st": "L1T",
    "ml": false
  },
  "080091": {
    "i": "080091",
    "r": "5H-AAP",
    "it": "C208",
    "y": null,
    "m": null,
    "mo": "",
    "o": null,
    "st": "L1T",
    "ml": false
  },
  "08401e": {
    "i": "08401e",
    "r": "TT-ABG",
    "it": "D328",
    "y": null,
    "m": null,
    "mo": "",
    "o": null,
    "st": "L2T",
    "ml": false
  },
  "08cedc": {
    "i": "08cedc",
    "r": "9S-ASB",
    "it": "A321",
    "y": null,
    "m": null,
    "mo": "Airbus A321 211",
    "o": null,
    "st": "L2J",
    "ml": false
  },
  "08004f": {
    "i": "08004f",
    "r": "5H-TCE",
    "it": "DH8D",
    "y": null,
    "m": null,
    "mo": "Bombardier DHC-8-Q-402NG",
    "o": null,
    "st": "L2T",
    "ml": false
  },
  "080082": {
    "i": "080082",
    "r": "5H-KJS",
    "it": "E120",
    "y": null,
    "m": null,
    "mo": "",
    "o": null,
    "st": "L2T",
    "ml": false
  },
  "08001d": {
    "i": "08001d",
    "r": "5H-PWC",
    "it": "AT75",
    "y": null,
    "m": null,
    "mo": "Avions de Transport Regional ATR 72 500",
    "o": null,
    "st": "L2T",
    "ml": false
  },
  "0800e2": {
    "i": "0800e2",
    "r": "5H-AAY",
    "it": "C208",
    "y": null,
    "m": null,
    "mo": "",
    "o": null,
    "st": "L1T",
    "ml": false
  },
  "08af3d": {
    "i": "08af3d",
    "r": "AF002",
    "it": "C27J",
    "y": null,
    "m": null,
    "mo": "",
    "o": null,
    "st": "L2T",
    "ml": true
  },
  "08cebc": {
    "i": "08cebc",
    "r": "9S-AVZ",
    "it": "B722",
    "y": null,
    "m": null,
    "mo": "Boeing 727-2S2F",
    "o": null,
    "st": "L3J",
    "ml": false
  },
  "080032": {
    "i": "080032",
    "r": "5H-AAA",
    "it": "C208",
    "y": null,
    "m": null,
    "mo": "Cessna 208 B",
    "o": null,
    "st": "L1T",
    "ml": false
  },
  "08ca9b": {
    "i": "08ca9b",
    "r": "9S-GHP",
    "it": "D228",
    "y": null,
    "m": null,
    "mo": "",
    "o": null,
    "st": "L2T",
    "ml": false
  },
  "08ce8e": {
    "i": "08ce8e",
    "r": "9S-AOA",
    "it": "B736",
    "y": null,
    "m": null,
    "mo": "",
    "o": null,
    "st": "L2J",
    "ml": false
  },
  "080019": {
    "i": "080019",
    "r": "5H-PWD",
    "it": "AT75",
    "y": null,
    "m": null,
    "mo": "",
    "o": null,
    "st": "L2T",
    "ml": false
  },
  "080035": {
    "i": "080035",
    "r": "5H-TMS",
    "it": "C208",
    "y": null,
    "m": null,
    "mo": "Cessna 208 B",
    "o": null,
    "st": "L1T",
    "ml": false
  },
  "080089": {
    "i": "080089",
    "r": "5H-FOX",
    "it": "C208",
    "y": null,
    "m": null,
    "mo": "Cessna 208 B",
    "o": null,
    "st": "L1T",
    "ml": false
  },
  "08008d": {
    "i": "08008d",
    "r": "5H-NAC",
    "it": "C208",
    "y": null,
    "m": null,
    "mo": "Cessna 208 B",
    "o": null,
    "st": "L1T",
    "ml": false
  },
  "0800bc": {
    "i": "0800bc",
    "r": "5H-MZE",
    "it": "C208",
    "y": null,
    "m": null,
    "mo": "",
    "o": null,
    "st": "L1T",
    "ml": false
  },
  "08cc9c": {
    "i": "08cc9c",
    "r": "9S-EMZ",
    "it": "C208",
    "y": null,
    "m": null,
    "mo": "",
    "o": null,
    "st": "L1T",
    "ml": false
  },
  "08001b": {
    "i": "08001b",
    "r": "5H-MSO",
    "it": "C206",
    "y": null,
    "m": null,
    "mo": "",
    "o": null,
    "st": "L1P",
    "ml": false
  },
  "08004e": {
    "i": "08004e",
    "r": "5H-DJS",
    "it": "B350",
    "y": null,
    "m": null,
    "mo": "Hawker Beechcraft Corp King Air B350",
    "o": null,
    "st": "L2T",
    "ml": false
  },
  "0800de": {
    "i": "0800de",
    "r": "5H-LUF",
    "it": "E120",
    "y": null,
    "m": null,
    "mo": "",
    "o": null,
    "st": "L2T",
    "ml": false
  },
  "08401d": {
    "i": "08401d",
    "r": "TT-DFB",
    "it": "E35L",
    "y": null,
    "m": null,
    "mo": "Embraer ERJ-135-BJ",
    "o": null,
    "st": "L2J",
    "ml": false
  },
  "08cecd": {
    "i": "08cecd",
    "r": "9S-ABS",
    "it": "A333",
    "y": null,
    "m": null,
    "mo": "",
    "o": null,
    "st": "L2J",
    "ml": false
  },
  "080000": {
    "i": "080000",
    "r": "5H-ATC",
    "it": "B732",
    "y": null,
    "m": null,
    "mo": "",
    "o": null,
    "st": "L2J",
    "ml": false
  },
  "0800a2": {
    "i": "0800a2",
    "r": "5H-TCM",
    "it": "BCS3",
    "y": null,
    "m": null,
    "mo": "",
    "o": null,
    "st": "L2J",
    "ml": false
  },
  "08caee": {
    "i": "08caee",
    "r": "9S-GAA",
    "it": "G159",
    "y": null,
    "m": null,
    "mo": "",
    "o": null,
    "st": "L2T",
    "ml": false
  },
  "08cc9e": {
    "i": "08cc9e",
    "r": "9S-EMA",
    "it": "C208",
    "y": null,
    "m": null,
    "mo": "",
    "o": null,
    "st": "L1T",
    "ml": false
  },
  "080020": {
    "i": "080020",
    "r": "5H-SPB",
    "it": "B190",
    "y": null,
    "m": null,
    "mo": "",
    "o": null,
    "st": "L2T",
    "ml": false
  },
  "080065": {
    "i": "080065",
    "r": "5H-TCG",
    "it": "B788",
    "y": null,
    "m": null,
    "mo": "Boeing 787-8",
    "o": null,
    "st": "L2J",
    "ml": false
  },
  "08006d": {
    "i": "08006d",
    "r": "5H-TCH",
    "it": "BCS3",
    "y": null,
    "m": null,
    "mo": "Airbus CS-300-A220-300",
    "o": null,
    "st": "L2J",
    "ml": false
  },
  "08007c": {
    "i": "08007c",
    "r": "5H-LXJ",
    "it": "C208",
    "y": null,
    "m": null,
    "mo": "",
    "o": null,
    "st": "L1T",
    "ml": false
  },
  "080096": {
    "i": "080096",
    "r": "5H-TCF",
    "it": "DH8D",
    "y": null,
    "m": null,
    "mo": "Bombardier DHC-8-Q-402NG",
    "o": null,
    "st": "L2T",
    "ml": false
  },
  "08009b": {
    "i": "08009b",
    "r": "5H-TCK",
    "it": "DH8D",
    "y": null,
    "m": null,
    "mo": "",
    "o": null,
    "st": "L2T",
    "ml": false
  },
  "08a0b8": {
    "i": "08a0b8",
    "r": "9J-MCL",
    "it": "B350",
    "y": null,
    "m": null,
    "mo": "Raytheon Aircraft Company King Air B350",
    "o": null,
    "st": "L2T",
    "ml": false
  },
  "08cafa": {
    "i": "08cafa",
    "r": "9S-GKG",
    "it": "L410",
    "y": null,
    "m": null,
    "mo": "",
    "o": null,
    "st": "L2T",
    "ml": false
  },
  "08ceec": {
    "i": "08ceec",
    "r": "9S-AAD",
    "it": "AT75",
    "y": null,
    "m": null,
    "mo": "",
    "o": null,
    "st": "L2T",
    "ml": false
  },
  "08002d": {
    "i": "08002d",
    "r": "5H-NCS",
    "it": "C208",
    "y": null,
    "m": null,
    "mo": "Cessna 208 B",
    "o": null,
    "st": "L1T",
    "ml": false
  },
  "080087": {
    "i": "080087",
    "r": "5H-AAN",
    "it": "C208",
    "y": null,
    "m": null,
    "mo": "Cessna 208-B",
    "o": null,
    "st": "L1T",
    "ml": false
  },
  "0800c2": {
    "i": "0800c2",
    "r": "5H-TFG",
    "it": "C208",
    "y": null,
    "m": null,
    "mo": "",
    "o": null,
    "st": "L1T",
    "ml": false
  },
  "0800c6": {
    "i": "0800c6",
    "r": "5H-SPE",
    "it": "C208",
    "y": null,
    "m": null,
    "mo": "",
    "o": null,
    "st": "L1T",
    "ml": false
  },
  "08cc9d": {
    "i": "08cc9d",
    "r": "9S-EMF",
    "it": "PC12",
    "y": null,
    "m": null,
    "mo": "Pilatus PC-XII 45",
    "o": null,
    "st": "L1T",
    "ml": false
  },
  "0800c9": {
    "i": "0800c9",
    "r": "5H-AAX",
    "it": "C208",
    "y": null,
    "m": null,
    "mo": "",
    "o": null,
    "st": "L1T",
    "ml": false
  },
  "0800ca": {
    "i": "0800ca",
    "r": "5H-TFA",
    "it": "C208",
    "y": null,
    "m": null,
    "mo": "",
    "o": null,
    "st": "L1T",
    "ml": false
  },
  "080099": {
    "i": "080099",
    "r": "5H-EWA",
    "it": "C208",
    "y": null,
    "m": null,
    "mo": "",
    "o": null,
    "st": "L1T",
    "ml": false
  },
  "0800a3": {
    "i": "0800a3",
    "r": "5H-MWA",
    "it": "C206",
    "y": null,
    "m": null,
    "mo": "",
    "o": null,
    "st": "L1P",
    "ml": false
  },
  "08021e": {
    "i": "08021e",
    "r": "5H-PWA",
    "it": "AT75",
    "y": null,
    "m": null,
    "mo": "Avions de Transport Regional ATR 72 500",
    "o": null,
    "st": "L2T",
    "ml": false
  },
  "088c01": {
    "i": "088c01",
    "r": "5V-MAT",
    "it": "TB20",
    "y": null,
    "m": null,
    "mo": "",
    "o": null,
    "st": "L1P",
    "ml": false
  },
  "080077": {
    "i": "080077",
    "r": "5H-GUS",
    "it": "C208",
    "y": null,
    "m": null,
    "mo": "",
    "o": null,
    "st": "L1T",
    "ml": false
  },
  "0800cb": {
    "i": "0800cb",
    "r": "5H-TFB",
    "it": "C208",
    "y": null,
    "m": null,
    "mo": "",
    "o": null,
    "st": "L1T",
    "ml": false
  },
  "084006": {
    "i": "084006",
    "r": "TT-ABE",
    "it": "AT43",
    "y": null,
    "m": null,
    "mo": "Avions de Transport Regional ATR 42 300",
    "o": null,
    "st": "L2T",
    "ml": false
  },
  "08401f": {
    "i": "08401f",
    "r": "TT-DCE",
    "it": "C208",
    "y": null,
    "m": null,
    "mo": "",
    "o": null,
    "st": "L1T",
    "ml": false
  },
  "08a0f3": {
    "i": "08a0f3",
    "r": "9J-PFA",
    "it": "CRJ2",
    "y": null,
    "m": null,
    "mo": "",
    "o": null,
    "st": "L2J",
    "ml": false
  },
  "08ce99": {
    "i": "08ce99",
    "r": "9S-ANN",
    "it": "B738",
    "y": null,
    "m": null,
    "mo": "",
    "o": null,
    "st": "L2J",
    "ml": false
  },
  "08002b": {
    "i": "08002b",
    "r": "5H-TCB",
    "it": "DH8D",
    "y": null,
    "m": null,
    "mo": "Bombardier DHC-8-Q-402NG",
    "o": null,
    "st": "L2T",
    "ml": false
  },
  "08003c": {
    "i": "08003c",
    "r": "5H-LUV",
    "it": "C208",
    "y": null,
    "m": null,
    "mo": "",
    "o": null,
    "st": "L1T",
    "ml": false
  },
  "08cecb": {
    "i": "08cecb",
    "r": "9S-ABI",
    "it": "A320",
    "y": null,
    "m": null,
    "mo": "Airbus A320-214",
    "o": null,
    "st": "L2J",
    "ml": false
  },
  "08003f": {
    "i": "08003f",
    "r": "5H-LUX",
    "it": "C510",
    "y": null,
    "m": null,
    "mo": "Cessna Citation Mustang",
    "o": null,
    "st": "L2J",
    "ml": false
  },
  "080049": {
    "i": "080049",
    "r": "5H-AAC",
    "it": "C208",
    "y": null,
    "m": null,
    "mo": "Cessna 208 B",
    "o": null,
    "st": "L1T",
    "ml": false
  },
  "0800a0": {
    "i": "0800a0",
    "r": "5H-TCQ",
    "it": "B39M",
    "y": null,
    "m": null,
    "mo": "",
    "o": null,
    "st": "L2J",
    "ml": false
  },
  "0800d5": {
    "i": "0800d5",
    "r": "5H-FLD",
    "it": "AT75",
    "y": null,
    "m": null,
    "mo": "",
    "o": null,
    "st": "L2T",
    "ml": false
  },
  "0800d9": {
    "i": "0800d9",
    "r": "5H-CDL",
    "it": "C208",
    "y": null,
    "m": null,
    "mo": "",
    "o": null,
    "st": "L1T",
    "ml": false
  },
  "080093": {
    "i": "080093",
    "r": "5H-CTJ",
    "it": "C208",
    "y": null,
    "m": null,
    "mo": "",
    "o": null,
    "st": "L1T",
    "ml": false
  },
  "0800c0": {
    "i": "0800c0",
    "r": "5H-AAV",
    "it": "C208",
    "y": null,
    "m": null,
    "mo": "",
    "o": null,
    "st": "L1T",
    "ml": false
  },
  "0800df": {
    "i": "0800df",
    "r": "5H-SAR",
    "it": "PC12",
    "y": null,
    "m": null,
    "mo": "",
    "o": null,
    "st": "L1T",
    "ml": false
  },
  "08ce96": {
    "i": "08ce96",
    "r": "9Q-CLK",
    "it": "B701",
    "y": null,
    "m": null,
    "mo": "Boeing 707 138B",
    "o": null,
    "st": "L4J",
    "ml": false
  },
  "08003b": {
    "i": "08003b",
    "r": "5H-XII",
    "it": "PC12",
    "y": null,
    "m": null,
    "mo": "",
    "o": null,
    "st": "L1T",
    "ml": false
  },
  "08007f": {
    "i": "08007f",
    "r": "5H-AAF",
    "it": "C208",
    "y": null,
    "m": null,
    "mo": "",
    "o": null,
    "st": "L1T",
    "ml": false
  },
  "0800bf": {
    "i": "0800bf",
    "r": "5H-FLB",
    "it": "AT75",
    "y": null,
    "m": null,
    "mo": "",
    "o": null,
    "st": "L2T",
    "ml": false
  },
  "084f80": {
    "i": "084f80",
    "r": "TT-DAC",
    "it": "DH8C",
    "y": null,
    "m": null,
    "mo": "De Havilland Canada DHC-8 311",
    "o": null,
    "st": "L2T",
    "ml": false
  },
  "080050": {
    "i": "080050",
    "r": "5H-AAH",
    "it": "C208",
    "y": null,
    "m": null,
    "mo": "Cessna 208 EX",
    "o": null,
    "st": "L1T",
    "ml": false
  },
  "0800c1": {
    "i": "0800c1",
    "r": "5H-SPD",
    "it": "C208",
    "y": null,
    "m": null,
    "mo": "",
    "o": null,
    "st": "L1T",
    "ml": false
  },
  "08af3e": {
    "i": "08af3e",
    "r": "AF003",
    "it": "C27J",
    "y": null,
    "m": null,
    "mo": "",
    "o": null,
    "st": "L2T",
    "ml": true
  },
  "080084": {
    "i": "080084",
    "r": "5H-OIL",
    "it": "C208",
    "y": null,
    "m": null,
    "mo": "Textron Aviation 208 EX",
    "o": null,
    "st": "L1T",
    "ml": false
  },
  "08009a": {
    "i": "08009a",
    "r": "5H-MFA",
    "it": "C208",
    "y": null,
    "m": null,
    "mo": "",
    "o": null,
    "st": "L1T",
    "ml": false
  },
  "08a0ea": {
    "i": "08a0ea",
    "r": "9J-PFZ",
    "it": "CRJ2",
    "y": null,
    "m": null,
    "mo": "",
    "o": null,
    "st": "L2J",
    "ml": false
  },
  "08cead": {
    "i": "08cead",
    "r": "9S-AGY",
    "it": "GLF3",
    "y": null,
    "m": null,
    "mo": "",
    "o": null,
    "st": "L2J",
    "ml": false
  },
  "0800ac": {
    "i": "0800ac",
    "r": "5H-GEO",
    "it": "C208",
    "y": null,
    "m": null,
    "mo": "",
    "o": null,
    "st": "L1T",
    "ml": false
  },
  "080024": {
    "i": "080024",
    "r": "5H-PWE",
    "it": "AT45",
    "y": null,
    "m": null,
    "mo": "Avions de Transport Regional ATR 42 500",
    "o": null,
    "st": "L2T",
    "ml": false
  },
  "0800a6": {
    "i": "0800a6",
    "r": "5H-MFH",
    "it": "DH8A",
    "y": null,
    "m": null,
    "mo": "",
    "o": null,
    "st": "L2T",
    "ml": false
  },
  "084c00": {
    "i": "084c00",
    "r": "TT-AAI",
    "it": "GLF2",
    "y": null,
    "m": null,
    "mo": "Grumman GII",
    "o": null,
    "st": "L2J",
    "ml": false
  },
  "080013": {
    "i": "080013",
    "r": "5H-AAJ",
    "it": "C208",
    "y": null,
    "m": null,
    "mo": "",
    "o": null,
    "st": "L1T",
    "ml": false
  },
  "08002e": {
    "i": "08002e",
    "r": "5H-AMI",
    "it": "AT43",
    "y": null,
    "m": null,
    "mo": "",
    "o": null,
    "st": "L2T",
    "ml": false
  },
  "080040": {
    "i": "080040",
    "r": "5H-AAK",
    "it": "C208",
    "y": null,
    "m": null,
    "mo": "",
    "o": null,
    "st": "L1T",
    "ml": false
  },
  "0800b0": {
    "i": "0800b0",
    "r": "5H-FLA",
    "it": "AT75",
    "y": null,
    "m": null,
    "mo": "ATR-GIE ATR 72-212A",
    "o": null,
    "st": "L2T",
    "ml": false
  },
  "0800d4": {
    "i": "0800d4",
    "r": "5H-AZH",
    "it": "C208",
    "y": null,
    "m": null,
    "mo": "",
    "o": null,
    "st": "L1T",
    "ml": false
  },
  "08ceaf": {
    "i": "08ceaf",
    "r": "9S-ALU",
    "it": "A320",
    "y": null,
    "m": null,
    "mo": "Airbus A320-216",
    "o": null,
    "st": "L2J",
    "ml": false
  },
  "08cece": {
    "i": "08cece",
    "r": "9S-ABJ",
    "it": "B733",
    "y": null,
    "m": null,
    "mo": "",
    "o": null,
    "st": "L2J",
    "ml": false
  },
  "08cefc": {
    "i": "08cefc",
    "r": "9S-AKD",
    "it": "A320",
    "y": null,
    "m": null,
    "mo": "Airbus A320-216",
    "o": null,
    "st": "L2J",
    "ml": false
  },
  "080076": {
    "i": "080076",
    "r": "5H-AIR",
    "it": "C208",
    "y": null,
    "m": null,
    "mo": "Cessna 208 B",
    "o": null,
    "st": "L1T",
    "ml": false
  },
  "080097": {
    "i": "080097",
    "r": "5H-TNP",
    "it": "C208",
    "y": null,
    "m": null,
    "mo": "",
    "o": null,
    "st": "L1T",
    "ml": false
  },
  "08402a": {
    "i": "08402a",
    "r": "TT-DEX",
    "it": "F900",
    "y": null,
    "m": null,
    "mo": "Dassault Falcon-900EX",
    "o": null,
    "st": "L3J",
    "ml": false
  },
  "08cc9b": {
    "i": "08cc9b",
    "r": "9S-EMC",
    "it": "C208",
    "y": null,
    "m": null,
    "mo": "",
    "o": null,
    "st": "L1T",
    "ml": false
  },
  "08a0fc": {
    "i": "08a0fc",
    "r": "9J-HHZ",
    "it": "B738",
    "y": null,
    "m": null,
    "mo": "",
    "o": null,
    "st": "L2J",
    "ml": false
  },
  "08cadb": {
    "i": "08cadb",
    "r": "9S-GSV",
    "it": "H25B",
    "y": null,
    "m": null,
    "mo": "",
    "o": null,
    "st": "L2J",
    "ml": false
  },
  "08006b": {
    "i": "08006b",
    "r": "5H-SSB",
    "it": "C208",
    "y": null,
    "m": null,
    "mo": "Cessna 208-B",
    "o": null,
    "st": "L1T",
    "ml": false
  },
  "08006e": {
    "i": "08006e",
    "r": "5H-TCI",
    "it": "BCS3",
    "y": null,
    "m": null,
    "mo": "Airbus CS-300-A220-300",
    "o": null,
    "st": "L2J",
    "ml": false
  },
  "0800a1": {
    "i": "0800a1",
    "r": "5H-TCL",
    "it": "BCS3",
    "y": null,
    "m": null,
    "mo": "",
    "o": null,
    "st": "L2J",
    "ml": false
  },
  "08ceed": {
    "i": "08ceed",
    "r": "9S-AJS",
    "it": "A320",
    "y": null,
    "m": null,
    "mo": "",
    "o": null,
    "st": "L2J",
    "ml": false
  },
  "080017": {
    "i": "080017",
    "r": "5H-ZOE",
    "it": "PC12",
    "y": null,
    "m": null,
    "mo": "Pilatus PC-12--45",
    "o": null,
    "st": "L1T",
    "ml": false
  },
  "08002f": {
    "i": "08002f",
    "r": "5H-TCD",
    "it": "DH8D",
    "y": null,
    "m": null,
    "mo": "Bombardier DHC-8-Q-402NG",
    "o": null,
    "st": "L2T",
    "ml": false
  },
  "08004d": {
    "i": "08004d",
    "r": "5H-FZA",
    "it": "C208",
    "y": null,
    "m": null,
    "mo": "",
    "o": null,
    "st": "L1T",
    "ml": false
  },
  "08a109": {
    "i": "08a109",
    "r": "9J-MEL",
    "it": "B350",
    "y": null,
    "m": null,
    "mo": "",
    "o": null,
    "st": "L2T",
    "ml": false
  },
  "08007b": {
    "i": "08007b",
    "r": "5H-MZD",
    "it": "C208",
    "y": null,
    "m": null,
    "mo": "",
    "o": null,
    "st": "L1T",
    "ml": false
  },
  "080092": {
    "i": "080092",
    "r": "5H-TCJ",
    "it": "B788",
    "y": null,
    "m": null,
    "mo": "Boeing 787-8",
    "o": null,
    "st": "L2J",
    "ml": false
  },
  "0800ad": {
    "i": "0800ad",
    "r": "5H-TCO",
    "it": "B763",
    "y": null,
    "m": null,
    "mo": "",
    "o": null,
    "st": "L2J",
    "ml": false
  },
  "08cacb": {
    "i": "08cacb",
    "r": "9S-GDP",
    "it": "L410",
    "y": null,
    "m": null,
    "mo": "",
    "o": null,
    "st": "L2T",
    "ml": false
  },
  "08001c": {
    "i": "08001c",
    "r": "5H-PWB",
    "it": "AT75",
    "y": null,
    "m": null,
    "mo": "Avions de Transport Regional ATR 72 500",
    "o": null,
    "st": "L2T",
    "ml": false
  },
  "080037": {
    "i": "080037",
    "r": "5H-AJK",
    "it": "C208",
    "y": null,
    "m": null,
    "mo": "",
    "o": null,
    "st": "L1T",
    "ml": false
  },
  "080085": {
    "i": "080085",
    "r": "5H-GAS",
    "it": "C208",
    "y": null,
    "m": null,
    "mo": "Textron Aviation 208 EX",
    "o": null,
    "st": "L1T",
    "ml": false
  },
  "0800b2": {
    "i": "0800b2",
    "r": "5H-CGZ",
    "it": "C208",
    "y": null,
    "m": null,
    "mo": "",
    "o": null,
    "st": "L1T",
    "ml": false
  },
  "0800c8": {
    "i": "0800c8",
    "r": "5H-ERO",
    "it": "AS50",
    "y": null,
    "m": null,
    "mo": "",
    "o": null,
    "st": "H1T",
    "ml": false
  },
  "08cb89": {
    "i": "08cb89",
    "r": "9S-CTM",
    "it": "BE9T",
    "y": null,
    "m": null,
    "mo": "Beech King Air F90",
    "o": null,
    "st": "L2T",
    "ml": false
  },
  "08cec9": {
    "i": "08cec9",
    "r": "9S-ABM",
    "it": "A320",
    "y": null,
    "m": null,
    "mo": "",
    "o": null,
    "st": "L2J",
    "ml": false
  },
  "08cede": {
    "i": "08cede",
    "r": "9S-ASJ",
    "it": "A332",
    "y": null,
    "m": null,
    "mo": "",
    "o": null,
    "st": "L2J",
    "ml": false
  },
  "080004": {
    "i": "080004",
    "r": "5H-CAU",
    "it": "DH8A",
    "y": null,
    "m": null,
    "mo": "",
    "o": null,
    "st": "L2T",
    "ml": false
  },
  "08000e": {
    "i": "08000e",
    "r": "5H-LEO",
    "it": "PC12",
    "y": null,
    "m": null,
    "mo": "",
    "o": null,
    "st": "L1T",
    "ml": false
  },
  "080060": {
    "i": "080060",
    "r": "5H-IKI",
    "it": "C208",
    "y": null,
    "m": null,
    "mo": "",
    "o": null,
    "st": "L1T",
    "ml": false
  },
  "0800c7": {
    "i": "0800c7",
    "r": "5H-TFM",
    "it": "C208",
    "y": null,
    "m": null,
    "mo": "",
    "o": null,
    "st": "L1T",
    "ml": false
  },
  "0804b4": {
    "i": "0804b4",
    "r": "5H-AAU",
    "it": "C208",
    "y": null,
    "m": null,
    "mo": "",
    "o": null,
    "st": "L1T",
    "ml": false
  },
  "08003e": {
    "i": "08003e",
    "r": "5H-BEE",
    "it": "C208",
    "y": null,
    "m": null,
    "mo": "Cessna 208 B",
    "o": null,
    "st": "L1T",
    "ml": false
  },
  "080088": {
    "i": "080088",
    "r": "5H-FLS",
    "it": "C208",
    "y": null,
    "m": null,
    "mo": "",
    "o": null,
    "st": "L1T",
    "ml": false
  },
  "0800b9": {
    "i": "0800b9",
    "r": "5H-PTJ",
    "it": "B350",
    "y": null,
    "m": null,
    "mo": "",
    "o": null,
    "st": "L2T",
    "ml": false
  },
  "084fe0": {
    "i": "084fe0",
    "r": "TT-AAH",
    "it": "C130",
    "y": null,
    "m": null,
    "mo": "Lockheed C-130H Hercules",
    "o": null,
    "st": "L4T",
    "ml": true
  },
  "08cc98": {
    "i": "08cc98",
    "r": "9S-EMO",
    "it": "C208",
    "y": null,
    "m": null,
    "mo": "",
    "o": null,
    "st": "L1T",
    "ml": false
  },
  "0800bd": {
    "i": "0800bd",
    "r": "5H-NIA",
    "it": "C172",
    "y": null,
    "m": null,
    "mo": "",
    "o": null,
    "st": "L1P",
    "ml": false
  },
  "0800cf": {
    "i": "0800cf",
    "r": "5H-HAD",
    "it": "E120",
    "y": null,
    "m": null,
    "mo": "",
    "o": null,
    "st": "L2T",
    "ml": false
  },
  "08cbec": {
    "i": "08cbec",
    "r": "9S-PJB",
    "it": "E145",
    "y": null,
    "m": null,
    "mo": "EMB-145",
    "o": null,
    "st": "L2J",
    "ml": false
  },
  "08ce88": {
    "i": "08ce88",
    "r": "9S-ATT",
    "it": "B738",
    "y": null,
    "m": null,
    "mo": "",
    "o": null,
    "st": "L2J",
    "ml": false
  },
  "08000a": {
    "i": "08000a",
    "r": "5H-AAL",
    "it": "C208",
    "y": null,
    "m": null,
    "mo": "Textron Aviation 208 EX",
    "o": null,
    "st": "L1T",
    "ml": false
  },
  "080027": {
    "i": "080027",
    "r": "5H-PWG",
    "it": "AT75",
    "y": null,
    "m": null,
    "mo": "",
    "o": null,
    "st": "L2T",
    "ml": false
  },
  "080080": {
    "i": "080080",
    "r": "5H-AAG",
    "it": "C208",
    "y": null,
    "m": null,
    "mo": "",
    "o": null,
    "st": "L1T",
    "ml": false
  },
  "08008f": {
    "i": "08008f",
    "r": "5H-AAQ",
    "it": "C208",
    "y": null,
    "m": null,
    "mo": "",
    "o": null,
    "st": "L1T",
    "ml": false
  },
  "0800af": {
    "i": "0800af",
    "r": "5H-TCP",
    "it": "B39M",
    "y": null,
    "m": null,
    "mo": "",
    "o": null,
    "st": "L2J",
    "ml": false
  },
  "08cecc": {
    "i": "08cecc",
    "r": "9S-ABD",
    "it": "AT75",
    "y": null,
    "m": null,
    "mo": "ATR72-500",
    "o": null,
    "st": "L2T",
    "ml": false
  },
  "08000f": {
    "i": "08000f",
    "r": "5H-ONE",
    "it": "GLF5",
    "y": null,
    "m": null,
    "mo": "Gulfstream 5",
    "o": null,
    "st": "L2J",
    "ml": false
  },
  "084f00": {
    "i": "084f00",
    "r": "TT-ABC",
    "it": "MD87",
    "y": null,
    "m": "MCDONNELL DOUGLAS",
    "mo": "DC-9 87",
    "o": "Government of Chad",
    "st": "L2J",
    "ml": true
  },
  "08cbab": {
    "i": "08cbab",
    "r": "9S-CGC",
    "it": "GLF4",
    "y": null,
    "m": "GULFSTREAM",
    "mo": "4",
    "o": "Govt - Democratic Republic of Congo",
    "st": "L2J",
    "ml": true
  },
  "08ca8c": {
    "i": "08ca8c",
    "r": "9S-GOD",
    "it": "B350",
    "y": null,
    "m": "BEECHCRAFT",
    "mo": "Super King Air 350",
    "o": null,
    "st": "L2T",
    "ml": false
  },
  "08cbbb": {
    "i": "08cbbb",
    "r": "9T-TIB",
    "it": "IL76",
    "y": null,
    "m": "ILYUSHIN",
    "mo": "Il-76/82",
    "o": null,
    "st": "L4J",
    "ml": true
  },
  "08cbb9": {
    "i": "08cbb9",
    "r": "9S-CIN",
    "it": "P68",
    "y": null,
    "m": "PARTENAVIA",
    "mo": "P-68 Observer",
    "o": null,
    "st": "L2P",
    "ml": false
  },
  "08cade": {
    "i": "08cade",
    "r": "9S-GFJ",
    "it": "C55B",
    "y": null,
    "m": "CESSNA",
    "mo": "550 Citation Bravo",
    "o": null,
    "st": "L2J",
    "ml": false
  },
  "0800ae": {
    "i": "0800ae",
    "r": "5H-TCR",
    "it": "B788",
    "y": null,
    "m": "BOEING",
    "mo": "787-8 Dreamliner",
    "o": null,
    "st": "L2J",
    "ml": false
  },
  "08ceae": {
    "i": "08ceae",
    "r": "9S-AGA",
    "it": "B738",
    "y": null,
    "m": "BOEING",
    "mo": "737-800",
    "o": null,
    "st": "L2J",
    "ml": false
  },
  "08a104": {
    "i": "08a104",
    "r": "9J-PCQ",
    "it": "JS41",
    "y": null,
    "m": "BRITISH AEROSPACE",
    "mo": "Jetstream 41",
    "o": null,
    "st": "L2T",
    "ml": false
  },
  "08a105": {
    "i": "08a105",
    "r": "9J-PFE",
    "it": "CRJ2",
    "y": null,
    "m": "BOMBARDIER",
    "mo": "Regional Jet CRJ-200",
    "o": null,
    "st": "L2J",
    "ml": false
  },
  "080095": {
    "i": "080095",
    "r": "5H-CPT",
    "it": "C182",
    "y": null,
    "m": "CESSNA",
    "mo": "182 Skylane",
    "o": null,
    "st": "L1P",
    "ml": false
  },
  "08a106": {
    "i": "08a106",
    "r": "9J-ZAE",
    "it": "B737",
    "y": null,
    "m": "BOEING",
    "mo": "737-700",
    "o": null,
    "st": "L2J",
    "ml": false
  },
  "08cabe": {
    "i": "08cabe",
    "r": "9S-GOA",
    "it": "SH33",
    "y": null,
    "m": "SHORT",
    "mo": "SD3 Sherpa",
    "o": null,
    "st": "L2T",
    "ml": false
  },
  "08ce9e": {
    "i": "08ce9e",
    "r": "9S-ANA",
    "it": "B738",
    "y": null,
    "m": "BOEING",
    "mo": "737-800",
    "o": null,
    "st": "L2J",
    "ml": false
  },
  "080010": {
    "i": "080010",
    "r": "98-00010",
    "it": "C560",
    "y": null,
    "m": "CESSNA",
    "mo": "560 Citation Ultra",
    "o": "Miscode - UNITED STATES",
    "st": "L2J",
    "ml": true
  },
  "08a108": {
    "i": "08a108",
    "r": "9J-PKP",
    "it": "E135",
    "y": null,
    "m": "EMBRAER",
    "mo": "ERJ-135",
    "o": null,
    "st": "L2J",
    "ml": false
  },
  "08001f": {
    "i": "08001f",
    "r": "5H-TGF",
    "it": "F50",
    "y": null,
    "m": "FOKKER",
    "mo": "50",
    "o": "Government of Tanzania",
    "st": "L2T",
    "ml": true
  },
  "08ceee": {
    "i": "08ceee",
    "r": "9S-AAA",
    "it": "B733",
    "y": null,
    "m": "BOEING",
    "mo": "737-300",
    "o": null,
    "st": "L2J",
    "ml": false
  },
  "0800ce": {
    "i": "0800ce",
    "r": "5H-POA",
    "it": "C208",
    "y": null,
    "m": "CESSNA",
    "mo": "208 Caravan",
    "o": null,
    "st": "L1T",
    "ml": false
  },
  "0800cc": {
    "i": "0800cc",
    "r": "5H-ONE",
    "it": "GA7C",
    "y": null,
    "m": "GULFSTREAM",
    "mo": "G700",
    "o": "Government of Tanzania",
    "st": "L2J",
    "ml": true
  },
  "0800be": {
    "i": "0800be",
    "r": "5H-NIT",
    "it": "C172",
    "y": null,
    "m": "CESSNA",
    "mo": "172 Skyhawk",
    "o": null,
    "st": "L1P",
    "ml": false
  },
  "0800d3": {
    "i": "0800d3",
    "r": "5H-IGH",
    "it": "AS50",
    "y": null,
    "m": "AEROSPATIALE",
    "mo": "AS-350 Ecureuil",
    "o": null,
    "st": "H1T",
    "ml": false
  },
  "084003": {
    "i": "084003",
    "r": "1401",
    "it": "C27J",
    "y": null,
    "m": "ALENIA",
    "mo": "C-27J Spartan",
    "o": null,
    "st": "L2T",
    "ml": true
  },
  "084004": {
    "i": "084004",
    "r": "1402",
    "it": "C27J",
    "y": null,
    "m": "ALENIA",
    "mo": "C-27J Spartan",
    "o": null,
    "st": "L2T",
    "ml": true
  },
  "08a081": {
    "i": "08a081",
    "r": "9J-ONE",
    "it": "CL60",
    "y": null,
    "m": "BOMBARDIER",
    "mo": "CL-600 Challenger",
    "o": "Government of Zambia",
    "st": "L2J",
    "ml": true
  },
  "08ccc9": {
    "i": "08ccc9",
    "r": "9S-EEM",
    "it": "C208",
    "y": null,
    "m": "CESSNA",
    "mo": "208 Caravan",
    "o": null,
    "st": "L1T",
    "ml": false
  },
  "084017": {
    "i": "084017",
    "r": "TT-DAB",
    "it": "H25B",
    "y": null,
    "m": "HAWKER",
    "mo": "Hawker 750/850",
    "o": "Government of Chad",
    "st": "L2J",
    "ml": true
  },
  "08ceea": {
    "i": "08ceea",
    "r": "9S-AJG",
    "it": "DC86",
    "y": null,
    "m": "DOUGLAS",
    "mo": "DC-8-60",
    "o": null,
    "st": "L4J",
    "ml": false
  },
  "084002": {
    "i": "084002",
    "r": "TT-ABD",
    "it": "B737",
    "y": null,
    "m": "BOEING",
    "mo": "737-700",
    "o": "Government of Chad",
    "st": "L2J",
    "ml": true
  }
}