{
  "09009a": {
    "i": "09009a",
    "r": "D2-EZR",
    "it": "C750",
    "y": null,
    "m": null,
    "mo": "Cessna Citation X",
    "o": null,
    "st": "L2J",
    "ml": false
  },
  "0900f0": {
    "i": "0900f0",
    "r": "D2-TEJ",
    "it": "B77W",
    "y": null,
    "m": null,
    "mo": "Boeing 777-3M2",
    "o": null,
    "st": "L2J",
    "ml": false
  },
  "090059": {
    "i": "090059",
    "r": "D2-TEE",
    "it": "B772",
    "y": null,
    "m": null,
    "mo": "Boeing 777-2M2",
    "o": null,
    "st": "L2J",
    "ml": false
  },
  "090060": {
    "i": "090060",
    "r": "D2-TBG",
    "it": "B737",
    "y": null,
    "m": null,
    "mo": "Boeing 737-7M2",
    "o": null,
    "st": "L2J",
    "ml": false
  },
  "096023": {
    "i": "096023",
    "r": "D4-CCI",
    "it": "B737",
    "y": null,
    "m": null,
    "mo": "",
    "o": null,
    "st": "L2J",
    "ml": false
  },
  "09a035": {
    "i": "09a035",
    "r": "C5-BDV",
    "it": "B735",
    "y": null,
    "m": null,
    "mo": "Boeing 737-5H6",
    "o": null,
    "st": "L2J",
    "ml": false
  },
  "09a053": {
    "i": "09a053",
    "r": "C5-MIC",
    "it": "A346",
    "y": null,
    "m": null,
    "mo": "Airbus A340-642",
    "o": null,
    "st": "L4J",
    "ml": false
  },
  "09c035": {
    "i": "09c035",
    "r": "XT-ABV",
    "it": "E190",
    "y": null,
    "m": null,
    "mo": "Embraer EMB-195 AR",
    "o": null,
    "st": "L2J",
    "ml": false
  },
  "09a057": {
    "i": "09a057",
    "r": "C5-ECT",
    "it": "B772",
    "y": null,
    "m": null,
    "mo": "",
    "o": null,
    "st": "L2J",
    "ml": false
  },
  "09012c": {
    "i": "09012c",
    "r": "T-914",
    "it": "IL76",
    "y": null,
    "m": null,
    "mo": "",
    "o": null,
    "st": "L4J",
    "ml": true
  },
  "094015": {
    "i": "094015",
    "r": "TY-54L",
    "it": "CLON",
    "y": null,
    "m": null,
    "mo": "",
    "o": null,
    "st": "G1P",
    "ml": true
  },
  "09a033": {
    "i": "09a033",
    "r": "C5-BDO",
    "it": "B733",
    "y": null,
    "m": null,
    "mo": "Boeing 737-36N",
    "o": null,
    "st": "L2J",
    "ml": false
  },
  "0900f9": {
    "i": "0900f9",
    "r": "H-902",
    "it": "A139",
    "y": null,
    "m": null,
    "mo": "",
    "o": null,
    "st": "H2T",
    "ml": true
  },
  "094011": {
    "i": "094011",
    "r": "TY-51L",
    "it": "CLON",
    "y": null,
    "m": null,
    "mo": "",
    "o": null,
    "st": "G1P",
    "ml": true
  },
  "09a034": {
    "i": "09a034",
    "r": "C5-BDB",
    "it": "B735",
    "y": null,
    "m": null,
    "mo": "Boeing 737 5H6",
    "o": null,
    "st": "L2J",
    "ml": false
  },
  "090130": {
    "i": "090130",
    "r": "D2-BFJ",
    "it": "A169",
    "y": null,
    "m": null,
    "mo": "",
    "o": null,
    "st": "H2T",
    "ml": false
  },
  "09a052": {
    "i": "09a052",
    "r": "C5-MIB",
    "it": "A346",
    "y": null,
    "m": null,
    "mo": "",
    "o": null,
    "st": "L4J",
    "ml": false
  },
  "090061": {
    "i": "090061",
    "r": "D2-TBH",
    "it": "B737",
    "y": null,
    "m": null,
    "mo": "Boeing 737-7M2",
    "o": null,
    "st": "L2J",
    "ml": false
  },
  "09009e": {
    "i": "09009e",
    "r": "D2-EPC",
    "it": "LJ60",
    "y": null,
    "m": null,
    "mo": "",
    "o": null,
    "st": "L2J",
    "ml": false
  },
  "090112": {
    "i": "090112",
    "r": "D2-BFC",
    "it": "AT76",
    "y": null,
    "m": null,
    "mo": "Atr ATR 72-600",
    "o": null,
    "st": "L2T",
    "ml": false
  },
  "09c146": {
    "i": "09c146",
    "r": "XT-BKG",
    "it": "AT76",
    "y": null,
    "m": null,
    "mo": "Atr ATR 72-600",
    "o": null,
    "st": "L2T",
    "ml": false
  },
  "09011d": {
    "i": "09011d",
    "r": "D2-TFD",
    "it": "DH8D",
    "y": null,
    "m": null,
    "mo": "",
    "o": null,
    "st": "L2T",
    "ml": false
  },
  "09a063": {
    "i": "09a063",
    "r": "C5-STC",
    "it": "B734",
    "y": null,
    "m": null,
    "mo": "",
    "o": null,
    "st": "L2J",
    "ml": false
  },
  "090031": {
    "i": "090031",
    "r": "T-702",
    "it": "AN72",
    "y": null,
    "m": null,
    "mo": "Antonov An-72",
    "o": null,
    "st": "L2J",
    "ml": false
  },
  "09012f": {
    "i": "09012f",
    "r": "D2-BFI",
    "it": "A169",
    "y": null,
    "m": null,
    "mo": "",
    "o": null,
    "st": "H2T",
    "ml": false
  },
  "090141": {
    "i": "090141",
    "r": "D2-AJJ",
    "it": "E145",
    "y": null,
    "m": null,
    "mo": "",
    "o": null,
    "st": "L2J",
    "ml": false
  },
  "094004": {
    "i": "094004",
    "r": "TY-26A",
    "it": "MA60",
    "y": null,
    "m": null,
    "mo": "",
    "o": null,
    "st": "L2T",
    "ml": false
  },
  "096028": {
    "i": "096028",
    "r": "D4-CCJ",
    "it": "B38M",
    "y": null,
    "m": null,
    "mo": "",
    "o": null,
    "st": "L2J",
    "ml": false
  },
  "09a038": {
    "i": "09a038",
    "r": "C5-MAB",
    "it": "B733",
    "y": null,
    "m": null,
    "mo": "Boeing 737 3Z0",
    "o": null,
    "st": "L2J",
    "ml": false
  },
  "09a051": {
    "i": "09a051",
    "r": "C5-MIA",
    "it": "A343",
    "y": null,
    "m": null,
    "mo": "Airbus A340 313X",
    "o": null,
    "st": "L4J",
    "ml": false
  },
  "09011f": {
    "i": "09011f",
    "r": "D2-TFF",
    "it": "DH8D",
    "y": null,
    "m": null,
    "mo": "",
    "o": null,
    "st": "L2T",
    "ml": false
  },
  "09c1d4": {
    "i": "09c1d4",
    "r": "XT-YOU",
    "it": "AT76",
    "y": null,
    "m": null,
    "mo": "",
    "o": null,
    "st": "L2T",
    "ml": false
  },
  "09003c": {
    "i": "09003c",
    "r": "T-905",
    "it": "IL76",
    "y": null,
    "m": null,
    "mo": "Ilyushin IL-76 TD",
    "o": null,
    "st": "L4J",
    "ml": false
  },
  "0900fc": {
    "i": "0900fc",
    "r": "H-903",
    "it": "A139",
    "y": null,
    "m": null,
    "mo": "",
    "o": null,
    "st": "H2T",
    "ml": true
  },
  "09cd45": {
    "i": "09cd45",
    "r": "XT-MBH",
    "it": "C295",
    "y": null,
    "m": null,
    "mo": "",
    "o": null,
    "st": "L2T",
    "ml": true
  },
  "0900b7": {
    "i": "0900b7",
    "r": "D2-EUO",
    "it": "DH8D",
    "y": null,
    "m": null,
    "mo": "Bombardier DHC-8 402",
    "o": null,
    "st": "L2T",
    "ml": false
  },
  "090144": {
    "i": "090144",
    "r": "D2-TBY",
    "it": "B737",
    "y": null,
    "m": null,
    "mo": "",
    "o": null,
    "st": "L2J",
    "ml": false
  },
  "09601f": {
    "i": "09601f",
    "r": "D4-CCF",
    "it": "B752",
    "y": null,
    "m": null,
    "mo": "Boeing 757-236",
    "o": null,
    "st": "L2J",
    "ml": false
  },
  "09c028": {
    "i": "09c028",
    "r": "XT-ABI",
    "it": "E190",
    "y": null,
    "m": null,
    "mo": "",
    "o": null,
    "st": "L2J",
    "ml": false
  },
  "090011": {
    "i": "090011",
    "r": "D2-ESN",
    "it": "F27",
    "y": null,
    "m": null,
    "mo": "Fokker F27 500",
    "o": null,
    "st": "L2T",
    "ml": false
  },
  "0900f1": {
    "i": "0900f1",
    "r": "D2-TEK",
    "it": "B77W",
    "y": null,
    "m": null,
    "mo": "Boeing 777-3M2",
    "o": null,
    "st": "L2J",
    "ml": false
  },
  "090138": {
    "i": "090138",
    "r": "T-412",
    "it": "C295",
    "y": null,
    "m": null,
    "mo": "",
    "o": null,
    "st": "L2T",
    "ml": true
  },
  "094013": {
    "i": "094013",
    "r": "TY-52L",
    "it": "CLON",
    "y": null,
    "m": null,
    "mo": "",
    "o": null,
    "st": "G1P",
    "ml": true
  },
  "09c02e": {
    "i": "09c02e",
    "r": "XT-EBO",
    "it": "IL76",
    "y": null,
    "m": null,
    "mo": "",
    "o": null,
    "st": "L4J",
    "ml": false
  },
  "09c407": {
    "i": "09c407",
    "r": "XT-HAH",
    "it": "AS65",
    "y": null,
    "m": null,
    "mo": "",
    "o": null,
    "st": "H2T",
    "ml": false
  },
  "090117": {
    "i": "090117",
    "r": "D2-TFA",
    "it": "DH8D",
    "y": null,
    "m": null,
    "mo": "",
    "o": null,
    "st": "L2T",
    "ml": false
  },
  "090145": {
    "i": "090145",
    "r": "D2-TBW",
    "it": "B737",
    "y": null,
    "m": null,
    "mo": "",
    "o": null,
    "st": "L2J",
    "ml": false
  },
  "09a04b": {
    "i": "09a04b",
    "r": "C5-BDA",
    "it": "B735",
    "y": null,
    "m": null,
    "mo": "Boeing 737-55S",
    "o": null,
    "st": "L2J",
    "ml": false
  },
  "090038": {
    "i": "090038",
    "r": "D2-FFN",
    "it": "B190",
    "y": null,
    "m": null,
    "mo": "",
    "o": null,
    "st": "L2T",
    "ml": false
  },
  "090079": {
    "i": "090079",
    "r": "D2-EVW",
    "it": "B737",
    "y": null,
    "m": null,
    "mo": "Boeing 737NG 7HBC/W",
    "o": null,
    "st": "L2J",
    "ml": false
  },
  "090091": {
    "i": "090091",
    "r": "D2-EWS",
    "it": "B737",
    "y": null,
    "m": null,
    "mo": "Boeing 737NG 7HBC/W",
    "o": null,
    "st": "L2J",
    "ml": false
  },
  "094014": {
    "i": "094014",
    "r": "TY-53L",
    "it": "CLON",
    "y": null,
    "m": null,
    "mo": "",
    "o": null,
    "st": "G1P",
    "ml": true
  },
  "09007a": {
    "i": "09007a",
    "r": "D2-TEF",
    "it": "B772",
    "y": null,
    "m": null,
    "mo": "Boeing 777 2M2ER",
    "o": null,
    "st": "L2J",
    "ml": false
  },
  "09010a": {
    "i": "09010a",
    "r": "D2-FDF",
    "it": "E145",
    "y": null,
    "m": null,
    "mo": "Embraer ERJ-145",
    "o": null,
    "st": "L2J",
    "ml": false
  },
  "090113": {
    "i": "090113",
    "r": "D2-BFD",
    "it": "AT76",
    "y": null,
    "m": null,
    "mo": "Atr ATR 72-600",
    "o": null,
    "st": "L2T",
    "ml": false
  },
  "09011c": {
    "i": "09011c",
    "r": "D2-EZW",
    "it": "A189",
    "y": null,
    "m": null,
    "mo": "",
    "o": null,
    "st": "H2T",
    "ml": false
  },
  "09a04c": {
    "i": "09a04c",
    "r": "C5-BDC",
    "it": "B735",
    "y": null,
    "m": null,
    "mo": "Boeing 737-55S",
    "o": null,
    "st": "L2J",
    "ml": false
  },
  "09c24c": {
    "i": "09c24c",
    "r": "XT-ISM",
    "it": "AT76",
    "y": null,
    "m": null,
    "mo": "",
    "o": null,
    "st": "L2T",
    "ml": false
  },
  "0900dc": {
    "i": "0900dc",
    "r": "D2-EAH",
    "it": "BE40",
    "y": null,
    "m": null,
    "mo": "Raytheon Aircraft Company 400 XP",
    "o": null,
    "st": "L2J",
    "ml": false
  },
  "09a03e": {
    "i": "09a03e",
    "r": "C5-MAE",
    "it": "B733",
    "y": null,
    "m": null,
    "mo": "Boeing 737 306",
    "o": null,
    "st": "L2J",
    "ml": false
  },
  "0900cb": {
    "i": "0900cb",
    "r": "D2-EBP",
    "it": "E145",
    "y": null,
    "m": null,
    "mo": "Embraer ERJ-145 LR",
    "o": null,
    "st": "L2J",
    "ml": false
  },
  "090111": {
    "i": "090111",
    "r": "D2-BFB",
    "it": "A139",
    "y": null,
    "m": null,
    "mo": "AgustaWestland 139",
    "o": null,
    "st": "H2T",
    "ml": false
  },
  "090118": {
    "i": "090118",
    "r": "D2-TFB",
    "it": "DH8D",
    "y": null,
    "m": null,
    "mo": "",
    "o": null,
    "st": "L2T",
    "ml": false
  },
  "098225": {
    "i": "098225",
    "r": "J2-MBW",
    "it": "MA60",
    "y": null,
    "m": null,
    "mo": "",
    "o": null,
    "st": "L2T",
    "ml": true
  },
  "0900bc": {
    "i": "0900bc",
    "r": "D2-TEH",
    "it": "B77W",
    "y": null,
    "m": null,
    "mo": "Boeing 777-3M2",
    "o": null,
    "st": "L2J",
    "ml": false
  },
  "09010d": {
    "i": "09010d",
    "r": "D2-FIC",
    "it": "E145",
    "y": null,
    "m": null,
    "mo": "",
    "o": null,
    "st": "L2J",
    "ml": false
  },
  "09012b": {
    "i": "09012b",
    "r": "T-912",
    "it": "IL76",
    "y": null,
    "m": null,
    "mo": "",
    "o": null,
    "st": "L4J",
    "ml": true
  },
  "094010": {
    "i": "094010",
    "r": "TY-50L",
    "it": "CLON",
    "y": null,
    "m": null,
    "mo": "",
    "o": null,
    "st": "G1P",
    "ml": true
  },
  "09a056": {
    "i": "09a056",
    "r": "C5-TEY",
    "it": "B734",
    "y": null,
    "m": null,
    "mo": "Boeing 737-476",
    "o": null,
    "st": "L2J",
    "ml": false
  },
  "090126": {
    "i": "090126",
    "r": "D2-BFG",
    "it": "A139",
    "y": null,
    "m": null,
    "mo": "",
    "o": null,
    "st": "H2T",
    "ml": false
  },
  "09a050": {
    "i": "09a050",
    "r": "C5-SUA",
    "it": "A320",
    "y": null,
    "m": null,
    "mo": "",
    "o": null,
    "st": "L2J",
    "ml": false
  },
  "09a05f": {
    "i": "09a05f",
    "r": "C5-FLY",
    "it": "E35L",
    "y": null,
    "m": null,
    "mo": "Embraer Legacy 650",
    "o": null,
    "st": "L2J",
    "ml": false
  },
  "090115": {
    "i": "090115",
    "r": "D2-AAM",
    "it": "PC12",
    "y": null,
    "m": null,
    "mo": "",
    "o": null,
    "st": "L1T",
    "ml": false
  },
  "090132": {
    "i": "090132",
    "r": "D2-BFO",
    "it": "A169",
    "y": null,
    "m": null,
    "mo": "",
    "o": null,
    "st": "H2T",
    "ml": false
  },
  "094109": {
    "i": "094109",
    "r": "TY-37H",
    "it": "AS50",
    "y": null,
    "m": null,
    "mo": "",
    "o": null,
    "st": "H1T",
    "ml": true
  },
  "09014d": {
    "i": "09014d",
    "r": "D2-TAF",
    "it": "BCS3",
    "y": null,
    "m": null,
    "mo": "",
    "o": null,
    "st": "L2J",
    "ml": false
  },
  "09a048": {
    "i": "09a048",
    "r": "C5-MAJ",
    "it": "B733",
    "y": null,
    "m": null,
    "mo": "Boeing 737 36N",
    "o": null,
    "st": "L2J",
    "ml": false
  },
  "09a062": {
    "i": "09a062",
    "r": "C5-JRD",
    "it": "B734",
    "y": null,
    "m": null,
    "mo": "",
    "o": null,
    "st": "L2J",
    "ml": false
  },
  "09c008": {
    "i": "09c008",
    "r": "XT-BFA",
    "it": "B722",
    "y": null,
    "m": null,
    "mo": "Boeing 727 282/W",
    "o": null,
    "st": "L3J",
    "ml": false
  },
  "090097": {
    "i": "090097",
    "r": "D2-FFX",
    "it": "LJ45",
    "y": null,
    "m": null,
    "mo": "Bombardier Learjet 45",
    "o": null,
    "st": "L2J",
    "ml": false
  },
  "0900d6": {
    "i": "0900d6",
    "r": "D2-TBK",
    "it": "B737",
    "y": null,
    "m": null,
    "mo": "Boeing 737-7HB",
    "o": null,
    "st": "L2J",
    "ml": false
  },
  "0900fa": {
    "i": "0900fa",
    "r": "H-901",
    "it": "A139",
    "y": null,
    "m": null,
    "mo": "",
    "o": null,
    "st": "H2T",
    "ml": true
  },
  "09013f": {
    "i": "09013f",
    "r": "D2-EZY",
    "it": "A139",
    "y": null,
    "m": null,
    "mo": "",
    "o": null,
    "st": "H2T",
    "ml": false
  },
  "0900b9": {
    "i": "0900b9",
    "r": "D2-EUQ",
    "it": "DH8D",
    "y": null,
    "m": null,
    "mo": "Bombardier DHC-8 402",
    "o": null,
    "st": "L2T",
    "ml": false
  },
  "0900db": {
    "i": "0900db",
    "r": "D2-TEI",
    "it": "B77W",
    "y": null,
    "m": null,
    "mo": "Boeing 777-3M2",
    "o": null,
    "st": "L2J",
    "ml": false
  },
  "090125": {
    "i": "090125",
    "r": "D2-BFF",
    "it": "A139",
    "y": null,
    "m": null,
    "mo": "",
    "o": null,
    "st": "H2T",
    "ml": false
  },
  "09013e": {
    "i": "09013e",
    "r": "D2-EZX",
    "it": "A139",
    "y": null,
    "m": null,
    "mo": "",
    "o": null,
    "st": "H2T",
    "ml": false
  },
  "09c039": {
    "i": "09c039",
    "r": "XT-ABZ",
    "it": "E75L",
    "y": null,
    "m": null,
    "mo": "",
    "o": null,
    "st": "L2J",
    "ml": false
  },
  "090120": {
    "i": "090120",
    "r": "D2-ABC",
    "it": "PC12",
    "y": null,
    "m": null,
    "mo": "",
    "o": null,
    "st": "L1T",
    "ml": false
  },
  "090062": {
    "i": "090062",
    "r": "D2-TBJ",
    "it": "B737",
    "y": null,
    "m": null,
    "mo": "Boeing 737-7M2",
    "o": null,
    "st": "L2J",
    "ml": false
  },
  "090083": {
    "i": "090083",
    "r": "D2-FGE",
    "it": "AN72",
    "y": null,
    "m": null,
    "mo": "Antonov An-72-100",
    "o": null,
    "st": "L2J",
    "ml": false
  },
  "09011a": {
    "i": "09011a",
    "r": "D2-TFC",
    "it": "DH8D",
    "y": null,
    "m": null,
    "mo": "",
    "o": null,
    "st": "L2T",
    "ml": false
  },
  "090058": {
    "i": "090058",
    "r": "D2-TED",
    "it": "B772",
    "y": null,
    "m": null,
    "mo": "Boeing 777-2M2",
    "o": null,
    "st": "L2J",
    "ml": false
  },
  "096013": {
    "i": "096013",
    "r": "D4-CBT",
    "it": "AT75",
    "y": null,
    "m": null,
    "mo": "Avions de Transport Regional ATR 72 500",
    "o": null,
    "st": "L2T",
    "ml": false
  },
  "09601e": {
    "i": "09601e",
    "r": "D4-BFA",
    "it": "AT76",
    "y": null,
    "m": null,
    "mo": "",
    "o": null,
    "st": "L2T",
    "ml": false
  },
  "09c188": {
    "i": "09c188",
    "r": "XT-AMI",
    "it": "AT75",
    "y": null,
    "m": null,
    "mo": "Atr ATR 72-212A",
    "o": null,
    "st": "L2T",
    "ml": false
  },
  "09c412": {
    "i": "09c412",
    "r": "XT-HAS",
    "it": "AS65",
    "y": null,
    "m": null,
    "mo": "",
    "o": null,
    "st": "H2T",
    "ml": false
  },
  "09a055": {
    "i": "09a055",
    "r": "C5-SUV",
    "it": "E35L",
    "y": null,
    "m": null,
    "mo": "",
    "o": null,
    "st": "L2J",
    "ml": false
  },
  "0900bb": {
    "i": "0900bb",
    "r": "D2-TEG",
    "it": "B77W",
    "y": null,
    "m": null,
    "mo": "Boeing 777-3M2",
    "o": null,
    "st": "L2J",
    "ml": false
  },
  "094105": {
    "i": "094105",
    "r": "TY-ABT",
    "it": "C208",
    "y": null,
    "m": null,
    "mo": "",
    "o": null,
    "st": "L1T",
    "ml": false
  },
  "09011e": {
    "i": "09011e",
    "r": "D2-TFE",
    "it": "DH8D",
    "y": null,
    "m": null,
    "mo": "",
    "o": null,
    "st": "L2T",
    "ml": false
  },
  "09a04d": {
    "i": "09a04d",
    "r": "C5-BDD",
    "it": "B735",
    "y": null,
    "m": null,
    "mo": "Boeing 737-55S",
    "o": null,
    "st": "L2J",
    "ml": false
  },
  "09c023": {
    "i": "09c023",
    "r": "XT-ABD",
    "it": "GLF4",
    "y": null,
    "m": null,
    "mo": "",
    "o": null,
    "st": "L2J",
    "ml": false
  },
  "0900e4": {
    "i": "0900e4",
    "r": "D2-ANT",
    "it": "F900",
    "y": null,
    "m": null,
    "mo": "Dassault Falcon-900B",
    "o": null,
    "st": "L3J",
    "ml": false
  },
  "098014": {
    "i": "098014",
    "r": "J2-HPV",
    "it": "FA7X",
    "y": null,
    "m": null,
    "mo": "Dassault Falcon 7X",
    "o": null,
    "st": "L3J",
    "ml": false
  },
  "09a05e": {
    "i": "09a05e",
    "r": "C5-SKY",
    "it": "E35L",
    "y": null,
    "m": null,
    "mo": "",
    "o": null,
    "st": "L2J",
    "ml": false
  },
  "0900ae": {
    "i": "0900ae",
    "r": "D2-EEA",
    "it": "DH8D",
    "y": null,
    "m": null,
    "mo": "Bombardier DHC-8 402",
    "o": null,
    "st": "L2T",
    "ml": true
  },
  "090020": {
    "i": "090020",
    "r": "D2-FFJ",
    "it": "B190",
    "y": null,
    "m": "BEECH",
    "mo": "1900",
    "o": null,
    "st": "L2T",
    "ml": false
  },
  "094020": {
    "i": "094020",
    "r": "TY-27A",
    "it": "C208",
    "y": null,
    "m": "CESSNA",
    "mo": "208 Caravan",
    "o": null,
    "st": "L1T",
    "ml": true
  },
  "09c180": {
    "i": "09c180",
    "r": "XT-KMA",
    "it": "GLF4",
    "y": null,
    "m": "GULFSTREAM",
    "mo": "4",
    "o": null,
    "st": "L2J",
    "ml": false
  },
  "090131": {
    "i": "090131",
    "r": "D2-BFN",
    "it": "A169",
    "y": null,
    "m": "AGUSTA",
    "mo": "AW-169",
    "o": null,
    "st": "H2T",
    "ml": false
  },
  "090143": {
    "i": "090143",
    "r": "D2-TBU",
    "it": "B738",
    "y": null,
    "m": "BOEING",
    "mo": "737-800",
    "o": null,
    "st": "L2J",
    "ml": false
  },
  "09012e": {
    "i": "09012e",
    "r": "D2-WOL",
    "it": "C208",
    "y": null,
    "m": "CESSNA",
    "mo": "208 Caravan",
    "o": null,
    "st": "L1T",
    "ml": false
  },
  "096025": {
    "i": "096025",
    "r": "D4-CCL",
    "it": "B350",
    "y": null,
    "m": "BEECHCRAFT",
    "mo": "Super King Air 350",
    "o": null,
    "st": "L2T",
    "ml": true
  },
  "090148": {
    "i": "090148",
    "r": "D2-TAA",
    "it": "BCS3",
    "y": null,
    "m": "AIRBUS",
    "mo": "A220-300",
    "o": null,
    "st": "L2J",
    "ml": false
  },
  "090057": {
    "i": "090057",
    "r": "D2-ECE",
    "it": "C55B",
    "y": null,
    "m": "CESSNA",
    "mo": "550 Citation Bravo",
    "o": null,
    "st": "L2J",
    "ml": false
  },
  "090142": {
    "i": "090142",
    "r": "D2-ADK",
    "it": "C182",
    "y": null,
    "m": "CESSNA",
    "mo": "182 Skylane",
    "o": null,
    "st": "L1P",
    "ml": false
  },
  "0983a1": {
    "i": "0983a1",
    "r": "J2-MBH",
    "it": "MA60",
    "y": null,
    "m": "XIAN",
    "mo": "MA-60",
    "o": null,
    "st": "L2T",
    "ml": true
  },
  "0900f5": {
    "i": "0900f5",
    "r": "T-910",
    "it": "IL76",
    "y": null,
    "m": "ILYUSHIN",
    "mo": "Il-76/82",
    "o": null,
    "st": "L4J",
    "ml": true
  },
  "09014e": {
    "i": "09014e",
    "r": "D2-TEQ",
    "it": "B789",
    "y": null,
    "m": "BOEING",
    "mo": "787-9 Dreamliner",
    "o": null,
    "st": "L2J",
    "ml": false
  },
  "090088": {
    "i": "090088",
    "r": "D2-ANG",
    "it": "GLEX",
    "y": null,
    "m": "BOMBARDIER",
    "mo": "BD700-GLOBAL 6000/6500",
    "o": "Government of Angola",
    "st": "L2J",
    "ml": true
  },
  "09cd55": {
    "i": "09cd55",
    "r": "XT-MBG",
    "it": "A139",
    "y": null,
    "m": "AGUSTA",
    "mo": "AW-139",
    "o": null,
    "st": "H2T",
    "ml": true
  },
  "096030": {
    "i": "096030",
    "r": "C9-AUV",
    "it": "DH8D",
    "y": null,
    "m": "DE HAVILLAND",
    "mo": "DHC-8-400 Dash 8",
    "o": null,
    "st": "L2T",
    "ml": false
  },
  "090074": {
    "i": "090074",
    "r": "D2-FDT",
    "it": "E120",
    "y": null,
    "m": "EMBRAER",
    "mo": "EMB-120 Brasilia",
    "o": null,
    "st": "L2T",
    "ml": false
  },
  "090116": {
    "i": "090116",
    "r": "D2-CPW",
    "it": "T206",
    "y": null,
    "m": "CESSNA",
    "mo": "T206 Turbo Stationair",
    "o": null,
    "st": "L1P",
    "ml": false
  },
  "0900b5": {
    "i": "0900b5",
    "r": "D2-EEB",
    "it": "DH8D",
    "y": null,
    "m": "BOMBARDIER",
    "mo": "DHC-8 402",
    "o": "Government of Angola",
    "st": "L2T",
    "ml": true
  }
}