{
  "0b4116": {
    "i": "0b4116",
    "r": "630",
    "it": "C208",
    "y": null,
    "m": null,
    "mo": "",
    "o": null,
    "st": "L1T",
    "ml": true
  },
  "0b4291": {
    "i": "0b4291",
    "r": "031",
    "it": "T206",
    "y": null,
    "m": null,
    "mo": "",
    "o": null,
    "st": "L1P",
    "ml": true
  },
  "0b06a6": {
    "i": "0b06a6",
    "r": "CU-T1702",
    "it": "T204",
    "y": null,
    "m": null,
    "mo": "Tupolev Tu-204 100E",
    "o": null,
    "st": "L2J",
    "ml": false
  },
  "0b4026": {
    "i": "0b4026",
    "r": "TG-PQS",
    "it": "C182",
    "y": null,
    "m": null,
    "mo": "",
    "o": null,
    "st": "L1P",
    "ml": false
  },
  "0b4046": {
    "i": "0b4046",
    "r": "TG-CSC",
    "it": "BE9L",
    "y": null,
    "m": null,
    "mo": "Hawker Beechcraft Corp King Air C90GTI",
    "o": null,
    "st": "L2T",
    "ml": false
  },
  "0b405f": {
    "i": "0b405f",
    "r": "TG-TAP",
    "it": "C310",
    "y": null,
    "m": null,
    "mo": "",
    "o": null,
    "st": "L2P",
    "ml": false
  },
  "0b407c": {
    "i": "0b407c",
    "r": "TG-DOR",
    "it": "AS50",
    "y": null,
    "m": null,
    "mo": "",
    "o": null,
    "st": "H1T",
    "ml": false
  },
  "0b413c": {
    "i": "0b413c",
    "r": "TG-JUR",
    "it": "C172",
    "y": null,
    "m": null,
    "mo": "17268689",
    "o": null,
    "st": "L1P",
    "ml": false
  },
  "0b420b": {
    "i": "0b420b",
    "r": "TG-FJP",
    "it": "R66",
    "y": null,
    "m": null,
    "mo": "",
    "o": null,
    "st": "H1T",
    "ml": false
  },
  "0b4216": {
    "i": "0b4216",
    "r": "TG-SZC",
    "it": "R44",
    "y": null,
    "m": null,
    "mo": "",
    "o": null,
    "st": "H1P",
    "ml": false
  },
  "0b4223": {
    "i": "0b4223",
    "r": "TG-JMM",
    "it": "B505",
    "y": null,
    "m": null,
    "mo": "",
    "o": null,
    "st": "H1T",
    "ml": false
  },
  "0b424c": {
    "i": "0b424c",
    "r": "TG-CIB",
    "it": "T210",
    "y": null,
    "m": null,
    "mo": "",
    "o": null,
    "st": "L1P",
    "ml": false
  },
  "0b6005": {
    "i": "0b6005",
    "r": "8R-GAD",
    "it": "C208",
    "y": null,
    "m": null,
    "mo": "Cessna 208 B",
    "o": null,
    "st": "L1T",
    "ml": false
  },
  "0b600c": {
    "i": "0b600c",
    "r": "8R-GRD",
    "it": "TRIS",
    "y": null,
    "m": null,
    "mo": "",
    "o": null,
    "st": "L3P",
    "ml": false
  },
  "0b6015": {
    "i": "0b6015",
    "r": "8R-SUP",
    "it": "C206",
    "y": null,
    "m": null,
    "mo": "",
    "o": null,
    "st": "L1P",
    "ml": false
  },
  "0bc000": {
    "i": "0bc000",
    "r": "J8-JET",
    "it": "C25B",
    "y": null,
    "m": null,
    "mo": "Cessna 525",
    "o": null,
    "st": "L2J",
    "ml": false
  },
  "0bc040": {
    "i": "0bc040",
    "r": "J8-JTS",
    "it": "C550",
    "y": null,
    "m": null,
    "mo": "Cessna Citation II",
    "o": null,
    "st": "L2J",
    "ml": false
  },
  "0b427f": {
    "i": "0b427f",
    "r": "FAG141",
    "it": "B412",
    "y": null,
    "m": null,
    "mo": "",
    "o": null,
    "st": "H2T",
    "ml": true
  },
  "0b601a": {
    "i": "0b601a",
    "r": "8R-GGK",
    "it": "SC7",
    "y": null,
    "m": null,
    "mo": "",
    "o": null,
    "st": "L2T",
    "ml": false
  },
  "0b05b0": {
    "i": "0b05b0",
    "r": "CU-T1456",
    "it": "AT45",
    "y": null,
    "m": null,
    "mo": "Atr ATR 42-500",
    "o": null,
    "st": "L2T",
    "ml": false
  },
  "0b4162": {
    "i": "0b4162",
    "r": "TG-AVE",
    "it": "T206",
    "y": null,
    "m": null,
    "mo": "",
    "o": null,
    "st": "L1P",
    "ml": false
  },
  "0b4211": {
    "i": "0b4211",
    "r": "TG-CYE",
    "it": "PA31",
    "y": null,
    "m": null,
    "mo": "",
    "o": null,
    "st": "L2P",
    "ml": false
  },
  "0b214f": {
    "i": "0b214f",
    "r": "YS-243P",
    "it": "PA27",
    "y": null,
    "m": null,
    "mo": "",
    "o": null,
    "st": "L2P",
    "ml": false
  },
  "0b4023": {
    "i": "0b4023",
    "r": "TG-CYC",
    "it": "BE9L",
    "y": null,
    "m": null,
    "mo": "",
    "o": null,
    "st": "L2T",
    "ml": false
  },
  "0b4094": {
    "i": "0b4094",
    "r": "TG-JES",
    "it": "BE33",
    "y": null,
    "m": null,
    "mo": "",
    "o": null,
    "st": "L1P",
    "ml": false
  },
  "0b4143": {
    "i": "0b4143",
    "r": "TG-JOP",
    "it": "PA27",
    "y": null,
    "m": null,
    "mo": "",
    "o": null,
    "st": "L2P",
    "ml": false
  },
  "0b4243": {
    "i": "0b4243",
    "r": "TG-SYR",
    "it": "R44",
    "y": null,
    "m": null,
    "mo": "",
    "o": null,
    "st": "H1P",
    "ml": false
  },
  "0b4320": {
    "i": "0b4320",
    "r": "TG-GMP",
    "it": "B350",
    "y": null,
    "m": null,
    "mo": "",
    "o": null,
    "st": "L2T",
    "ml": false
  },
  "0b438d": {
    "i": "0b438d",
    "r": "TG-SOL",
    "it": "T210",
    "y": null,
    "m": null,
    "mo": "",
    "o": null,
    "st": "L1P",
    "ml": false
  },
  "0b6019": {
    "i": "0b6019",
    "r": "8R-NYP",
    "it": "BN2P",
    "y": null,
    "m": null,
    "mo": "",
    "o": null,
    "st": "L2P",
    "ml": false
  },
  "0b602f": {
    "i": "0b602f",
    "r": "8R-GRC",
    "it": "BN2P",
    "y": null,
    "m": null,
    "mo": "",
    "o": null,
    "st": "L2P",
    "ml": false
  },
  "0b8001": {
    "i": "0b8001",
    "r": "HH-LLS",
    "it": "C207",
    "y": null,
    "m": null,
    "mo": "Cessna 207A Turbo Skywagon",
    "o": null,
    "st": "L1P",
    "ml": false
  },
  "0ba038": {
    "i": "0ba038",
    "r": "FAH-991",
    "it": "EC45",
    "y": null,
    "m": null,
    "mo": "",
    "o": null,
    "st": "H2T",
    "ml": true
  },
  "0bc207": {
    "i": "0bc207",
    "r": "J8-OCL",
    "it": "B190",
    "y": null,
    "m": null,
    "mo": "Beech 1900 D",
    "o": null,
    "st": "L2T",
    "ml": false
  },
  "0b2010": {
    "i": "0b2010",
    "r": "YS-255P",
    "it": "C172",
    "y": null,
    "m": null,
    "mo": "",
    "o": null,
    "st": "L1P",
    "ml": false
  },
  "0b403c": {
    "i": "0b403c",
    "r": "TG-MAM",
    "it": "BE30",
    "y": null,
    "m": null,
    "mo": "Beech King Air 300",
    "o": null,
    "st": "L2T",
    "ml": false
  },
  "0b4044": {
    "i": "0b4044",
    "r": "TG-CFN",
    "it": "BE9L",
    "y": null,
    "m": null,
    "mo": "",
    "o": null,
    "st": "L2T",
    "ml": false
  },
  "0b4077": {
    "i": "0b4077",
    "r": "TG-GAR",
    "it": "PAY2",
    "y": null,
    "m": null,
    "mo": "",
    "o": null,
    "st": "L2T",
    "ml": false
  },
  "0b4082": {
    "i": "0b4082",
    "r": "TG-RAT",
    "it": "C182",
    "y": null,
    "m": null,
    "mo": "",
    "o": null,
    "st": "L1P",
    "ml": false
  },
  "0b4104": {
    "i": "0b4104",
    "r": "TG-EDY",
    "it": "AEST",
    "y": null,
    "m": null,
    "mo": "",
    "o": null,
    "st": "L2P",
    "ml": false
  },
  "0b410b": {
    "i": "0b410b",
    "r": "TG-BUD",
    "it": "AS50",
    "y": null,
    "m": null,
    "mo": "",
    "o": null,
    "st": "H1T",
    "ml": false
  },
  "0b4122": {
    "i": "0b4122",
    "r": "TG-ACT",
    "it": "BE76",
    "y": null,
    "m": null,
    "mo": "",
    "o": null,
    "st": "L2P",
    "ml": false
  },
  "0b4151": {
    "i": "0b4151",
    "r": "607",
    "it": "C208",
    "y": null,
    "m": null,
    "mo": "",
    "o": null,
    "st": "L1T",
    "ml": true
  },
  "0b4155": {
    "i": "0b4155",
    "r": "TG-VAC",
    "it": "BE35",
    "y": null,
    "m": null,
    "mo": "",
    "o": null,
    "st": "L1P",
    "ml": false
  },
  "0b4180": {
    "i": "0b4180",
    "r": "TG-AAJ",
    "it": "R66",
    "y": null,
    "m": null,
    "mo": "",
    "o": null,
    "st": "H1T",
    "ml": false
  },
  "0ba039": {
    "i": "0ba039",
    "r": "FAH-990",
    "it": "EC45",
    "y": null,
    "m": null,
    "mo": "",
    "o": null,
    "st": "H2T",
    "ml": true
  },
  "0b4062": {
    "i": "0b4062",
    "r": "TG-OIL",
    "it": "BE20",
    "y": null,
    "m": null,
    "mo": "",
    "o": null,
    "st": "L2T",
    "ml": false
  },
  "0b4074": {
    "i": "0b4074",
    "r": "TG-ICE",
    "it": "BE9L",
    "y": null,
    "m": null,
    "mo": "",
    "o": null,
    "st": "L2T",
    "ml": false
  },
  "0b4087": {
    "i": "0b4087",
    "r": "TG-HAF",
    "it": "C172",
    "y": null,
    "m": null,
    "mo": "",
    "o": null,
    "st": "L1P",
    "ml": false
  },
  "0b411a": {
    "i": "0b411a",
    "r": "TG-ISA",
    "it": "EC30",
    "y": null,
    "m": null,
    "mo": "",
    "o": null,
    "st": "H1T",
    "ml": false
  },
  "0b4120": {
    "i": "0b4120",
    "r": "TG-MUG",
    "it": "BE35",
    "y": null,
    "m": null,
    "mo": "",
    "o": null,
    "st": "L1P",
    "ml": false
  },
  "0b4161": {
    "i": "0b4161",
    "r": "TG-COB",
    "it": "PAY2",
    "y": null,
    "m": null,
    "mo": "",
    "o": null,
    "st": "L2T",
    "ml": false
  },
  "0b4165": {
    "i": "0b4165",
    "r": "TG-DAD",
    "it": "BE36",
    "y": null,
    "m": null,
    "mo": "",
    "o": null,
    "st": "L1P",
    "ml": false
  },
  "0b419e": {
    "i": "0b419e",
    "r": "TG-AGE",
    "it": "B06",
    "y": null,
    "m": null,
    "mo": "",
    "o": null,
    "st": "H1T",
    "ml": false
  },
  "0b421d": {
    "i": "0b421d",
    "r": "TG-MLP",
    "it": "C310",
    "y": null,
    "m": null,
    "mo": "",
    "o": null,
    "st": "L2P",
    "ml": false
  },
  "0b424f": {
    "i": "0b424f",
    "r": "TG-PIC",
    "it": "C182",
    "y": null,
    "m": null,
    "mo": "",
    "o": null,
    "st": "L1P",
    "ml": false
  },
  "0ba00a": {
    "i": "0ba00a",
    "r": "HR-CLQ",
    "it": "BE20",
    "y": null,
    "m": null,
    "mo": "Raytheon Aircraft Company King Air B200",
    "o": null,
    "st": "L2T",
    "ml": false
  },
  "0bc23f": {
    "i": "0bc23f",
    "r": "J8-RAF",
    "it": "DHC6",
    "y": null,
    "m": null,
    "mo": "De Havilland Canada DHC-6 Twin Otter 300",
    "o": null,
    "st": "L2T",
    "ml": false
  },
  "0b4025": {
    "i": "0b4025",
    "r": "TG-WTF",
    "it": "C182",
    "y": null,
    "m": null,
    "mo": "",
    "o": null,
    "st": "L1P",
    "ml": false
  },
  "0b4095": {
    "i": "0b4095",
    "r": "TG-CYR",
    "it": "C182",
    "y": null,
    "m": null,
    "mo": "",
    "o": null,
    "st": "L1P",
    "ml": false
  },
  "0b4112": {
    "i": "0b4112",
    "r": "TG-BIP",
    "it": "PA34",
    "y": null,
    "m": null,
    "mo": "",
    "o": null,
    "st": "L2P",
    "ml": false
  },
  "0b4138": {
    "i": "0b4138",
    "r": "TG-BRC",
    "it": "BE55",
    "y": null,
    "m": null,
    "mo": "",
    "o": null,
    "st": "L2P",
    "ml": false
  },
  "0b4146": {
    "i": "0b4146",
    "r": "TG-LFG",
    "it": "PA31",
    "y": null,
    "m": null,
    "mo": "",
    "o": null,
    "st": "L2P",
    "ml": false
  },
  "0b4163": {
    "i": "0b4163",
    "r": "TG-ART",
    "it": "P337",
    "y": null,
    "m": null,
    "mo": "",
    "o": null,
    "st": "L2P",
    "ml": false
  },
  "0b417f": {
    "i": "0b417f",
    "r": "TG-DEK",
    "it": "C180",
    "y": null,
    "m": null,
    "mo": "",
    "o": null,
    "st": "L1P",
    "ml": false
  },
  "0b4186": {
    "i": "0b4186",
    "r": "TG-PIV",
    "it": "PA34",
    "y": null,
    "m": null,
    "mo": "",
    "o": null,
    "st": "L2P",
    "ml": false
  },
  "0b419d": {
    "i": "0b419d",
    "r": "TG-NDF",
    "it": "AS50",
    "y": null,
    "m": null,
    "mo": "",
    "o": null,
    "st": "H1T",
    "ml": false
  },
  "0b4210": {
    "i": "0b4210",
    "r": "TG-CFT",
    "it": "AS50",
    "y": null,
    "m": null,
    "mo": "",
    "o": null,
    "st": "H1T",
    "ml": false
  },
  "0b4258": {
    "i": "0b4258",
    "r": "TG-CHI",
    "it": "C172",
    "y": null,
    "m": null,
    "mo": "",
    "o": null,
    "st": "L1P",
    "ml": false
  },
  "0b04e3": {
    "i": "0b04e3",
    "r": "CU-T1251",
    "it": "IL96",
    "y": null,
    "m": null,
    "mo": "Ilyushin IL-96-300",
    "o": null,
    "st": "L4J",
    "ml": false
  },
  "0b2009": {
    "i": "0b2009",
    "r": "YS-132N",
    "it": "A109",
    "y": null,
    "m": null,
    "mo": "",
    "o": null,
    "st": "H2T",
    "ml": false
  },
  "0b200c": {
    "i": "0b200c",
    "r": "YS-777P",
    "it": "BL8",
    "y": null,
    "m": null,
    "mo": "",
    "o": null,
    "st": "L1P",
    "ml": false
  },
  "0b4076": {
    "i": "0b4076",
    "r": "TG-SIM",
    "it": "EC30",
    "y": null,
    "m": null,
    "mo": "",
    "o": null,
    "st": "H1T",
    "ml": false
  },
  "0b4088": {
    "i": "0b4088",
    "r": "TG-KAT",
    "it": "BE55",
    "y": null,
    "m": null,
    "mo": "",
    "o": null,
    "st": "L2P",
    "ml": false
  },
  "0b412f": {
    "i": "0b412f",
    "r": "TG-BYT",
    "it": "R44",
    "y": null,
    "m": null,
    "mo": "",
    "o": null,
    "st": "H1P",
    "ml": false
  },
  "0b4136": {
    "i": "0b4136",
    "r": "TG-AMT",
    "it": "C172",
    "y": null,
    "m": null,
    "mo": "",
    "o": null,
    "st": "L1P",
    "ml": false
  },
  "0b4149": {
    "i": "0b4149",
    "r": "TG-MIK",
    "it": "AS50",
    "y": null,
    "m": null,
    "mo": "",
    "o": null,
    "st": "H1T",
    "ml": false
  },
  "0b4150": {
    "i": "0b4150",
    "r": "TG-KIN",
    "it": "BE55",
    "y": null,
    "m": null,
    "mo": "",
    "o": null,
    "st": "L2P",
    "ml": false
  },
  "0b4152": {
    "i": "0b4152",
    "r": "TG-PCJ",
    "it": "PA34",
    "y": null,
    "m": null,
    "mo": "",
    "o": null,
    "st": "L2P",
    "ml": false
  },
  "0b416e": {
    "i": "0b416e",
    "r": "TG-RPR",
    "it": "B06",
    "y": null,
    "m": null,
    "mo": "",
    "o": null,
    "st": "H1T",
    "ml": false
  },
  "0b417a": {
    "i": "0b417a",
    "r": "TG-GUN",
    "it": "BE23",
    "y": null,
    "m": null,
    "mo": "",
    "o": null,
    "st": "L1P",
    "ml": false
  },
  "0bc201": {
    "i": "0bc201",
    "r": "J8-GND",
    "it": "DHC6",
    "y": null,
    "m": null,
    "mo": "",
    "o": null,
    "st": "L2T",
    "ml": false
  },
  "0b06ae": {
    "i": "0b06ae",
    "r": "CU-T1710",
    "it": "A158",
    "y": null,
    "m": null,
    "mo": "",
    "o": null,
    "st": "L2J",
    "ml": false
  },
  "0b06af": {
    "i": "0b06af",
    "r": "CU-T1711",
    "it": "A158",
    "y": null,
    "m": null,
    "mo": "",
    "o": null,
    "st": "L2J",
    "ml": false
  },
  "0b401b": {
    "i": "0b401b",
    "r": "TG-KBG",
    "it": "BE9L",
    "y": null,
    "m": null,
    "mo": "Hawker Beechcraft Corp King Air C90GT",
    "o": null,
    "st": "L2T",
    "ml": false
  },
  "0b4075": {
    "i": "0b4075",
    "r": "TG-MYS",
    "it": "LJ31",
    "y": null,
    "m": null,
    "mo": "",
    "o": null,
    "st": "L2J",
    "ml": false
  },
  "0b411d": {
    "i": "0b411d",
    "r": "TG-CIS",
    "it": "C182",
    "y": null,
    "m": null,
    "mo": "",
    "o": null,
    "st": "L1P",
    "ml": false
  },
  "0b413a": {
    "i": "0b413a",
    "r": "TG-TWO",
    "it": "C337",
    "y": null,
    "m": null,
    "mo": "",
    "o": null,
    "st": "L2P",
    "ml": false
  },
  "0b6023": {
    "i": "0b6023",
    "r": "8R-BKA",
    "it": "C206",
    "y": null,
    "m": null,
    "mo": "",
    "o": null,
    "st": "L1P",
    "ml": false
  },
  "0b6037": {
    "i": "0b6037",
    "r": "8R-GAI",
    "it": "C208",
    "y": null,
    "m": null,
    "mo": "",
    "o": null,
    "st": "L1T",
    "ml": false
  },
  "0b06b0": {
    "i": "0b06b0",
    "r": "CU-T1712",
    "it": "A158",
    "y": null,
    "m": null,
    "mo": "",
    "o": null,
    "st": "L2J",
    "ml": false
  },
  "0b2000": {
    "i": "0b2000",
    "r": "YS-904P",
    "it": "BE20",
    "y": null,
    "m": null,
    "mo": "",
    "o": null,
    "st": "L2T",
    "ml": false
  },
  "0b4140": {
    "i": "0b4140",
    "r": "TG-MOM",
    "it": "C182",
    "y": null,
    "m": null,
    "mo": "",
    "o": null,
    "st": "L1P",
    "ml": false
  },
  "0b414c": {
    "i": "0b414c",
    "r": "TG-MNI",
    "it": "AS50",
    "y": null,
    "m": null,
    "mo": "",
    "o": null,
    "st": "H1T",
    "ml": false
  },
  "0b432f": {
    "i": "0b432f",
    "r": "TG-DHL",
    "it": "C182",
    "y": null,
    "m": null,
    "mo": "Cessna 182P Skylane",
    "o": null,
    "st": "L1P",
    "ml": false
  },
  "0ba004": {
    "i": "0ba004",
    "r": "FAH-020",
    "it": "C208",
    "y": null,
    "m": null,
    "mo": "",
    "o": null,
    "st": "L1T",
    "ml": true
  },
  "0ba024": {
    "i": "0ba024",
    "r": "HR-AVP",
    "it": "C172",
    "y": null,
    "m": null,
    "mo": "",
    "o": null,
    "st": "L1P",
    "ml": false
  },
  "0ba122": {
    "i": "0ba122",
    "r": "HR-AVV",
    "it": "C172",
    "y": null,
    "m": null,
    "mo": "Cessna 172-R",
    "o": null,
    "st": "L1P",
    "ml": false
  },
  "0b04e2": {
    "i": "0b04e2",
    "r": "CU-T1250",
    "it": "IL96",
    "y": null,
    "m": null,
    "mo": "Ilyushin IL-96-300",
    "o": null,
    "st": "L4J",
    "ml": false
  },
  "0b4098": {
    "i": "0b4098",
    "r": "TG-VIM",
    "it": "BE58",
    "y": null,
    "m": null,
    "mo": "",
    "o": null,
    "st": "L2P",
    "ml": false
  },
  "0b414e": {
    "i": "0b414e",
    "r": "TG-HVO",
    "it": "B06",
    "y": null,
    "m": null,
    "mo": "",
    "o": null,
    "st": "H1T",
    "ml": false
  },
  "0b417b": {
    "i": "0b417b",
    "r": "TG-MDO",
    "it": "BE55",
    "y": null,
    "m": null,
    "mo": "",
    "o": null,
    "st": "L2P",
    "ml": false
  },
  "0b4187": {
    "i": "0b4187",
    "r": "TG-ROD",
    "it": "PA27",
    "y": null,
    "m": null,
    "mo": "",
    "o": null,
    "st": "L2P",
    "ml": false
  },
  "0b4208": {
    "i": "0b4208",
    "r": "TG-EFL",
    "it": "C182",
    "y": null,
    "m": null,
    "mo": "",
    "o": null,
    "st": "L1P",
    "ml": false
  },
  "0bc200": {
    "i": "0bc200",
    "r": "J8-VBQ",
    "it": "DHC6",
    "y": null,
    "m": null,
    "mo": "De Havilland Canada DHC-6 Twin Otter 300",
    "o": null,
    "st": "L2T",
    "ml": false
  },
  "0b4065": {
    "i": "0b4065",
    "r": "TG-JMB",
    "it": "PA34",
    "y": null,
    "m": null,
    "mo": "",
    "o": null,
    "st": "L2P",
    "ml": false
  },
  "0b4066": {
    "i": "0b4066",
    "r": "TG-PIP",
    "it": "BE35",
    "y": null,
    "m": null,
    "mo": "",
    "o": null,
    "st": "L1P",
    "ml": false
  },
  "0b418d": {
    "i": "0b418d",
    "r": "TG-CSK",
    "it": "C172",
    "y": null,
    "m": null,
    "mo": "",
    "o": null,
    "st": "L1P",
    "ml": false
  },
  "0b4201": {
    "i": "0b4201",
    "r": "TG-GEA",
    "it": "AS50",
    "y": null,
    "m": null,
    "mo": "",
    "o": null,
    "st": "H1T",
    "ml": false
  },
  "0b421b": {
    "i": "0b421b",
    "r": "TG-ATF",
    "it": "AT75",
    "y": null,
    "m": null,
    "mo": "",
    "o": null,
    "st": "L2T",
    "ml": false
  },
  "0b4275": {
    "i": "0b4275",
    "r": "TG-TIT",
    "it": "B06",
    "y": null,
    "m": null,
    "mo": "",
    "o": null,
    "st": "H1T",
    "ml": false
  },
  "0b4fff": {
    "i": "0b4fff",
    "r": "TG-RIF",
    "it": "C525",
    "y": null,
    "m": null,
    "mo": "Cessna 525",
    "o": null,
    "st": "L2J",
    "ml": false
  },
  "0b6018": {
    "i": "0b6018",
    "r": "8R-GCB",
    "it": "C208",
    "y": null,
    "m": null,
    "mo": "Cessna 208 B",
    "o": null,
    "st": "L1T",
    "ml": false
  },
  "0bc21f": {
    "i": "0bc21f",
    "r": "J8-CRU",
    "it": "DHC6",
    "y": null,
    "m": null,
    "mo": "De Havilland Canada DHC-6-300",
    "o": null,
    "st": "L2T",
    "ml": false
  },
  "0b4001": {
    "i": "0b4001",
    "r": "TG-AIR",
    "it": "LJ60",
    "y": null,
    "m": null,
    "mo": "Learjet 60",
    "o": null,
    "st": "L2J",
    "ml": false
  },
  "0b409a": {
    "i": "0b409a",
    "r": "TG-MIO",
    "it": "AS50",
    "y": null,
    "m": null,
    "mo": "",
    "o": null,
    "st": "H1T",
    "ml": false
  },
  "0b423e": {
    "i": "0b423e",
    "r": "TG-LYL",
    "it": "C208",
    "y": null,
    "m": null,
    "mo": "",
    "o": null,
    "st": "L1T",
    "ml": false
  },
  "0b4248": {
    "i": "0b4248",
    "r": "TG-MAG",
    "it": "B06",
    "y": null,
    "m": null,
    "mo": "",
    "o": null,
    "st": "H1T",
    "ml": false
  },
  "0b6011": {
    "i": "0b6011",
    "r": "8R-NBH",
    "it": "C208",
    "y": null,
    "m": null,
    "mo": "Cessna 208 B",
    "o": null,
    "st": "L1T",
    "ml": false
  },
  "0b6035": {
    "i": "0b6035",
    "r": "8R-MIA",
    "it": "B412",
    "y": null,
    "m": null,
    "mo": "",
    "o": null,
    "st": "H2T",
    "ml": false
  },
  "0b800f": {
    "i": "0b800f",
    "r": "HH-JSB",
    "it": "C208",
    "y": null,
    "m": null,
    "mo": "",
    "o": null,
    "st": "L1T",
    "ml": false
  },
  "0ba01b": {
    "i": "0ba01b",
    "r": "HR-AUM",
    "it": "B06",
    "y": null,
    "m": null,
    "mo": "",
    "o": null,
    "st": "H1T",
    "ml": false
  },
  "0b4019": {
    "i": "0b4019",
    "r": "TG-TRE",
    "it": "B505",
    "y": null,
    "m": null,
    "mo": "",
    "o": null,
    "st": "H1T",
    "ml": false
  },
  "0b4039": {
    "i": "0b4039",
    "r": "TG-ALI",
    "it": "C182",
    "y": null,
    "m": null,
    "mo": "",
    "o": null,
    "st": "L1P",
    "ml": false
  },
  "0b403e": {
    "i": "0b403e",
    "r": "TG-CCC",
    "it": "BE9L",
    "y": null,
    "m": null,
    "mo": "Beech King Air C90A",
    "o": null,
    "st": "L2T",
    "ml": false
  },
  "0b4054": {
    "i": "0b4054",
    "r": "TG-CRP",
    "it": "B505",
    "y": null,
    "m": null,
    "mo": "",
    "o": null,
    "st": "H1T",
    "ml": false
  },
  "0b4090": {
    "i": "0b4090",
    "r": "TG-GUY",
    "it": "BE35",
    "y": null,
    "m": null,
    "mo": "",
    "o": null,
    "st": "L1P",
    "ml": false
  },
  "0b4096": {
    "i": "0b4096",
    "r": "TG-PWO",
    "it": "BE9L",
    "y": null,
    "m": null,
    "mo": "",
    "o": null,
    "st": "L2T",
    "ml": false
  },
  "0b411c": {
    "i": "0b411c",
    "r": "TG-LES",
    "it": "AS50",
    "y": null,
    "m": null,
    "mo": "",
    "o": null,
    "st": "H1T",
    "ml": false
  },
  "0b4139": {
    "i": "0b4139",
    "r": "TG-KAI",
    "it": "C172",
    "y": null,
    "m": null,
    "mo": "",
    "o": null,
    "st": "L1P",
    "ml": false
  },
  "0b413f": {
    "i": "0b413f",
    "r": "TG-JMG",
    "it": "AS50",
    "y": null,
    "m": null,
    "mo": "",
    "o": null,
    "st": "H1T",
    "ml": false
  },
  "0b4175": {
    "i": "0b4175",
    "r": "TG-YEE",
    "it": "PA34",
    "y": null,
    "m": null,
    "mo": "",
    "o": null,
    "st": "L2P",
    "ml": false
  },
  "0b4176": {
    "i": "0b4176",
    "r": "TG-BAY",
    "it": "T206",
    "y": null,
    "m": null,
    "mo": "",
    "o": null,
    "st": "L1P",
    "ml": false
  },
  "0b6003": {
    "i": "0b6003",
    "r": "8R-GHT",
    "it": "C208",
    "y": null,
    "m": null,
    "mo": "Cessna 208 B",
    "o": null,
    "st": "L1T",
    "ml": false
  },
  "0b6006": {
    "i": "0b6006",
    "r": "8R-GAE",
    "it": "C208",
    "y": null,
    "m": null,
    "mo": "Cessna 208B",
    "o": null,
    "st": "L1T",
    "ml": false
  },
  "0ba00d": {
    "i": "0ba00d",
    "r": "HR-AWQ",
    "it": "B407",
    "y": null,
    "m": null,
    "mo": "",
    "o": null,
    "st": "H1T",
    "ml": false
  },
  "0b2011": {
    "i": "0b2011",
    "r": "YS-767P",
    "it": "BL8",
    "y": null,
    "m": null,
    "mo": "",
    "o": null,
    "st": "L1P",
    "ml": false
  },
  "0b4056": {
    "i": "0b4056",
    "r": "TG-RIO",
    "it": "BE58",
    "y": null,
    "m": null,
    "mo": "",
    "o": null,
    "st": "L2P",
    "ml": false
  },
  "0b405c": {
    "i": "0b405c",
    "r": "TG-COC",
    "it": "BE20",
    "y": null,
    "m": null,
    "mo": "Beech King Air 200",
    "o": null,
    "st": "L2T",
    "ml": false
  },
  "0b4086": {
    "i": "0b4086",
    "r": "TG-MRP",
    "it": "BE9L",
    "y": null,
    "m": null,
    "mo": "Beech King Air 90",
    "o": null,
    "st": "L2T",
    "ml": false
  },
  "0b408b": {
    "i": "0b408b",
    "r": "TG-TFM",
    "it": "EC30",
    "y": null,
    "m": null,
    "mo": "",
    "o": null,
    "st": "H1T",
    "ml": false
  },
  "0b418f": {
    "i": "0b418f",
    "r": "TG-MIC",
    "it": "B06",
    "y": null,
    "m": null,
    "mo": "",
    "o": null,
    "st": "H1T",
    "ml": false
  },
  "0b4218": {
    "i": "0b4218",
    "r": "TG-GIM",
    "it": "BE35",
    "y": null,
    "m": null,
    "mo": "",
    "o": null,
    "st": "L1P",
    "ml": false
  },
  "0b603e": {
    "i": "0b603e",
    "r": "8R-ETR",
    "it": "D228",
    "y": null,
    "m": null,
    "mo": "",
    "o": null,
    "st": "L2T",
    "ml": true
  },
  "0b603f": {
    "i": "0b603f",
    "r": "8R-JAG",
    "it": "D228",
    "y": null,
    "m": null,
    "mo": "",
    "o": null,
    "st": "L2T",
    "ml": true
  },
  "0b402c": {
    "i": "0b402c",
    "r": "TG-ILO",
    "it": "BE58",
    "y": null,
    "m": null,
    "mo": "",
    "o": null,
    "st": "L2P",
    "ml": false
  },
  "0b405e": {
    "i": "0b405e",
    "r": "TG-EME",
    "it": "BE9L",
    "y": null,
    "m": null,
    "mo": "",
    "o": null,
    "st": "L2T",
    "ml": false
  },
  "0b410a": {
    "i": "0b410a",
    "r": "TG-ITM",
    "it": "AS50",
    "y": null,
    "m": null,
    "mo": "",
    "o": null,
    "st": "H1T",
    "ml": false
  },
  "0b4184": {
    "i": "0b4184",
    "r": "TG-FLY",
    "it": "BE30",
    "y": null,
    "m": null,
    "mo": "",
    "o": null,
    "st": "L2T",
    "ml": false
  },
  "0b4197": {
    "i": "0b4197",
    "r": "TG-EAS",
    "it": "C182",
    "y": null,
    "m": null,
    "mo": "",
    "o": null,
    "st": "L1P",
    "ml": false
  },
  "0b4610": {
    "i": "0b4610",
    "r": "TG-JFM",
    "it": "B06",
    "y": null,
    "m": null,
    "mo": "",
    "o": null,
    "st": "H1T",
    "ml": false
  },
  "0b4790": {
    "i": "0b4790",
    "r": "TG-JAO",
    "it": "PA46",
    "y": null,
    "m": null,
    "mo": "",
    "o": null,
    "st": "L1P",
    "ml": false
  },
  "0b6029": {
    "i": "0b6029",
    "r": "8R-BKP",
    "it": "C208",
    "y": null,
    "m": null,
    "mo": "Cessna 208 B",
    "o": null,
    "st": "L1T",
    "ml": false
  },
  "0be2af": {
    "i": "0be2af",
    "r": "JDFH-37",
    "it": "B429",
    "y": null,
    "m": null,
    "mo": "Bell 429",
    "o": null,
    "st": "H2T",
    "ml": false
  },
  "0b2005": {
    "i": "0b2005",
    "r": "YS-196P",
    "it": "BE33",
    "y": null,
    "m": null,
    "mo": "",
    "o": null,
    "st": "L1P",
    "ml": false
  },
  "0b2007": {
    "i": "0b2007",
    "r": "YS-261P",
    "it": "P28R",
    "y": null,
    "m": null,
    "mo": "",
    "o": null,
    "st": "L1P",
    "ml": false
  },
  "0b4015": {
    "i": "0b4015",
    "r": "TG-TRC",
    "it": "AT76",
    "y": null,
    "m": null,
    "mo": "Atr ATR 72-600",
    "o": null,
    "st": "L2T",
    "ml": false
  },
  "0b4101": {
    "i": "0b4101",
    "r": "TG-BLK",
    "it": "R44",
    "y": null,
    "m": null,
    "mo": "",
    "o": null,
    "st": "H1P",
    "ml": false
  },
  "0b4213": {
    "i": "0b4213",
    "r": "TG-DAY",
    "it": "C172",
    "y": null,
    "m": null,
    "mo": "",
    "o": null,
    "st": "L1P",
    "ml": false
  },
  "0b422d": {
    "i": "0b422d",
    "r": "TG-AOK",
    "it": "B06",
    "y": null,
    "m": null,
    "mo": "",
    "o": null,
    "st": "H1T",
    "ml": false
  },
  "0b439f": {
    "i": "0b439f",
    "r": "TG-IMT",
    "it": "PA34",
    "y": null,
    "m": null,
    "mo": "",
    "o": null,
    "st": "L2P",
    "ml": false
  },
  "0b6001": {
    "i": "0b6001",
    "r": "8R-GTG",
    "it": "C208",
    "y": null,
    "m": null,
    "mo": "Cessna 208 B",
    "o": null,
    "st": "L1T",
    "ml": false
  },
  "0b6008": {
    "i": "0b6008",
    "r": "8R-EAR",
    "it": "B190",
    "y": null,
    "m": null,
    "mo": "Beech 1900-D",
    "o": null,
    "st": "L2T",
    "ml": false
  },
  "0b6021": {
    "i": "0b6021",
    "r": "8R-GBK",
    "it": "BN2P",
    "y": null,
    "m": null,
    "mo": "",
    "o": null,
    "st": "L2P",
    "ml": false
  },
  "0b0583": {
    "i": "0b0583",
    "r": "CU-T1411",
    "it": "AN2",
    "y": null,
    "m": null,
    "mo": "Antonov An-2 R",
    "o": null,
    "st": "L1P",
    "ml": false
  },
  "0b2001": {
    "i": "0b2001",
    "r": "YS-100P",
    "it": "BE9L",
    "y": null,
    "m": null,
    "mo": "Beech King Air E90",
    "o": null,
    "st": "L2T",
    "ml": false
  },
  "0b2006": {
    "i": "0b2006",
    "r": "YS-197P",
    "it": "C182",
    "y": null,
    "m": null,
    "mo": "",
    "o": null,
    "st": "L1P",
    "ml": false
  },
  "0b200b": {
    "i": "0b200b",
    "r": "YS-1003P",
    "it": "B06",
    "y": null,
    "m": null,
    "mo": "",
    "o": null,
    "st": "H1T",
    "ml": false
  },
  "0b404a": {
    "i": "0b404a",
    "r": "TG-RWC",
    "it": "BE9L",
    "y": null,
    "m": null,
    "mo": "Textron Aviation King Air C90GTI",
    "o": null,
    "st": "L2T",
    "ml": false
  },
  "0b4063": {
    "i": "0b4063",
    "r": "TG-BEA",
    "it": "C25A",
    "y": null,
    "m": null,
    "mo": "",
    "o": null,
    "st": "L2J",
    "ml": false
  },
  "0b4080": {
    "i": "0b4080",
    "r": "TG-VOY",
    "it": "C182",
    "y": null,
    "m": null,
    "mo": "",
    "o": null,
    "st": "L1P",
    "ml": false
  },
  "0b4083": {
    "i": "0b4083",
    "r": "TG-GCA",
    "it": "BE55",
    "y": null,
    "m": null,
    "mo": "",
    "o": null,
    "st": "L2P",
    "ml": false
  },
  "0b41c6": {
    "i": "0b41c6",
    "r": "TG-NGT",
    "it": "PA34",
    "y": null,
    "m": null,
    "mo": "",
    "o": null,
    "st": "L2P",
    "ml": false
  },
  "0b4510": {
    "i": "0b4510",
    "r": "TG-DOC",
    "it": "C172",
    "y": null,
    "m": null,
    "mo": "",
    "o": null,
    "st": "L1P",
    "ml": false
  },
  "0b6004": {
    "i": "0b6004",
    "r": "8R-GHM",
    "it": "BN2P",
    "y": null,
    "m": null,
    "mo": "Britten-Norman Islander BN-2A-7",
    "o": null,
    "st": "L2P",
    "ml": false
  },
  "0b600d": {
    "i": "0b600d",
    "r": "8R-GRF",
    "it": "TRIS",
    "y": null,
    "m": null,
    "mo": "",
    "o": null,
    "st": "L3P",
    "ml": false
  },
  "0b6020": {
    "i": "0b6020",
    "r": "8R-GCC",
    "it": "C208",
    "y": null,
    "m": null,
    "mo": "Cessna 208-B",
    "o": null,
    "st": "L1T",
    "ml": false
  },
  "0b6024": {
    "i": "0b6024",
    "r": "8R-ABK",
    "it": "C208",
    "y": null,
    "m": null,
    "mo": "Cessna 208-B",
    "o": null,
    "st": "L1T",
    "ml": false
  },
  "0bc080": {
    "i": "0bc080",
    "r": "J8-MUS",
    "it": "DHC6",
    "y": null,
    "m": null,
    "mo": "De Havilland Canada DHC-6 Twin Otter 300",
    "o": null,
    "st": "L2T",
    "ml": false
  },
  "0b05ae": {
    "i": "0b05ae",
    "r": "CU-T1454",
    "it": "AT45",
    "y": null,
    "m": null,
    "mo": "Avions de Transport Regional ATR 42 500",
    "o": null,
    "st": "L2T",
    "ml": false
  },
  "0b411b": {
    "i": "0b411b",
    "r": "TG-KUL",
    "it": "AS50",
    "y": null,
    "m": null,
    "mo": "",
    "o": null,
    "st": "H1T",
    "ml": false
  },
  "0b4134": {
    "i": "0b4134",
    "r": "TG-OBI",
    "it": "S22T",
    "y": null,
    "m": null,
    "mo": "",
    "o": null,
    "st": "L1P",
    "ml": false
  },
  "0b4190": {
    "i": "0b4190",
    "r": "TG-CUY",
    "it": "R44",
    "y": null,
    "m": null,
    "mo": "",
    "o": null,
    "st": "H1P",
    "ml": false
  },
  "0b4225": {
    "i": "0b4225",
    "r": "TG-ROF",
    "it": "C182",
    "y": null,
    "m": null,
    "mo": "",
    "o": null,
    "st": "L1P",
    "ml": false
  },
  "0b4230": {
    "i": "0b4230",
    "r": "TG-CMB",
    "it": "R66",
    "y": null,
    "m": null,
    "mo": "",
    "o": null,
    "st": "H1T",
    "ml": false
  },
  "0b4232": {
    "i": "0b4232",
    "r": "TG-FER",
    "it": "T206",
    "y": null,
    "m": null,
    "mo": "",
    "o": null,
    "st": "L1P",
    "ml": false
  },
  "0b4453": {
    "i": "0b4453",
    "r": "EMA-400",
    "it": "P28A",
    "y": null,
    "m": null,
    "mo": "",
    "o": null,
    "st": "L1P",
    "ml": true
  },
  "0b601e": {
    "i": "0b601e",
    "r": "8R-GRE",
    "it": "TRIS",
    "y": null,
    "m": null,
    "mo": "BN-2-A Mk.III-2 Trislander",
    "o": null,
    "st": "L3P",
    "ml": false
  },
  "0ba02a": {
    "i": "0ba02a",
    "r": "HR-ILM",
    "it": "PIAT",
    "y": null,
    "m": null,
    "mo": "",
    "o": null,
    "st": "L1P",
    "ml": false
  },
  "0b4057": {
    "i": "0b4057",
    "r": "TG-ZZZ",
    "it": "PA34",
    "y": null,
    "m": null,
    "mo": "",
    "o": null,
    "st": "L2P",
    "ml": false
  },
  "0b4145": {
    "i": "0b4145",
    "r": "TG-LMV",
    "it": "PA34",
    "y": null,
    "m": null,
    "mo": "",
    "o": null,
    "st": "L2P",
    "ml": false
  },
  "0b4188": {
    "i": "0b4188",
    "r": "TG-MYT",
    "it": "PAY2",
    "y": null,
    "m": null,
    "mo": "",
    "o": null,
    "st": "L2T",
    "ml": false
  },
  "0b419f": {
    "i": "0b419f",
    "r": "TG-LRN",
    "it": "C172",
    "y": null,
    "m": null,
    "mo": "",
    "o": null,
    "st": "L1P",
    "ml": false
  },
  "0b4300": {
    "i": "0b4300",
    "r": "FAG130",
    "it": "UH1",
    "y": null,
    "m": null,
    "mo": "",
    "o": null,
    "st": "H1T",
    "ml": true
  },
  "0b4977": {
    "i": "0b4977",
    "r": "TG-SPY",
    "it": "AS50",
    "y": null,
    "m": null,
    "mo": "",
    "o": null,
    "st": "H1T",
    "ml": false
  },
  "0b6033": {
    "i": "0b6033",
    "r": "8R-GZR",
    "it": "C208",
    "y": null,
    "m": null,
    "mo": "",
    "o": null,
    "st": "L1T",
    "ml": false
  },
  "0b4156": {
    "i": "0b4156",
    "r": "TG-ACG",
    "it": "C172",
    "y": null,
    "m": null,
    "mo": "",
    "o": null,
    "st": "L1P",
    "ml": false
  },
  "0b4217": {
    "i": "0b4217",
    "r": "TG-AGB",
    "it": "AS50",
    "y": null,
    "m": null,
    "mo": "",
    "o": null,
    "st": "H1T",
    "ml": false
  },
  "0b422e": {
    "i": "0b422e",
    "r": "TG-CTY",
    "it": "AS50",
    "y": null,
    "m": null,
    "mo": "",
    "o": null,
    "st": "H1T",
    "ml": false
  },
  "0b4950": {
    "i": "0b4950",
    "r": "TG-KIS",
    "it": "P28B",
    "y": null,
    "m": null,
    "mo": "",
    "o": null,
    "st": "L1P",
    "ml": false
  },
  "0b6007": {
    "i": "0b6007",
    "r": "8R-GAQ",
    "it": "B190",
    "y": null,
    "m": null,
    "mo": "Beech 1900-D",
    "o": null,
    "st": "L2T",
    "ml": false
  },
  "0b600f": {
    "i": "0b600f",
    "r": "8R-YAC",
    "it": "C208",
    "y": null,
    "m": null,
    "mo": "Cessna 208 B",
    "o": null,
    "st": "L1T",
    "ml": false
  },
  "0b6026": {
    "i": "0b6026",
    "r": "8R-GHU",
    "it": "B190",
    "y": null,
    "m": null,
    "mo": "",
    "o": null,
    "st": "L2T",
    "ml": false
  },
  "0b8007": {
    "i": "0b8007",
    "r": "HH-MAF",
    "it": "C207",
    "y": null,
    "m": null,
    "mo": "Cessna 207A Skywagon",
    "o": null,
    "st": "L1P",
    "ml": false
  },
  "0ba009": {
    "i": "0ba009",
    "r": "FAH021",
    "it": "C208",
    "y": null,
    "m": null,
    "mo": "",
    "o": null,
    "st": "L1T",
    "ml": true
  },
  "0be2ae": {
    "i": "0be2ae",
    "r": "JDFH-36",
    "it": "B429",
    "y": null,
    "m": null,
    "mo": "Bell 429",
    "o": null,
    "st": "H2T",
    "ml": false
  },
  "0b2008": {
    "i": "0b2008",
    "r": "YS-1000P",
    "it": "R44",
    "y": null,
    "m": null,
    "mo": "",
    "o": null,
    "st": "H1P",
    "ml": false
  },
  "0b2143": {
    "i": "0b2143",
    "r": "YS-1001P",
    "it": "B407",
    "y": null,
    "m": null,
    "mo": "",
    "o": null,
    "st": "H1T",
    "ml": false
  },
  "0b4043": {
    "i": "0b4043",
    "r": "TG-VER",
    "it": "BE58",
    "y": null,
    "m": null,
    "mo": "",
    "o": null,
    "st": "L2P",
    "ml": false
  },
  "0b404e": {
    "i": "0b404e",
    "r": "TG-NOV",
    "it": "A109",
    "y": null,
    "m": null,
    "mo": "",
    "o": null,
    "st": "H2T",
    "ml": false
  },
  "0b4117": {
    "i": "0b4117",
    "r": "FAG125",
    "it": "B06",
    "y": null,
    "m": null,
    "mo": "",
    "o": null,
    "st": "H1T",
    "ml": true
  },
  "0b4173": {
    "i": "0b4173",
    "r": "TG-CES",
    "it": "B407",
    "y": null,
    "m": null,
    "mo": "",
    "o": null,
    "st": "H1T",
    "ml": false
  },
  "0b4227": {
    "i": "0b4227",
    "r": "FAG-108",
    "it": "B212",
    "y": null,
    "m": null,
    "mo": "",
    "o": null,
    "st": "H2T",
    "ml": true
  },
  "0b4290": {
    "i": "0b4290",
    "r": "030",
    "it": "T206",
    "y": null,
    "m": null,
    "mo": "",
    "o": null,
    "st": "L1P",
    "ml": true
  },
  "0b6022": {
    "i": "0b6022",
    "r": "8R-GGT",
    "it": "BN2P",
    "y": null,
    "m": null,
    "mo": "Britten-Norman Islander BN-2A-8",
    "o": null,
    "st": "L2P",
    "ml": false
  },
  "0ba00c": {
    "i": "0ba00c",
    "r": "HR-AYM",
    "it": "AT76",
    "y": null,
    "m": null,
    "mo": "Atr ATR 72-600",
    "o": null,
    "st": "L2T",
    "ml": false
  },
  "0bc3ff": {
    "i": "0bc3ff",
    "r": "J8-GAW",
    "it": "DHC6",
    "y": null,
    "m": null,
    "mo": "",
    "o": null,
    "st": "L2T",
    "ml": false
  },
  "0b233f": {
    "i": "0b233f",
    "r": "YS-171P",
    "it": "BE33",
    "y": null,
    "m": null,
    "mo": "",
    "o": null,
    "st": "L1P",
    "ml": false
  },
  "0b4028": {
    "i": "0b4028",
    "r": "TG-ULE",
    "it": "B06",
    "y": null,
    "m": null,
    "mo": "",
    "o": null,
    "st": "H1T",
    "ml": false
  },
  "0b4030": {
    "i": "0b4030",
    "r": "TG-MIN",
    "it": "BE36",
    "y": null,
    "m": null,
    "mo": "Beech Bonanza A36TC",
    "o": null,
    "st": "L1P",
    "ml": false
  },
  "0b404b": {
    "i": "0b404b",
    "r": "TG-ZZA",
    "it": "AC90",
    "y": null,
    "m": null,
    "mo": "Rockwell Turbo Commander-690C",
    "o": null,
    "st": "L2T",
    "ml": false
  },
  "0b407e": {
    "i": "0b407e",
    "r": "TG-GOR",
    "it": "AS50",
    "y": null,
    "m": null,
    "mo": "",
    "o": null,
    "st": "H1T",
    "ml": false
  },
  "0b409e": {
    "i": "0b409e",
    "r": "TG-PAF",
    "it": "PA23",
    "y": null,
    "m": null,
    "mo": "",
    "o": null,
    "st": "L2P",
    "ml": false
  },
  "0b410d": {
    "i": "0b410d",
    "r": "TG-MLO",
    "it": "AS50",
    "y": null,
    "m": null,
    "mo": "",
    "o": null,
    "st": "H1T",
    "ml": false
  },
  "0b410e": {
    "i": "0b410e",
    "r": "TG-DIS",
    "it": "EC30",
    "y": null,
    "m": null,
    "mo": "",
    "o": null,
    "st": "H1T",
    "ml": false
  },
  "0b4126": {
    "i": "0b4126",
    "r": "TG-ABY",
    "it": "PA34",
    "y": null,
    "m": null,
    "mo": "",
    "o": null,
    "st": "L2P",
    "ml": false
  },
  "0b4147": {
    "i": "0b4147",
    "r": "TG-VAR",
    "it": "BE35",
    "y": null,
    "m": null,
    "mo": "",
    "o": null,
    "st": "L1P",
    "ml": false
  },
  "0b4269": {
    "i": "0b4269",
    "r": "TG-EAA",
    "it": "C172",
    "y": null,
    "m": null,
    "mo": "",
    "o": null,
    "st": "L1P",
    "ml": false
  },
  "0b4421": {
    "i": "0b4421",
    "r": "TG-QUI",
    "it": "C182",
    "y": null,
    "m": null,
    "mo": "",
    "o": null,
    "st": "L1P",
    "ml": false
  },
  "0b6032": {
    "i": "0b6032",
    "r": "8R-GAH",
    "it": "C208",
    "y": null,
    "m": null,
    "mo": "",
    "o": null,
    "st": "L1T",
    "ml": false
  },
  "0ba013": {
    "i": "0ba013",
    "r": "HR-NAM",
    "it": "C210",
    "y": null,
    "m": null,
    "mo": "Cessna T210N Turbo Centurion",
    "o": null,
    "st": "L1P",
    "ml": false
  },
  "0ba032": {
    "i": "0ba032",
    "r": "HR-HSG",
    "it": "B407",
    "y": null,
    "m": null,
    "mo": "",
    "o": null,
    "st": "H1T",
    "ml": false
  },
  "0b400e": {
    "i": "0b400e",
    "r": "TG-IRT",
    "it": "B407",
    "y": null,
    "m": null,
    "mo": "",
    "o": null,
    "st": "H1T",
    "ml": false
  },
  "0b4013": {
    "i": "0b4013",
    "r": "TG-GON",
    "it": "BE36",
    "y": null,
    "m": null,
    "mo": "",
    "o": null,
    "st": "L1P",
    "ml": false
  },
  "0b4029": {
    "i": "0b4029",
    "r": "TG-CCA",
    "it": "B407",
    "y": null,
    "m": null,
    "mo": "",
    "o": null,
    "st": "H1T",
    "ml": false
  },
  "0b4050": {
    "i": "0b4050",
    "r": "TG-OLE",
    "it": "BE35",
    "y": null,
    "m": null,
    "mo": "",
    "o": null,
    "st": "L1P",
    "ml": false
  },
  "0b4052": {
    "i": "0b4052",
    "r": "TG-KME",
    "it": "BE58",
    "y": null,
    "m": null,
    "mo": "",
    "o": null,
    "st": "L2P",
    "ml": false
  },
  "0b4070": {
    "i": "0b4070",
    "r": "TG-SBO",
    "it": "PA34",
    "y": null,
    "m": null,
    "mo": "",
    "o": null,
    "st": "L2P",
    "ml": false
  },
  "0b4113": {
    "i": "0b4113",
    "r": "FAG115",
    "it": "B06",
    "y": null,
    "m": null,
    "mo": "",
    "o": null,
    "st": "H1T",
    "ml": true
  },
  "0b4135": {
    "i": "0b4135",
    "r": "TG-KOG",
    "it": "P28B",
    "y": null,
    "m": null,
    "mo": "",
    "o": null,
    "st": "L1P",
    "ml": false
  },
  "0b4144": {
    "i": "0b4144",
    "r": "TG-GEU",
    "it": "P28B",
    "y": null,
    "m": null,
    "mo": "",
    "o": null,
    "st": "L1P",
    "ml": false
  },
  "0b4153": {
    "i": "0b4153",
    "r": "TG-CAT",
    "it": "BE35",
    "y": null,
    "m": null,
    "mo": "",
    "o": null,
    "st": "L1P",
    "ml": false
  },
  "0b4193": {
    "i": "0b4193",
    "r": "TG-HRM",
    "it": "B06",
    "y": null,
    "m": null,
    "mo": "",
    "o": null,
    "st": "H1T",
    "ml": false
  },
  "0b4242": {
    "i": "0b4242",
    "r": "TG-SEX",
    "it": "PA34",
    "y": null,
    "m": null,
    "mo": "",
    "o": null,
    "st": "L2P",
    "ml": false
  },
  "0b4669": {
    "i": "0b4669",
    "r": "TG-PAP",
    "it": "C206",
    "y": null,
    "m": null,
    "mo": "",
    "o": null,
    "st": "L1P",
    "ml": false
  },
  "0b6010": {
    "i": "0b6010",
    "r": "8R-ASL",
    "it": "C208",
    "y": null,
    "m": null,
    "mo": "Cessna 208 B",
    "o": null,
    "st": "L1T",
    "ml": false
  },
  "0b6013": {
    "i": "0b6013",
    "r": "8R-GFA",
    "it": "C208",
    "y": null,
    "m": null,
    "mo": "Cessna 208 B",
    "o": null,
    "st": "L1T",
    "ml": false
  },
  "0b2002": {
    "i": "0b2002",
    "r": "YS-999P",
    "it": "BE9L",
    "y": null,
    "m": null,
    "mo": "",
    "o": null,
    "st": "L2T",
    "ml": false
  },
  "0b2014": {
    "i": "0b2014",
    "r": "700",
    "it": "C208",
    "y": null,
    "m": null,
    "mo": "",
    "o": null,
    "st": "L1T",
    "ml": true
  },
  "0b4020": {
    "i": "0b4020",
    "r": "TG-TIN",
    "it": "C414",
    "y": null,
    "m": null,
    "mo": "Cessna 414A Chancellor",
    "o": null,
    "st": "L2P",
    "ml": false
  },
  "0b403f": {
    "i": "0b403f",
    "r": "TG-PLH",
    "it": "B06",
    "y": null,
    "m": null,
    "mo": "",
    "o": null,
    "st": "H1T",
    "ml": false
  },
  "0b406c": {
    "i": "0b406c",
    "r": "TG-ROS",
    "it": "C182",
    "y": null,
    "m": null,
    "mo": "",
    "o": null,
    "st": "L1P",
    "ml": false
  },
  "0b408d": {
    "i": "0b408d",
    "r": "TG-CEB",
    "it": "AS50",
    "y": null,
    "m": null,
    "mo": "",
    "o": null,
    "st": "H1T",
    "ml": false
  },
  "0b4093": {
    "i": "0b4093",
    "r": "TG-CUP",
    "it": "BE55",
    "y": null,
    "m": null,
    "mo": "",
    "o": null,
    "st": "L2P",
    "ml": false
  },
  "0b4220": {
    "i": "0b4220",
    "r": "TG-ACC",
    "it": "C172",
    "y": null,
    "m": null,
    "mo": "",
    "o": null,
    "st": "L1P",
    "ml": false
  },
  "0b4259": {
    "i": "0b4259",
    "r": "TG-ATC",
    "it": "AT75",
    "y": null,
    "m": null,
    "mo": "",
    "o": null,
    "st": "L2T",
    "ml": false
  },
  "0b601b": {
    "i": "0b601b",
    "r": "8R-GBW",
    "it": "SC7",
    "y": null,
    "m": null,
    "mo": "Short Skyvan 3A-100",
    "o": null,
    "st": "L2T",
    "ml": false
  },
  "0b6030": {
    "i": "0b6030",
    "r": "8R-GAS",
    "it": "C208",
    "y": null,
    "m": null,
    "mo": "",
    "o": null,
    "st": "L1T",
    "ml": false
  },
  "0ba031": {
    "i": "0ba031",
    "r": "HR-HJS",
    "it": "SF34",
    "y": null,
    "m": null,
    "mo": "",
    "o": null,
    "st": "L2T",
    "ml": false
  },
  "0bc020": {
    "i": "0bc020",
    "r": "J8-SUN",
    "it": "DHC6",
    "y": null,
    "m": null,
    "mo": "De Havilland Canada DHC-6 Twin Otter 300",
    "o": null,
    "st": "L2T",
    "ml": false
  },
  "0b2003": {
    "i": "0b2003",
    "r": "YS-210P",
    "it": "T210",
    "y": null,
    "m": null,
    "mo": "",
    "o": null,
    "st": "L1P",
    "ml": false
  },
  "0b404d": {
    "i": "0b404d",
    "r": "TG-CMD",
    "it": "BE58",
    "y": null,
    "m": null,
    "mo": "",
    "o": null,
    "st": "L2P",
    "ml": false
  },
  "0b4089": {
    "i": "0b4089",
    "r": "TG-OSI",
    "it": "BE55",
    "y": null,
    "m": null,
    "mo": "",
    "o": null,
    "st": "L2P",
    "ml": false
  },
  "0b40d0": {
    "i": "0b40d0",
    "r": "TG-BLO",
    "it": "C172",
    "y": null,
    "m": null,
    "mo": "",
    "o": null,
    "st": "L1P",
    "ml": false
  },
  "0b4128": {
    "i": "0b4128",
    "r": "TG-KCS",
    "it": "PA34",
    "y": null,
    "m": null,
    "mo": "",
    "o": null,
    "st": "L2P",
    "ml": false
  },
  "0b412c": {
    "i": "0b412c",
    "r": "TG-MAF",
    "it": "BE36",
    "y": null,
    "m": null,
    "mo": "",
    "o": null,
    "st": "L1P",
    "ml": false
  },
  "0b412e": {
    "i": "0b412e",
    "r": "TG-HUY",
    "it": "C172",
    "y": null,
    "m": null,
    "mo": "",
    "o": null,
    "st": "L1P",
    "ml": false
  },
  "0b4158": {
    "i": "0b4158",
    "r": "TG-FSD",
    "it": "T210",
    "y": null,
    "m": null,
    "mo": "",
    "o": null,
    "st": "L1P",
    "ml": false
  },
  "0b4168": {
    "i": "0b4168",
    "r": "TG-SIR",
    "it": "C172",
    "y": null,
    "m": null,
    "mo": "",
    "o": null,
    "st": "L1P",
    "ml": false
  },
  "0b4169": {
    "i": "0b4169",
    "r": "TG-JOY",
    "it": "BE33",
    "y": null,
    "m": null,
    "mo": "",
    "o": null,
    "st": "L1P",
    "ml": false
  },
  "0b4202": {
    "i": "0b4202",
    "r": "TG-GUH",
    "it": "EC30",
    "y": null,
    "m": null,
    "mo": "",
    "o": null,
    "st": "H1T",
    "ml": false
  },
  "0b4310": {
    "i": "0b4310",
    "r": "TG-ERC",
    "it": "AS50",
    "y": null,
    "m": null,
    "mo": "",
    "o": null,
    "st": "H1T",
    "ml": false
  },
  "0b4356": {
    "i": "0b4356",
    "r": "101",
    "it": "B412",
    "y": null,
    "m": null,
    "mo": "",
    "o": null,
    "st": "H2T",
    "ml": true
  },
  "0b48ef": {
    "i": "0b48ef",
    "r": "TG-TYA",
    "it": "PA34",
    "y": null,
    "m": null,
    "mo": "",
    "o": null,
    "st": "L2P",
    "ml": false
  },
  "0b601d": {
    "i": "0b601d",
    "r": "8R-GMN",
    "it": "BN2P",
    "y": null,
    "m": null,
    "mo": "",
    "o": null,
    "st": "L2P",
    "ml": false
  },
  "0ba014": {
    "i": "0ba014",
    "r": "HR-REM",
    "it": "C152",
    "y": null,
    "m": null,
    "mo": "",
    "o": null,
    "st": "L1P",
    "ml": false
  },
  "0b4085": {
    "i": "0b4085",
    "r": "TG-VAL",
    "it": "PAY2",
    "y": null,
    "m": null,
    "mo": "",
    "o": null,
    "st": "L2T",
    "ml": false
  },
  "0b4099": {
    "i": "0b4099",
    "r": "TG-BEF",
    "it": "C182",
    "y": null,
    "m": null,
    "mo": "",
    "o": null,
    "st": "L1P",
    "ml": false
  },
  "0b4121": {
    "i": "0b4121",
    "r": "TG-AAI",
    "it": "AS50",
    "y": null,
    "m": null,
    "mo": "",
    "o": null,
    "st": "H1T",
    "ml": false
  },
  "0b4233": {
    "i": "0b4233",
    "r": "TG-ABE",
    "it": "C210",
    "y": null,
    "m": null,
    "mo": "",
    "o": null,
    "st": "L1P",
    "ml": false
  },
  "0ba000": {
    "i": "0ba000",
    "r": "FAH020",
    "it": "C208",
    "y": null,
    "m": null,
    "mo": "",
    "o": null,
    "st": "L1T",
    "ml": true
  },
  "0ba00e": {
    "i": "0ba00e",
    "r": "HR-VIP",
    "it": "B407",
    "y": null,
    "m": null,
    "mo": "Bell 407 GX",
    "o": null,
    "st": "H1T",
    "ml": false
  },
  "0b0490": {
    "i": "0b0490",
    "r": "CU-T1168",
    "it": "AN2",
    "y": null,
    "m": null,
    "mo": "Antonov An-2 R",
    "o": null,
    "st": "L1P",
    "ml": false
  },
  "0b409b": {
    "i": "0b409b",
    "r": "TG-MER",
    "it": "C182",
    "y": null,
    "m": null,
    "mo": "",
    "o": null,
    "st": "L1P",
    "ml": false
  },
  "0b4131": {
    "i": "0b4131",
    "r": "TG-ESA",
    "it": "BE55",
    "y": null,
    "m": null,
    "mo": "",
    "o": null,
    "st": "L2P",
    "ml": false
  },
  "0b414d": {
    "i": "0b414d",
    "r": "TG-BED",
    "it": "BE36",
    "y": null,
    "m": null,
    "mo": "",
    "o": null,
    "st": "L1P",
    "ml": false
  },
  "0b4167": {
    "i": "0b4167",
    "r": "TG-MAW",
    "it": "BE35",
    "y": null,
    "m": null,
    "mo": "",
    "o": null,
    "st": "L1P",
    "ml": false
  },
  "0b4181": {
    "i": "0b4181",
    "r": "TG-JPC",
    "it": "EC30",
    "y": null,
    "m": null,
    "mo": "",
    "o": null,
    "st": "H1T",
    "ml": false
  },
  "0b4200": {
    "i": "0b4200",
    "r": "TG-DOT",
    "it": "AS50",
    "y": null,
    "m": null,
    "mo": "",
    "o": null,
    "st": "H1T",
    "ml": false
  },
  "0b4204": {
    "i": "0b4204",
    "r": "TG-SUN",
    "it": "R66",
    "y": null,
    "m": null,
    "mo": "",
    "o": null,
    "st": "H1T",
    "ml": false
  },
  "0b422c": {
    "i": "0b422c",
    "r": "TG-BOP",
    "it": "PA31",
    "y": null,
    "m": null,
    "mo": "",
    "o": null,
    "st": "L2P",
    "ml": false
  },
  "0b8002": {
    "i": "0b8002",
    "r": "HH-VAN",
    "it": "C208",
    "y": null,
    "m": null,
    "mo": "Cessna 208 B",
    "o": null,
    "st": "L1T",
    "ml": false
  },
  "0b4125": {
    "i": "0b4125",
    "r": "FAG104",
    "it": "B212",
    "y": null,
    "m": null,
    "mo": "",
    "o": null,
    "st": "H2T",
    "ml": true
  },
  "0b4170": {
    "i": "0b4170",
    "r": "TG-TFI",
    "it": "BE36",
    "y": null,
    "m": null,
    "mo": "",
    "o": null,
    "st": "L1P",
    "ml": false
  },
  "0b0123": {
    "i": "0b0123",
    "r": "TG-CAP",
    "it": "COL4",
    "y": null,
    "m": null,
    "mo": "Columbia Aircraft 400 LC41-550FG",
    "o": null,
    "st": "L1P",
    "ml": false
  },
  "0b04d8": {
    "i": "0b04d8",
    "r": "CU-T1240",
    "it": "AT45",
    "y": null,
    "m": null,
    "mo": "Atr ATR 42-500",
    "o": null,
    "st": "L2T",
    "ml": false
  },
  "0b4011": {
    "i": "0b4011",
    "r": "TG-NAT",
    "it": "C208",
    "y": null,
    "m": null,
    "mo": "Cessna 208 B",
    "o": null,
    "st": "L1T",
    "ml": false
  },
  "0b402d": {
    "i": "0b402d",
    "r": "TG-PJO",
    "it": "B407",
    "y": null,
    "m": null,
    "mo": "Bell 407 GX",
    "o": null,
    "st": "H1T",
    "ml": false
  },
  "0b4106": {
    "i": "0b4106",
    "r": "TG-AYR",
    "it": "C172",
    "y": null,
    "m": null,
    "mo": "",
    "o": null,
    "st": "L1P",
    "ml": false
  },
  "0b4118": {
    "i": "0b4118",
    "r": "TG-MLE",
    "it": "AS50",
    "y": null,
    "m": null,
    "mo": "",
    "o": null,
    "st": "H1T",
    "ml": false
  },
  "0b4192": {
    "i": "0b4192",
    "r": "TG-VSM",
    "it": "B06",
    "y": null,
    "m": null,
    "mo": "",
    "o": null,
    "st": "H1T",
    "ml": false
  },
  "0b4196": {
    "i": "0b4196",
    "r": "038",
    "it": "T210",
    "y": null,
    "m": null,
    "mo": "",
    "o": null,
    "st": "L1P",
    "ml": true
  },
  "0b6012": {
    "i": "0b6012",
    "r": "8R-GER",
    "it": "BN2P",
    "y": null,
    "m": null,
    "mo": "Britten-Norman Islander BN-2A-27",
    "o": null,
    "st": "L2P",
    "ml": false
  },
  "0b603b": {
    "i": "0b603b",
    "r": "8R-AYA",
    "it": "B412",
    "y": null,
    "m": null,
    "mo": "",
    "o": null,
    "st": "H2T",
    "ml": true
  },
  "0b402b": {
    "i": "0b402b",
    "r": "TG-NIN",
    "it": "AS50",
    "y": null,
    "m": null,
    "mo": "",
    "o": null,
    "st": "H1T",
    "ml": false
  },
  "0b403d": {
    "i": "0b403d",
    "r": "TG-JCC",
    "it": "E110",
    "y": null,
    "m": null,
    "mo": "",
    "o": null,
    "st": "L2T",
    "ml": false
  },
  "0b4040": {
    "i": "0b4040",
    "r": "TG-RIE",
    "it": "C501",
    "y": null,
    "m": null,
    "mo": "Cessna 500/501",
    "o": null,
    "st": "L2J",
    "ml": false
  },
  "0b405a": {
    "i": "0b405a",
    "r": "TG-AJR",
    "it": "SR22",
    "y": null,
    "m": null,
    "mo": "",
    "o": null,
    "st": "L1P",
    "ml": false
  },
  "0b4100": {
    "i": "0b4100",
    "r": "TG-TAO",
    "it": "AS50",
    "y": null,
    "m": null,
    "mo": "",
    "o": null,
    "st": "H1T",
    "ml": false
  },
  "0b420a": {
    "i": "0b420a",
    "r": "TG-PJL",
    "it": "AS50",
    "y": null,
    "m": null,
    "mo": "",
    "o": null,
    "st": "H1T",
    "ml": false
  },
  "0b4241": {
    "i": "0b4241",
    "r": "TG-MCS",
    "it": "B06",
    "y": null,
    "m": null,
    "mo": "",
    "o": null,
    "st": "H1T",
    "ml": false
  },
  "0b4500": {
    "i": "0b4500",
    "r": "TG-RRC",
    "it": "C182",
    "y": null,
    "m": null,
    "mo": "",
    "o": null,
    "st": "L1P",
    "ml": false
  },
  "0b602d": {
    "i": "0b602d",
    "r": "8R-LBJ",
    "it": "R66",
    "y": null,
    "m": null,
    "mo": "",
    "o": null,
    "st": "H1T",
    "ml": false
  },
  "0b603a": {
    "i": "0b603a",
    "r": "8R-GIA",
    "it": "C208",
    "y": null,
    "m": null,
    "mo": "",
    "o": null,
    "st": "L1T",
    "ml": false
  },
  "0ba033": {
    "i": "0ba033",
    "r": "FAH-945",
    "it": "UH1",
    "y": null,
    "m": null,
    "mo": "",
    "o": null,
    "st": "H1T",
    "ml": true
  },
  "0b4105": {
    "i": "0b4105",
    "r": "TG-TLT",
    "it": "P28S",
    "y": null,
    "m": null,
    "mo": "",
    "o": null,
    "st": "L1P",
    "ml": false
  },
  "0b4171": {
    "i": "0b4171",
    "r": "TG-EAG",
    "it": "C172",
    "y": null,
    "m": null,
    "mo": "",
    "o": null,
    "st": "L1P",
    "ml": false
  },
  "0b422a": {
    "i": "0b422a",
    "r": "TG-SSS",
    "it": "BE35",
    "y": null,
    "m": null,
    "mo": "",
    "o": null,
    "st": "L1P",
    "ml": false
  },
  "0b4255": {
    "i": "0b4255",
    "r": "TG-NAI",
    "it": "C208",
    "y": null,
    "m": null,
    "mo": "",
    "o": null,
    "st": "L1T",
    "ml": false
  },
  "0b4280": {
    "i": "0b4280",
    "r": "FAG142",
    "it": "B412",
    "y": null,
    "m": null,
    "mo": "",
    "o": null,
    "st": "H2T",
    "ml": true
  },
  "0b4303": {
    "i": "0b4303",
    "r": "TG-TAX",
    "it": "BE33",
    "y": null,
    "m": null,
    "mo": "",
    "o": null,
    "st": "L1P",
    "ml": false
  },
  "0ba036": {
    "i": "0ba036",
    "r": "FAH-080",
    "it": "BE9L",
    "y": null,
    "m": null,
    "mo": "",
    "o": null,
    "st": "L2T",
    "ml": true
  },
  "0ba511": {
    "i": "0ba511",
    "r": "HR-GCE",
    "it": "B407",
    "y": null,
    "m": null,
    "mo": "",
    "o": null,
    "st": "H1T",
    "ml": false
  },
  "0bc203": {
    "i": "0bc203",
    "r": "J8-RUT",
    "it": "DHC6",
    "y": null,
    "m": null,
    "mo": "",
    "o": null,
    "st": "L2T",
    "ml": false
  },
  "0b4012": {
    "i": "0b4012",
    "r": "TG-ACE",
    "it": "EC30",
    "y": null,
    "m": null,
    "mo": "",
    "o": null,
    "st": "H1T",
    "ml": false
  },
  "0b4018": {
    "i": "0b4018",
    "r": "TG-TRD",
    "it": "AT76",
    "y": null,
    "m": null,
    "mo": "Atr ATR 72-600",
    "o": null,
    "st": "L2T",
    "ml": false
  },
  "0b4022": {
    "i": "0b4022",
    "r": "TG-FYL",
    "it": "BE20",
    "y": null,
    "m": null,
    "mo": "Beech King Air 200",
    "o": null,
    "st": "L2T",
    "ml": false
  },
  "0b408a": {
    "i": "0b408a",
    "r": "TG-DID",
    "it": "AS50",
    "y": null,
    "m": null,
    "mo": "",
    "o": null,
    "st": "H1T",
    "ml": false
  },
  "0b4114": {
    "i": "0b4114",
    "r": "FAG-360",
    "it": "C208",
    "y": null,
    "m": null,
    "mo": "",
    "o": null,
    "st": "L1T",
    "ml": true
  },
  "0b416f": {
    "i": "0b416f",
    "r": "TG-CBC",
    "it": "B407",
    "y": null,
    "m": null,
    "mo": "",
    "o": null,
    "st": "H1T",
    "ml": false
  },
  "0b4229": {
    "i": "0b4229",
    "r": "TG-PSI",
    "it": "C182",
    "y": null,
    "m": null,
    "mo": "",
    "o": null,
    "st": "L1P",
    "ml": false
  },
  "0b4231": {
    "i": "0b4231",
    "r": "TG-WIN",
    "it": "R44",
    "y": null,
    "m": null,
    "mo": "",
    "o": null,
    "st": "H1P",
    "ml": false
  },
  "0b4900": {
    "i": "0b4900",
    "r": "TG-ESE",
    "it": "B407",
    "y": null,
    "m": null,
    "mo": "",
    "o": null,
    "st": "H1T",
    "ml": false
  },
  "0b6014": {
    "i": "0b6014",
    "r": "8R-GUY",
    "it": "C208",
    "y": null,
    "m": null,
    "mo": "Cessna 208-B",
    "o": null,
    "st": "L1T",
    "ml": false
  },
  "0b6028": {
    "i": "0b6028",
    "r": "8R-ZOM",
    "it": "C206",
    "y": null,
    "m": null,
    "mo": "",
    "o": null,
    "st": "L1P",
    "ml": false
  },
  "0ba003": {
    "i": "0ba003",
    "r": "FAH019",
    "it": "C208",
    "y": null,
    "m": null,
    "mo": "",
    "o": null,
    "st": "L1T",
    "ml": true
  },
  "0b4033": {
    "i": "0b4033",
    "r": "TG-CCH",
    "it": "LJ75",
    "y": null,
    "m": null,
    "mo": "Learjet 45",
    "o": null,
    "st": "L2J",
    "ml": false
  },
  "0b4037": {
    "i": "0b4037",
    "r": "TG-JFV",
    "it": "B505",
    "y": null,
    "m": null,
    "mo": "",
    "o": null,
    "st": "H1T",
    "ml": false
  },
  "0b404c": {
    "i": "0b404c",
    "r": "TG-CDG",
    "it": "B06",
    "y": null,
    "m": null,
    "mo": "",
    "o": null,
    "st": "H1T",
    "ml": false
  },
  "0b4078": {
    "i": "0b4078",
    "r": "TG-DYM",
    "it": "BE36",
    "y": null,
    "m": null,
    "mo": "",
    "o": null,
    "st": "L1P",
    "ml": false
  },
  "0b407b": {
    "i": "0b407b",
    "r": "TG-BAO",
    "it": "BE58",
    "y": null,
    "m": null,
    "mo": "",
    "o": null,
    "st": "L2P",
    "ml": false
  },
  "0b415b": {
    "i": "0b415b",
    "r": "TG-SKG",
    "it": "C206",
    "y": null,
    "m": null,
    "mo": "",
    "o": null,
    "st": "L1P",
    "ml": false
  },
  "0b4182": {
    "i": "0b4182",
    "r": "TG-HAS",
    "it": "BE35",
    "y": null,
    "m": null,
    "mo": "",
    "o": null,
    "st": "L1P",
    "ml": false
  },
  "0b418e": {
    "i": "0b418e",
    "r": "TG-ATD",
    "it": "AT75",
    "y": null,
    "m": null,
    "mo": "Avions de Transport Regional ATR 72 500",
    "o": null,
    "st": "L2T",
    "ml": false
  },
  "0b4205": {
    "i": "0b4205",
    "r": "TG-KPK",
    "it": "C182",
    "y": null,
    "m": null,
    "mo": "",
    "o": null,
    "st": "L1P",
    "ml": false
  },
  "0b424e": {
    "i": "0b424e",
    "r": "TG-PET",
    "it": "C182",
    "y": null,
    "m": null,
    "mo": "",
    "o": null,
    "st": "L1P",
    "ml": false
  },
  "0b4550": {
    "i": "0b4550",
    "r": "TG-LAR",
    "it": "C82S",
    "y": null,
    "m": null,
    "mo": "",
    "o": null,
    "st": "L1P",
    "ml": false
  },
  "0b4701": {
    "i": "0b4701",
    "r": "TG-CCL",
    "it": "BE95",
    "y": null,
    "m": null,
    "mo": "",
    "o": null,
    "st": "L2P",
    "ml": false
  },
  "0b601c": {
    "i": "0b601c",
    "r": "8R-GWJ",
    "it": "BN2P",
    "y": null,
    "m": null,
    "mo": "BN-2B-27 Islander",
    "o": null,
    "st": "L2P",
    "ml": false
  },
  "0b6036": {
    "i": "0b6036",
    "r": "8R-1GY",
    "it": "B350",
    "y": null,
    "m": null,
    "mo": "",
    "o": null,
    "st": "L2T",
    "ml": true
  },
  "0b6038": {
    "i": "0b6038",
    "r": "8R-BKB",
    "it": "C208",
    "y": null,
    "m": null,
    "mo": "",
    "o": null,
    "st": "L1T",
    "ml": false
  },
  "0ba034": {
    "i": "0ba034",
    "r": "HR-ECO",
    "it": "B407",
    "y": null,
    "m": null,
    "mo": "",
    "o": null,
    "st": "H1T",
    "ml": false
  },
  "0b401c": {
    "i": "0b401c",
    "r": "TG-DAE",
    "it": "C441",
    "y": null,
    "m": null,
    "mo": "Cessna 441",
    "o": null,
    "st": "L2T",
    "ml": false
  },
  "0b425c": {
    "i": "0b425c",
    "r": "TG-EZF",
    "it": "C25C",
    "y": null,
    "m": null,
    "mo": "",
    "o": null,
    "st": "L2J",
    "ml": false
  },
  "0b418c": {
    "i": "0b418c",
    "r": "TG-RED",
    "it": "R66",
    "y": null,
    "m": null,
    "mo": "",
    "o": null,
    "st": "H1T",
    "ml": false
  },
  "0bafa1": {
    "i": "0bafa1",
    "r": "FAH001",
    "it": "E35L",
    "y": null,
    "m": null,
    "mo": "Embraer Legacy 600",
    "o": null,
    "st": "L2J",
    "ml": false
  },
  "0b4228": {
    "i": "0b4228",
    "r": "TG-ASR",
    "it": "B407",
    "y": null,
    "m": null,
    "mo": "",
    "o": null,
    "st": "H1T",
    "ml": false
  },
  "0b4006": {
    "i": "0b4006",
    "r": "TG-LOP",
    "it": "BE20",
    "y": null,
    "m": null,
    "mo": "Beech King Air 200",
    "o": null,
    "st": "L2T",
    "ml": false
  },
  "0b413d": {
    "i": "0b413d",
    "r": "TG-ZAR",
    "it": "S22T",
    "y": null,
    "m": null,
    "mo": "",
    "o": null,
    "st": "L1P",
    "ml": false
  },
  "0b4073": {
    "i": "0b4073",
    "r": "TG-OZI",
    "it": "BE58",
    "y": null,
    "m": null,
    "mo": "",
    "o": null,
    "st": "L2P",
    "ml": false
  },
  "0b4270": {
    "i": "0b4270",
    "r": "TG-PEM",
    "it": "R44",
    "y": null,
    "m": "ROBINSON",
    "mo": "R-44 Raven",
    "o": null,
    "st": "H1P",
    "ml": false
  },
  "0b4049": {
    "i": "0b4049",
    "r": "TG-MOR",
    "it": "BE9L",
    "y": null,
    "m": "BEECH",
    "mo": "90 King Air",
    "o": null,
    "st": "L2P",
    "ml": false
  },
  "0ba026": {
    "i": "0ba026",
    "r": "TG-BET",
    "it": "BE58",
    "y": null,
    "m": "BEECH",
    "mo": "58 Baron",
    "o": null,
    "st": "L2P",
    "ml": false
  },
  "0b4068": {
    "i": "0b4068",
    "r": "TG-DHP",
    "it": "AT43",
    "y": null,
    "m": "ATR",
    "mo": "ATR-42-300",
    "o": null,
    "st": "L2T",
    "ml": false
  },
  "0b4260": {
    "i": "0b4260",
    "r": "TG-ATB",
    "it": "AT75",
    "y": null,
    "m": "ATR",
    "mo": "ATR-72-500",
    "o": null,
    "st": "L2T",
    "ml": false
  },
  "0b201d": {
    "i": "0b201d",
    "r": "YS-EDK",
    "it": "R44",
    "y": null,
    "m": "ROBINSON",
    "mo": "R-44 Raven",
    "o": null,
    "st": "H1P",
    "ml": false
  },
  "0b4276": {
    "i": "0b4276",
    "r": "TG-JIR",
    "it": "C172",
    "y": null,
    "m": "CESSNA",
    "mo": "172 Skyhawk",
    "o": null,
    "st": "L1P",
    "ml": false
  },
  "0b426a": {
    "i": "0b426a",
    "r": "TG-JSF",
    "it": "C185",
    "y": null,
    "m": "CESSNA",
    "mo": "185 Skywagon",
    "o": null,
    "st": "L1P",
    "ml": false
  },
  "0ba030": {
    "i": "0ba030",
    "r": "HR-HJS",
    "it": "SF34",
    "y": null,
    "m": "SAAB",
    "mo": "340",
    "o": null,
    "st": "L2T",
    "ml": false
  },
  "0ba021": {
    "i": "0ba021",
    "r": "HR-AET",
    "it": "P28B",
    "y": null,
    "m": "PIPER",
    "mo": "PA-28-201T/235/236",
    "o": null,
    "st": "L1P",
    "ml": false
  },
  "0b4130": {
    "i": "0b4130",
    "r": "TG-MOB",
    "it": "BE58",
    "y": null,
    "m": "BEECH",
    "mo": "58 Baron",
    "o": null,
    "st": "L2P",
    "ml": false
  },
  "0b428a": {
    "i": "0b428a",
    "r": "TG-ARR",
    "it": "T206",
    "y": null,
    "m": "CESSNA",
    "mo": "T206 Turbo Stationair",
    "o": null,
    "st": "L1P",
    "ml": false
  },
  "0b4297": {
    "i": "0b4297",
    "r": "TG-CEF",
    "it": "C182",
    "y": null,
    "m": "CESSNA",
    "mo": "182 Skylane",
    "o": null,
    "st": "L1P",
    "ml": false
  },
  "0b201c": {
    "i": "0b201c",
    "r": "YS-1024P",
    "it": "AS50",
    "y": null,
    "m": "AEROSPATIALE",
    "mo": "AS-350 Ecureuil",
    "o": null,
    "st": "H1T",
    "ml": false
  },
  "0be1f0": {
    "i": "0be1f0",
    "r": "6Y-JTC",
    "it": "C182",
    "y": null,
    "m": "CESSNA",
    "mo": "182 Skylane",
    "o": null,
    "st": "L1P",
    "ml": false
  },
  "0ba03b": {
    "i": "0ba03b",
    "r": "HR-JFP",
    "it": "SF34",
    "y": null,
    "m": "SAAB",
    "mo": "340",
    "o": null,
    "st": "L2T",
    "ml": false
  },
  "0ba01a": {
    "i": "0ba01a",
    "r": "HR-ASU",
    "it": "B06",
    "y": null,
    "m": "BELL",
    "mo": "206 JetRanger",
    "o": null,
    "st": "H1T",
    "ml": false
  },
  "0b4306": {
    "i": "0b4306",
    "r": "TG-ARM",
    "it": "C208",
    "y": null,
    "m": "CESSNA",
    "mo": "208 Caravan",
    "o": null,
    "st": "L1T",
    "ml": false
  },
  "0b4311": {
    "i": "0b4311",
    "r": "TG-TJL",
    "it": "L410",
    "y": null,
    "m": "LET",
    "mo": "L-410 Turbolet",
    "o": null,
    "st": "L2T",
    "ml": false
  },
  "0b4298": {
    "i": "0b4298",
    "r": "TG-ACE",
    "it": "B407",
    "y": null,
    "m": "BELL",
    "mo": "407",
    "o": null,
    "st": "H1T",
    "ml": false
  },
  "0b201b": {
    "i": "0b201b",
    "r": "YS-76UY",
    "it": "R44",
    "y": null,
    "m": "ROBINSON",
    "mo": "R-44 Raven",
    "o": null,
    "st": "H1P",
    "ml": false
  },
  "0b430f": {
    "i": "0b430f",
    "r": "TG-TJG",
    "it": "L410",
    "y": null,
    "m": "LET",
    "mo": "L-410 Turbolet",
    "o": null,
    "st": "L2T",
    "ml": false
  },
  "0b430e": {
    "i": "0b430e",
    "r": "TG-TJH",
    "it": "L410",
    "y": null,
    "m": "LET",
    "mo": "L-410 Turbolet",
    "o": null,
    "st": "L2T",
    "ml": false
  },
  "0b8003": {
    "i": "0b8003",
    "r": "HH-FLY",
    "it": "C206",
    "y": null,
    "m": "CESSNA",
    "mo": "206 Stationair",
    "o": null,
    "st": "L1P",
    "ml": false
  },
  "0b2016": {
    "i": "0b2016",
    "r": "YS-SOL",
    "it": "PA31",
    "y": null,
    "m": "PIPER",
    "mo": "PA-31 Navajo",
    "o": null,
    "st": "L2P",
    "ml": false
  },
  "0b429e": {
    "i": "0b429e",
    "r": "TG-FSS",
    "it": "R66",
    "y": null,
    "m": "ROBINSON",
    "mo": "R-66",
    "o": null,
    "st": "H1P",
    "ml": false
  },
  "0b4277": {
    "i": "0b4277",
    "r": "TG-DTF",
    "it": "R44",
    "y": null,
    "m": "ROBINSON",
    "mo": "R-44 Raven",
    "o": null,
    "st": "H1P",
    "ml": false
  },
  "0b4279": {
    "i": "0b4279",
    "r": "TG-STG",
    "it": "B505",
    "y": null,
    "m": "BELL",
    "mo": "505 JetRanger X",
    "o": null,
    "st": "H1T",
    "ml": false
  },
  "0b4235": {
    "i": "0b4235",
    "r": "TG-NAH",
    "it": "PA27",
    "y": null,
    "m": "PIPER",
    "mo": "PA-23-250 Aztec",
    "o": null,
    "st": "L2P",
    "ml": false
  },
  "0b4309": {
    "i": "0b4309",
    "r": "TG-JCA",
    "it": "DHC6",
    "y": null,
    "m": "DE HAVILLAND",
    "mo": "DHC-6 Twin Otter",
    "o": null,
    "st": "L2T",
    "ml": false
  },
  "0be2b0": {
    "i": "0be2b0",
    "r": "JDF-T-11",
    "it": "B350",
    "y": null,
    "m": "BEECHCRAFT",
    "mo": "Super King Air 350",
    "o": null,
    "st": "L2T",
    "ml": true
  },
  "0b4237": {
    "i": "0b4237",
    "r": "TG-BOW",
    "it": "BE55",
    "y": null,
    "m": "BEECH",
    "mo": "55 Baron",
    "o": null,
    "st": "L2P",
    "ml": false
  },
  "0b4091": {
    "i": "0b4091",
    "r": "TG-CYO",
    "it": "PAY2",
    "y": null,
    "m": "PIPER",
    "mo": "PA-31T2-620 Cheyenne 2",
    "o": null,
    "st": "L2T",
    "ml": false
  },
  "0b4081": {
    "i": "0b4081",
    "r": "TG-TUY",
    "it": "BE55",
    "y": null,
    "m": "BEECH",
    "mo": "55 Baron",
    "o": null,
    "st": "L2P",
    "ml": false
  },
  "0b415a": {
    "i": "0b415a",
    "r": "TG-RAM",
    "it": "C172",
    "y": null,
    "m": "CESSNA",
    "mo": "172 Skyhawk",
    "o": null,
    "st": "L1P",
    "ml": false
  },
  "0b4209": {
    "i": "0b4209",
    "r": "TG-HGF",
    "it": "S22T",
    "y": null,
    "m": "CIRRUS",
    "mo": "SR-22T",
    "o": null,
    "st": "L1P",
    "ml": false
  },
  "0b4305": {
    "i": "0b4305",
    "r": "TG-AGY",
    "it": "L410",
    "y": null,
    "m": "LET",
    "mo": "L-410 Turbolet",
    "o": null,
    "st": "L2T",
    "ml": false
  },
  "0b4166": {
    "i": "0b4166",
    "r": "TG-IZO",
    "it": "BE60",
    "y": null,
    "m": "BEECH",
    "mo": "60",
    "o": null,
    "st": "L2P",
    "ml": false
  },
  "0b413b": {
    "i": "0b413b",
    "r": "TG-RVR",
    "it": "T206",
    "y": null,
    "m": "CESSNA",
    "mo": "T206 Turbo Stationair",
    "o": null,
    "st": "L1P",
    "ml": false
  },
  "0b432b": {
    "i": "0b432b",
    "r": "TG-MRB",
    "it": "B06",
    "y": null,
    "m": "BELL",
    "mo": "206 JetRanger",
    "o": null,
    "st": "H1T",
    "ml": false
  },
  "0b4236": {
    "i": "0b4236",
    "r": "TG-VIG",
    "it": "C172",
    "y": null,
    "m": "CESSNA",
    "mo": "172 Skyhawk",
    "o": null,
    "st": "L1P",
    "ml": false
  },
  "0b423a": {
    "i": "0b423a",
    "r": "TG-MAX",
    "it": "BE35",
    "y": null,
    "m": "BEECH",
    "mo": "35 Starfire Bonanza",
    "o": null,
    "st": "L1P",
    "ml": false
  },
  "0b430c": {
    "i": "0b430c",
    "r": "TG-JFT",
    "it": "C208",
    "y": null,
    "m": "CESSNA",
    "mo": "208 Caravan",
    "o": null,
    "st": "L1T",
    "ml": false
  },
  "0b431f": {
    "i": "0b431f",
    "r": "TG-NAU",
    "it": "C172",
    "y": null,
    "m": "CESSNA",
    "mo": "172 Skyhawk",
    "o": null,
    "st": "L1P",
    "ml": false
  },
  "0b429c": {
    "i": "0b429c",
    "r": "TG-AGI",
    "it": "T206",
    "y": null,
    "m": "CESSNA",
    "mo": "T206 Turbo Stationair",
    "o": null,
    "st": "L1P",
    "ml": false
  },
  "0b2017": {
    "i": "0b2017",
    "r": "YS-350-PE",
    "it": "C152",
    "y": null,
    "m": "CESSNA",
    "mo": "152",
    "o": null,
    "st": "L1P",
    "ml": false
  },
  "0b434a": {
    "i": "0b434a",
    "r": "TG-NOV",
    "it": "B429",
    "y": null,
    "m": "BELL",
    "mo": "429 GlobalRanger",
    "o": null,
    "st": "H2T",
    "ml": false
  },
  "0b4281": {
    "i": "0b4281",
    "r": "TG-TON",
    "it": "B407",
    "y": null,
    "m": "BELL",
    "mo": "407",
    "o": null,
    "st": "H1T",
    "ml": false
  },
  "0b409f": {
    "i": "0b409f",
    "r": "TG-TAX",
    "it": "BE33",
    "y": null,
    "m": "BEECH",
    "mo": "33 Bonanza",
    "o": null,
    "st": "L1P",
    "ml": false
  },
  "0b431c": {
    "i": "0b431c",
    "r": "TG-VAV",
    "it": "P28B",
    "y": null,
    "m": "PIPER",
    "mo": "PA-28-201T/235/236",
    "o": null,
    "st": "L1P",
    "ml": false
  },
  "0b4361": {
    "i": "0b4361",
    "r": "TG-PKS",
    "it": "BE33",
    "y": null,
    "m": "BEECH",
    "mo": "33 Bonanza",
    "o": null,
    "st": "L1P",
    "ml": false
  }
}