{
  "0c2024": {
    "i": "0c2024",
    "r": "HP-1558CMP",
    "it": "E190",
    "y": null,
    "m": null,
    "mo": "Embraer Emb-190-100AR",
    "o": null,
    "st": "L2J",
    "ml": false
  },
  "0c2045": {
    "i": "0c2045",
    "r": "HP-1536CMP",
    "it": "B738",
    "y": null,
    "m": null,
    "mo": "Boeing 737-8V3",
    "o": null,
    "st": "L2J",
    "ml": false
  },
  "0c2058": {
    "i": "0c2058",
    "r": "HP-2010DAE",
    "it": "B752",
    "y": null,
    "m": null,
    "mo": "Boeing 757-27A",
    "o": null,
    "st": "L2J",
    "ml": false
  },
  "0c206a": {
    "i": "0c206a",
    "r": "HP-1728CMP",
    "it": "B738",
    "y": null,
    "m": null,
    "mo": "Boeing 737-86N",
    "o": null,
    "st": "L2J",
    "ml": false
  },
  "0c20dc": {
    "i": "0c20dc",
    "r": "HP-9901CMP",
    "it": "B39M",
    "y": null,
    "m": null,
    "mo": "Boeing 737MAX 9",
    "o": null,
    "st": "L2J",
    "ml": false
  },
  "0c2101": {
    "i": "0c2101",
    "r": "HP-21",
    "it": "BN2P",
    "y": null,
    "m": null,
    "mo": "",
    "o": null,
    "st": "L2P",
    "ml": false
  },
  "0c214e": {
    "i": "0c214e",
    "r": "HP-407RJ",
    "it": "B407",
    "y": null,
    "m": null,
    "mo": "",
    "o": null,
    "st": "H1T",
    "ml": false
  },
  "0c2159": {
    "i": "0c2159",
    "r": "HP-1617RR",
    "it": "BN2P",
    "y": null,
    "m": null,
    "mo": "",
    "o": null,
    "st": "L2P",
    "ml": false
  },
  "0c4182": {
    "i": "0c4182",
    "r": "HI1026",
    "it": "B38M",
    "y": null,
    "m": null,
    "mo": "",
    "o": null,
    "st": "L2J",
    "ml": false
  },
  "0c4183": {
    "i": "0c4183",
    "r": "HI1027",
    "it": "B38M",
    "y": null,
    "m": null,
    "mo": "",
    "o": null,
    "st": "L2J",
    "ml": false
  },
  "0c6062": {
    "i": "0c6062",
    "r": "9Y-JAM",
    "it": "B38M",
    "y": null,
    "m": null,
    "mo": "",
    "o": null,
    "st": "L2J",
    "ml": false
  },
  "0c2082": {
    "i": "0c2082",
    "r": "HP-1826CMP",
    "it": "B738",
    "y": null,
    "m": null,
    "mo": "Boeing 737-86N",
    "o": null,
    "st": "L2J",
    "ml": false
  },
  "0c208d": {
    "i": "0c208d",
    "r": "HP-1830CMP",
    "it": "B738",
    "y": null,
    "m": null,
    "mo": "Boeing 737-8V3",
    "o": null,
    "st": "L2J",
    "ml": false
  },
  "0c20a9": {
    "i": "0c20a9",
    "r": "HP-1811PS",
    "it": "C208",
    "y": null,
    "m": null,
    "mo": "",
    "o": null,
    "st": "L1T",
    "ml": false
  },
  "0c210f": {
    "i": "0c210f",
    "r": "HP-1875SK",
    "it": "PA32",
    "y": null,
    "m": null,
    "mo": "",
    "o": null,
    "st": "L1P",
    "ml": false
  },
  "0c2153": {
    "i": "0c2153",
    "r": "HP-1582AP",
    "it": "P28A",
    "y": null,
    "m": null,
    "mo": "",
    "o": null,
    "st": "L1P",
    "ml": false
  },
  "0c4143": {
    "i": "0c4143",
    "r": "HI931",
    "it": "B429",
    "y": null,
    "m": null,
    "mo": "",
    "o": null,
    "st": "H2T",
    "ml": false
  },
  "0c6047": {
    "i": "0c6047",
    "r": "9Y-ENT",
    "it": "A139",
    "y": null,
    "m": null,
    "mo": "AgustaWestland AW.139",
    "o": null,
    "st": "H2T",
    "ml": false
  },
  "0c605c": {
    "i": "0c605c",
    "r": "9Y-GUY",
    "it": "B38M",
    "y": null,
    "m": null,
    "mo": "",
    "o": null,
    "st": "L2J",
    "ml": false
  },
  "0ca100": {
    "i": "0ca100",
    "r": "V2-LIK",
    "it": "AT46",
    "y": null,
    "m": null,
    "mo": "Atr ATR 42-600",
    "o": null,
    "st": "L2T",
    "ml": false
  },
  "0c204c": {
    "i": "0c204c",
    "r": "HP-1539CMP",
    "it": "B738",
    "y": null,
    "m": null,
    "mo": "Boeing 737NG 8V3/W",
    "o": null,
    "st": "L2J",
    "ml": false
  },
  "0c2063": {
    "i": "0c2063",
    "r": "HP-1723CMP",
    "it": "B738",
    "y": null,
    "m": null,
    "mo": "Boeing 737-8V3",
    "o": null,
    "st": "L2J",
    "ml": false
  },
  "0c2093": {
    "i": "0c2093",
    "r": "HP-1832CMP",
    "it": "B738",
    "y": null,
    "m": null,
    "mo": "Boeing 737-8V3",
    "o": null,
    "st": "L2J",
    "ml": false
  },
  "0c2143": {
    "i": "0c2143",
    "r": "AN-405",
    "it": "BE58",
    "y": null,
    "m": null,
    "mo": "",
    "o": null,
    "st": "L2P",
    "ml": true
  },
  "0c2191": {
    "i": "0c2191",
    "r": "HP-1900PST",
    "it": "F50",
    "y": null,
    "m": null,
    "mo": "",
    "o": null,
    "st": "L2T",
    "ml": false
  },
  "0c4354": {
    "i": "0c4354",
    "r": "HI1099",
    "it": "B38M",
    "y": null,
    "m": null,
    "mo": "Boeing 737 MAX 8",
    "o": null,
    "st": "L2J",
    "ml": false
  },
  "0c602e": {
    "i": "0c602e",
    "r": "9Y-JMD",
    "it": "B738",
    "y": null,
    "m": null,
    "mo": "Boeing 737-8Q8",
    "o": null,
    "st": "L2J",
    "ml": false
  },
  "0c8017": {
    "i": "0c8017",
    "r": "PZ-HGB",
    "it": "B505",
    "y": null,
    "m": null,
    "mo": "",
    "o": null,
    "st": "H1T",
    "ml": false
  },
  "0c8022": {
    "i": "0c8022",
    "r": "PZ-PBD",
    "it": "C206",
    "y": null,
    "m": null,
    "mo": "",
    "o": null,
    "st": "L1P",
    "ml": false
  },
  "0c2066": {
    "i": "0c2066",
    "r": "AN-040",
    "it": "C208",
    "y": null,
    "m": null,
    "mo": "Cessna 208 B",
    "o": null,
    "st": "L1T",
    "ml": false
  },
  "0c20f0": {
    "i": "0c20f0",
    "r": "HP-3210DAE",
    "it": "B734",
    "y": null,
    "m": null,
    "mo": "Boeing 737-4Q3F",
    "o": null,
    "st": "L2J",
    "ml": false
  },
  "0c20f5": {
    "i": "0c20f5",
    "r": "HP-9909CMP",
    "it": "B39M",
    "y": null,
    "m": null,
    "mo": "Boeing 737MAX 9",
    "o": null,
    "st": "L2J",
    "ml": false
  },
  "0c20fe": {
    "i": "0c20fe",
    "r": "HP-1686CH",
    "it": "AS50",
    "y": null,
    "m": null,
    "mo": "",
    "o": null,
    "st": "H1T",
    "ml": false
  },
  "0c212e": {
    "i": "0c212e",
    "r": "HP-900HT",
    "it": "EC30",
    "y": null,
    "m": null,
    "mo": "",
    "o": null,
    "st": "H1T",
    "ml": false
  },
  "0c2140": {
    "i": "0c2140",
    "r": "HP-777",
    "it": "PA34",
    "y": null,
    "m": null,
    "mo": "",
    "o": null,
    "st": "L2P",
    "ml": false
  },
  "0c215f": {
    "i": "0c215f",
    "r": "HP-9914MP",
    "it": "B39M",
    "y": null,
    "m": null,
    "mo": "",
    "o": null,
    "st": "L2J",
    "ml": false
  },
  "0c2190": {
    "i": "0c2190",
    "r": "HP-1808",
    "it": "AS50",
    "y": null,
    "m": null,
    "mo": "",
    "o": null,
    "st": "H1T",
    "ml": false
  },
  "0c40c3": {
    "i": "0c40c3",
    "r": "HI772",
    "it": "JS32",
    "y": null,
    "m": null,
    "mo": "British Aerospace Jetstream 3101EP",
    "o": null,
    "st": "L2T",
    "ml": false
  },
  "0c4115": {
    "i": "0c4115",
    "r": "HI926",
    "it": "C182",
    "y": null,
    "m": null,
    "mo": "",
    "o": null,
    "st": "L1P",
    "ml": false
  },
  "0c4341": {
    "i": "0c4341",
    "r": "HI1080",
    "it": "A320",
    "y": null,
    "m": null,
    "mo": "",
    "o": null,
    "st": "L2J",
    "ml": false
  },
  "0c6001": {
    "i": "0c6001",
    "r": "9Y-TTJ",
    "it": "AT76",
    "y": null,
    "m": null,
    "mo": "",
    "o": null,
    "st": "L2T",
    "ml": false
  },
  "0c8034": {
    "i": "0c8034",
    "r": "PZ-PTD",
    "it": "PC12",
    "y": null,
    "m": null,
    "mo": "",
    "o": null,
    "st": "L1T",
    "ml": false
  },
  "0c2069": {
    "i": "0c2069",
    "r": "HP-1727CMP",
    "it": "B738",
    "y": null,
    "m": null,
    "mo": "Boeing 737-8V3",
    "o": null,
    "st": "L2J",
    "ml": false
  },
  "0c20bb": {
    "i": "0c20bb",
    "r": "HP-1849CMP",
    "it": "B738",
    "y": null,
    "m": null,
    "mo": "Boeing 737-8V3",
    "o": null,
    "st": "L2J",
    "ml": false
  },
  "0c20db": {
    "i": "0c20db",
    "r": "HP-3110DAE",
    "it": "B734",
    "y": null,
    "m": null,
    "mo": "Boeing 737-4Q3",
    "o": null,
    "st": "L2J",
    "ml": false
  },
  "0c20fc": {
    "i": "0c20fc",
    "r": "HP-0840RJ",
    "it": "B06",
    "y": null,
    "m": null,
    "mo": "",
    "o": null,
    "st": "H1T",
    "ml": false
  },
  "0c2106": {
    "i": "0c2106",
    "r": "HP-1580AP",
    "it": "P28A",
    "y": null,
    "m": null,
    "mo": "",
    "o": null,
    "st": "L1P",
    "ml": false
  },
  "0c215b": {
    "i": "0c215b",
    "r": "AN-140",
    "it": "A139",
    "y": null,
    "m": null,
    "mo": "",
    "o": null,
    "st": "H2T",
    "ml": true
  },
  "0c4118": {
    "i": "0c4118",
    "r": "HI890",
    "it": "C152",
    "y": null,
    "m": null,
    "mo": "",
    "o": null,
    "st": "L1P",
    "ml": false
  },
  "0c4205": {
    "i": "0c4205",
    "r": "HI1052",
    "it": "E145",
    "y": null,
    "m": null,
    "mo": "Embraer ERJ-145-LR",
    "o": null,
    "st": "L2J",
    "ml": false
  },
  "0c6004": {
    "i": "0c6004",
    "r": "9Y-MAD",
    "it": "S76",
    "y": null,
    "m": null,
    "mo": "",
    "o": null,
    "st": "H2T",
    "ml": false
  },
  "0c8016": {
    "i": "0c8016",
    "r": "PZ-TBT",
    "it": "C208",
    "y": null,
    "m": null,
    "mo": "Cessna 208 B",
    "o": null,
    "st": "L1T",
    "ml": false
  },
  "0c205b": {
    "i": "0c205b",
    "r": "HP-1716CMP",
    "it": "B738",
    "y": null,
    "m": null,
    "mo": "Boeing 737-8V3",
    "o": null,
    "st": "L2J",
    "ml": false
  },
  "0c205d": {
    "i": "0c205d",
    "r": "HP-1718CMP",
    "it": "B738",
    "y": null,
    "m": null,
    "mo": "Boeing 737-8V3",
    "o": null,
    "st": "L2J",
    "ml": false
  },
  "0c2068": {
    "i": "0c2068",
    "r": "HP-1726CMP",
    "it": "B738",
    "y": null,
    "m": null,
    "mo": "Boeing 737-86N",
    "o": null,
    "st": "L2J",
    "ml": false
  },
  "0c2073": {
    "i": "0c2073",
    "r": "HP-1821CMP",
    "it": "B738",
    "y": null,
    "m": null,
    "mo": "Boeing 737-8V3",
    "o": null,
    "st": "L2J",
    "ml": false
  },
  "0c2086": {
    "i": "0c2086",
    "r": "HP-1764PST",
    "it": "F100",
    "y": null,
    "m": null,
    "mo": "Fokker F100",
    "o": null,
    "st": "L2J",
    "ml": false
  },
  "0c20a6": {
    "i": "0c20a6",
    "r": "HP-1838CMP",
    "it": "B738",
    "y": null,
    "m": null,
    "mo": "Boeing 737-8V3",
    "o": null,
    "st": "L2J",
    "ml": false
  },
  "0c20ac": {
    "i": "0c20ac",
    "r": "HP-1842CMP",
    "it": "B738",
    "y": null,
    "m": null,
    "mo": "Boeing 737-8V3",
    "o": null,
    "st": "L2J",
    "ml": false
  },
  "0c20ee": {
    "i": "0c20ee",
    "r": "HP-1579BL",
    "it": "P28A",
    "y": null,
    "m": null,
    "mo": "",
    "o": null,
    "st": "L1P",
    "ml": false
  },
  "0c20f6": {
    "i": "0c20f6",
    "r": "HP-9910CMP",
    "it": "B39M",
    "y": null,
    "m": null,
    "mo": "Boeing 737MAX 9",
    "o": null,
    "st": "L2J",
    "ml": false
  },
  "0c2109": {
    "i": "0c2109",
    "r": "HP-1554FT",
    "it": "C172",
    "y": null,
    "m": null,
    "mo": "",
    "o": null,
    "st": "L1P",
    "ml": false
  },
  "0c2138": {
    "i": "0c2138",
    "r": "HP-3010",
    "it": "C560",
    "y": null,
    "m": null,
    "mo": "",
    "o": null,
    "st": "L2J",
    "ml": false
  },
  "0c213b": {
    "i": "0c213b",
    "r": "HP-1667",
    "it": "C172",
    "y": null,
    "m": null,
    "mo": "",
    "o": null,
    "st": "L1P",
    "ml": false
  },
  "0c2162": {
    "i": "0c2162",
    "r": "HP-9917CMP",
    "it": "B39M",
    "y": null,
    "m": null,
    "mo": "",
    "o": null,
    "st": "L2J",
    "ml": false
  },
  "0c218e": {
    "i": "0c218e",
    "r": "HP-25SKT",
    "it": "K100",
    "y": null,
    "m": null,
    "mo": "",
    "o": null,
    "st": "L1T",
    "ml": false
  },
  "0c40c6": {
    "i": "0c40c6",
    "r": "HI999",
    "it": "SF34",
    "y": null,
    "m": null,
    "mo": "",
    "o": null,
    "st": "L2T",
    "ml": false
  },
  "0c4119": {
    "i": "0c4119",
    "r": "HI1002",
    "it": "AS50",
    "y": null,
    "m": null,
    "mo": "",
    "o": null,
    "st": "H1T",
    "ml": false
  },
  "0c6058": {
    "i": "0c6058",
    "r": "9Y-TTF",
    "it": "AT76",
    "y": null,
    "m": null,
    "mo": "Atr ATR 72-600",
    "o": null,
    "st": "L2T",
    "ml": false
  },
  "0c801c": {
    "i": "0c801c",
    "r": "PZ-TSF",
    "it": "F406",
    "y": null,
    "m": null,
    "mo": "",
    "o": null,
    "st": "L2T",
    "ml": false
  },
  "0c2081": {
    "i": "0c2081",
    "r": "HP-1825CMP",
    "it": "B738",
    "y": null,
    "m": null,
    "mo": "Boeing 737-8V3",
    "o": null,
    "st": "L2J",
    "ml": false
  },
  "0c20cb": {
    "i": "0c20cb",
    "r": "HP-1920",
    "it": "BE20",
    "y": null,
    "m": null,
    "mo": "Beechcraft Corp King Air 200GT",
    "o": null,
    "st": "L2T",
    "ml": false
  },
  "0c211d": {
    "i": "0c211d",
    "r": "HP-3310DAE",
    "it": "B763",
    "y": null,
    "m": null,
    "mo": "Boeing 767-304",
    "o": null,
    "st": "L2J",
    "ml": false
  },
  "0c214f": {
    "i": "0c214f",
    "r": "HP-1953",
    "it": "C206",
    "y": null,
    "m": null,
    "mo": "",
    "o": null,
    "st": "L1P",
    "ml": false
  },
  "0c2167": {
    "i": "0c2167",
    "r": "HP-9919CMP",
    "it": "B39M",
    "y": null,
    "m": null,
    "mo": "",
    "o": null,
    "st": "L2J",
    "ml": false
  },
  "0c40c7": {
    "i": "0c40c7",
    "r": "HI1033",
    "it": "CRJ2",
    "y": null,
    "m": null,
    "mo": "Canadair Regional-Jet-200ER",
    "o": null,
    "st": "L2J",
    "ml": false
  },
  "0c8018": {
    "i": "0c8018",
    "r": "PZ-TFC",
    "it": "F70",
    "y": null,
    "m": null,
    "mo": "",
    "o": null,
    "st": "L2J",
    "ml": false
  },
  "0c2007": {
    "i": "0c2007",
    "r": "HP-1373CMP",
    "it": "B737",
    "y": null,
    "m": null,
    "mo": "Boeing 737-7V3",
    "o": null,
    "st": "L2J",
    "ml": false
  },
  "0c20a0": {
    "i": "0c20a0",
    "r": "HP-9MZ",
    "it": "K100",
    "y": null,
    "m": null,
    "mo": "",
    "o": null,
    "st": "L1T",
    "ml": false
  },
  "0c20bc": {
    "i": "0c20bc",
    "r": "HP-1850CMP",
    "it": "B738",
    "y": null,
    "m": null,
    "mo": "Boeing 737-8V3",
    "o": null,
    "st": "L2J",
    "ml": false
  },
  "0c20eb": {
    "i": "0c20eb",
    "r": "HP-1186",
    "it": "PA31",
    "y": null,
    "m": null,
    "mo": "",
    "o": null,
    "st": "L2P",
    "ml": false
  },
  "0c2172": {
    "i": "0c2172",
    "r": "HP-3510DAE",
    "it": "B763",
    "y": null,
    "m": null,
    "mo": "",
    "o": null,
    "st": "L2J",
    "ml": false
  },
  "0c2194": {
    "i": "0c2194",
    "r": "HP-3610DAE",
    "it": "B763",
    "y": null,
    "m": null,
    "mo": "",
    "o": null,
    "st": "L2J",
    "ml": false
  },
  "0c4112": {
    "i": "0c4112",
    "r": "HI754",
    "it": "C208",
    "y": null,
    "m": null,
    "mo": "Cessna 208 B",
    "o": null,
    "st": "L1T",
    "ml": false
  },
  "0c4353": {
    "i": "0c4353",
    "r": "HI1098",
    "it": "B38M",
    "y": null,
    "m": null,
    "mo": "",
    "o": null,
    "st": "L2J",
    "ml": false
  },
  "0c439c": {
    "i": "0c439c",
    "r": "HI1063",
    "it": "B733",
    "y": null,
    "m": null,
    "mo": "",
    "o": null,
    "st": "L2J",
    "ml": false
  },
  "0c800d": {
    "i": "0c800d",
    "r": "PZ-TFB",
    "it": "F70",
    "y": null,
    "m": null,
    "mo": "Fokker F28 to 100",
    "o": null,
    "st": "L2J",
    "ml": false
  },
  "0c8030": {
    "i": "0c8030",
    "r": "PZ-HCK",
    "it": "BK17",
    "y": null,
    "m": null,
    "mo": "",
    "o": null,
    "st": "H2T",
    "ml": false
  },
  "0ca2fe": {
    "i": "0ca2fe",
    "r": "V2-LIG",
    "it": "AT46",
    "y": null,
    "m": null,
    "mo": "Avions de Transport Regional ATR 42 600",
    "o": null,
    "st": "L2T",
    "ml": false
  },
  "0c2016": {
    "i": "0c2016",
    "r": "HP-1524CMP",
    "it": "B737",
    "y": null,
    "m": null,
    "mo": "Boeing 737-7V3",
    "o": null,
    "st": "L2J",
    "ml": false
  },
  "0c2028": {
    "i": "0c2028",
    "r": "HP-1560CMP",
    "it": "E190",
    "y": null,
    "m": null,
    "mo": "Embraer Emb-190-100IGW",
    "o": null,
    "st": "L2J",
    "ml": false
  },
  "0c203a": {
    "i": "0c203a",
    "r": "HP-1534CMP",
    "it": "B738",
    "y": null,
    "m": null,
    "mo": "Boeing 737-8V3",
    "o": null,
    "st": "L2J",
    "ml": false
  },
  "0c2056": {
    "i": "0c2056",
    "r": "HP-1810DAE",
    "it": "B752",
    "y": null,
    "m": null,
    "mo": "Boeing 757-27A",
    "o": null,
    "st": "L2J",
    "ml": false
  },
  "0c20b1": {
    "i": "0c20b1",
    "r": "HP-7JH",
    "it": "C550",
    "y": null,
    "m": null,
    "mo": "",
    "o": null,
    "st": "L2J",
    "ml": false
  },
  "0c20bd": {
    "i": "0c20bd",
    "r": "HP-1851CMP",
    "it": "B738",
    "y": null,
    "m": null,
    "mo": "Boeing 737-8V3",
    "o": null,
    "st": "L2J",
    "ml": false
  },
  "0c20e2": {
    "i": "0c20e2",
    "r": "HP-1887AP",
    "it": "P28A",
    "y": null,
    "m": null,
    "mo": "",
    "o": null,
    "st": "L1P",
    "ml": false
  },
  "0c20f3": {
    "i": "0c20f3",
    "r": "HP-9908CMP",
    "it": "B39M",
    "y": null,
    "m": null,
    "mo": "Boeing 737MAX 9",
    "o": null,
    "st": "L2J",
    "ml": false
  },
  "0c20f7": {
    "i": "0c20f7",
    "r": "HP-1815BL",
    "it": "P28A",
    "y": null,
    "m": null,
    "mo": "",
    "o": null,
    "st": "L1P",
    "ml": false
  },
  "0c210c": {
    "i": "0c210c",
    "r": "HP-9911CMP",
    "it": "B39M",
    "y": null,
    "m": null,
    "mo": "Boeing 737MAX 9",
    "o": null,
    "st": "L2J",
    "ml": false
  },
  "0c2131": {
    "i": "0c2131",
    "r": "HP-1234",
    "it": "R66",
    "y": null,
    "m": null,
    "mo": "",
    "o": null,
    "st": "H1T",
    "ml": false
  },
  "0c214b": {
    "i": "0c214b",
    "r": "HP-216",
    "it": "EC30",
    "y": null,
    "m": null,
    "mo": "",
    "o": null,
    "st": "H1T",
    "ml": false
  },
  "0c2182": {
    "i": "0c2182",
    "r": "HP-77",
    "it": "R66",
    "y": null,
    "m": null,
    "mo": "",
    "o": null,
    "st": "H1T",
    "ml": false
  },
  "0c4150": {
    "i": "0c4150",
    "r": "HI1030",
    "it": "B429",
    "y": null,
    "m": null,
    "mo": "",
    "o": null,
    "st": "H2T",
    "ml": false
  },
  "0c4352": {
    "i": "0c4352",
    "r": "HI1091",
    "it": "E190",
    "y": null,
    "m": null,
    "mo": "",
    "o": null,
    "st": "L2J",
    "ml": false
  },
  "0c6060": {
    "i": "0c6060",
    "r": "9Y-BAR",
    "it": "B38M",
    "y": null,
    "m": null,
    "mo": "",
    "o": null,
    "st": "L2J",
    "ml": false
  },
  "0c801d": {
    "i": "0c801d",
    "r": "PZ-TSL",
    "it": "C208",
    "y": null,
    "m": null,
    "mo": "",
    "o": null,
    "st": "L1T",
    "ml": false
  },
  "0ca020": {
    "i": "0ca020",
    "r": "V2-CHA",
    "it": "EC30",
    "y": null,
    "m": null,
    "mo": "",
    "o": null,
    "st": "H1T",
    "ml": false
  },
  "0c2008": {
    "i": "0c2008",
    "r": "HP-1374CMP",
    "it": "B737",
    "y": null,
    "m": null,
    "mo": "Boeing 737-7V3",
    "o": null,
    "st": "L2J",
    "ml": false
  },
  "0c205e": {
    "i": "0c205e",
    "r": "HP-1719CMP",
    "it": "B738",
    "y": null,
    "m": null,
    "mo": "Boeing 737-8V3",
    "o": null,
    "st": "L2J",
    "ml": false
  },
  "0c206c": {
    "i": "0c206c",
    "r": "HP-1730CMP",
    "it": "B738",
    "y": null,
    "m": null,
    "mo": "Boeing 737-8V3",
    "o": null,
    "st": "L2J",
    "ml": false
  },
  "0c20cd": {
    "i": "0c20cd",
    "r": "HP-2888",
    "it": "B350",
    "y": null,
    "m": null,
    "mo": "Beech King Air 350C",
    "o": null,
    "st": "L2T",
    "ml": false
  },
  "0c2199": {
    "i": "0c2199",
    "r": "HP-1401",
    "it": "C182",
    "y": null,
    "m": null,
    "mo": "",
    "o": null,
    "st": "L1P",
    "ml": false
  },
  "0c219b": {
    "i": "0c219b",
    "r": "HP-2000",
    "it": "B06",
    "y": null,
    "m": null,
    "mo": "",
    "o": null,
    "st": "H1T",
    "ml": false
  },
  "0c4206": {
    "i": "0c4206",
    "r": "HI1053",
    "it": "E145",
    "y": null,
    "m": null,
    "mo": "Embraer ERJ-145-LR",
    "o": null,
    "st": "L2J",
    "ml": false
  },
  "0c6064": {
    "i": "0c6064",
    "r": "9Y-SUR",
    "it": "B38M",
    "y": null,
    "m": null,
    "mo": "",
    "o": null,
    "st": "L2J",
    "ml": false
  },
  "0c802d": {
    "i": "0c802d",
    "r": "PZ-TBS",
    "it": "C208",
    "y": null,
    "m": null,
    "mo": "",
    "o": null,
    "st": "L1T",
    "ml": false
  },
  "0c216e": {
    "i": "0c216e",
    "r": "HP-20A",
    "it": "C208",
    "y": null,
    "m": null,
    "mo": "",
    "o": null,
    "st": "L1T",
    "ml": false
  },
  "0c2070": {
    "i": "0c2070",
    "r": "HP-1721CMP",
    "it": "B738",
    "y": null,
    "m": null,
    "mo": "Boeing 737-8V3",
    "o": null,
    "st": "L2J",
    "ml": false
  },
  "0c20da": {
    "i": "0c20da",
    "r": "AN-262",
    "it": "DHC6",
    "y": null,
    "m": null,
    "mo": "",
    "o": null,
    "st": "L2T",
    "ml": true
  },
  "0c20e1": {
    "i": "0c20e1",
    "r": "HP-1746FT",
    "it": "C172",
    "y": null,
    "m": null,
    "mo": "",
    "o": null,
    "st": "L1P",
    "ml": false
  },
  "0c2160": {
    "i": "0c2160",
    "r": "HP-9915CMP",
    "it": "B39M",
    "y": null,
    "m": null,
    "mo": "",
    "o": null,
    "st": "L2J",
    "ml": false
  },
  "0c2163": {
    "i": "0c2163",
    "r": "HP-18BLM",
    "it": "C501",
    "y": null,
    "m": null,
    "mo": "",
    "o": null,
    "st": "L2J",
    "ml": false
  },
  "0c216c": {
    "i": "0c216c",
    "r": "HP-9921CMP",
    "it": "B39M",
    "y": null,
    "m": null,
    "mo": "",
    "o": null,
    "st": "L2J",
    "ml": false
  },
  "0c4107": {
    "i": "0c4107",
    "r": "HI1000",
    "it": "AT72",
    "y": null,
    "m": null,
    "mo": "Avions de Transport Regional ATR 72 202F",
    "o": null,
    "st": "L2T",
    "ml": false
  },
  "0c6002": {
    "i": "0c6002",
    "r": "9Y-TTL",
    "it": "B738",
    "y": null,
    "m": null,
    "mo": "",
    "o": null,
    "st": "L2J",
    "ml": false
  },
  "0c6040": {
    "i": "0c6040",
    "r": "9Y-TTE",
    "it": "AT76",
    "y": null,
    "m": null,
    "mo": "Atr ATR 72-600",
    "o": null,
    "st": "L2T",
    "ml": false
  },
  "0c6056": {
    "i": "0c6056",
    "r": "9Y-PHC",
    "it": "A139",
    "y": null,
    "m": null,
    "mo": "",
    "o": null,
    "st": "H2T",
    "ml": false
  },
  "0c801a": {
    "i": "0c801a",
    "r": "PZ-NAU",
    "it": "C206",
    "y": null,
    "m": null,
    "mo": "",
    "o": null,
    "st": "L1P",
    "ml": false
  },
  "0c802c": {
    "i": "0c802c",
    "r": "PZ-TBH",
    "it": "C208",
    "y": null,
    "m": null,
    "mo": "",
    "o": null,
    "st": "L1T",
    "ml": false
  },
  "0c2051": {
    "i": "0c2051",
    "r": "HP-1713CMP",
    "it": "B738",
    "y": null,
    "m": null,
    "mo": "Boeing 737-8V3",
    "o": null,
    "st": "L2J",
    "ml": false
  },
  "0c205f": {
    "i": "0c205f",
    "r": "HP-1720CMP",
    "it": "B738",
    "y": null,
    "m": null,
    "mo": "Boeing 737-8V3",
    "o": null,
    "st": "L2J",
    "ml": false
  },
  "0c2076": {
    "i": "0c2076",
    "r": "HP-1824",
    "it": "B738",
    "y": null,
    "m": null,
    "mo": "",
    "o": null,
    "st": "L2J",
    "ml": false
  },
  "0c2083": {
    "i": "0c2083",
    "r": "HP-1827CMP",
    "it": "B738",
    "y": null,
    "m": null,
    "mo": "Boeing 737-8V3",
    "o": null,
    "st": "L2J",
    "ml": false
  },
  "0c2096": {
    "i": "0c2096",
    "r": "HP-1835CMP",
    "it": "B738",
    "y": null,
    "m": null,
    "mo": "Boeing 737-8V3",
    "o": null,
    "st": "L2J",
    "ml": false
  },
  "0c20ce": {
    "i": "0c20ce",
    "r": "HP-1854CMP",
    "it": "B738",
    "y": null,
    "m": null,
    "mo": "Boeing 737-800",
    "o": null,
    "st": "L2J",
    "ml": false
  },
  "0c20f2": {
    "i": "0c20f2",
    "r": "HP-9906CMP",
    "it": "B39M",
    "y": null,
    "m": null,
    "mo": "Boeing 737MAX 9",
    "o": null,
    "st": "L2J",
    "ml": false
  },
  "0c210d": {
    "i": "0c210d",
    "r": "HP-9912CMP",
    "it": "B39M",
    "y": null,
    "m": null,
    "mo": "",
    "o": null,
    "st": "L2J",
    "ml": false
  },
  "0c217d": {
    "i": "0c217d",
    "r": "HP-880BL",
    "it": "PA34",
    "y": null,
    "m": null,
    "mo": "",
    "o": null,
    "st": "L2P",
    "ml": false
  },
  "0c404b": {
    "i": "0c404b",
    "r": "3073",
    "it": "UH1",
    "y": null,
    "m": null,
    "mo": "",
    "o": null,
    "st": "H1T",
    "ml": true
  },
  "0c40c1": {
    "i": "0c40c1",
    "r": "HI871",
    "it": "GLF2",
    "y": null,
    "m": null,
    "mo": "",
    "o": null,
    "st": "L2J",
    "ml": false
  },
  "0c43a8": {
    "i": "0c43a8",
    "r": "HI1126",
    "it": "C680",
    "y": null,
    "m": null,
    "mo": "",
    "o": null,
    "st": "L2J",
    "ml": false
  },
  "0c6031": {
    "i": "0c6031",
    "r": "9Y-JMC",
    "it": "B738",
    "y": null,
    "m": null,
    "mo": "Boeing 737NG 8Q8/W",
    "o": null,
    "st": "L2J",
    "ml": false
  },
  "0c605e": {
    "i": "0c605e",
    "r": "9Y-CAL",
    "it": "B38M",
    "y": null,
    "m": null,
    "mo": "",
    "o": null,
    "st": "L2J",
    "ml": false
  },
  "0c8029": {
    "i": "0c8029",
    "r": "PZ-HVG",
    "it": "R44",
    "y": null,
    "m": null,
    "mo": "",
    "o": null,
    "st": "H1P",
    "ml": false
  },
  "0c200f": {
    "i": "0c200f",
    "r": "HP-1520CMP",
    "it": "B737",
    "y": null,
    "m": null,
    "mo": "Boeing 737NG 7V3/W",
    "o": null,
    "st": "L2J",
    "ml": false
  },
  "0c2057": {
    "i": "0c2057",
    "r": "HP-1910DAE",
    "it": "B752",
    "y": null,
    "m": null,
    "mo": "Boeing 757-27A",
    "o": null,
    "st": "L2J",
    "ml": false
  },
  "0c20be": {
    "i": "0c20be",
    "r": "HP-1852CMP",
    "it": "B738",
    "y": null,
    "m": null,
    "mo": "Boeing 737-8V3",
    "o": null,
    "st": "L2J",
    "ml": false
  },
  "0c20ff": {
    "i": "0c20ff",
    "r": "HP-1886AP",
    "it": "P28A",
    "y": null,
    "m": null,
    "mo": "",
    "o": null,
    "st": "L1P",
    "ml": false
  },
  "0c2113": {
    "i": "0c2113",
    "r": "HP-1737SX",
    "it": "C182",
    "y": null,
    "m": null,
    "mo": "",
    "o": null,
    "st": "L1P",
    "ml": false
  },
  "0c40c4": {
    "i": "0c40c4",
    "r": "HI976",
    "it": "SF34",
    "y": null,
    "m": null,
    "mo": "SAAB 340 B",
    "o": null,
    "st": "L2T",
    "ml": false
  },
  "0c4116": {
    "i": "0c4116",
    "r": "HI668",
    "it": "C172",
    "y": null,
    "m": null,
    "mo": "",
    "o": null,
    "st": "L1P",
    "ml": false
  },
  "0c4241": {
    "i": "0c4241",
    "r": "HI1024",
    "it": "E145",
    "y": null,
    "m": null,
    "mo": "Embraer ERJ-145",
    "o": null,
    "st": "L2J",
    "ml": false
  },
  "0c604b": {
    "i": "0c604b",
    "r": "9Y-TKD",
    "it": "A139",
    "y": null,
    "m": null,
    "mo": "AgustaWestland 139",
    "o": null,
    "st": "H2T",
    "ml": false
  },
  "0c0000": {
    "i": "0c0000",
    "r": "YN-CHX",
    "it": "C208",
    "y": null,
    "m": null,
    "mo": "Cessna 208-B",
    "o": null,
    "st": "L1T",
    "ml": false
  },
  "0c200a": {
    "i": "0c200a",
    "r": "HP-1376CMP",
    "it": "B737",
    "y": null,
    "m": null,
    "mo": "Boeing 737-7V3",
    "o": null,
    "st": "L2J",
    "ml": false
  },
  "0c2065": {
    "i": "0c2065",
    "r": "HP-1725CMP",
    "it": "B738",
    "y": null,
    "m": null,
    "mo": "Boeing 737-8V3",
    "o": null,
    "st": "L2J",
    "ml": false
  },
  "0c2077": {
    "i": "0c2077",
    "r": "HP-1824CMP",
    "it": "B738",
    "y": null,
    "m": null,
    "mo": "Boeing 737-86N",
    "o": null,
    "st": "L2J",
    "ml": false
  },
  "0c209b": {
    "i": "0c209b",
    "r": "HP-1793PST",
    "it": "F50",
    "y": null,
    "m": null,
    "mo": "Fokker F27/50",
    "o": null,
    "st": "L2T",
    "ml": false
  },
  "0c20b6": {
    "i": "0c20b6",
    "r": "HP-1846CMP",
    "it": "B738",
    "y": null,
    "m": null,
    "mo": "Boeing 737-8V3",
    "o": null,
    "st": "L2J",
    "ml": false
  },
  "0c2132": {
    "i": "0c2132",
    "r": "HP-1878SK",
    "it": "P28A",
    "y": null,
    "m": null,
    "mo": "",
    "o": null,
    "st": "L1P",
    "ml": false
  },
  "0c2147": {
    "i": "0c2147",
    "r": "HP-1952",
    "it": "DHC6",
    "y": null,
    "m": null,
    "mo": "",
    "o": null,
    "st": "L2T",
    "ml": false
  },
  "0c215a": {
    "i": "0c215a",
    "r": "AN-001",
    "it": "A139",
    "y": null,
    "m": null,
    "mo": "",
    "o": null,
    "st": "H2T",
    "ml": true
  },
  "0c216d": {
    "i": "0c216d",
    "r": "HP-9922CMP",
    "it": "B39M",
    "y": null,
    "m": null,
    "mo": "",
    "o": null,
    "st": "L2J",
    "ml": false
  },
  "0c2863": {
    "i": "0c2863",
    "r": "HP-12LP",
    "it": "EC30",
    "y": null,
    "m": null,
    "mo": "",
    "o": null,
    "st": "H1T",
    "ml": false
  },
  "0c4111": {
    "i": "0c4111",
    "r": "HI812",
    "it": "B06",
    "y": null,
    "m": null,
    "mo": "",
    "o": null,
    "st": "H1T",
    "ml": false
  },
  "0c411f": {
    "i": "0c411f",
    "r": "HI309",
    "it": "P28A",
    "y": null,
    "m": null,
    "mo": "",
    "o": null,
    "st": "L1P",
    "ml": false
  },
  "0c4148": {
    "i": "0c4148",
    "r": "HI987",
    "it": "R66",
    "y": null,
    "m": null,
    "mo": "",
    "o": null,
    "st": "H1T",
    "ml": false
  },
  "0c4357": {
    "i": "0c4357",
    "r": "HI1104",
    "it": "B38M",
    "y": null,
    "m": null,
    "mo": "",
    "o": null,
    "st": "L2J",
    "ml": false
  },
  "0c605d": {
    "i": "0c605d",
    "r": "9Y-BAH",
    "it": "B38M",
    "y": null,
    "m": null,
    "mo": "",
    "o": null,
    "st": "L2J",
    "ml": false
  },
  "0c2047": {
    "i": "0c2047",
    "r": "HP-1538CMP",
    "it": "B738",
    "y": null,
    "m": null,
    "mo": "Boeing 737-8V3",
    "o": null,
    "st": "L2J",
    "ml": false
  },
  "0c206b": {
    "i": "0c206b",
    "r": "HP-1729CMP",
    "it": "B738",
    "y": null,
    "m": null,
    "mo": "Boeing 737-8V3",
    "o": null,
    "st": "L2J",
    "ml": false
  },
  "0c20a5": {
    "i": "0c20a5",
    "r": "HP-1837CMP",
    "it": "B738",
    "y": null,
    "m": null,
    "mo": "Boeing 737-8V3",
    "o": null,
    "st": "L2J",
    "ml": false
  },
  "0c20ec": {
    "i": "0c20ec",
    "r": "HP-1907BL",
    "it": "P28A",
    "y": null,
    "m": null,
    "mo": "",
    "o": null,
    "st": "L1P",
    "ml": false
  },
  "0c213e": {
    "i": "0c213e",
    "r": "HP-1GS",
    "it": "BE58",
    "y": null,
    "m": null,
    "mo": "",
    "o": null,
    "st": "L2P",
    "ml": false
  },
  "0c2161": {
    "i": "0c2161",
    "r": "HP-9916CMP",
    "it": "B39M",
    "y": null,
    "m": null,
    "mo": "",
    "o": null,
    "st": "L2J",
    "ml": false
  },
  "0c2173": {
    "i": "0c2173",
    "r": "HP-125AAD",
    "it": "BE9L",
    "y": null,
    "m": null,
    "mo": "",
    "o": null,
    "st": "L2T",
    "ml": false
  },
  "0c218a": {
    "i": "0c218a",
    "r": "HP-9929CMP",
    "it": "B39M",
    "y": null,
    "m": null,
    "mo": "",
    "o": null,
    "st": "L2J",
    "ml": false
  },
  "0c218f": {
    "i": "0c218f",
    "r": "HP-1784BL",
    "it": "P28A",
    "y": null,
    "m": null,
    "mo": "",
    "o": null,
    "st": "L1P",
    "ml": false
  },
  "0c4466": {
    "i": "0c4466",
    "r": "HP-1805BL",
    "it": "PA31",
    "y": null,
    "m": null,
    "mo": "",
    "o": null,
    "st": "L2P",
    "ml": false
  },
  "0c603b": {
    "i": "0c603b",
    "r": "9Y-TTD",
    "it": "AT76",
    "y": null,
    "m": null,
    "mo": "Atr ATR 72-600",
    "o": null,
    "st": "L2T",
    "ml": false
  },
  "0c6046": {
    "i": "0c6046",
    "r": "9Y-ELL",
    "it": "A139",
    "y": null,
    "m": null,
    "mo": "AgustaWestland 139",
    "o": null,
    "st": "H2T",
    "ml": false
  },
  "0c605b": {
    "i": "0c605b",
    "r": "9Y-TTI",
    "it": "AT76",
    "y": null,
    "m": null,
    "mo": "Atr ATR 72-600",
    "o": null,
    "st": "L2T",
    "ml": false
  },
  "0c801b": {
    "i": "0c801b",
    "r": "PZ-TBY",
    "it": "DHC6",
    "y": null,
    "m": null,
    "mo": "",
    "o": null,
    "st": "L2T",
    "ml": false
  },
  "0c801f": {
    "i": "0c801f",
    "r": "PZ-TSH",
    "it": "DHC6",
    "y": null,
    "m": null,
    "mo": "",
    "o": null,
    "st": "L2T",
    "ml": false
  },
  "0c8021": {
    "i": "0c8021",
    "r": "PZ-HGC",
    "it": "R44",
    "y": null,
    "m": null,
    "mo": "",
    "o": null,
    "st": "H1P",
    "ml": false
  },
  "0ca2fc": {
    "i": "0ca2fc",
    "r": "V2-LIF",
    "it": "AT46",
    "y": null,
    "m": null,
    "mo": "Avions de Transport Regional ATR 42 600",
    "o": null,
    "st": "L2T",
    "ml": false
  },
  "0c2025": {
    "i": "0c2025",
    "r": "HP-1530CMP",
    "it": "B737",
    "y": null,
    "m": null,
    "mo": "Boeing 737NG 7V3/W",
    "o": null,
    "st": "L2J",
    "ml": false
  },
  "0c205c": {
    "i": "0c205c",
    "r": "HP-1717CMP",
    "it": "B738",
    "y": null,
    "m": null,
    "mo": "Boeing 737-8V3",
    "o": null,
    "st": "L2J",
    "ml": false
  },
  "0c2064": {
    "i": "0c2064",
    "r": "HP-1724CMP",
    "it": "B738",
    "y": null,
    "m": null,
    "mo": "Boeing 737-8V3",
    "o": null,
    "st": "L2J",
    "ml": false
  },
  "0c2074": {
    "i": "0c2074",
    "r": "HP-1822CMP",
    "it": "B738",
    "y": null,
    "m": null,
    "mo": "Boeing 737-8V3",
    "o": null,
    "st": "L2J",
    "ml": false
  },
  "0c2075": {
    "i": "0c2075",
    "r": "HP-1823CMP",
    "it": "B738",
    "y": null,
    "m": null,
    "mo": "Boeing 737NG 86N/W",
    "o": null,
    "st": "L2J",
    "ml": false
  },
  "0c20a4": {
    "i": "0c20a4",
    "r": "HP-1836CMP",
    "it": "B738",
    "y": null,
    "m": null,
    "mo": "Boeing 737-8V3",
    "o": null,
    "st": "L2J",
    "ml": false
  },
  "0c20de": {
    "i": "0c20de",
    "r": "HP-9903CMP",
    "it": "B39M",
    "y": null,
    "m": null,
    "mo": "",
    "o": null,
    "st": "L2J",
    "ml": false
  },
  "0c20df": {
    "i": "0c20df",
    "r": "HP-9904CMP",
    "it": "B39M",
    "y": null,
    "m": null,
    "mo": "Boeing 737MAX 9",
    "o": null,
    "st": "L2J",
    "ml": false
  },
  "0c2151": {
    "i": "0c2151",
    "r": "HP-1508PA",
    "it": "H500",
    "y": null,
    "m": null,
    "mo": "",
    "o": null,
    "st": "H1T",
    "ml": false
  },
  "0c2179": {
    "i": "0c2179",
    "r": "HP-9923CMP",
    "it": "B39M",
    "y": null,
    "m": null,
    "mo": "",
    "o": null,
    "st": "L2J",
    "ml": false
  },
  "0c2189": {
    "i": "0c2189",
    "r": "HP-9928CMP",
    "it": "B39M",
    "y": null,
    "m": null,
    "mo": "",
    "o": null,
    "st": "L2J",
    "ml": false
  },
  "0c4202": {
    "i": "0c4202",
    "r": "HI1017",
    "it": "B190",
    "y": null,
    "m": null,
    "mo": "Beech 1900 D",
    "o": null,
    "st": "L2T",
    "ml": false
  },
  "0c6032": {
    "i": "0c6032",
    "r": "9Y-JMF",
    "it": "B738",
    "y": null,
    "m": null,
    "mo": "Boeing 737-8Q8",
    "o": null,
    "st": "L2J",
    "ml": false
  },
  "0c0249": {
    "i": "0c0249",
    "r": "YN-CHU",
    "it": "C208",
    "y": null,
    "m": null,
    "mo": "Cessna 208-B",
    "o": null,
    "st": "L1T",
    "ml": false
  },
  "0c20ea": {
    "i": "0c20ea",
    "r": "AN-401",
    "it": "B350",
    "y": null,
    "m": null,
    "mo": "Textron Aviation King Air B350",
    "o": null,
    "st": "L2T",
    "ml": false
  },
  "0c20ef": {
    "i": "0c20ef",
    "r": "HP-2464",
    "it": "PA27",
    "y": null,
    "m": null,
    "mo": "Piper PA-23 Aztec 250F",
    "o": null,
    "st": "L2P",
    "ml": false
  },
  "0c2180": {
    "i": "0c2180",
    "r": "HP-126AAD",
    "it": "C208",
    "y": null,
    "m": null,
    "mo": "",
    "o": null,
    "st": "L1T",
    "ml": false
  },
  "0c4356": {
    "i": "0c4356",
    "r": "HI1103",
    "it": "B38M",
    "y": null,
    "m": null,
    "mo": "Boeing 737 MAX 8",
    "o": null,
    "st": "L2J",
    "ml": false
  },
  "0c8015": {
    "i": "0c8015",
    "r": "PZ-TBK",
    "it": "C208",
    "y": null,
    "m": null,
    "mo": "",
    "o": null,
    "st": "L1T",
    "ml": false
  },
  "0ca2f0": {
    "i": "0ca2f0",
    "r": "V2-LID",
    "it": "AT46",
    "y": null,
    "m": null,
    "mo": "Atr ATR 42-600",
    "o": null,
    "st": "L2T",
    "ml": false
  },
  "0c203b": {
    "i": "0c203b",
    "r": "HP-1535CMP",
    "it": "B738",
    "y": null,
    "m": null,
    "mo": "Boeing 737-8V3",
    "o": null,
    "st": "L2J",
    "ml": false
  },
  "0c2059": {
    "i": "0c2059",
    "r": "HP-1715CMP",
    "it": "B738",
    "y": null,
    "m": null,
    "mo": "Boeing 737-8V3",
    "o": null,
    "st": "L2J",
    "ml": false
  },
  "0c2094": {
    "i": "0c2094",
    "r": "HP-1833CMP",
    "it": "B738",
    "y": null,
    "m": null,
    "mo": "Boeing 737-8V3",
    "o": null,
    "st": "L2J",
    "ml": false
  },
  "0c20dd": {
    "i": "0c20dd",
    "r": "HP-9902CMP",
    "it": "B39M",
    "y": null,
    "m": null,
    "mo": "",
    "o": null,
    "st": "L2J",
    "ml": false
  },
  "0c20f9": {
    "i": "0c20f9",
    "r": "HP-1802",
    "it": "C208",
    "y": null,
    "m": null,
    "mo": "Cessna 208 EX",
    "o": null,
    "st": "L1T",
    "ml": false
  },
  "0c210b": {
    "i": "0c210b",
    "r": "HP-76JL",
    "it": "BN2P",
    "y": null,
    "m": null,
    "mo": "",
    "o": null,
    "st": "L2P",
    "ml": false
  },
  "0c211f": {
    "i": "0c211f",
    "r": "HP-1697RR",
    "it": "PA34",
    "y": null,
    "m": null,
    "mo": "",
    "o": null,
    "st": "L2P",
    "ml": false
  },
  "0c2136": {
    "i": "0c2136",
    "r": "HP-1874SX",
    "it": "C172",
    "y": null,
    "m": null,
    "mo": "",
    "o": null,
    "st": "L1P",
    "ml": false
  },
  "0c213a": {
    "i": "0c213a",
    "r": "HP-1700FT",
    "it": "C152",
    "y": null,
    "m": null,
    "mo": "",
    "o": null,
    "st": "L1P",
    "ml": false
  },
  "0c40c8": {
    "i": "0c40c8",
    "r": "HI1034",
    "it": "CRJ2",
    "y": null,
    "m": null,
    "mo": "Canadair Regional-Jet-200ER",
    "o": null,
    "st": "L2J",
    "ml": false
  },
  "0c4201": {
    "i": "0c4201",
    "r": "HI1007",
    "it": "B190",
    "y": null,
    "m": null,
    "mo": "Beech 1900 D",
    "o": null,
    "st": "L2T",
    "ml": false
  },
  "0c6014": {
    "i": "0c6014",
    "r": "9Y-POS",
    "it": "B738",
    "y": null,
    "m": null,
    "mo": "Boeing 737-8Q8",
    "o": null,
    "st": "L2J",
    "ml": false
  },
  "0c605a": {
    "i": "0c605a",
    "r": "9Y-TTH",
    "it": "AT76",
    "y": null,
    "m": null,
    "mo": "",
    "o": null,
    "st": "L2T",
    "ml": false
  },
  "0c0004": {
    "i": "0c0004",
    "r": "YN-CIU",
    "it": "B06",
    "y": null,
    "m": null,
    "mo": "",
    "o": null,
    "st": "H1T",
    "ml": false
  },
  "0c0492": {
    "i": "0c0492",
    "r": "YN-CHW",
    "it": "C208",
    "y": null,
    "m": null,
    "mo": "Cessna 208 B",
    "o": null,
    "st": "L1T",
    "ml": false
  },
  "0c2017": {
    "i": "0c2017",
    "r": "HP-1525CMP",
    "it": "B737",
    "y": null,
    "m": null,
    "mo": "Boeing 737-7V3",
    "o": null,
    "st": "L2J",
    "ml": false
  },
  "0c209c": {
    "i": "0c209c",
    "r": "HP-1794PST",
    "it": "F50",
    "y": null,
    "m": null,
    "mo": "Fokker F50",
    "o": null,
    "st": "L2T",
    "ml": false
  },
  "0c20e7": {
    "i": "0c20e7",
    "r": "HP-1550",
    "it": "BN2P",
    "y": null,
    "m": null,
    "mo": "Britten-Norman Islander BN-2B-20",
    "o": null,
    "st": "L2P",
    "ml": false
  },
  "0c2135": {
    "i": "0c2135",
    "r": "HP-12V",
    "it": "BE9L",
    "y": null,
    "m": null,
    "mo": "",
    "o": null,
    "st": "L2T",
    "ml": false
  },
  "0c2164": {
    "i": "0c2164",
    "r": "HP-1882",
    "it": "C182",
    "y": null,
    "m": null,
    "mo": "",
    "o": null,
    "st": "L1P",
    "ml": false
  },
  "0c2183": {
    "i": "0c2183",
    "r": "HP-1939UCG",
    "it": "B722",
    "y": null,
    "m": null,
    "mo": "",
    "o": null,
    "st": "L3J",
    "ml": false
  },
  "0c2188": {
    "i": "0c2188",
    "r": "HP-9927CMP",
    "it": "B39M",
    "y": null,
    "m": null,
    "mo": "",
    "o": null,
    "st": "L2J",
    "ml": false
  },
  "0c404e": {
    "i": "0c404e",
    "r": "3077",
    "it": "UH1",
    "y": null,
    "m": null,
    "mo": "",
    "o": null,
    "st": "H1T",
    "ml": true
  },
  "0c6016": {
    "i": "0c6016",
    "r": "9Y-TAB",
    "it": "B738",
    "y": null,
    "m": null,
    "mo": "Boeing 737-8Q8",
    "o": null,
    "st": "L2J",
    "ml": false
  },
  "0c8023": {
    "i": "0c8023",
    "r": "PZ-TCV",
    "it": "B738",
    "y": null,
    "m": null,
    "mo": "",
    "o": null,
    "st": "L2J",
    "ml": false
  },
  "0ca2c0": {
    "i": "0ca2c0",
    "r": "V2-LIB",
    "it": "AT76",
    "y": null,
    "m": null,
    "mo": "Atr ATR 72-600",
    "o": null,
    "st": "L2T",
    "ml": false
  },
  "0c200c": {
    "i": "0c200c",
    "r": "HP-1378CMP",
    "it": "B737",
    "y": null,
    "m": null,
    "mo": "Boeing 737NG 7V3/W",
    "o": null,
    "st": "L2J",
    "ml": false
  },
  "0c20cc": {
    "i": "0c20cc",
    "r": "HP-2110DAE",
    "it": "B752",
    "y": null,
    "m": null,
    "mo": "Boeing 757-26D",
    "o": null,
    "st": "L2J",
    "ml": false
  },
  "0c20d5": {
    "i": "0c20d5",
    "r": "HP-1856CMP",
    "it": "B738",
    "y": null,
    "m": null,
    "mo": "Boeing 737-800",
    "o": null,
    "st": "L2J",
    "ml": false
  },
  "0c20ed": {
    "i": "0c20ed",
    "r": "HP-3017HF",
    "it": "EC30",
    "y": null,
    "m": null,
    "mo": "",
    "o": null,
    "st": "H1T",
    "ml": false
  },
  "0c2144": {
    "i": "0c2144",
    "r": "HP-715",
    "it": "H25B",
    "y": null,
    "m": null,
    "mo": "",
    "o": null,
    "st": "L2J",
    "ml": false
  },
  "0c214a": {
    "i": "0c214a",
    "r": "HP-1674",
    "it": "C182",
    "y": null,
    "m": null,
    "mo": "",
    "o": null,
    "st": "L1P",
    "ml": false
  },
  "0c217a": {
    "i": "0c217a",
    "r": "HP-9924CMP",
    "it": "B39M",
    "y": null,
    "m": null,
    "mo": "",
    "o": null,
    "st": "L2J",
    "ml": false
  },
  "0c21a1": {
    "i": "0c21a1",
    "r": "HP-88",
    "it": "R44",
    "y": null,
    "m": null,
    "mo": "",
    "o": null,
    "st": "H1P",
    "ml": false
  },
  "0c40ca": {
    "i": "0c40ca",
    "r": "HI1058",
    "it": "CRJ2",
    "y": null,
    "m": null,
    "mo": "",
    "o": null,
    "st": "L2J",
    "ml": false
  },
  "0c4120": {
    "i": "0c4120",
    "r": "HI1021",
    "it": "AS55",
    "y": null,
    "m": null,
    "mo": "",
    "o": null,
    "st": "H2T",
    "ml": false
  },
  "0c4121": {
    "i": "0c4121",
    "r": "HI935",
    "it": "P28A",
    "y": null,
    "m": null,
    "mo": "",
    "o": null,
    "st": "L1P",
    "ml": false
  },
  "0c4303": {
    "i": "0c4303",
    "r": "HI1066",
    "it": "MD82",
    "y": null,
    "m": null,
    "mo": "",
    "o": null,
    "st": "L2J",
    "ml": false
  },
  "0c605f": {
    "i": "0c605f",
    "r": "9Y-ANT",
    "it": "B38M",
    "y": null,
    "m": null,
    "mo": "",
    "o": null,
    "st": "L2J",
    "ml": false
  },
  "0c8028": {
    "i": "0c8028",
    "r": "PZ-TLV",
    "it": "C206",
    "y": null,
    "m": null,
    "mo": "",
    "o": null,
    "st": "L1P",
    "ml": false
  },
  "0c802e": {
    "i": "0c802e",
    "r": "PZ-TCW",
    "it": "A343",
    "y": null,
    "m": null,
    "mo": "",
    "o": null,
    "st": "L4J",
    "ml": false
  },
  "0c2100": {
    "i": "0c2100",
    "r": "HP-1581AP",
    "it": "P28A",
    "y": null,
    "m": null,
    "mo": "",
    "o": null,
    "st": "L1P",
    "ml": false
  },
  "0c2111": {
    "i": "0c2111",
    "r": "HP-1944SX",
    "it": "C208",
    "y": null,
    "m": null,
    "mo": "",
    "o": null,
    "st": "L1T",
    "ml": false
  },
  "0c211e": {
    "i": "0c211e",
    "r": "HP-1819BL",
    "it": "P28A",
    "y": null,
    "m": null,
    "mo": "",
    "o": null,
    "st": "L1P",
    "ml": false
  },
  "0c214c": {
    "i": "0c214c",
    "r": "HP-123AAD",
    "it": "K100",
    "y": null,
    "m": null,
    "mo": "",
    "o": null,
    "st": "L1T",
    "ml": false
  },
  "0c215e": {
    "i": "0c215e",
    "r": "HP-743",
    "it": "C182",
    "y": null,
    "m": null,
    "mo": "",
    "o": null,
    "st": "L1P",
    "ml": false
  },
  "0c410e": {
    "i": "0c410e",
    "r": "HI800",
    "it": "PA34",
    "y": null,
    "m": null,
    "mo": "",
    "o": null,
    "st": "L2P",
    "ml": false
  },
  "0c4304": {
    "i": "0c4304",
    "r": "HI069",
    "it": "MD82",
    "y": null,
    "m": null,
    "mo": "",
    "o": null,
    "st": "L2J",
    "ml": false
  },
  "0c434a": {
    "i": "0c434a",
    "r": "HI1089",
    "it": "B737",
    "y": null,
    "m": null,
    "mo": "",
    "o": null,
    "st": "L2J",
    "ml": false
  },
  "0c801e": {
    "i": "0c801e",
    "r": "PZ-TSB",
    "it": "C208",
    "y": null,
    "m": null,
    "mo": "",
    "o": null,
    "st": "L1T",
    "ml": false
  },
  "0ca1ff": {
    "i": "0ca1ff",
    "r": "V2-LIM",
    "it": "AT46",
    "y": null,
    "m": null,
    "mo": "Atr ATR 42-600",
    "o": null,
    "st": "L2T",
    "ml": false
  },
  "0c20ab": {
    "i": "0c20ab",
    "r": "HP-1841CMP",
    "it": "B738",
    "y": null,
    "m": null,
    "mo": "Boeing 737-8V3",
    "o": null,
    "st": "L2J",
    "ml": false
  },
  "0c20e9": {
    "i": "0c20e9",
    "r": "HP-1883AP",
    "it": "P28A",
    "y": null,
    "m": null,
    "mo": "",
    "o": null,
    "st": "L1P",
    "ml": false
  },
  "0c21a2": {
    "i": "0c21a2",
    "r": "HP-1861",
    "it": "P28A",
    "y": null,
    "m": null,
    "mo": "",
    "o": null,
    "st": "L1P",
    "ml": false
  },
  "0c4049": {
    "i": "0c4049",
    "r": "3076",
    "it": "UH1",
    "y": null,
    "m": null,
    "mo": "",
    "o": null,
    "st": "H1T",
    "ml": true
  },
  "0c4184": {
    "i": "0c4184",
    "r": "HI1078",
    "it": "B38M",
    "y": null,
    "m": null,
    "mo": "",
    "o": null,
    "st": "L2J",
    "ml": false
  },
  "0c20cf": {
    "i": "0c20cf",
    "r": "HP-1855CMP",
    "it": "B738",
    "y": null,
    "m": null,
    "mo": "Boeing 737-800",
    "o": null,
    "st": "L2J",
    "ml": false
  },
  "0c217c": {
    "i": "0c217c",
    "r": "HP-9926CMP",
    "it": "B39M",
    "y": null,
    "m": null,
    "mo": "",
    "o": null,
    "st": "L2J",
    "ml": false
  },
  "0c217e": {
    "i": "0c217e",
    "r": "AN-139",
    "it": "A139",
    "y": null,
    "m": null,
    "mo": "",
    "o": null,
    "st": "H2T",
    "ml": true
  },
  "0c40c5": {
    "i": "0c40c5",
    "r": "HI840",
    "it": "JS32",
    "y": null,
    "m": null,
    "mo": "British Aerospace Jetstream 3101EP",
    "o": null,
    "st": "L2T",
    "ml": false
  },
  "0c4186": {
    "i": "0c4186",
    "r": "HI1082",
    "it": "B38M",
    "y": null,
    "m": null,
    "mo": "",
    "o": null,
    "st": "L2J",
    "ml": false
  },
  "0c6063": {
    "i": "0c6063",
    "r": "9Y-GRN",
    "it": "B38M",
    "y": null,
    "m": null,
    "mo": "",
    "o": null,
    "st": "L2J",
    "ml": false
  },
  "0ca207": {
    "i": "0ca207",
    "r": "V2-CHC",
    "it": "EC30",
    "y": null,
    "m": null,
    "mo": "",
    "o": null,
    "st": "H1T",
    "ml": false
  },
  "0c2018": {
    "i": "0c2018",
    "r": "HP-1526CMP",
    "it": "B738",
    "y": null,
    "m": null,
    "mo": "Boeing 737-8V3",
    "o": null,
    "st": "L2J",
    "ml": false
  },
  "0c2095": {
    "i": "0c2095",
    "r": "HP-1834CMP",
    "it": "B738",
    "y": null,
    "m": null,
    "mo": "Boeing 737-8V3",
    "o": null,
    "st": "L2J",
    "ml": false
  },
  "0c20a7": {
    "i": "0c20a7",
    "r": "HP-1839CMP",
    "it": "B738",
    "y": null,
    "m": null,
    "mo": "Boeing 737-8V3",
    "o": null,
    "st": "L2J",
    "ml": false
  },
  "0c20b9": {
    "i": "0c20b9",
    "r": "HP-1847CMP",
    "it": "B738",
    "y": null,
    "m": null,
    "mo": "Boeing 737-8V3",
    "o": null,
    "st": "L2J",
    "ml": false
  },
  "0c20d6": {
    "i": "0c20d6",
    "r": "HP-1857CMP",
    "it": "B738",
    "y": null,
    "m": null,
    "mo": "Boeing 737-800",
    "o": null,
    "st": "L2J",
    "ml": false
  },
  "0c20e6": {
    "i": "0c20e6",
    "r": "HP-1884AP",
    "it": "P28A",
    "y": null,
    "m": null,
    "mo": "",
    "o": null,
    "st": "L1P",
    "ml": false
  },
  "0c215d": {
    "i": "0c215d",
    "r": "HP-4500",
    "it": "K100",
    "y": null,
    "m": null,
    "mo": "",
    "o": null,
    "st": "L1T",
    "ml": false
  },
  "0c2168": {
    "i": "0c2168",
    "r": "HP-9920CMP",
    "it": "B39M",
    "y": null,
    "m": null,
    "mo": "",
    "o": null,
    "st": "L2J",
    "ml": false
  },
  "0c2195": {
    "i": "0c2195",
    "r": "HP-3710DAE",
    "it": "B763",
    "y": null,
    "m": null,
    "mo": "Boeing 767-316",
    "o": null,
    "st": "L2J",
    "ml": false
  },
  "0c40c9": {
    "i": "0c40c9",
    "r": "HI860",
    "it": "JS32",
    "y": null,
    "m": null,
    "mo": "",
    "o": null,
    "st": "L2T",
    "ml": false
  },
  "0c6017": {
    "i": "0c6017",
    "r": "9Y-KIN",
    "it": "B738",
    "y": null,
    "m": null,
    "mo": "Boeing 737-8Q8",
    "o": null,
    "st": "L2J",
    "ml": false
  },
  "0c802b": {
    "i": "0c802b",
    "r": "PZ-TVU",
    "it": "T206",
    "y": null,
    "m": null,
    "mo": "",
    "o": null,
    "st": "L1P",
    "ml": false
  },
  "0c200b": {
    "i": "0c200b",
    "r": "HP-1377CMP",
    "it": "B737",
    "y": null,
    "m": null,
    "mo": "Boeing 737-7V3",
    "o": null,
    "st": "L2J",
    "ml": false
  },
  "0c210e": {
    "i": "0c210e",
    "r": "HP-9913CMP",
    "it": "B39M",
    "y": null,
    "m": null,
    "mo": "Boeing 737MAX 9",
    "o": null,
    "st": "L2J",
    "ml": false
  },
  "0c218b": {
    "i": "0c218b",
    "r": "HP-9930CMP",
    "it": "B39M",
    "y": null,
    "m": null,
    "mo": "",
    "o": null,
    "st": "L2J",
    "ml": false
  },
  "0c405a": {
    "i": "0c405a",
    "r": "FAD-3078",
    "it": "A169",
    "y": null,
    "m": null,
    "mo": "",
    "o": null,
    "st": "H2T",
    "ml": true
  },
  "0c410f": {
    "i": "0c410f",
    "r": "HI1018",
    "it": "AA5",
    "y": null,
    "m": null,
    "mo": "",
    "o": null,
    "st": "L1P",
    "ml": false
  },
  "0c434b": {
    "i": "0c434b",
    "r": "HI1090",
    "it": "E190",
    "y": null,
    "m": null,
    "mo": "ERJ 190-100 IGW",
    "o": null,
    "st": "L2J",
    "ml": false
  },
  "0c6059": {
    "i": "0c6059",
    "r": "9Y-TTG",
    "it": "AT76",
    "y": null,
    "m": null,
    "mo": "",
    "o": null,
    "st": "L2T",
    "ml": false
  },
  "0ca008": {
    "i": "0ca008",
    "r": "V2-CHB",
    "it": "EC30",
    "y": null,
    "m": null,
    "mo": "",
    "o": null,
    "st": "H1T",
    "ml": false
  },
  "0c2176": {
    "i": "0c2176",
    "r": "HP-1927AE",
    "it": "C208",
    "y": null,
    "m": null,
    "mo": "208B",
    "o": null,
    "st": "L1T",
    "ml": false
  },
  "0c217b": {
    "i": "0c217b",
    "r": "HP-9925CMP",
    "it": "B39M",
    "y": null,
    "m": null,
    "mo": "",
    "o": null,
    "st": "L2J",
    "ml": false
  },
  "0c4050": {
    "i": "0c4050",
    "r": "ERD2001",
    "it": "B06",
    "y": null,
    "m": null,
    "mo": "",
    "o": null,
    "st": "H1T",
    "ml": true
  },
  "0c800c": {
    "i": "0c800c",
    "r": "PZ-TFA",
    "it": "F70",
    "y": null,
    "m": null,
    "mo": "Fokker F28 to 100",
    "o": null,
    "st": "L2J",
    "ml": false
  },
  "0c2009": {
    "i": "0c2009",
    "r": "HP-1375CMP",
    "it": "B737",
    "y": null,
    "m": null,
    "mo": "Boeing 737-7V3",
    "o": null,
    "st": "L2J",
    "ml": false
  },
  "0c2137": {
    "i": "0c2137",
    "r": "HP-3500",
    "it": "AS50",
    "y": null,
    "m": null,
    "mo": "",
    "o": null,
    "st": "H1T",
    "ml": false
  },
  "0c214d": {
    "i": "0c214d",
    "r": "HP-124AAD",
    "it": "K100",
    "y": null,
    "m": null,
    "mo": "",
    "o": null,
    "st": "L1T",
    "ml": false
  },
  "0c2157": {
    "i": "0c2157",
    "r": "HP-1885AP",
    "it": "P28A",
    "y": null,
    "m": null,
    "mo": "",
    "o": null,
    "st": "L1P",
    "ml": false
  },
  "0c2171": {
    "i": "0c2171",
    "r": "HP-512CP",
    "it": "C206",
    "y": null,
    "m": null,
    "mo": "",
    "o": null,
    "st": "L1P",
    "ml": false
  },
  "0c2197": {
    "i": "0c2197",
    "r": "HP-27",
    "it": "BE40",
    "y": null,
    "m": null,
    "mo": "",
    "o": null,
    "st": "L2J",
    "ml": false
  },
  "0c411d": {
    "i": "0c411d",
    "r": "HI369",
    "it": "C82R",
    "y": null,
    "m": null,
    "mo": "",
    "o": null,
    "st": "L1P",
    "ml": false
  },
  "0c4349": {
    "i": "0c4349",
    "r": "HI1074",
    "it": "E190",
    "y": null,
    "m": null,
    "mo": "ERJ 190-100 IGW",
    "o": null,
    "st": "L2J",
    "ml": false
  },
  "0c6036": {
    "i": "0c6036",
    "r": "9Y-TTA",
    "it": "AT76",
    "y": null,
    "m": null,
    "mo": "Atr ATR 72-600",
    "o": null,
    "st": "L2T",
    "ml": false
  },
  "0c6039": {
    "i": "0c6039",
    "r": "9Y-TTB",
    "it": "AT76",
    "y": null,
    "m": null,
    "mo": "Atr ATR 72-600",
    "o": null,
    "st": "L2T",
    "ml": false
  },
  "0c208e": {
    "i": "0c208e",
    "r": "HP-1831CMP",
    "it": "B738",
    "y": null,
    "m": null,
    "mo": "Boeing 737NG 8V3/W",
    "o": null,
    "st": "L2J",
    "ml": false
  },
  "0c20c4": {
    "i": "0c20c4",
    "r": "HP-1904SX",
    "it": "EC30",
    "y": null,
    "m": null,
    "mo": "",
    "o": null,
    "st": "H1T",
    "ml": false
  },
  "0c2156": {
    "i": "0c2156",
    "r": "HP-15GS",
    "it": "BE58",
    "y": null,
    "m": null,
    "mo": "",
    "o": null,
    "st": "L2P",
    "ml": false
  },
  "0c2178": {
    "i": "0c2178",
    "r": "AN-402",
    "it": "BE20",
    "y": null,
    "m": null,
    "mo": "B200GT",
    "o": null,
    "st": "L2T",
    "ml": true
  },
  "0c2187": {
    "i": "0c2187",
    "r": "HP-5DMB",
    "it": "BE20",
    "y": null,
    "m": null,
    "mo": "",
    "o": null,
    "st": "L2T",
    "ml": false
  },
  "0c4142": {
    "i": "0c4142",
    "r": "HI925",
    "it": "C55B",
    "y": null,
    "m": null,
    "mo": "Cessna Citation Bravo",
    "o": null,
    "st": "L2J",
    "ml": false
  },
  "0c4166": {
    "i": "0c4166",
    "r": "HI975",
    "it": "B407",
    "y": null,
    "m": null,
    "mo": "",
    "o": null,
    "st": "H1T",
    "ml": false
  },
  "0c4302": {
    "i": "0c4302",
    "r": "HI1064",
    "it": "MD82",
    "y": null,
    "m": null,
    "mo": "",
    "o": null,
    "st": "L2J",
    "ml": false
  },
  "0c6049": {
    "i": "0c6049",
    "r": "9Y-TKB",
    "it": "A139",
    "y": null,
    "m": null,
    "mo": "AgustaWestland AW.139",
    "o": null,
    "st": "H2T",
    "ml": false
  },
  "0c8031": {
    "i": "0c8031",
    "r": "PZ-TCX",
    "it": "B738",
    "y": null,
    "m": null,
    "mo": "",
    "o": null,
    "st": "L2J",
    "ml": false
  },
  "0c202c": {
    "i": "0c202c",
    "r": "HP-1533CMP",
    "it": "B738",
    "y": null,
    "m": null,
    "mo": "Boeing 737-8V3",
    "o": null,
    "st": "L2J",
    "ml": false
  },
  "0c2084": {
    "i": "0c2084",
    "r": "HP-1828CMP",
    "it": "B738",
    "y": null,
    "m": null,
    "mo": "Boeing 737-8V3",
    "o": null,
    "st": "L2J",
    "ml": false
  },
  "0c208c": {
    "i": "0c208c",
    "r": "HP-1829CMP",
    "it": "B738",
    "y": null,
    "m": null,
    "mo": "Boeing 737-8V3",
    "o": null,
    "st": "L2J",
    "ml": false
  },
  "0c20a8": {
    "i": "0c20a8",
    "r": "HP-1840CMP",
    "it": "B738",
    "y": null,
    "m": null,
    "mo": "Boeing 737-8V3",
    "o": null,
    "st": "L2J",
    "ml": false
  },
  "0c20ba": {
    "i": "0c20ba",
    "r": "HP-1848CMP",
    "it": "B738",
    "y": null,
    "m": null,
    "mo": "Boeing 737-8V3",
    "o": null,
    "st": "L2J",
    "ml": false
  },
  "0c21a5": {
    "i": "0c21a5",
    "r": "HP-9803CMP",
    "it": "B38M",
    "y": null,
    "m": null,
    "mo": "",
    "o": null,
    "st": "L2J",
    "ml": false
  },
  "0c40c2": {
    "i": "0c40c2",
    "r": "HI956",
    "it": "JS32",
    "y": null,
    "m": null,
    "mo": "",
    "o": null,
    "st": "L2T",
    "ml": false
  },
  "0c4185": {
    "i": "0c4185",
    "r": "HI1081",
    "it": "B38M",
    "y": null,
    "m": null,
    "mo": "",
    "o": null,
    "st": "L2J",
    "ml": false
  },
  "0c603a": {
    "i": "0c603a",
    "r": "9Y-TTC",
    "it": "AT76",
    "y": null,
    "m": null,
    "mo": "Atr ATR 72-600",
    "o": null,
    "st": "L2T",
    "ml": false
  },
  "0c6057": {
    "i": "0c6057",
    "r": "9Y-PHD",
    "it": "A139",
    "y": null,
    "m": null,
    "mo": "",
    "o": null,
    "st": "H2T",
    "ml": false
  },
  "0c2011": {
    "i": "0c2011",
    "r": "HP-1522CMP",
    "it": "B738",
    "y": null,
    "m": null,
    "mo": "Boeing 737NG 8V3/W",
    "o": null,
    "st": "L2J",
    "ml": false
  },
  "0c2012": {
    "i": "0c2012",
    "r": "HP-1523CMP",
    "it": "B738",
    "y": null,
    "m": null,
    "mo": "Boeing 737-8V3",
    "o": null,
    "st": "L2J",
    "ml": false
  },
  "0c2026": {
    "i": "0c2026",
    "r": "HP-1531CMP",
    "it": "B737",
    "y": null,
    "m": null,
    "mo": "Boeing 737NG 7V3/W",
    "o": null,
    "st": "L2J",
    "ml": false
  },
  "0c202b": {
    "i": "0c202b",
    "r": "HP-1532CMP",
    "it": "B738",
    "y": null,
    "m": null,
    "mo": "Boeing 737-8V3",
    "o": null,
    "st": "L2J",
    "ml": false
  },
  "0c2046": {
    "i": "0c2046",
    "r": "HP-1537CMP",
    "it": "B738",
    "y": null,
    "m": null,
    "mo": "Boeing 737-8V3",
    "o": null,
    "st": "L2J",
    "ml": false
  },
  "0c2050": {
    "i": "0c2050",
    "r": "HP-1712CMP",
    "it": "B738",
    "y": null,
    "m": null,
    "mo": "Boeing 737-8V3",
    "o": null,
    "st": "L2J",
    "ml": false
  },
  "0c2061": {
    "i": "0c2061",
    "r": "HP-1722CMP",
    "it": "B738",
    "y": null,
    "m": null,
    "mo": "Boeing 737-8V3",
    "o": null,
    "st": "L2J",
    "ml": false
  },
  "0c20ad": {
    "i": "0c20ad",
    "r": "HP-1843CMP",
    "it": "B738",
    "y": null,
    "m": null,
    "mo": "Boeing 737-8V3",
    "o": null,
    "st": "L2J",
    "ml": false
  },
  "0c20b4": {
    "i": "0c20b4",
    "r": "HP-1844CMP",
    "it": "B738",
    "y": null,
    "m": null,
    "mo": "Boeing 737-8V3",
    "o": null,
    "st": "L2J",
    "ml": false
  },
  "0c20b5": {
    "i": "0c20b5",
    "r": "HP-1845CMP",
    "it": "B738",
    "y": null,
    "m": null,
    "mo": "Boeing 737-8V3",
    "o": null,
    "st": "L2J",
    "ml": false
  },
  "0c20e0": {
    "i": "0c20e0",
    "r": "HP-9905CMP",
    "it": "B39M",
    "y": null,
    "m": null,
    "mo": "Boeing 737MAX 9",
    "o": null,
    "st": "L2J",
    "ml": false
  },
  "0c213f": {
    "i": "0c213f",
    "r": "HP-9999",
    "it": "EC20",
    "y": null,
    "m": null,
    "mo": "",
    "o": null,
    "st": "H1T",
    "ml": false
  },
  "0c2154": {
    "i": "0c2154",
    "r": "HP-11BL",
    "it": "B06",
    "y": null,
    "m": null,
    "mo": "",
    "o": null,
    "st": "H1T",
    "ml": false
  },
  "0c4161": {
    "i": "0c4161",
    "r": "HI924",
    "it": "B212",
    "y": null,
    "m": null,
    "mo": "",
    "o": null,
    "st": "H2T",
    "ml": false
  },
  "0c4242": {
    "i": "0c4242",
    "r": "HI967",
    "it": "C501",
    "y": null,
    "m": null,
    "mo": "",
    "o": null,
    "st": "L2J",
    "ml": false
  },
  "0c5789": {
    "i": "0c5789",
    "r": "HP-1961RJ",
    "it": "B407",
    "y": null,
    "m": null,
    "mo": "407",
    "o": null,
    "st": "H1T",
    "ml": false
  },
  "0c204e": {
    "i": "0c204e",
    "r": "HP-1A",
    "it": "E35L",
    "y": null,
    "m": null,
    "mo": "",
    "o": null,
    "st": "L2J",
    "ml": true
  },
  "0c2052": {
    "i": "0c2052",
    "r": "HP-1714CMP",
    "it": "B738",
    "y": null,
    "m": null,
    "mo": "Boeing 737-8V3",
    "o": null,
    "st": "L2J",
    "ml": false
  },
  "0c209f": {
    "i": "0c209f",
    "r": "HP-1797",
    "it": "C501",
    "y": null,
    "m": null,
    "mo": "Cessna 500/501",
    "o": null,
    "st": "L2J",
    "ml": false
  },
  "0c20d0": {
    "i": "0c20d0",
    "r": "AN-261",
    "it": "DHC6",
    "y": null,
    "m": null,
    "mo": "",
    "o": null,
    "st": "L2T",
    "ml": true
  },
  "0c20e3": {
    "i": "0c20e3",
    "r": "HP-2771",
    "it": "BE55",
    "y": null,
    "m": null,
    "mo": "Beech Baron A55",
    "o": null,
    "st": "L2P",
    "ml": false
  },
  "0c20f1": {
    "i": "0c20f1",
    "r": "HP-1766FT",
    "it": "C172",
    "y": null,
    "m": null,
    "mo": "",
    "o": null,
    "st": "L1P",
    "ml": false
  },
  "0c20f4": {
    "i": "0c20f4",
    "r": "HP-9907CMP",
    "it": "B39M",
    "y": null,
    "m": null,
    "mo": "Boeing 737MAX 9",
    "o": null,
    "st": "L2J",
    "ml": false
  },
  "0c218c": {
    "i": "0c218c",
    "r": "HP-9931CMP",
    "it": "B39M",
    "y": null,
    "m": null,
    "mo": "",
    "o": null,
    "st": "L2J",
    "ml": false
  },
  "0c404c": {
    "i": "0c404c",
    "r": "3074",
    "it": "UH1",
    "y": null,
    "m": null,
    "mo": "",
    "o": null,
    "st": "H1T",
    "ml": true
  },
  "0c6061": {
    "i": "0c6061",
    "r": "9Y-TTO",
    "it": "B38M",
    "y": null,
    "m": null,
    "mo": "",
    "o": null,
    "st": "L2J",
    "ml": false
  },
  "0ca2f8": {
    "i": "0ca2f8",
    "r": "V2-LIH",
    "it": "AT76",
    "y": null,
    "m": null,
    "mo": "Atr ATR 72-600",
    "o": null,
    "st": "L2T",
    "ml": false
  },
  "0c2010": {
    "i": "0c2010",
    "r": "HP-1521CMP",
    "it": "B737",
    "y": null,
    "m": null,
    "mo": "Boeing 737-7V3",
    "o": null,
    "st": "L2J",
    "ml": false
  },
  "0c203d": {
    "i": "0c203d",
    "r": "HP-1568CMP",
    "it": "E190",
    "y": null,
    "m": null,
    "mo": "Embraer Emb-190-100IGW",
    "o": null,
    "st": "L2J",
    "ml": false
  },
  "0c204f": {
    "i": "0c204f",
    "r": "HP-1711CMP",
    "it": "B738",
    "y": null,
    "m": null,
    "mo": "Boeing 737-8V3",
    "o": null,
    "st": "L2J",
    "ml": false
  },
  "0c20c9": {
    "i": "0c20c9",
    "r": "HP-1853CMP",
    "it": "B738",
    "y": null,
    "m": null,
    "mo": "Boeing 737-8V3",
    "o": null,
    "st": "L2J",
    "ml": false
  },
  "0c20e4": {
    "i": "0c20e4",
    "r": "HP-1786FT",
    "it": "C172",
    "y": null,
    "m": null,
    "mo": "",
    "o": null,
    "st": "L1P",
    "ml": false
  },
  "0c2104": {
    "i": "0c2104",
    "r": "HP-1459",
    "it": "R44",
    "y": null,
    "m": null,
    "mo": "",
    "o": null,
    "st": "H1P",
    "ml": false
  },
  "0c2166": {
    "i": "0c2166",
    "r": "HP-9918CMP",
    "it": "B39M",
    "y": null,
    "m": null,
    "mo": "",
    "o": null,
    "st": "L2J",
    "ml": false
  },
  "0c2186": {
    "i": "0c2186",
    "r": "HP-1891PST",
    "it": "F50",
    "y": null,
    "m": null,
    "mo": "Fokker F27/50",
    "o": null,
    "st": "L2T",
    "ml": false
  },
  "0c4109": {
    "i": "0c4109",
    "r": "HI397",
    "it": "B06",
    "y": null,
    "m": null,
    "mo": "Bell 206L Long Ranger II",
    "o": null,
    "st": "H1T",
    "ml": false
  },
  "0c4113": {
    "i": "0c4113",
    "r": "HI701",
    "it": "BE20",
    "y": null,
    "m": null,
    "mo": "Beech King Air 200",
    "o": null,
    "st": "L2T",
    "ml": false
  },
  "0c4301": {
    "i": "0c4301",
    "r": "HI1041",
    "it": "MD81",
    "y": null,
    "m": null,
    "mo": "",
    "o": null,
    "st": "L2J",
    "ml": false
  },
  "0c604a": {
    "i": "0c604a",
    "r": "9Y-TKC",
    "it": "A139",
    "y": null,
    "m": null,
    "mo": "AgustaWestland 139",
    "o": null,
    "st": "H2T",
    "ml": false
  },
  "0c8020": {
    "i": "0c8020",
    "r": "PZ-VAS",
    "it": "C172",
    "y": null,
    "m": null,
    "mo": "",
    "o": null,
    "st": "L1P",
    "ml": false
  },
  "0c4141": {
    "i": "0c4141",
    "r": "HI915",
    "it": "C55B",
    "y": null,
    "m": null,
    "mo": "Cessna 550/551",
    "o": null,
    "st": "L2J",
    "ml": false
  },
  "0c4156": {
    "i": "0c4156",
    "r": "HI1060",
    "it": "C25A",
    "y": null,
    "m": null,
    "mo": "",
    "o": null,
    "st": "L2J",
    "ml": false
  },
  "0c4146": {
    "i": "0c4146",
    "r": "HI985",
    "it": "C680",
    "y": null,
    "m": null,
    "mo": "Cessna 680",
    "o": null,
    "st": "L2J",
    "ml": false
  },
  "0c4157": {
    "i": "0c4157",
    "r": "HI1065",
    "it": "C680",
    "y": null,
    "m": null,
    "mo": "",
    "o": null,
    "st": "L2J",
    "ml": false
  },
  "0c414c": {
    "i": "0c414c",
    "r": "HI1010",
    "it": "C750",
    "y": null,
    "m": null,
    "mo": "Cessna Citation X",
    "o": null,
    "st": "L2J",
    "ml": false
  },
  "0c414f": {
    "i": "0c414f",
    "r": "HI1025",
    "it": "GLF4",
    "y": null,
    "m": null,
    "mo": "Gulfstream 4",
    "o": null,
    "st": "L2J",
    "ml": false
  },
  "0c4153": {
    "i": "0c4153",
    "r": "HI1045",
    "it": "C25B",
    "y": null,
    "m": null,
    "mo": "",
    "o": null,
    "st": "L2J",
    "ml": false
  },
  "0c4155": {
    "i": "0c4155",
    "r": "HI1055",
    "it": "GLF4",
    "y": null,
    "m": null,
    "mo": "",
    "o": null,
    "st": "L2J",
    "ml": false
  },
  "0c414b": {
    "i": "0c414b",
    "r": "HI1005",
    "it": "C25A",
    "y": null,
    "m": null,
    "mo": "Cessna 525",
    "o": null,
    "st": "L2J",
    "ml": false
  },
  "0c4165": {
    "i": "0c4165",
    "r": "HI948",
    "it": "B407",
    "y": null,
    "m": null,
    "mo": "",
    "o": null,
    "st": "H1T",
    "ml": false
  },
  "0c414a": {
    "i": "0c414a",
    "r": "HI1001",
    "it": "C750",
    "y": null,
    "m": null,
    "mo": "Cessna 750",
    "o": null,
    "st": "L2J",
    "ml": false
  },
  "0c4145": {
    "i": "0c4145",
    "r": "HI949",
    "it": "C510",
    "y": null,
    "m": null,
    "mo": "",
    "o": null,
    "st": "L2J",
    "ml": false
  },
  "0c4144": {
    "i": "0c4144",
    "r": "HI955",
    "it": "C56X",
    "y": null,
    "m": null,
    "mo": "Cessna 560XL",
    "o": null,
    "st": "L2J",
    "ml": false
  },
  "0c4152": {
    "i": "0c4152",
    "r": "HI1040",
    "it": "GLF4",
    "y": null,
    "m": null,
    "mo": "",
    "o": null,
    "st": "L2J",
    "ml": false
  },
  "0c4154": {
    "i": "0c4154",
    "r": "HI1050",
    "it": "GLF4",
    "y": null,
    "m": null,
    "mo": "",
    "o": null,
    "st": "L2J",
    "ml": false
  },
  "0c21b0": {
    "i": "0c21b0",
    "r": "HP-17BLM",
    "it": "JS31",
    "y": null,
    "m": "BRITISH AEROSPACE",
    "mo": "Jetstream T.Mk.3",
    "o": null,
    "st": "L2T",
    "ml": false
  },
  "0c0006": {
    "i": "0c0006",
    "r": "YN-CHV",
    "it": "C208",
    "y": null,
    "m": "CESSNA",
    "mo": "208 Caravan",
    "o": null,
    "st": "L1T",
    "ml": false
  },
  "0c4355": {
    "i": "0c4355",
    "r": "HI1101",
    "it": "B38M",
    "y": null,
    "m": "BOEING",
    "mo": "737 MAX 8",
    "o": null,
    "st": "L2J",
    "ml": false
  },
  "0c219d": {
    "i": "0c219d",
    "r": "HP-1938UCG",
    "it": "B733",
    "y": null,
    "m": "BOEING",
    "mo": "737-300",
    "o": null,
    "st": "L2J",
    "ml": false
  },
  "0c434e": {
    "i": "0c434e",
    "r": "HI1094",
    "it": "C206",
    "y": null,
    "m": "CESSNA",
    "mo": "206 Stationair",
    "o": null,
    "st": "L1P",
    "ml": false
  },
  "0c218d": {
    "i": "0c218d",
    "r": "HP-9932CMP",
    "it": "B39M",
    "y": null,
    "m": "BOEING",
    "mo": "737 MAX 9",
    "o": null,
    "st": "L2J",
    "ml": false
  },
  "0c219f": {
    "i": "0c219f",
    "r": "HP-3810DAE",
    "it": "B763",
    "y": null,
    "m": "BOEING",
    "mo": "767-300",
    "o": null,
    "st": "L2J",
    "ml": false
  },
  "0c4383": {
    "i": "0c4383",
    "r": "HI1087",
    "it": "E75S",
    "y": null,
    "m": "EMBRAER",
    "mo": "ERJ-170-200 (short wing)",
    "o": null,
    "st": "L2J",
    "ml": false
  },
  "0c2192": {
    "i": "0c2192",
    "r": "HP-24",
    "it": "R66",
    "y": null,
    "m": "ROBINSON",
    "mo": "R-66",
    "o": null,
    "st": "H1T",
    "ml": false
  },
  "0c217f": {
    "i": "0c217f",
    "r": "AN-142",
    "it": "A139",
    "y": null,
    "m": "AGUSTA",
    "mo": "AW-139",
    "o": null,
    "st": "H2T",
    "ml": true
  },
  "0c21ab": {
    "i": "0c21ab",
    "r": "HP-4DMB",
    "it": "BE9T",
    "y": null,
    "m": "BEECH",
    "mo": "90 King Air",
    "o": null,
    "st": "L2T",
    "ml": false
  },
  "0c4382": {
    "i": "0c4382",
    "r": "HI1088",
    "it": "E75S",
    "y": null,
    "m": "EMBRAER",
    "mo": "ERJ-170-200 (short wing)",
    "o": null,
    "st": "L2J",
    "ml": false
  },
  "0c21ae": {
    "i": "0c21ae",
    "r": "HP-2310DAE",
    "it": "B752",
    "y": null,
    "m": "BOEING",
    "mo": "757-200",
    "o": null,
    "st": "L2J",
    "ml": false
  },
  "0c21bc": {
    "i": "0c21bc",
    "r": "HP-6SX",
    "it": "K100",
    "y": null,
    "m": "DAHER",
    "mo": "Kodiak 100",
    "o": null,
    "st": "L1T",
    "ml": false
  },
  "0c405b": {
    "i": "0c405b",
    "r": "FAD-3079",
    "it": "A169",
    "y": null,
    "m": "AGUSTA WESTLAND",
    "mo": "AW-169",
    "o": null,
    "st": "H2T",
    "ml": true
  },
  "0c2757": {
    "i": "0c2757",
    "r": "HP-1930BL",
    "it": "G115",
    "y": null,
    "m": "GROB",
    "mo": "G-115 Tutor",
    "o": null,
    "st": "L1P",
    "ml": false
  },
  "0c2198": {
    "i": "0c2198",
    "r": "HP-1862FX",
    "it": "SIRA",
    "y": null,
    "m": "TECNAM",
    "mo": "P-Mentor",
    "o": null,
    "st": "L1P",
    "ml": false
  },
  "0c2148": {
    "i": "0c2148",
    "r": "HP-1674SX",
    "it": "C182",
    "y": null,
    "m": "CESSNA",
    "mo": "182 Skylane",
    "o": null,
    "st": "L1P",
    "ml": false
  },
  "0c4351": {
    "i": "0c4351",
    "r": "HI884",
    "it": "C182",
    "y": null,
    "m": "CESSNA",
    "mo": "182 Skylane",
    "o": null,
    "st": "L1P",
    "ml": false
  },
  "0c21a7": {
    "i": "0c21a7",
    "r": "HP-9805CMP",
    "it": "B38M",
    "y": null,
    "m": "BOEING",
    "mo": "737 MAX 8",
    "o": null,
    "st": "L2J",
    "ml": false
  },
  "0c21a3": {
    "i": "0c21a3",
    "r": "HP-9801CMP",
    "it": "B38M",
    "y": null,
    "m": "BOEING",
    "mo": "737 MAX 8",
    "o": null,
    "st": "L2J",
    "ml": false
  },
  "0c21c7": {
    "i": "0c21c7",
    "r": "HP-1974AP",
    "it": "DA40",
    "y": null,
    "m": "DIAMOND",
    "mo": "DA-40",
    "o": null,
    "st": "L1P",
    "ml": false
  },
  "0c21c9": {
    "i": "0c21c9",
    "r": "HP-1976AP",
    "it": "DA40",
    "y": null,
    "m": "DIAMOND",
    "mo": "DA-40",
    "o": null,
    "st": "L1P",
    "ml": false
  },
  "0c21ca": {
    "i": "0c21ca",
    "r": "HP-1977AP",
    "it": "DA40",
    "y": null,
    "m": "DIAMOND",
    "mo": "DA-40",
    "o": null,
    "st": "L1P",
    "ml": false
  },
  "0c21a4": {
    "i": "0c21a4",
    "r": "HP-9802CMP",
    "it": "B38M",
    "y": null,
    "m": "BOEING",
    "mo": "737 MAX 8",
    "o": null,
    "st": "L2J",
    "ml": false
  },
  "0c2165": {
    "i": "0c2165",
    "r": "HP-12V",
    "it": "BE9L",
    "y": null,
    "m": "BEECH",
    "mo": "90 King Air",
    "o": null,
    "st": "L2T",
    "ml": false
  },
  "0c21c4": {
    "i": "0c21c4",
    "r": "HP-1971AP",
    "it": "DA40",
    "y": null,
    "m": "DIAMOND",
    "mo": "DA-40",
    "o": null,
    "st": "L1P",
    "ml": false
  },
  "0c21c3": {
    "i": "0c21c3",
    "r": "HP-1970AP",
    "it": "DA40",
    "y": null,
    "m": "DIAMOND",
    "mo": "DA-40",
    "o": null,
    "st": "L1P",
    "ml": false
  },
  "0c4125": {
    "i": "0c4125",
    "r": "HI1032",
    "it": "BE58",
    "y": null,
    "m": "BEECH",
    "mo": "58 Baron",
    "o": null,
    "st": "L2P",
    "ml": false
  },
  "0c6005": {
    "i": "0c6005",
    "r": "9Y-RKD",
    "it": "S76",
    "y": null,
    "m": "SIKORSKY",
    "mo": "S-76 Spirit",
    "o": null,
    "st": "H2T",
    "ml": false
  },
  "0c21c5": {
    "i": "0c21c5",
    "r": "HP-1972AP",
    "it": "DA40",
    "y": null,
    "m": "DIAMOND",
    "mo": "DA-40",
    "o": null,
    "st": "L1P",
    "ml": false
  },
  "0c21c0": {
    "i": "0c21c0",
    "r": "HP-1988",
    "it": "R44",
    "y": null,
    "m": "ROBINSON",
    "mo": "R-44 Raven",
    "o": null,
    "st": "H1P",
    "ml": false
  },
  "0c6055": {
    "i": "0c6055",
    "r": "9Y-SAR",
    "it": "A139",
    "y": null,
    "m": "AGUSTA",
    "mo": "AW-139",
    "o": null,
    "st": "H2T",
    "ml": false
  },
  "0c21a0": {
    "i": "0c21a0",
    "r": "HP-3910DAE",
    "it": "B763",
    "y": null,
    "m": "BOEING",
    "mo": "767-300",
    "o": null,
    "st": "L2J",
    "ml": false
  },
  "0c4350": {
    "i": "0c4350",
    "r": "HI1097",
    "it": "CH2T",
    "y": null,
    "m": "AMD",
    "mo": "CH-2000 Zenith",
    "o": null,
    "st": "L1P",
    "ml": false
  },
  "0c4122": {
    "i": "0c4122",
    "r": "HI935",
    "it": "P28A",
    "y": null,
    "m": "PIPER",
    "mo": "PA-28-140/150/160/180",
    "o": null,
    "st": "L1P",
    "ml": false
  },
  "0c4395": {
    "i": "0c4395",
    "r": "HI1062",
    "it": "B734",
    "y": null,
    "m": "BOEING",
    "mo": "737-400",
    "o": null,
    "st": "L2J",
    "ml": false
  },
  "0c21bf": {
    "i": "0c21bf",
    "r": "HP-1652RJ",
    "it": "B06",
    "y": null,
    "m": "BELL",
    "mo": "206 JetRanger",
    "o": null,
    "st": "H1T",
    "ml": false
  },
  "0c21ad": {
    "i": "0c21ad",
    "r": "HP-2210DAE",
    "it": "B752",
    "y": null,
    "m": "BOEING",
    "mo": "757-200",
    "o": null,
    "st": "L2J",
    "ml": false
  },
  "0c21d5": {
    "i": "0c21d5",
    "r": "HP-1978AP",
    "it": "DA40",
    "y": null,
    "m": "DIAMOND",
    "mo": "DA-40",
    "o": null,
    "st": "L1P",
    "ml": false
  },
  "0c21c8": {
    "i": "0c21c8",
    "r": "HP-1975AP",
    "it": "DA40",
    "y": null,
    "m": "DIAMOND",
    "mo": "DA-40",
    "o": null,
    "st": "L1P",
    "ml": false
  },
  "0c21ac": {
    "i": "0c21ac",
    "r": "HP-27SKT",
    "it": "BE40",
    "y": null,
    "m": "HAWKER BEECHCRAFT",
    "mo": "400 Beechjet",
    "o": null,
    "st": "L2J",
    "ml": false
  },
  "0c21c6": {
    "i": "0c21c6",
    "r": "HP-1973AP",
    "it": "DA40",
    "y": null,
    "m": "DIAMOND",
    "mo": "DA-40",
    "o": null,
    "st": "L1P",
    "ml": false
  },
  "0c43a5": {
    "i": "0c43a5",
    "r": "HI388",
    "it": "C172",
    "y": null,
    "m": "CESSNA",
    "mo": "172 Skyhawk",
    "o": null,
    "st": "L1P",
    "ml": false
  },
  "0c21d2": {
    "i": "0c21d2",
    "r": "HP-43FV",
    "it": "AS50",
    "y": null,
    "m": "AEROSPATIALE",
    "mo": "AS-350 Ecureuil",
    "o": null,
    "st": "H1T",
    "ml": false
  },
  "0c21d6": {
    "i": "0c21d6",
    "r": "HP-18BLM",
    "it": "C501",
    "y": null,
    "m": "CESSNA",
    "mo": "501 Citation ISP",
    "o": null,
    "st": "L2J",
    "ml": false
  },
  "0c404f": {
    "i": "0c404f",
    "r": "FAD7500",
    "it": "TUCR",
    "y": null,
    "m": "FLYING LEGEND",
    "mo": "TP-75 Dulus",
    "o": null,
    "st": "L1P",
    "ml": true
  },
  "0c21e6": {
    "i": "0c21e6",
    "r": "HP-7007",
    "it": "C208",
    "y": null,
    "m": "CESSNA",
    "mo": "208 Caravan",
    "o": null,
    "st": "L1T",
    "ml": false
  },
  "0c21a6": {
    "i": "0c21a6",
    "r": "HP-9804CMP",
    "it": "B38M",
    "y": null,
    "m": "BOEING",
    "mo": "737 MAX 8",
    "o": null,
    "st": "L2J",
    "ml": false
  },
  "0c8032": {
    "i": "0c8032",
    "r": "PZ-TBN",
    "it": "DHC6",
    "y": null,
    "m": "DE HAVILLAND",
    "mo": "DHC-6 Twin Otter",
    "o": null,
    "st": "L2T",
    "ml": false
  },
  "0c8036": {
    "i": "0c8036",
    "r": "PZ-TBA",
    "it": "B190",
    "y": null,
    "m": "BEECH",
    "mo": "1900",
    "o": null,
    "st": "L2T",
    "ml": false
  },
  "0c21bb": {
    "i": "0c21bb",
    "r": "HP-615",
    "it": "CL60",
    "y": null,
    "m": "BOMBARDIER",
    "mo": "CL-600 Challenger",
    "o": null,
    "st": "L2J",
    "ml": false
  },
  "0c21a8": {
    "i": "0c21a8",
    "r": "HP-9806CMP",
    "it": "B38M",
    "y": null,
    "m": "BOEING",
    "mo": "737 MAX 8",
    "o": null,
    "st": "L2J",
    "ml": false
  },
  "0c21a9": {
    "i": "0c21a9",
    "r": "HP-1858",
    "it": "BE58",
    "y": null,
    "m": "BEECH",
    "mo": "58 Baron",
    "o": null,
    "st": "L2P",
    "ml": false
  },
  "0c4392": {
    "i": "0c4392",
    "r": "HI1111",
    "it": "GLF4",
    "y": null,
    "m": "GULFSTREAM",
    "mo": "IV",
    "o": null,
    "st": "L2J",
    "ml": false
  },
  "0c20e8": {
    "i": "0c20e8",
    "r": "HP-1912FT",
    "it": "C172",
    "y": null,
    "m": "CESSNA",
    "mo": "172 Skyhawk",
    "o": null,
    "st": "L1P",
    "ml": false
  },
  "0c43aa": {
    "i": "0c43aa",
    "r": "HI1118",
    "it": "B38M",
    "y": null,
    "m": "BOEING",
    "mo": "737 MAX 8",
    "o": null,
    "st": "L2J",
    "ml": false
  }
}