{
  "0e8031": {
    "i": "0e8031",
    "r": "PZ-TCX",
    "it": "B738",
    "y": null,
    "m": "BOEING",
    "mo": "737-800",
    "o": "Miscode - SURINAME",
    "st": "L2J",
    "ml": false
  },
  "0e1838": {
    "i": "0e1838",
    "r": "166521",
    "it": "H60",
    "y": null,
    "m": "SIKORSKY",
    "mo": "UH-60 Black Hawk",
    "o": "Miscode - UNITED STATES",
    "st": "L2J",
    "ml": true
  },
  "0e0718": {
    "i": "0e0718",
    "r": "168980",
    "it": "B737",
    "y": null,
    "m": "BOEING",
    "mo": "737-700",
    "o": "Miscode - UNITED STATES",
    "st": "L2J",
    "ml": true
  }
}