{
  "1059ee": {
    "i": "1059ee",
    "r": "GND",
    "it": "GND",
    "y": null,
    "m": null,
    "mo": "",
    "o": null,
    "st": "V0-",
    "ml": false
  },
  "105a5b": {
    "i": "105a5b",
    "r": "GND",
    "it": "GND",
    "y": null,
    "m": null,
    "mo": "",
    "o": null,
    "st": "V0-",
    "ml": false
  },
  "1059db": {
    "i": "1059db",
    "r": "TWR",
    "it": "TWR",
    "y": null,
    "m": null,
    "mo": "",
    "o": null,
    "st": "T0-",
    "ml": false
  },
  "1059ed": {
    "i": "1059ed",
    "r": "GND",
    "it": "GND",
    "y": null,
    "m": null,
    "mo": "",
    "o": null,
    "st": "V0-",
    "ml": false
  },
  "1059dc": {
    "i": "1059dc",
    "r": "TWR",
    "it": "TWR",
    "y": null,
    "m": null,
    "mo": "",
    "o": null,
    "st": "T0-",
    "ml": false
  },
  "105a26": {
    "i": "105a26",
    "r": "GND",
    "it": "GND",
    "y": null,
    "m": null,
    "mo": "",
    "o": null,
    "st": "V0-",
    "ml": false
  },
  "105a0e": {
    "i": "105a0e",
    "r": "GND",
    "it": "GND",
    "y": null,
    "m": null,
    "mo": "",
    "o": null,
    "st": "V0-",
    "ml": false
  },
  "1059f7": {
    "i": "1059f7",
    "r": "GND",
    "it": "GND",
    "y": null,
    "m": null,
    "mo": "",
    "o": null,
    "st": "V0-",
    "ml": false
  },
  "105a66": {
    "i": "105a66",
    "r": "GND",
    "it": "GND",
    "y": null,
    "m": null,
    "mo": "",
    "o": null,
    "st": "V0-",
    "ml": false
  },
  "105a05": {
    "i": "105a05",
    "r": "GND",
    "it": "GND",
    "y": null,
    "m": null,
    "mo": "",
    "o": null,
    "st": "V0-",
    "ml": false
  },
  "105a17": {
    "i": "105a17",
    "r": "GND",
    "it": "GND",
    "y": null,
    "m": null,
    "mo": "",
    "o": null,
    "st": "V0-",
    "ml": false
  },
  "105a63": {
    "i": "105a63",
    "r": "GND",
    "it": "GND",
    "y": null,
    "m": null,
    "mo": "",
    "o": null,
    "st": "V0-",
    "ml": false
  },
  "1059d9": {
    "i": "1059d9",
    "r": "TWR",
    "it": "TWR",
    "y": null,
    "m": null,
    "mo": "",
    "o": null,
    "st": "T0-",
    "ml": false
  },
  "1059f4": {
    "i": "1059f4",
    "r": "GND",
    "it": "GND",
    "y": null,
    "m": null,
    "mo": "",
    "o": null,
    "st": "V0-",
    "ml": false
  },
  "1059de": {
    "i": "1059de",
    "r": "TWR",
    "it": "TWR",
    "y": null,
    "m": null,
    "mo": "",
    "o": null,
    "st": "T0-",
    "ml": false
  },
  "1059fa": {
    "i": "1059fa",
    "r": "GND",
    "it": "GND",
    "y": null,
    "m": null,
    "mo": "",
    "o": null,
    "st": "V0-",
    "ml": false
  },
  "1059f9": {
    "i": "1059f9",
    "r": "GND",
    "it": "GND",
    "y": null,
    "m": null,
    "mo": "",
    "o": null,
    "st": "V0-",
    "ml": false
  },
  "109859": {
    "i": "109859",
    "r": "TWR",
    "it": "TWR",
    "y": null,
    "m": null,
    "mo": "",
    "o": null,
    "st": "T0-",
    "ml": false
  },
  "10c3e2": {
    "i": "10c3e2",
    "r": "GND",
    "it": "GND",
    "y": null,
    "m": null,
    "mo": "",
    "o": null,
    "st": "V0-",
    "ml": false
  },
  "10c3e4": {
    "i": "10c3e4",
    "r": "GND",
    "it": "GND",
    "y": null,
    "m": null,
    "mo": "",
    "o": null,
    "st": "V0-",
    "ml": false
  },
  "1059f6": {
    "i": "1059f6",
    "r": "GND",
    "it": "GND",
    "y": null,
    "m": null,
    "mo": "",
    "o": null,
    "st": "V0-",
    "ml": false
  },
  "105a07": {
    "i": "105a07",
    "r": "GND",
    "it": "GND",
    "y": null,
    "m": null,
    "mo": "",
    "o": null,
    "st": "V0-",
    "ml": false
  },
  "1059e7": {
    "i": "1059e7",
    "r": "GND",
    "it": "GND",
    "y": null,
    "m": null,
    "mo": "",
    "o": null,
    "st": "V0-",
    "ml": false
  },
  "1059e8": {
    "i": "1059e8",
    "r": "GND",
    "it": "GND",
    "y": null,
    "m": null,
    "mo": "",
    "o": null,
    "st": "V0-",
    "ml": false
  },
  "105a01": {
    "i": "105a01",
    "r": "GND",
    "it": "GND",
    "y": null,
    "m": null,
    "mo": "",
    "o": null,
    "st": "V0-",
    "ml": false
  },
  "1059fb": {
    "i": "1059fb",
    "r": "GND",
    "it": "GND",
    "y": null,
    "m": null,
    "mo": "",
    "o": null,
    "st": "V0-",
    "ml": false
  },
  "105a62": {
    "i": "105a62",
    "r": "GND",
    "it": "GND",
    "y": null,
    "m": null,
    "mo": "",
    "o": null,
    "st": "V0-",
    "ml": false
  },
  "1059f5": {
    "i": "1059f5",
    "r": "GND",
    "it": "GND",
    "y": null,
    "m": null,
    "mo": "",
    "o": null,
    "st": "V0-",
    "ml": false
  },
  "1059dd": {
    "i": "1059dd",
    "r": "TWR",
    "it": "TWR",
    "y": null,
    "m": null,
    "mo": "",
    "o": null,
    "st": "T0-",
    "ml": false
  },
  "1059e2": {
    "i": "1059e2",
    "r": "GND",
    "it": "GND",
    "y": null,
    "m": null,
    "mo": "",
    "o": null,
    "st": "V0-",
    "ml": false
  },
  "1059eb": {
    "i": "1059eb",
    "r": "GND",
    "it": "GND",
    "y": null,
    "m": null,
    "mo": "",
    "o": null,
    "st": "V0-",
    "ml": false
  },
  "1059f2": {
    "i": "1059f2",
    "r": "GND",
    "it": "GND",
    "y": null,
    "m": null,
    "mo": "",
    "o": null,
    "st": "V0-",
    "ml": false
  },
  "1059ea": {
    "i": "1059ea",
    "r": "GND",
    "it": "GND",
    "y": null,
    "m": null,
    "mo": "",
    "o": null,
    "st": "V0-",
    "ml": false
  },
  "1059fd": {
    "i": "1059fd",
    "r": "GND",
    "it": "GND",
    "y": null,
    "m": null,
    "mo": "",
    "o": null,
    "st": "V0-",
    "ml": false
  },
  "10fa02": {
    "i": "10fa02",
    "r": "TWR",
    "it": "TWR",
    "y": null,
    "m": null,
    "mo": "",
    "o": null,
    "st": "T0-",
    "ml": false
  },
  "105a02": {
    "i": "105a02",
    "r": "GND",
    "it": "GND",
    "y": null,
    "m": null,
    "mo": "",
    "o": null,
    "st": "V0-",
    "ml": false
  },
  "105a11": {
    "i": "105a11",
    "r": "GND",
    "it": "GND",
    "y": null,
    "m": null,
    "mo": "",
    "o": null,
    "st": "V0-",
    "ml": false
  },
  "101011": {
    "i": "101011",
    "r": "YR-7177",
    "it": "PRIM",
    "y": null,
    "m": null,
    "mo": "BLACKSHAPE BS100 Prime",
    "o": null,
    "st": "L1P",
    "ml": false
  },
  "1059da": {
    "i": "1059da",
    "r": "TWR",
    "it": "TWR",
    "y": null,
    "m": null,
    "mo": "",
    "o": null,
    "st": "T0-",
    "ml": false
  },
  "105a09": {
    "i": "105a09",
    "r": "GND",
    "it": "GND",
    "y": null,
    "m": null,
    "mo": "",
    "o": null,
    "st": "V0-",
    "ml": false
  },
  "105a20": {
    "i": "105a20",
    "r": "GND",
    "it": "GND",
    "y": null,
    "m": null,
    "mo": "",
    "o": null,
    "st": "V0-",
    "ml": false
  },
  "105a3e": {
    "i": "105a3e",
    "r": "GND",
    "it": "GND",
    "y": null,
    "m": null,
    "mo": "",
    "o": null,
    "st": "V0-",
    "ml": false
  },
  "10fa01": {
    "i": "10fa01",
    "r": "TWR",
    "it": "TWR",
    "y": null,
    "m": null,
    "mo": "",
    "o": null,
    "st": "T0-",
    "ml": false
  },
  "1059e3": {
    "i": "1059e3",
    "r": "GND",
    "it": "GND",
    "y": null,
    "m": null,
    "mo": "",
    "o": null,
    "st": "V0-",
    "ml": false
  },
  "1059f8": {
    "i": "1059f8",
    "r": "GND",
    "it": "GND",
    "y": null,
    "m": null,
    "mo": "",
    "o": null,
    "st": "V0-",
    "ml": false
  },
  "105a27": {
    "i": "105a27",
    "r": "GND",
    "it": "GND",
    "y": null,
    "m": null,
    "mo": "",
    "o": null,
    "st": "V0-",
    "ml": false
  },
  "1065b2": {
    "i": "1065b2",
    "r": "GND",
    "it": "GND",
    "y": null,
    "m": null,
    "mo": "",
    "o": null,
    "st": "V0-",
    "ml": false
  },
  "1059fc": {
    "i": "1059fc",
    "r": "GND",
    "it": "GND",
    "y": null,
    "m": null,
    "mo": "",
    "o": null,
    "st": "V0-",
    "ml": false
  },
  "105a14": {
    "i": "105a14",
    "r": "GND",
    "it": "GND",
    "y": null,
    "m": null,
    "mo": "",
    "o": null,
    "st": "V0-",
    "ml": false
  },
  "10d2f2": {
    "i": "10d2f2",
    "r": "RA-54002",
    "it": "I114",
    "y": null,
    "m": null,
    "mo": "Ilyushin Il-114",
    "o": null,
    "st": "L2T",
    "ml": false
  },
  "10271e": {
    "i": "10271e",
    "r": "RA-0217G",
    "it": "PA46",
    "y": null,
    "m": null,
    "mo": "Piper PA-46 350P Malibu Mirage",
    "o": null,
    "st": "L1P",
    "ml": false
  },
  "1059ec": {
    "i": "1059ec",
    "r": "GND",
    "it": "GND",
    "y": null,
    "m": null,
    "mo": "",
    "o": null,
    "st": "V0-",
    "ml": false
  },
  "105a65": {
    "i": "105a65",
    "r": "GND",
    "it": "GND",
    "y": null,
    "m": null,
    "mo": "",
    "o": null,
    "st": "V0-",
    "ml": false
  },
  "10d2f1": {
    "i": "10d2f1",
    "r": "RA-54001",
    "it": "I114",
    "y": null,
    "m": null,
    "mo": "Ilyushin Il-114",
    "o": null,
    "st": "L2T",
    "ml": false
  },
  "102a28": {
    "i": "102a28",
    "r": "21512",
    "it": "BER2",
    "y": null,
    "m": null,
    "mo": "Beriev Be-200-CHS",
    "o": null,
    "st": "A2J",
    "ml": false
  }
}