{
  "1101dd": {
    "i": "1101dd",
    "r": "GND",
    "it": "GND",
    "y": null,
    "m": null,
    "mo": "",
    "o": null,
    "st": "V0-",
    "ml": false
  },
  "1130f6": {
    "i": "1130f6",
    "r": "GND",
    "it": "GND",
    "y": null,
    "m": null,
    "mo": "",
    "o": null,
    "st": "V0-",
    "ml": false
  },
  "1101e4": {
    "i": "1101e4",
    "r": "GND",
    "it": "GND",
    "y": null,
    "m": null,
    "mo": "",
    "o": null,
    "st": "V0-",
    "ml": false
  },
  "11082a": {
    "i": "11082a",
    "r": "RALF S.",
    "it": "GLID",
    "y": null,
    "m": null,
    "mo": "",
    "o": null,
    "st": "L0-",
    "ml": false
  },
  "111298": {
    "i": "111298",
    "r": "RAFPG09",
    "it": "GLID",
    "y": null,
    "m": null,
    "mo": "",
    "o": null,
    "st": "L0-",
    "ml": false
  },
  "112e95": {
    "i": "112e95",
    "r": "RALF-B",
    "it": "GLID",
    "y": null,
    "m": null,
    "mo": "",
    "o": null,
    "st": "L0-",
    "ml": false
  },
  "119524": {
    "i": "119524",
    "r": "RA-1951K",
    "it": "Y18T",
    "y": null,
    "m": null,
    "mo": "Yakovlev Yak-18T",
    "o": null,
    "st": "L1P",
    "ml": false
  },
  "1130bc": {
    "i": "1130bc",
    "r": "GND",
    "it": "GND",
    "y": null,
    "m": null,
    "mo": "",
    "o": null,
    "st": "V0-",
    "ml": false
  },
  "1130ce": {
    "i": "1130ce",
    "r": "GND",
    "it": "GND",
    "y": null,
    "m": null,
    "mo": "",
    "o": null,
    "st": "V0-",
    "ml": false
  },
  "11411b": {
    "i": "11411b",
    "r": "RATO",
    "it": "GLID",
    "y": null,
    "m": null,
    "mo": "",
    "o": null,
    "st": "L0-",
    "ml": false
  },
  "110661": {
    "i": "110661",
    "r": "RAINER",
    "it": "GLID",
    "y": null,
    "m": null,
    "mo": "",
    "o": null,
    "st": "L0-",
    "ml": false
  },
  "1130b2": {
    "i": "1130b2",
    "r": "GND",
    "it": "GND",
    "y": null,
    "m": null,
    "mo": "",
    "o": null,
    "st": "V0-",
    "ml": false
  },
  "1130b9": {
    "i": "1130b9",
    "r": "TWR",
    "it": "TWR",
    "y": null,
    "m": null,
    "mo": "",
    "o": null,
    "st": "T0-",
    "ml": false
  },
  "1130eb": {
    "i": "1130eb",
    "r": "GND",
    "it": "GND",
    "y": null,
    "m": null,
    "mo": "",
    "o": null,
    "st": "V0-",
    "ml": false
  },
  "1130f2": {
    "i": "1130f2",
    "r": "GND",
    "it": "GND",
    "y": null,
    "m": null,
    "mo": "",
    "o": null,
    "st": "V0-",
    "ml": false
  },
  "1100ce": {
    "i": "1100ce",
    "r": "RACE",
    "it": "GLID",
    "y": null,
    "m": null,
    "mo": "",
    "o": null,
    "st": "L0-",
    "ml": false
  },
  "1101d4": {
    "i": "1101d4",
    "r": "GND",
    "it": "GND",
    "y": null,
    "m": null,
    "mo": "",
    "o": null,
    "st": "V0-",
    "ml": false
  },
  "112cca": {
    "i": "112cca",
    "r": "GND",
    "it": "GND",
    "y": null,
    "m": null,
    "mo": "",
    "o": null,
    "st": "V0-",
    "ml": false
  },
  "1130ea": {
    "i": "1130ea",
    "r": "GND",
    "it": "GND",
    "y": null,
    "m": null,
    "mo": "",
    "o": null,
    "st": "V0-",
    "ml": false
  },
  "1101e3": {
    "i": "1101e3",
    "r": "GND",
    "it": "GND",
    "y": null,
    "m": null,
    "mo": "",
    "o": null,
    "st": "V0-",
    "ml": false
  },
  "1130e9": {
    "i": "1130e9",
    "r": "GND",
    "it": "GND",
    "y": null,
    "m": null,
    "mo": "",
    "o": null,
    "st": "V0-",
    "ml": false
  },
  "115f9a": {
    "i": "115f9a",
    "r": "GND",
    "it": "GND",
    "y": null,
    "m": null,
    "mo": "",
    "o": null,
    "st": "V0-",
    "ml": false
  },
  "110bbe": {
    "i": "110bbe",
    "r": "RAFAB",
    "it": "GLID",
    "y": null,
    "m": null,
    "mo": "",
    "o": null,
    "st": "L0-",
    "ml": false
  },
  "1130f1": {
    "i": "1130f1",
    "r": "GND",
    "it": "GND",
    "y": null,
    "m": null,
    "mo": "",
    "o": null,
    "st": "V0-",
    "ml": false
  },
  "1101d7": {
    "i": "1101d7",
    "r": "GND",
    "it": "GND",
    "y": null,
    "m": null,
    "mo": "",
    "o": null,
    "st": "V0-",
    "ml": false
  },
  "1130f3": {
    "i": "1130f3",
    "r": "GND",
    "it": "GND",
    "y": null,
    "m": null,
    "mo": "",
    "o": null,
    "st": "V0-",
    "ml": false
  },
  "1101d2": {
    "i": "1101d2",
    "r": "TWR",
    "it": "TWR",
    "y": null,
    "m": null,
    "mo": "",
    "o": null,
    "st": "T0-",
    "ml": false
  },
  "115988": {
    "i": "115988",
    "r": "RF-88456",
    "it": "BER2",
    "y": null,
    "m": null,
    "mo": "Beriev Be-200CHS",
    "o": null,
    "st": "A2J",
    "ml": false
  },
  "111f37": {
    "i": "111f37",
    "r": "RAHA",
    "it": "GLID",
    "y": null,
    "m": null,
    "mo": "",
    "o": null,
    "st": "L0-",
    "ml": false
  },
  "115f98": {
    "i": "115f98",
    "r": "GND",
    "it": "GND",
    "y": null,
    "m": null,
    "mo": "",
    "o": null,
    "st": "V0-",
    "ml": false
  },
  "112111": {
    "i": "112111",
    "r": "TWR",
    "it": "TWR",
    "y": null,
    "m": null,
    "mo": "",
    "o": null,
    "st": "T0-",
    "ml": false
  },
  "112112": {
    "i": "112112",
    "r": "TWR",
    "it": "TWR",
    "y": null,
    "m": null,
    "mo": "",
    "o": null,
    "st": "T0-",
    "ml": false
  },
  "1130b1": {
    "i": "1130b1",
    "r": "GND",
    "it": "GND",
    "y": null,
    "m": null,
    "mo": "",
    "o": null,
    "st": "V0-",
    "ml": false
  },
  "1101e5": {
    "i": "1101e5",
    "r": "GND",
    "it": "GND",
    "y": null,
    "m": null,
    "mo": "",
    "o": null,
    "st": "V0-",
    "ml": false
  },
  "115989": {
    "i": "115989",
    "r": "RF-88457",
    "it": "BER2",
    "y": null,
    "m": null,
    "mo": "Beriev Be-200PS",
    "o": null,
    "st": "A2J",
    "ml": false
  },
  "1130b8": {
    "i": "1130b8",
    "r": "TWR",
    "it": "TWR",
    "y": null,
    "m": null,
    "mo": "",
    "o": null,
    "st": "T0-",
    "ml": false
  },
  "1100c5": {
    "i": "1100c5",
    "r": "RAMU",
    "it": "GLID",
    "y": null,
    "m": null,
    "mo": "",
    "o": null,
    "st": "L0-",
    "ml": false
  },
  "1101e1": {
    "i": "1101e1",
    "r": "GND",
    "it": "GND",
    "y": null,
    "m": null,
    "mo": "",
    "o": null,
    "st": "V0-",
    "ml": false
  },
  "1101d5": {
    "i": "1101d5",
    "r": "GND",
    "it": "GND",
    "y": null,
    "m": null,
    "mo": "",
    "o": null,
    "st": "V0-",
    "ml": false
  },
  "112331": {
    "i": "112331",
    "r": "RAOUL",
    "it": "GLID",
    "y": null,
    "m": null,
    "mo": "",
    "o": null,
    "st": "L0-",
    "ml": false
  },
  "1130ed": {
    "i": "1130ed",
    "r": "GND",
    "it": "GND",
    "y": null,
    "m": null,
    "mo": "",
    "o": null,
    "st": "V0-",
    "ml": false
  },
  "1101d3": {
    "i": "1101d3",
    "r": "GND",
    "it": "GND",
    "y": null,
    "m": null,
    "mo": "",
    "o": null,
    "st": "V0-",
    "ml": false
  },
  "1101e0": {
    "i": "1101e0",
    "r": "GND",
    "it": "GND",
    "y": null,
    "m": null,
    "mo": "",
    "o": null,
    "st": "V0-",
    "ml": false
  },
  "111112": {
    "i": "111112",
    "r": "RA-67004",
    "it": "L410",
    "y": null,
    "m": null,
    "mo": "Let L-410UVP-E20",
    "o": null,
    "st": "L2T",
    "ml": false
  },
  "1130d1": {
    "i": "1130d1",
    "r": "GND",
    "it": "GND",
    "y": null,
    "m": null,
    "mo": "",
    "o": null,
    "st": "V0-",
    "ml": false
  },
  "115f9c": {
    "i": "115f9c",
    "r": "GND",
    "it": "GND",
    "y": null,
    "m": null,
    "mo": "",
    "o": null,
    "st": "V0-",
    "ml": false
  },
  "1130ee": {
    "i": "1130ee",
    "r": "GND",
    "it": "GND",
    "y": null,
    "m": null,
    "mo": "",
    "o": null,
    "st": "V0-",
    "ml": false
  },
  "11211a": {
    "i": "11211a",
    "r": "GND",
    "it": "GND",
    "y": null,
    "m": null,
    "mo": "",
    "o": null,
    "st": "V0-",
    "ml": false
  },
  "1101d1": {
    "i": "1101d1",
    "r": "TWR",
    "it": "TWR",
    "y": null,
    "m": null,
    "mo": "",
    "o": null,
    "st": "T0-",
    "ml": false
  },
  "110345": {
    "i": "110345",
    "r": "RALF",
    "it": "GLID",
    "y": null,
    "m": null,
    "mo": "",
    "o": null,
    "st": "L0-",
    "ml": false
  },
  "115f99": {
    "i": "115f99",
    "r": "GND",
    "it": "GND",
    "y": null,
    "m": null,
    "mo": "",
    "o": null,
    "st": "V0-",
    "ml": false
  },
  "113463": {
    "i": "113463",
    "r": "RAUL",
    "it": "GLID",
    "y": null,
    "m": null,
    "mo": "",
    "o": null,
    "st": "L0-",
    "ml": false
  },
  "1130d2": {
    "i": "1130d2",
    "r": "GND",
    "it": "GND",
    "y": null,
    "m": null,
    "mo": "",
    "o": null,
    "st": "V0-",
    "ml": false
  },
  "1130d4": {
    "i": "1130d4",
    "r": "GND",
    "it": "GND",
    "y": null,
    "m": null,
    "mo": "",
    "o": null,
    "st": "V0-",
    "ml": false
  },
  "1130d6": {
    "i": "1130d6",
    "r": "GND",
    "it": "GND",
    "y": null,
    "m": null,
    "mo": "",
    "o": null,
    "st": "V0-",
    "ml": false
  },
  "1130ef": {
    "i": "1130ef",
    "r": "GND",
    "it": "GND",
    "y": null,
    "m": null,
    "mo": "",
    "o": null,
    "st": "V0-",
    "ml": false
  },
  "1130f4": {
    "i": "1130f4",
    "r": "GND",
    "it": "GND",
    "y": null,
    "m": null,
    "mo": "",
    "o": null,
    "st": "V0-",
    "ml": false
  },
  "110371": {
    "i": "110371",
    "r": "RAPHAEL",
    "it": "GLID",
    "y": null,
    "m": null,
    "mo": "",
    "o": null,
    "st": "L0-",
    "ml": false
  },
  "1130f0": {
    "i": "1130f0",
    "r": "GND",
    "it": "GND",
    "y": null,
    "m": null,
    "mo": "",
    "o": null,
    "st": "V0-",
    "ml": false
  },
  "1101e6": {
    "i": "1101e6",
    "r": "GND",
    "it": "GND",
    "y": null,
    "m": null,
    "mo": "",
    "o": null,
    "st": "V0-",
    "ml": false
  },
  "11204d": {
    "i": "11204d",
    "r": "RALPH T",
    "it": "GLID",
    "y": null,
    "m": null,
    "mo": "",
    "o": null,
    "st": "L0-",
    "ml": false
  },
  "112116": {
    "i": "112116",
    "r": "GND",
    "it": "GND",
    "y": null,
    "m": null,
    "mo": "",
    "o": null,
    "st": "V0-",
    "ml": false
  },
  "110645": {
    "i": "110645",
    "r": "RAINERH",
    "it": "GLID",
    "y": null,
    "m": null,
    "mo": "",
    "o": null,
    "st": "L0-",
    "ml": false
  },
  "1111d3": {
    "i": "1111d3",
    "r": "RAFPG04",
    "it": "GLID",
    "y": null,
    "m": null,
    "mo": "",
    "o": null,
    "st": "L0-",
    "ml": false
  },
  "1130d3": {
    "i": "1130d3",
    "r": "GND",
    "it": "GND",
    "y": null,
    "m": null,
    "mo": "",
    "o": null,
    "st": "V0-",
    "ml": false
  },
  "1130d7": {
    "i": "1130d7",
    "r": "GND",
    "it": "GND",
    "y": null,
    "m": null,
    "mo": "",
    "o": null,
    "st": "V0-",
    "ml": false
  }
}