{
  "122223": {
    "i": "122223",
    "r": "RA-38015",
    "it": "MI38",
    "y": null,
    "m": null,
    "mo": "Mil Mi-38T",
    "o": null,
    "st": "H2T",
    "ml": false
  },
  "121232": {
    "i": "121232",
    "r": "I-B725",
    "it": "SAVG",
    "y": null,
    "m": null,
    "mo": "Zlin Aviation Savage Cub",
    "o": null,
    "st": "L1P",
    "ml": false
  },
  "122009": {
    "i": "122009",
    "r": "I-B531",
    "it": "NG5",
    "y": null,
    "m": null,
    "mo": "BRM Bristell",
    "o": null,
    "st": "L1P",
    "ml": false
  },
  "124314": {
    "i": "124314",
    "r": "172",
    "it": "MI8",
    "y": null,
    "m": null,
    "mo": "",
    "o": null,
    "st": "H2T",
    "ml": false
  },
  "123450": {
    "i": "123450",
    "r": "RA-01960",
    "it": "P06T",
    "y": null,
    "m": null,
    "mo": "Tecnam P-2006T",
    "o": null,
    "st": "L2P",
    "ml": false
  }
}