{
  "180887": {
    "i": "180887",
    "r": "RA-2183G",
    "it": "C337",
    "y": null,
    "m": null,
    "mo": "Cessna 337F Super Skymaster",
    "o": null,
    "st": "L2P",
    "ml": false
  },
  "180158": {
    "i": "180158",
    "r": "RA-0344G",
    "it": "LA8",
    "y": null,
    "m": null,
    "mo": "AeroVolga LA-8",
    "o": null,
    "st": "A2P",
    "ml": false
  },
  "1806d5": {
    "i": "1806d5",
    "r": "RA-1749G",
    "it": "EVOT",
    "y": null,
    "m": null,
    "mo": "Lancair Evolution",
    "o": null,
    "st": "L1T",
    "ml": false
  },
  "180763": {
    "i": "180763",
    "r": "RA-01891",
    "it": "B407",
    "y": null,
    "m": null,
    "mo": "Bell 407",
    "o": null,
    "st": "H1T",
    "ml": false
  },
  "180792": {
    "i": "180792",
    "r": "RA-01938",
    "it": "B407",
    "y": null,
    "m": null,
    "mo": "Bell 407",
    "o": null,
    "st": "H1T",
    "ml": false
  },
  "180ac2": {
    "i": "180ac2",
    "r": "RA-2754G",
    "it": "C240",
    "y": null,
    "m": null,
    "mo": "Cessna TTx Model T240 Stylish",
    "o": null,
    "st": "L1P",
    "ml": false
  },
  "180b9d": {
    "i": "180b9d",
    "r": "RA-2973G",
    "it": "ULAC",
    "y": null,
    "m": null,
    "mo": "",
    "o": null,
    "st": "L0-",
    "ml": false
  },
  "180bcd": {
    "i": "180bcd",
    "r": "RA-0854G",
    "it": "L39",
    "y": null,
    "m": null,
    "mo": "Aero L-39C Albatros",
    "o": null,
    "st": "L1J",
    "ml": false
  },
  "18066b": {
    "i": "18066b",
    "r": "RA-1643G",
    "it": "",
    "y": null,
    "m": null,
    "mo": "",
    "o": null,
    "st": null,
    "ml": false
  },
  "180681": {
    "i": "180681",
    "r": "RA-1665G",
    "it": "P46T",
    "y": null,
    "m": null,
    "mo": "Piper PA-46 JetPROP",
    "o": null,
    "st": "L1T",
    "ml": false
  },
  "180bad": {
    "i": "180bad",
    "r": "RA-2989G",
    "it": "C150",
    "y": null,
    "m": null,
    "mo": "",
    "o": null,
    "st": "L1P",
    "ml": false
  },
  "180790": {
    "i": "180790",
    "r": "RA-01936",
    "it": "B429",
    "y": null,
    "m": null,
    "mo": "Bell 429 Global Ranger",
    "o": null,
    "st": "H2T",
    "ml": false
  },
  "1809ad": {
    "i": "1809ad",
    "r": "RA-2477G",
    "it": "C182",
    "y": null,
    "m": null,
    "mo": "Cessna 182F Skylane",
    "o": null,
    "st": "L1P",
    "ml": false
  },
  "180c74": {
    "i": "180c74",
    "r": "RA-3188G",
    "it": "NG5",
    "y": null,
    "m": null,
    "mo": "Bristell RG",
    "o": null,
    "st": "L1P",
    "ml": false
  },
  "1805dc": {
    "i": "1805dc",
    "r": "RA-1500G",
    "it": "COL4",
    "y": null,
    "m": null,
    "mo": "Cessna 400 Corvalis TT",
    "o": null,
    "st": "L1P",
    "ml": false
  },
  "180648": {
    "i": "180648",
    "r": "RA-01608",
    "it": "B429",
    "y": null,
    "m": null,
    "mo": "BELL 429 GLOBALRANGER",
    "o": null,
    "st": "H2T",
    "ml": false
  },
  "1800f8": {
    "i": "1800f8",
    "r": "RA-0248G",
    "it": "WT9",
    "y": null,
    "m": null,
    "mo": "Dynamic WT9",
    "o": null,
    "st": "L1P",
    "ml": false
  },
  "18030a": {
    "i": "18030a",
    "r": "RA-0778G",
    "it": "LA8",
    "y": null,
    "m": null,
    "mo": "AeroVolga LA-8",
    "o": null,
    "st": "A2P",
    "ml": false
  },
  "1803d7": {
    "i": "1803d7",
    "r": "RA-0983G",
    "it": "C182",
    "y": null,
    "m": null,
    "mo": "Cessna 182N Skylane",
    "o": null,
    "st": "L1P",
    "ml": false
  },
  "180764": {
    "i": "180764",
    "r": "RA-1892G",
    "it": "SW3",
    "y": null,
    "m": null,
    "mo": "Fairchild Aircraft SA-226T",
    "o": null,
    "st": "L2T",
    "ml": false
  },
  "180864": {
    "i": "180864",
    "r": "RA-2148G",
    "it": "C172",
    "y": null,
    "m": null,
    "mo": "Cessna 172 Skyhawk",
    "o": null,
    "st": "L1P",
    "ml": false
  },
  "1809b9": {
    "i": "1809b9",
    "r": "RA-2489G",
    "it": "AC6L",
    "y": null,
    "m": null,
    "mo": "AERO AC680FL Grand Commander",
    "o": null,
    "st": "L2P",
    "ml": false
  },
  "180ba1": {
    "i": "180ba1",
    "r": "RA-2977G",
    "it": "ULAC",
    "y": null,
    "m": null,
    "mo": "Aviatech L-145",
    "o": null,
    "st": "L0-",
    "ml": false
  },
  "18087d": {
    "i": "18087d",
    "r": "RA-2173G",
    "it": "EV97",
    "y": null,
    "m": null,
    "mo": "Evektor Harmony LSA",
    "o": null,
    "st": "L1P",
    "ml": false
  },
  "180b3c": {
    "i": "180b3c",
    "r": "RA-3089G",
    "it": "L4",
    "y": null,
    "m": null,
    "mo": "",
    "o": null,
    "st": "A2P",
    "ml": false
  },
  "1803e8": {
    "i": "1803e8",
    "r": "RA-1000G",
    "it": "C172",
    "y": null,
    "m": null,
    "mo": "",
    "o": null,
    "st": "L1P",
    "ml": false
  },
  "1809d3": {
    "i": "1809d3",
    "r": "RA-2515G",
    "it": "C210",
    "y": null,
    "m": null,
    "mo": "Cessna 210F Centurion",
    "o": null,
    "st": "L1P",
    "ml": false
  }
}