{
  "194e97": {
    "i": "194e97",
    "r": "RF-85655",
    "it": "T154",
    "y": null,
    "m": null,
    "mo": "",
    "o": null,
    "st": "L3J",
    "ml": true
  },
  "19074d": {
    "i": "19074d",
    "r": "RA-67405",
    "it": "C182",
    "y": null,
    "m": null,
    "mo": "Cessna 182T Skylane",
    "o": null,
    "st": "L1P",
    "ml": false
  },
  "19c867": {
    "i": "19c867",
    "r": "RA-2151G",
    "it": "EPIC",
    "y": null,
    "m": null,
    "mo": "Epic Aircraft Company Epic LT",
    "o": null,
    "st": "L1T",
    "ml": false
  },
  "197cd0": {
    "i": "197cd0",
    "r": "UAFAP6",
    "it": "DRON",
    "y": null,
    "m": null,
    "mo": "UAVision Ogassa OGS42V",
    "o": null,
    "st": "D0-",
    "ml": true
  }
}