{
  "1b57a6": {
    "i": "1b57a6",
    "r": "87974",
    "it": "YK40",
    "y": null,
    "m": null,
    "mo": "Yakovlev Yak-40K(ASLK)",
    "o": null,
    "st": "L3J",
    "ml": false
  },
  "1b7898": {
    "i": "1b7898",
    "r": "PR-VSA",
    "it": "EC55",
    "y": null,
    "m": null,
    "mo": "Eurocopter EC155 B1",
    "o": null,
    "st": "H2T",
    "ml": false
  },
  "1b266d": {
    "i": "1b266d",
    "r": "RF-75353",
    "it": "IL76",
    "y": null,
    "m": null,
    "mo": "Ilyushin IL-76MDK",
    "o": null,
    "st": "L4J",
    "ml": false
  },
  "1b4f5f": {
    "i": "1b4f5f",
    "r": "RF-85855",
    "it": "T154",
    "y": null,
    "m": null,
    "mo": "",
    "o": null,
    "st": "L3J",
    "ml": true
  },
  "1bf864": {
    "i": "1bf864",
    "r": "RA-88164",
    "it": "YK40",
    "y": null,
    "m": null,
    "mo": "Yakovlev Yak-40",
    "o": null,
    "st": "L3J",
    "ml": false
  },
  "1b2aa6": {
    "i": "1b2aa6",
    "r": "76454",
    "it": "IL76",
    "y": null,
    "m": null,
    "mo": "Ilushin Il-76LL",
    "o": null,
    "st": "L4J",
    "ml": false
  },
  "1b6c03": {
    "i": "1b6c03",
    "r": "RF-76803",
    "it": "IL76",
    "y": null,
    "m": null,
    "mo": "",
    "o": null,
    "st": "L4J",
    "ml": true
  },
  "1b4f60": {
    "i": "1b4f60",
    "r": "RF-85856",
    "it": "T154",
    "y": null,
    "m": null,
    "mo": "Tupolev Tu-154-M",
    "o": null,
    "st": "L3J",
    "ml": true
  }
}