{
  "1d3344": {
    "i": "1d3344",
    "r": "RF-78660",
    "it": "IL76",
    "y": null,
    "m": null,
    "mo": "Il''yushin Il-76MD-90A",
    "o": null,
    "st": "L4J",
    "ml": true
  },
  "1d3348": {
    "i": "1d3348",
    "r": "RF-78664",
    "it": "IL76",
    "y": null,
    "m": null,
    "mo": "Ilyushin Il-76MD-90A",
    "o": null,
    "st": "L4J",
    "ml": false
  },
  "1d33f5": {
    "i": "1d33f5",
    "r": "RF-78837",
    "it": "IL76",
    "y": null,
    "m": null,
    "mo": "",
    "o": null,
    "st": "L4J",
    "ml": true
  },
  "1d2be4": {
    "i": "1d2be4",
    "r": "RF-76772",
    "it": "IL76",
    "y": null,
    "m": null,
    "mo": "Ilyushin IL-76MD",
    "o": null,
    "st": "L4J",
    "ml": false
  },
  "1d3345": {
    "i": "1d3345",
    "r": "RF-78661",
    "it": "IL76",
    "y": null,
    "m": null,
    "mo": "Ilyushin Il-76MD-90A",
    "o": null,
    "st": "L4J",
    "ml": true
  },
  "1d333d": {
    "i": "1d333d",
    "r": "RF-78653",
    "it": "IL76",
    "y": null,
    "m": null,
    "mo": "Ilyushin IL-76MD-90A",
    "o": null,
    "st": "L4J",
    "ml": true
  },
  "1d333c": {
    "i": "1d333c",
    "r": "RF-78652",
    "it": "IL76",
    "y": null,
    "m": null,
    "mo": "",
    "o": null,
    "st": "L4J",
    "ml": true
  },
  "1d3343": {
    "i": "1d3343",
    "r": "RF-78659",
    "it": "IL76",
    "y": null,
    "m": null,
    "mo": "Ilyushin Il-76MD-90A",
    "o": null,
    "st": "L4J",
    "ml": true
  },
  "1d3346": {
    "i": "1d3346",
    "r": "RF-78662",
    "it": "IL76",
    "y": null,
    "m": null,
    "mo": "",
    "o": null,
    "st": "L4J",
    "ml": true
  },
  "1d3349": {
    "i": "1d3349",
    "r": "RF-78665",
    "it": "IL76",
    "y": null,
    "m": null,
    "mo": "",
    "o": null,
    "st": "L4J",
    "ml": true
  },
  "1d0022": {
    "i": "1d0022",
    "r": "65570",
    "it": "T134",
    "y": null,
    "m": null,
    "mo": "Tupolev Tu-134AK",
    "o": null,
    "st": "L2J",
    "ml": false
  },
  "1d2b01": {
    "i": "1d2b01",
    "r": "RF-76545",
    "it": "IL76",
    "y": null,
    "m": null,
    "mo": "Ilyushin Il-76MD",
    "o": null,
    "st": "L4J",
    "ml": false
  },
  "1d3341": {
    "i": "1d3341",
    "r": "RF-78657",
    "it": "IL76",
    "y": null,
    "m": null,
    "mo": "Il''yushin Il-76-MD-90A",
    "o": null,
    "st": "L4J",
    "ml": true
  },
  "1d334a": {
    "i": "1d334a",
    "r": "RF-78666",
    "it": "IL76",
    "y": null,
    "m": null,
    "mo": "",
    "o": null,
    "st": "L4J",
    "ml": true
  },
  "1d3340": {
    "i": "1d3340",
    "r": "RF-78656",
    "it": "IL76",
    "y": null,
    "m": null,
    "mo": "Ilyushin Il-76MD-90A",
    "o": null,
    "st": "L4J",
    "ml": true
  }
}