{
  "1ea5c8": {
    "i": "1ea5c8",
    "r": "42440",
    "it": "YK42",
    "y": null,
    "m": null,
    "mo": "Yakovlev Yak-42D",
    "o": null,
    "st": "L3J",
    "ml": false
  },
  "1ed2f6": {
    "i": "1ed2f6",
    "r": "54006",
    "it": "IL18",
    "y": null,
    "m": null,
    "mo": "",
    "o": null,
    "st": "L4T",
    "ml": false
  },
  "1e3c8a": {
    "i": "1e3c8a",
    "r": "357",
    "it": "C130",
    "y": null,
    "m": "LOCKHEED",
    "mo": "C-130 Hercules",
    "o": "Miscode - JORDAN",
    "st": "L4T",
    "ml": true
  }
}