{
  "1f1d5f": {
    "i": "1f1d5f",
    "r": "RA-73055",
    "it": "MC23",
    "y": null,
    "m": null,
    "mo": "Irkut MC-21-310",
    "o": null,
    "st": "L2J",
    "ml": false
  },
  "1f7040": {
    "i": "1f7040",
    "r": "RF-94272",
    "it": "IL76",
    "y": null,
    "m": null,
    "mo": "Ilyushin IL-76 TD",
    "o": null,
    "st": "L4J",
    "ml": true
  },
  "1f7aeb": {
    "i": "1f7aeb",
    "r": "RA-97003",
    "it": "SU95",
    "y": null,
    "m": null,
    "mo": "Sukhoi SuperJet 100-95",
    "o": null,
    "st": "L2J",
    "ml": false
  },
  "1f1d5b": {
    "i": "1f1d5b",
    "r": "RA-73051",
    "it": "MC23",
    "y": null,
    "m": null,
    "mo": "",
    "o": null,
    "st": "L2J",
    "ml": false
  },
  "1f333f": {
    "i": "1f333f",
    "r": "RF-78655",
    "it": "IL76",
    "y": null,
    "m": null,
    "mo": "Ilyushin IL-76-MD",
    "o": null,
    "st": "L4J",
    "ml": true
  },
  "1f1d5d": {
    "i": "1f1d5d",
    "r": "RA-73053",
    "it": "MC23",
    "y": null,
    "m": null,
    "mo": "",
    "o": null,
    "st": "L2J",
    "ml": false
  },
  "1f7b04": {
    "i": "1f7b04",
    "r": "RA-97028",
    "it": "SU95",
    "y": null,
    "m": null,
    "mo": "",
    "o": null,
    "st": "L2J",
    "ml": false
  },
  "1f2bca": {
    "i": "1f2bca",
    "r": "RF-76746",
    "it": "IL76",
    "y": null,
    "m": null,
    "mo": "Ilyushin Il-76MD-M",
    "o": null,
    "st": "L4J",
    "ml": true
  },
  "1f3395": {
    "i": "1f3395",
    "r": "RF-78741",
    "it": "IL76",
    "y": null,
    "m": null,
    "mo": "Ilyushin IL-78-M-90A",
    "o": null,
    "st": "L4J",
    "ml": true
  },
  "1f6fa9": {
    "i": "1f6fa9",
    "r": "RF-94121",
    "it": "TU95",
    "y": null,
    "m": null,
    "mo": "",
    "o": null,
    "st": "L4T",
    "ml": true
  },
  "1f7aed": {
    "i": "1f7aed",
    "r": "RA-97005",
    "it": "SU95",
    "y": null,
    "m": null,
    "mo": "Sukhoi SuperJet 100-95",
    "o": null,
    "st": "L2J",
    "ml": false
  },
  "1f7b03": {
    "i": "1f7b03",
    "r": "RA-97027",
    "it": "SU95",
    "y": null,
    "m": null,
    "mo": "",
    "o": null,
    "st": "L2J",
    "ml": false
  },
  "1f7afc": {
    "i": "1f7afc",
    "r": "RA-97020",
    "it": "SU95",
    "y": null,
    "m": null,
    "mo": "Suhkoi SuperJet 100-95B",
    "o": null,
    "st": "L2J",
    "ml": false
  },
  "1f1d5e": {
    "i": "1f1d5e",
    "r": "RA-73054",
    "it": "MC23",
    "y": null,
    "m": null,
    "mo": "Irkut MC-21-300",
    "o": null,
    "st": "L2J",
    "ml": false
  },
  "1f7aea": {
    "i": "1f7aea",
    "r": "RA-97002",
    "it": "SU95",
    "y": null,
    "m": null,
    "mo": "Sukhoi SuperJet 100-95",
    "o": null,
    "st": "L2J",
    "ml": false
  },
  "1f7b00": {
    "i": "1f7b00",
    "r": "RA-97024",
    "it": "SU95",
    "y": null,
    "m": null,
    "mo": "",
    "o": null,
    "st": "L2J",
    "ml": false
  },
  "1f7aee": {
    "i": "1f7aee",
    "r": "RA-97006",
    "it": "SU95",
    "y": null,
    "m": null,
    "mo": "Sukhoi SuperJet 100-95LR",
    "o": null,
    "st": "L2J",
    "ml": false
  },
  "1f7af5": {
    "i": "1f7af5",
    "r": "RA-97013",
    "it": "SU95",
    "y": null,
    "m": null,
    "mo": "Sukhoi Superjet 100-95B",
    "o": null,
    "st": "L2J",
    "ml": false
  },
  "1f333a": {
    "i": "1f333a",
    "r": "78650",
    "it": "IL76",
    "y": null,
    "m": null,
    "mo": "Ilyushin Il-76MD-90A",
    "o": null,
    "st": "L4J",
    "ml": false
  },
  "1f7afb": {
    "i": "1f7afb",
    "r": "97019",
    "it": "SU95",
    "y": null,
    "m": null,
    "mo": "Sukhoi Superjet 100-95B",
    "o": null,
    "st": "L2J",
    "ml": false
  },
  "1f1d60": {
    "i": "1f1d60",
    "r": "RA-73056",
    "it": "MC23",
    "y": null,
    "m": null,
    "mo": "Irkut MC-21-300",
    "o": null,
    "st": "L2J",
    "ml": false
  },
  "1f7b02": {
    "i": "1f7b02",
    "r": "RA-97026",
    "it": "SU95",
    "y": null,
    "m": null,
    "mo": "Sukhoi SuperJet 100-95B",
    "o": null,
    "st": "L2J",
    "ml": false
  },
  "1f7af4": {
    "i": "1f7af4",
    "r": "RA-97012",
    "it": "SU95",
    "y": null,
    "m": null,
    "mo": "Sukhoi SuperJet 100-95B",
    "o": null,
    "st": "L2J",
    "ml": false
  },
  "1f27c1": {
    "i": "1f27c1",
    "r": "RF-75713",
    "it": "IL18",
    "y": null,
    "m": null,
    "mo": "Ilyushin Il-18D",
    "o": null,
    "st": "L4T",
    "ml": false
  },
  "1f3342": {
    "i": "1f3342",
    "r": "RF-78658",
    "it": "IL76",
    "y": null,
    "m": null,
    "mo": "Il''yushin Il-76MD-90A",
    "o": null,
    "st": "L4J",
    "ml": false
  },
  "1f637b": {
    "i": "1f637b",
    "r": "RF-91003",
    "it": "I114",
    "y": null,
    "m": null,
    "mo": "Ilyushin Il-114LL",
    "o": null,
    "st": "L2T",
    "ml": false
  },
  "1f632c": {
    "i": "1f632c",
    "r": "RF-90924",
    "it": "IL18",
    "y": null,
    "m": null,
    "mo": "Ilyushin IL-20 M",
    "o": null,
    "st": "L4T",
    "ml": false
  },
  "1f7b05": {
    "i": "1f7b05",
    "r": "97029",
    "it": "SU95",
    "y": null,
    "m": null,
    "mo": "Sukhoi Superjet 100-95B",
    "o": null,
    "st": "L2J",
    "ml": false
  }
}