{
  "201099": {
    "i": "201099",
    "r": "V5-ILO",
    "it": "C172",
    "y": null,
    "m": "CESSNA",
    "mo": "172 Skyhawk",
    "o": null,
    "st": "L1P",
    "ml": false
  },
  "2013cc": {
    "i": "2013cc",
    "r": "TWR",
    "it": "TWR",
    "y": null,
    "m": null,
    "mo": null,
    "o": null,
    "st": "T0-",
    "ml": false
  },
  "201027": {
    "i": "201027",
    "r": "V5-ANM",
    "it": "A319",
    "y": null,
    "m": null,
    "mo": "Airbus A319-112",
    "o": null,
    "st": "L2J",
    "ml": false
  },
  "20103c": {
    "i": "20103c",
    "r": "V5-ANP",
    "it": "A332",
    "y": null,
    "m": null,
    "mo": "Airbus A330-243",
    "o": null,
    "st": "L2J",
    "ml": false
  },
  "20103e": {
    "i": "20103e",
    "r": "V5-ANG",
    "it": "E135",
    "y": null,
    "m": null,
    "mo": "Embraer ERJ-135",
    "o": null,
    "st": "L2J",
    "ml": false
  },
  "201001": {
    "i": "201001",
    "r": "V5-NAM",
    "it": "F900",
    "y": null,
    "m": null,
    "mo": "Dassault Falcon 900 B",
    "o": null,
    "st": "L3J",
    "ml": false
  },
  "201037": {
    "i": "201037",
    "r": "V5-LRJ",
    "it": "LJ45",
    "y": null,
    "m": null,
    "mo": "Bombardier Learjet 45",
    "o": null,
    "st": "L2J",
    "ml": false
  },
  "201048": {
    "i": "201048",
    "r": "V5-EMA",
    "it": "C210",
    "y": null,
    "m": null,
    "mo": "",
    "o": null,
    "st": "L1P",
    "ml": false
  },
  "201002": {
    "i": "201002",
    "r": "V5-NAG",
    "it": "LJ31",
    "y": null,
    "m": null,
    "mo": "Bombardier Learjet 31 A",
    "o": null,
    "st": "L2J",
    "ml": false
  },
  "201047": {
    "i": "201047",
    "r": "V5-NDB",
    "it": "C56X",
    "y": null,
    "m": null,
    "mo": "",
    "o": null,
    "st": "L2J",
    "ml": false
  },
  "20104f": {
    "i": "20104f",
    "r": "V5-WEN",
    "it": "E145",
    "y": null,
    "m": null,
    "mo": "",
    "o": null,
    "st": "L2J",
    "ml": false
  },
  "20100e": {
    "i": "20100e",
    "r": "V5-WAR",
    "it": "F406",
    "y": null,
    "m": null,
    "mo": "",
    "o": null,
    "st": "L2T",
    "ml": false
  },
  "201022": {
    "i": "201022",
    "r": "V5-MPK",
    "it": "MU2",
    "y": null,
    "m": null,
    "mo": "Mitsubishi MU-2-B-60",
    "o": null,
    "st": "L2T",
    "ml": false
  },
  "201035": {
    "i": "201035",
    "r": "V5-PJM",
    "it": "GLF3",
    "y": null,
    "m": null,
    "mo": "Grumman GIII",
    "o": null,
    "st": "L2J",
    "ml": false
  },
  "202036": {
    "i": "202036",
    "r": "E3-AAS",
    "it": "PC6T",
    "y": null,
    "m": null,
    "mo": "Pilatus PC-6 B2-H4",
    "o": null,
    "st": "L1T",
    "ml": false
  },
  "201025": {
    "i": "201025",
    "r": "V5-ANI",
    "it": "E135",
    "y": null,
    "m": null,
    "mo": "Embraer ERJ-135",
    "o": null,
    "st": "L2J",
    "ml": false
  },
  "201011": {
    "i": "201011",
    "r": "V5-BTO",
    "it": "B350",
    "y": null,
    "m": null,
    "mo": "",
    "o": null,
    "st": "L2T",
    "ml": false
  },
  "201020": {
    "i": "201020",
    "r": "V5-NVP",
    "it": "BE20",
    "y": null,
    "m": null,
    "mo": "",
    "o": null,
    "st": "L2T",
    "ml": false
  },
  "201060": {
    "i": "201060",
    "r": "V5-WEL",
    "it": "E145",
    "y": null,
    "m": null,
    "mo": "",
    "o": null,
    "st": "L2J",
    "ml": false
  },
  "201019": {
    "i": "201019",
    "r": "V5-RON",
    "it": "LJ75",
    "y": null,
    "m": null,
    "mo": "Learjet 45",
    "o": null,
    "st": "L2J",
    "ml": false
  },
  "20101e": {
    "i": "20101e",
    "r": "V5-JDL",
    "it": "MU2",
    "y": null,
    "m": null,
    "mo": "Mitsubishi MU-2-B-60",
    "o": null,
    "st": "L2T",
    "ml": false
  },
  "201036": {
    "i": "201036",
    "r": "V5-WEC",
    "it": "E145",
    "y": null,
    "m": null,
    "mo": "",
    "o": null,
    "st": "L2J",
    "ml": false
  },
  "201069": {
    "i": "201069",
    "r": "V5-SAN",
    "it": "B190",
    "y": null,
    "m": null,
    "mo": "",
    "o": null,
    "st": "L2T",
    "ml": false
  },
  "202031": {
    "i": "202031",
    "r": "E3-AAQ",
    "it": "B762",
    "y": null,
    "m": null,
    "mo": "Boeing 767-238",
    "o": null,
    "st": "L2J",
    "ml": false
  },
  "20100a": {
    "i": "20100a",
    "r": "V5-TGI",
    "it": "PC12",
    "y": null,
    "m": null,
    "mo": "",
    "o": null,
    "st": "L1T",
    "ml": false
  },
  "201054": {
    "i": "201054",
    "r": "V5-WIN",
    "it": "E145",
    "y": null,
    "m": null,
    "mo": "",
    "o": null,
    "st": "L2J",
    "ml": false
  },
  "201010": {
    "i": "201010",
    "r": "V5-WAN",
    "it": "B350",
    "y": null,
    "m": null,
    "mo": "Raytheon Aircraft Company King Air B350",
    "o": null,
    "st": "L2T",
    "ml": false
  },
  "201031": {
    "i": "201031",
    "r": "V5-ANN",
    "it": "A319",
    "y": null,
    "m": null,
    "mo": "Airbus A319-112",
    "o": null,
    "st": "L2J",
    "ml": false
  },
  "203547": {
    "i": "203547",
    "r": "RA-67431",
    "it": "C525",
    "y": null,
    "m": null,
    "mo": "Cessna 525",
    "o": null,
    "st": "L2J",
    "ml": false
  },
  "201053": {
    "i": "201053",
    "r": "V5-WAY",
    "it": "F406",
    "y": null,
    "m": null,
    "mo": "Reims F406 Caravan 2",
    "o": null,
    "st": "L2T",
    "ml": false
  },
  "203144": {
    "i": "203144",
    "r": "RA-67172",
    "it": "C525",
    "y": null,
    "m": null,
    "mo": "Cessna 525",
    "o": null,
    "st": "L2J",
    "ml": false
  },
  "201009": {
    "i": "201009",
    "r": "V5-UDP",
    "it": "RV10",
    "y": null,
    "m": null,
    "mo": "",
    "o": null,
    "st": "L1P",
    "ml": false
  },
  "201021": {
    "i": "201021",
    "r": "V5-WWA",
    "it": "B190",
    "y": null,
    "m": null,
    "mo": "",
    "o": null,
    "st": "L2T",
    "ml": false
  },
  "20100c": {
    "i": "20100c",
    "r": "V5-MAC",
    "it": "AC90",
    "y": null,
    "m": null,
    "mo": "Rockwell Turbo Commander 690B",
    "o": null,
    "st": "L2T",
    "ml": false
  },
  "20103d": {
    "i": "20103d",
    "r": "V5-ANH",
    "it": "E135",
    "y": null,
    "m": null,
    "mo": "Embraer ERJ-135",
    "o": null,
    "st": "L2J",
    "ml": false
  },
  "201055": {
    "i": "201055",
    "r": "V5-WEJ",
    "it": "E135",
    "y": null,
    "m": null,
    "mo": "",
    "o": null,
    "st": "L2J",
    "ml": false
  },
  "20102a": {
    "i": "20102a",
    "r": "V5-ANF",
    "it": "E135",
    "y": null,
    "m": null,
    "mo": "Embraer ERJ-135",
    "o": null,
    "st": "L2J",
    "ml": false
  },
  "201038": {
    "i": "201038",
    "r": "V5-ANK",
    "it": "A319",
    "y": null,
    "m": null,
    "mo": "Airbus A319 112",
    "o": null,
    "st": "L2J",
    "ml": false
  },
  "2013ce": {
    "i": "2013ce",
    "r": "TWR",
    "it": "TWR",
    "y": null,
    "m": null,
    "mo": null,
    "o": null,
    "st": "T0-",
    "ml": false
  },
  "20108c": {
    "i": "20108c",
    "r": "V5-RAF",
    "it": "T206",
    "y": null,
    "m": "CESSNA",
    "mo": "T206 Turbo Stationair",
    "o": null,
    "st": "L1P",
    "ml": false
  },
  "20103f": {
    "i": "20103f",
    "r": "V5-GON",
    "it": "FA7X",
    "y": null,
    "m": "DASSAULT",
    "mo": "Falcon 7X",
    "o": "Government of Namibia",
    "st": "L3J",
    "ml": true
  },
  "20104d": {
    "i": "20104d",
    "r": "V5-UGT",
    "it": "RV9",
    "y": null,
    "m": "VANS",
    "mo": "RV-9",
    "o": null,
    "st": "L1P",
    "ml": false
  },
  "20108d": {
    "i": "20108d",
    "r": "V5-MXM",
    "it": "BT36",
    "y": null,
    "m": "BEECH",
    "mo": "36TC Bonanza",
    "o": null,
    "st": "L1P",
    "ml": false
  },
  "201088": {
    "i": "201088",
    "r": "V5-HFM",
    "it": "A139",
    "y": null,
    "m": "AGUSTA",
    "mo": "AW-139",
    "o": null,
    "st": "H2T",
    "ml": false
  },
  "20106c": {
    "i": "20106c",
    "r": "V5-WAH",
    "it": "C210",
    "y": null,
    "m": "CESSNA",
    "mo": "210 Centurion",
    "o": null,
    "st": "L1P",
    "ml": false
  },
  "201075": {
    "i": "201075",
    "r": "V5-SBL",
    "it": "C208",
    "y": null,
    "m": "CESSNA",
    "mo": "208 Caravan",
    "o": null,
    "st": "L1T",
    "ml": false
  },
  "20c462": {
    "i": "20c462",
    "r": "N149CS",
    "it": "P3",
    "y": "1968",
    "m": "LOCKHEED",
    "mo": "P-3 Orion",
    "o": "US CUSTOMS & BORDER PROTECTION",
    "st": "L4T",
    "ml": false
  },
  "201394": {
    "i": "201394",
    "r": "TWR",
    "it": "TWR",
    "y": null,
    "m": null,
    "mo": null,
    "o": null,
    "st": "T0-",
    "ml": false
  },
  "20105a": {
    "i": "20105a",
    "r": "V5-FIS",
    "it": "C182",
    "y": null,
    "m": "CESSNA",
    "mo": "182 Skylane",
    "o": null,
    "st": "L1P",
    "ml": false
  }
}