{
  "31d7f0": {
    "i": "31d7f0",
    "r": "I-6573",
    "it": "MM16",
    "y": null,
    "m": null,
    "mo": "Magni Gyro M-16 Tandem Trainer",
    "o": null,
    "st": "G1P",
    "ml": false
  },
  "31d82d": {
    "i": "31d82d",
    "r": "I-6588",
    "it": "SKAR",
    "y": null,
    "m": null,
    "mo": "",
    "o": null,
    "st": "L1P",
    "ml": false
  },
  "31d90d": {
    "i": "31d90d",
    "r": "I-B472",
    "it": "TL20",
    "y": null,
    "m": null,
    "mo": "TL Ultralight TL-2000",
    "o": null,
    "st": "L1P",
    "ml": false
  },
  "31dbf6": {
    "i": "31dbf6",
    "r": "I-A481",
    "it": "CORO",
    "y": null,
    "m": null,
    "mo": "",
    "o": null,
    "st": "L1P",
    "ml": false
  },
  "31dc59": {
    "i": "31dc59",
    "r": "I-C219",
    "it": "WT9",
    "y": null,
    "m": null,
    "mo": "",
    "o": null,
    "st": "L1P",
    "ml": false
  },
  "31dc9b": {
    "i": "31dc9b",
    "r": "I-C326",
    "it": "ASTO",
    "y": null,
    "m": null,
    "mo": "Tecnam Astore",
    "o": null,
    "st": "L1P",
    "ml": false
  },
  "31dce6": {
    "i": "31dce6",
    "r": "I-A807",
    "it": "BRAV",
    "y": null,
    "m": null,
    "mo": "Tecnam P.2004 Bravo",
    "o": null,
    "st": "L1P",
    "ml": false
  },
  "31dd07": {
    "i": "31dd07",
    "r": "I-C701",
    "it": "TARR",
    "y": null,
    "m": null,
    "mo": "",
    "o": null,
    "st": "L1P",
    "ml": false
  },
  "31ddf9": {
    "i": "31ddf9",
    "r": "I-D252",
    "it": "ULAC",
    "y": null,
    "m": null,
    "mo": "Nando Groppo G70",
    "o": null,
    "st": "L0-",
    "ml": false
  },
  "31de37": {
    "i": "31de37",
    "r": "I-D399",
    "it": "TL30",
    "y": null,
    "m": null,
    "mo": "",
    "o": null,
    "st": "L1P",
    "ml": false
  },
  "31de41": {
    "i": "31de41",
    "r": "I-D416",
    "it": "RV9",
    "y": null,
    "m": null,
    "mo": "Vans RV-9",
    "o": null,
    "st": "L1P",
    "ml": false
  },
  "31de7f": {
    "i": "31de7f",
    "r": "I-B075",
    "it": "ULAC",
    "y": null,
    "m": null,
    "mo": "",
    "o": null,
    "st": "L0-",
    "ml": false
  },
  "31de94": {
    "i": "31de94",
    "r": "I-D545",
    "it": "MM24",
    "y": null,
    "m": null,
    "mo": "",
    "o": null,
    "st": "G1P",
    "ml": false
  },
  "31deaa": {
    "i": "31deaa",
    "r": "I-7273",
    "it": "GOLF",
    "y": null,
    "m": null,
    "mo": "",
    "o": null,
    "st": "L1P",
    "ml": false
  },
  "31df02": {
    "i": "31df02",
    "r": "I-D782",
    "it": "ECHO",
    "y": null,
    "m": null,
    "mo": "",
    "o": null,
    "st": "L1P",
    "ml": false
  },
  "31df10": {
    "i": "31df10",
    "r": "I-D795",
    "it": "FDCT",
    "y": null,
    "m": null,
    "mo": "",
    "o": null,
    "st": "L1P",
    "ml": false
  },
  "31df8b": {
    "i": "31df8b",
    "r": "I-E042",
    "it": "SVNH",
    "y": null,
    "m": null,
    "mo": "",
    "o": null,
    "st": "L1P",
    "ml": false
  },
  "31dfea": {
    "i": "31dfea",
    "r": "I-E277",
    "it": "EV97",
    "y": null,
    "m": null,
    "mo": "",
    "o": null,
    "st": "L1P",
    "ml": false
  },
  "31f013": {
    "i": "31f013",
    "r": "4X-HLM",
    "it": "ASTO",
    "y": null,
    "m": null,
    "mo": "Tecnam Astore",
    "o": null,
    "st": "L1P",
    "ml": false
  },
  "31ff17": {
    "i": "31ff17",
    "r": "I-RAIH",
    "it": "A189",
    "y": null,
    "m": null,
    "mo": "AgustaWestland 149 / 189",
    "o": null,
    "st": "H2T",
    "ml": false
  },
  "31d82c": {
    "i": "31d82c",
    "r": "I-6232",
    "it": "ULAC",
    "y": null,
    "m": null,
    "mo": "LL-2000 Club",
    "o": null,
    "st": "L0-",
    "ml": false
  },
  "31d83c": {
    "i": "31d83c",
    "r": "I-8233",
    "it": "SIRA",
    "y": null,
    "m": null,
    "mo": "Tecnam P.2002 Sierra",
    "o": null,
    "st": "L1P",
    "ml": false
  },
  "31d84f": {
    "i": "31d84f",
    "r": "I-6110",
    "it": "ECHO",
    "y": null,
    "m": null,
    "mo": "",
    "o": null,
    "st": "L1P",
    "ml": false
  },
  "31d98d": {
    "i": "31d98d",
    "r": "I-A418",
    "it": "ZZZZ",
    "y": null,
    "m": null,
    "mo": "Coavia DF-2000",
    "o": null,
    "st": "-0-",
    "ml": false
  },
  "31d9be": {
    "i": "31d9be",
    "r": "I-B502",
    "it": "ECHO",
    "y": null,
    "m": null,
    "mo": "",
    "o": null,
    "st": "L1P",
    "ml": false
  },
  "31ddc4": {
    "i": "31ddc4",
    "r": "I-D143",
    "it": "ULAC",
    "y": null,
    "m": null,
    "mo": "Mecc Freccia RG",
    "o": null,
    "st": "L0-",
    "ml": false
  },
  "31ddd7": {
    "i": "31ddd7",
    "r": "I-D169",
    "it": "NG5",
    "y": null,
    "m": null,
    "mo": "BRM Bristell Classic HD",
    "o": null,
    "st": "L1P",
    "ml": false
  },
  "31ddd9": {
    "i": "31ddd9",
    "r": "I-D171",
    "it": "VNTR",
    "y": null,
    "m": null,
    "mo": "",
    "o": null,
    "st": "L1P",
    "ml": false
  },
  "31dec1": {
    "i": "31dec1",
    "r": "I-6889",
    "it": "SVNH",
    "y": null,
    "m": null,
    "mo": "",
    "o": null,
    "st": "L1P",
    "ml": false
  },
  "31df32": {
    "i": "31df32",
    "r": "I-D866",
    "it": "ASTO",
    "y": null,
    "m": null,
    "mo": "",
    "o": null,
    "st": "L1P",
    "ml": false
  },
  "31df72": {
    "i": "31df72",
    "r": "I-7134",
    "it": "FB5",
    "y": null,
    "m": null,
    "mo": "",
    "o": null,
    "st": "L1P",
    "ml": false
  },
  "31df9d": {
    "i": "31df9d",
    "r": "I-E085",
    "it": "R22",
    "y": null,
    "m": null,
    "mo": "",
    "o": null,
    "st": "H1P",
    "ml": false
  },
  "31dfbb": {
    "i": "31dfbb",
    "r": "I-5882",
    "it": "ECHO",
    "y": null,
    "m": null,
    "mo": "",
    "o": null,
    "st": "L1P",
    "ml": false
  },
  "31dfde": {
    "i": "31dfde",
    "r": "I-E251",
    "it": "MM16",
    "y": null,
    "m": null,
    "mo": "",
    "o": null,
    "st": "G1P",
    "ml": false
  },
  "31dfe9": {
    "i": "31dfe9",
    "r": "I-6476",
    "it": "TEXA",
    "y": null,
    "m": null,
    "mo": "",
    "o": null,
    "st": "L1P",
    "ml": false
  },
  "31ff05": {
    "i": "31ff05",
    "r": "I-PDVS",
    "it": "P180",
    "y": null,
    "m": null,
    "mo": "Piaggio P-180 Avanti EVO",
    "o": null,
    "st": "L2T",
    "ml": false
  },
  "31ff27": {
    "i": "31ff27",
    "r": "I-PTFJ",
    "it": "TWEN",
    "y": null,
    "m": null,
    "mo": "",
    "o": null,
    "st": "L1P",
    "ml": false
  },
  "31dc14": {
    "i": "31dc14",
    "r": "I-6975",
    "it": "ECHO",
    "y": null,
    "m": null,
    "mo": "Tecnam P.92 Echo",
    "o": null,
    "st": "L1P",
    "ml": false
  },
  "31dc6c": {
    "i": "31dc6c",
    "r": "I-C258",
    "it": "MM24",
    "y": null,
    "m": null,
    "mo": "",
    "o": null,
    "st": "G1P",
    "ml": false
  },
  "31dcbe": {
    "i": "31dcbe",
    "r": "I-8848",
    "it": "BRAV",
    "y": null,
    "m": null,
    "mo": "Tecnam P.2004 Bravo",
    "o": null,
    "st": "L1P",
    "ml": false
  },
  "31dcc2": {
    "i": "31dcc2",
    "r": "I-9280",
    "it": "SVNH",
    "y": null,
    "m": null,
    "mo": "ICP MXP-740 Savannah",
    "o": null,
    "st": "L1P",
    "ml": false
  },
  "31dd98": {
    "i": "31dd98",
    "r": "I-D045",
    "it": "WT9",
    "y": null,
    "m": null,
    "mo": "",
    "o": null,
    "st": "L1P",
    "ml": false
  },
  "31dda6": {
    "i": "31dda6",
    "r": "I-D075",
    "it": "ULAC",
    "y": null,
    "m": null,
    "mo": "FL90 Super",
    "o": null,
    "st": "L0-",
    "ml": false
  },
  "31ddc0": {
    "i": "31ddc0",
    "r": "I-D124",
    "it": "VNTR",
    "y": null,
    "m": null,
    "mo": "ICP Ventura",
    "o": null,
    "st": "L1P",
    "ml": false
  },
  "31ddcc": {
    "i": "31ddcc",
    "r": "I-7492",
    "it": "EV97",
    "y": null,
    "m": null,
    "mo": "Evektor-Aerotechnik EV-97 Eurostar",
    "o": null,
    "st": "L1P",
    "ml": false
  },
  "31dfd1": {
    "i": "31dfd1",
    "r": "I-E226",
    "it": "UHEL",
    "y": null,
    "m": null,
    "mo": "CH77 Ranabot",
    "o": null,
    "st": "H0-",
    "ml": false
  },
  "31e09f": {
    "i": "31e09f",
    "r": "I-E600",
    "it": "MM24",
    "y": null,
    "m": null,
    "mo": "",
    "o": null,
    "st": "G1P",
    "ml": false
  },
  "31fee0": {
    "i": "31fee0",
    "r": "I-PTFE",
    "it": "A109",
    "y": null,
    "m": null,
    "mo": "",
    "o": null,
    "st": "H2T",
    "ml": false
  },
  "31ff10": {
    "i": "31ff10",
    "r": "I-PDVA",
    "it": "P68",
    "y": null,
    "m": null,
    "mo": "",
    "o": null,
    "st": "L2P",
    "ml": false
  },
  "31ffd7": {
    "i": "31ffd7",
    "r": "TWR",
    "it": "TWR",
    "y": null,
    "m": null,
    "mo": "",
    "o": null,
    "st": "T0-",
    "ml": false
  },
  "31d836": {
    "i": "31d836",
    "r": "I-6361",
    "it": "GOLF",
    "y": null,
    "m": null,
    "mo": "",
    "o": null,
    "st": "L1P",
    "ml": false
  },
  "31dc24": {
    "i": "31dc24",
    "r": "I-6255",
    "it": "STCH",
    "y": null,
    "m": null,
    "mo": "Fly Synthesis Storch",
    "o": null,
    "st": "L1P",
    "ml": false
  },
  "31dc46": {
    "i": "31dc46",
    "r": "I-C150",
    "it": "MCR4",
    "y": null,
    "m": null,
    "mo": "",
    "o": null,
    "st": "L1P",
    "ml": false
  },
  "31de4b": {
    "i": "31de4b",
    "r": "I-D429",
    "it": "PRIM",
    "y": null,
    "m": null,
    "mo": "",
    "o": null,
    "st": "L1P",
    "ml": false
  },
  "31de99": {
    "i": "31de99",
    "r": "I-D555",
    "it": "SVNH",
    "y": null,
    "m": null,
    "mo": "",
    "o": null,
    "st": "L1P",
    "ml": false
  },
  "31deef": {
    "i": "31deef",
    "r": "I-7171",
    "it": "EV97",
    "y": null,
    "m": null,
    "mo": "",
    "o": null,
    "st": "L1P",
    "ml": false
  },
  "31df57": {
    "i": "31df57",
    "r": "I-B730",
    "it": "ULAC",
    "y": null,
    "m": null,
    "mo": "",
    "o": null,
    "st": "L0-",
    "ml": false
  },
  "31df9a": {
    "i": "31df9a",
    "r": "I-E082",
    "it": "G70",
    "y": null,
    "m": null,
    "mo": "",
    "o": null,
    "st": "L1P",
    "ml": false
  },
  "31e039": {
    "i": "31e039",
    "r": "I-E434",
    "it": "PIAT",
    "y": null,
    "m": null,
    "mo": "",
    "o": null,
    "st": "L1P",
    "ml": false
  },
  "31fedd": {
    "i": "31fedd",
    "r": "I-RAII",
    "it": "A139",
    "y": null,
    "m": null,
    "mo": "",
    "o": null,
    "st": "H2T",
    "ml": false
  },
  "31fef3": {
    "i": "31fef3",
    "r": "I-EASL",
    "it": "A169",
    "y": null,
    "m": null,
    "mo": "",
    "o": null,
    "st": "H2T",
    "ml": false
  },
  "31fefa": {
    "i": "31fefa",
    "r": "I-RAIN",
    "it": "A139",
    "y": null,
    "m": null,
    "mo": "AgustaWestland AW.139",
    "o": null,
    "st": "H2T",
    "ml": false
  },
  "31d866": {
    "i": "31d866",
    "r": "I-B045",
    "it": "SIRA",
    "y": null,
    "m": null,
    "mo": "Tecnam P.2002 Sierra",
    "o": null,
    "st": "L1P",
    "ml": false
  },
  "31d925": {
    "i": "31d925",
    "r": "I-9147",
    "it": "SIRA",
    "y": null,
    "m": null,
    "mo": "Tecnam P.2002 Sierra RG",
    "o": null,
    "st": "L1P",
    "ml": false
  },
  "31d92e": {
    "i": "31d92e",
    "r": "I-B555",
    "it": "TEXA",
    "y": null,
    "m": null,
    "mo": "",
    "o": null,
    "st": "L1P",
    "ml": false
  },
  "31d933": {
    "i": "31d933",
    "r": "I-8382",
    "it": "TEXA",
    "y": null,
    "m": null,
    "mo": "Fly Synthesis Texan Top Class",
    "o": null,
    "st": "L1P",
    "ml": false
  },
  "31dc12": {
    "i": "31dc12",
    "r": "I-B628",
    "it": "P208",
    "y": null,
    "m": null,
    "mo": "Tecnam P.2008",
    "o": null,
    "st": "L1P",
    "ml": false
  },
  "31dc37": {
    "i": "31dc37",
    "r": "I-C115",
    "it": "ASO4",
    "y": null,
    "m": null,
    "mo": "",
    "o": null,
    "st": "L1P",
    "ml": false
  },
  "31dc56": {
    "i": "31dc56",
    "r": "I-C213",
    "it": "PIVI",
    "y": null,
    "m": null,
    "mo": "Pipistrel Virus SW",
    "o": null,
    "st": "L1P",
    "ml": false
  },
  "31dc8f": {
    "i": "31dc8f",
    "r": "I-6018",
    "it": "ECHO",
    "y": null,
    "m": null,
    "mo": "",
    "o": null,
    "st": "L1P",
    "ml": false
  },
  "31de67": {
    "i": "31de67",
    "r": "I-D483",
    "it": "ALTO",
    "y": null,
    "m": null,
    "mo": "",
    "o": null,
    "st": "L1P",
    "ml": false
  },
  "31df78": {
    "i": "31df78",
    "r": "I-D983",
    "it": "ZZZZ",
    "y": null,
    "m": null,
    "mo": "Konner K1-S19",
    "o": null,
    "st": "-0-",
    "ml": false
  },
  "31df94": {
    "i": "31df94",
    "r": "I-E066",
    "it": "SVNH",
    "y": null,
    "m": null,
    "mo": "",
    "o": null,
    "st": "L1P",
    "ml": false
  },
  "31dfa6": {
    "i": "31dfa6",
    "r": "I-6658",
    "it": "STRM",
    "y": null,
    "m": null,
    "mo": "",
    "o": null,
    "st": "L1P",
    "ml": false
  },
  "31dfe5": {
    "i": "31dfe5",
    "r": "I-E260",
    "it": "SVNH",
    "y": null,
    "m": null,
    "mo": "",
    "o": null,
    "st": "L1P",
    "ml": false
  },
  "31e018": {
    "i": "31e018",
    "r": "I-E363",
    "it": "SVNH",
    "y": null,
    "m": null,
    "mo": "",
    "o": null,
    "st": "L1P",
    "ml": false
  },
  "31ffa7": {
    "i": "31ffa7",
    "r": "I-8872",
    "it": "BRAV",
    "y": null,
    "m": null,
    "mo": "",
    "o": null,
    "st": "L1P",
    "ml": false
  },
  "31ffca": {
    "i": "31ffca",
    "r": "TWR",
    "it": "TWR",
    "y": null,
    "m": null,
    "mo": "",
    "o": null,
    "st": "T0-",
    "ml": false
  },
  "31d7df": {
    "i": "31d7df",
    "r": "I-A570",
    "it": "TEXA",
    "y": null,
    "m": null,
    "mo": "",
    "o": null,
    "st": "L1P",
    "ml": false
  },
  "31d919": {
    "i": "31d919",
    "r": "I-B780",
    "it": "TL20",
    "y": null,
    "m": null,
    "mo": "TL Ultralight TL-2000 Sting S4",
    "o": null,
    "st": "L1P",
    "ml": false
  },
  "31dce0": {
    "i": "31dce0",
    "r": "I-A729",
    "it": "ECHO",
    "y": null,
    "m": null,
    "mo": "Tecnam P.92 Echo",
    "o": null,
    "st": "L1P",
    "ml": false
  },
  "31dd15": {
    "i": "31dd15",
    "r": "I-C724",
    "it": "UHEL",
    "y": null,
    "m": null,
    "mo": "CH77 Ranabot",
    "o": null,
    "st": "H0-",
    "ml": false
  },
  "31dd96": {
    "i": "31dd96",
    "r": "I-D039",
    "it": "PNR3",
    "y": null,
    "m": null,
    "mo": "",
    "o": null,
    "st": "L1P",
    "ml": false
  },
  "31ddcb": {
    "i": "31ddcb",
    "r": "I-D154",
    "it": "NG5",
    "y": null,
    "m": null,
    "mo": "BRM Bristell",
    "o": null,
    "st": "L1P",
    "ml": false
  },
  "31dddd": {
    "i": "31dddd",
    "r": "I-D189",
    "it": "UHEL",
    "y": null,
    "m": null,
    "mo": "",
    "o": null,
    "st": "H0-",
    "ml": false
  },
  "31de35": {
    "i": "31de35",
    "r": "I-8742",
    "it": "STRM",
    "y": null,
    "m": null,
    "mo": "SG Aviation Storm 500XL",
    "o": null,
    "st": "L1P",
    "ml": false
  },
  "31de83": {
    "i": "31de83",
    "r": "I-6636",
    "it": "PNR2",
    "y": null,
    "m": null,
    "mo": "",
    "o": null,
    "st": "L1P",
    "ml": false
  },
  "31df1c": {
    "i": "31df1c",
    "r": "I-D811",
    "it": "PRIM",
    "y": null,
    "m": null,
    "mo": "",
    "o": null,
    "st": "L1P",
    "ml": false
  },
  "31dfe0": {
    "i": "31dfe0",
    "r": "I-6539",
    "it": "ECHO",
    "y": null,
    "m": null,
    "mo": "",
    "o": null,
    "st": "L1P",
    "ml": false
  },
  "31dffb": {
    "i": "31dffb",
    "r": "I-A657",
    "it": "ECHO",
    "y": null,
    "m": null,
    "mo": "",
    "o": null,
    "st": "L1P",
    "ml": false
  },
  "31ff24": {
    "i": "31ff24",
    "r": "I-UASG",
    "it": "PSW4",
    "y": null,
    "m": null,
    "mo": "Leonardo SW-4 Solo",
    "o": null,
    "st": "H1T",
    "ml": false
  },
  "31ff32": {
    "i": "31ff32",
    "r": "I-PDVM",
    "it": "TWEN",
    "y": null,
    "m": null,
    "mo": "",
    "o": null,
    "st": "L1P",
    "ml": false
  },
  "31ffa8": {
    "i": "31ffa8",
    "r": "I-8389",
    "it": "SIRA",
    "y": null,
    "m": null,
    "mo": "Tecnam P.2002 Sierra",
    "o": null,
    "st": "L1P",
    "ml": false
  },
  "31d80d": {
    "i": "31d80d",
    "r": "I-A819",
    "it": "ECHO",
    "y": null,
    "m": null,
    "mo": "Tecnam P.92 Eaglet",
    "o": null,
    "st": "L1P",
    "ml": false
  },
  "31d84e": {
    "i": "31d84e",
    "r": "I-9759",
    "it": "ULAC",
    "y": null,
    "m": null,
    "mo": "Asso Aerei IV Whisky",
    "o": null,
    "st": "L0-",
    "ml": false
  },
  "31d8fd": {
    "i": "31d8fd",
    "r": "I-B400",
    "it": "TL20",
    "y": null,
    "m": null,
    "mo": "TL Ultralight TL-2000 Sting S4",
    "o": null,
    "st": "L1P",
    "ml": false
  },
  "31d9c5": {
    "i": "31d9c5",
    "r": "I-B863",
    "it": "ULAC",
    "y": null,
    "m": null,
    "mo": "Pro.Mecc Freccia",
    "o": null,
    "st": "L0-",
    "ml": false
  },
  "31dbe8": {
    "i": "31dbe8",
    "r": "I-A196",
    "it": "ECHO",
    "y": null,
    "m": null,
    "mo": "",
    "o": null,
    "st": "L1P",
    "ml": false
  },
  "31dd1a": {
    "i": "31dd1a",
    "r": "I-C733",
    "it": "PIVI",
    "y": null,
    "m": null,
    "mo": "Pipistrel Virus SW",
    "o": null,
    "st": "L1P",
    "ml": false
  },
  "31dda2": {
    "i": "31dda2",
    "r": "I-C966",
    "it": "CRUZ",
    "y": null,
    "m": null,
    "mo": "CZAW Sportcruiser",
    "o": null,
    "st": "L1P",
    "ml": false
  },
  "31dda7": {
    "i": "31dda7",
    "r": "I-D077",
    "it": "UHEL",
    "y": null,
    "m": null,
    "mo": "CH-77",
    "o": null,
    "st": "H0-",
    "ml": false
  },
  "31de0d": {
    "i": "31de0d",
    "r": "I-D311",
    "it": "AP22",
    "y": null,
    "m": null,
    "mo": "",
    "o": null,
    "st": "L1P",
    "ml": false
  },
  "31dea4": {
    "i": "31dea4",
    "r": "I-D590",
    "it": "SVNH",
    "y": null,
    "m": null,
    "mo": "",
    "o": null,
    "st": "L1P",
    "ml": false
  },
  "31deab": {
    "i": "31deab",
    "r": "I-E254",
    "it": "ECHO",
    "y": null,
    "m": null,
    "mo": "",
    "o": null,
    "st": "L1P",
    "ml": false
  },
  "31deed": {
    "i": "31deed",
    "r": "I-D731",
    "it": "PIVI",
    "y": null,
    "m": null,
    "mo": "",
    "o": null,
    "st": "L1P",
    "ml": false
  },
  "31df43": {
    "i": "31df43",
    "r": "I-8277",
    "it": "STRM",
    "y": null,
    "m": null,
    "mo": "",
    "o": null,
    "st": "L1P",
    "ml": false
  },
  "31df76": {
    "i": "31df76",
    "r": "I-5976",
    "it": "GOLF",
    "y": null,
    "m": null,
    "mo": "",
    "o": null,
    "st": "L1P",
    "ml": false
  },
  "31df93": {
    "i": "31df93",
    "r": "I-E065",
    "it": "SVNH",
    "y": null,
    "m": null,
    "mo": "",
    "o": null,
    "st": "L1P",
    "ml": false
  },
  "31df96": {
    "i": "31df96",
    "r": "I-E080",
    "it": "SVNH",
    "y": null,
    "m": null,
    "mo": "",
    "o": null,
    "st": "L1P",
    "ml": false
  },
  "31e003": {
    "i": "31e003",
    "r": "I-E308",
    "it": "TARR",
    "y": null,
    "m": null,
    "mo": "",
    "o": null,
    "st": "L1P",
    "ml": false
  },
  "31e044": {
    "i": "31e044",
    "r": "I-E466",
    "it": "SVNH",
    "y": null,
    "m": null,
    "mo": "",
    "o": null,
    "st": "L1P",
    "ml": false
  },
  "31e098": {
    "i": "31e098",
    "r": "I-B825",
    "it": "ASTO",
    "y": null,
    "m": null,
    "mo": "",
    "o": null,
    "st": "L1P",
    "ml": false
  },
  "31ff26": {
    "i": "31ff26",
    "r": "I-PDVH",
    "it": "TWEN",
    "y": null,
    "m": null,
    "mo": "",
    "o": null,
    "st": "L1P",
    "ml": false
  },
  "31ffbd": {
    "i": "31ffbd",
    "r": "I-7786",
    "it": "MM22",
    "y": null,
    "m": null,
    "mo": "Magni Gyro M-22 Voyager",
    "o": null,
    "st": "G1P",
    "ml": false
  },
  "31d7e8": {
    "i": "31d7e8",
    "r": "I-A635",
    "it": "SIRA",
    "y": null,
    "m": null,
    "mo": "",
    "o": null,
    "st": "L1P",
    "ml": false
  },
  "31d888": {
    "i": "31d888",
    "r": "I-9849",
    "it": "ECHO",
    "y": null,
    "m": null,
    "mo": "Tecnam P.92 Eaglet",
    "o": null,
    "st": "L1P",
    "ml": false
  },
  "31dbf8": {
    "i": "31dbf8",
    "r": "I-B914",
    "it": "TL20",
    "y": null,
    "m": null,
    "mo": "",
    "o": null,
    "st": "L1P",
    "ml": false
  },
  "31dbfa": {
    "i": "31dbfa",
    "r": "I-B464",
    "it": "HN70",
    "y": null,
    "m": null,
    "mo": "Nicollier Menestrel II HN 700",
    "o": null,
    "st": "L1P",
    "ml": false
  },
  "31dc53": {
    "i": "31dc53",
    "r": "I-C203",
    "it": "ULAC",
    "y": null,
    "m": null,
    "mo": "",
    "o": null,
    "st": "L0-",
    "ml": false
  },
  "31dd09": {
    "i": "31dd09",
    "r": "I-A112",
    "it": "ECHO",
    "y": null,
    "m": null,
    "mo": "",
    "o": null,
    "st": "L1P",
    "ml": false
  },
  "31ddab": {
    "i": "31ddab",
    "r": "I-7125",
    "it": "AP22",
    "y": null,
    "m": null,
    "mo": "",
    "o": null,
    "st": "L1P",
    "ml": false
  },
  "31dded": {
    "i": "31dded",
    "r": "I-D203",
    "it": "UHEL",
    "y": null,
    "m": null,
    "mo": "",
    "o": null,
    "st": "H0-",
    "ml": false
  },
  "31ddf6": {
    "i": "31ddf6",
    "r": "I-D247",
    "it": "FDCT",
    "y": null,
    "m": null,
    "mo": "",
    "o": null,
    "st": "L1P",
    "ml": false
  },
  "31de32": {
    "i": "31de32",
    "r": "I-7396",
    "it": "GOLF",
    "y": null,
    "m": null,
    "mo": "",
    "o": null,
    "st": "L1P",
    "ml": false
  },
  "31de8c": {
    "i": "31de8c",
    "r": "I-6150",
    "it": "EV97",
    "y": null,
    "m": null,
    "mo": "",
    "o": null,
    "st": "L1P",
    "ml": false
  },
  "31df2c": {
    "i": "31df2c",
    "r": "I-D853",
    "it": "SVNH",
    "y": null,
    "m": null,
    "mo": "",
    "o": null,
    "st": "L1P",
    "ml": false
  },
  "31df5a": {
    "i": "31df5a",
    "r": "I-A203",
    "it": "ULAC",
    "y": null,
    "m": null,
    "mo": "BRM Citius Sport",
    "o": null,
    "st": "L0-",
    "ml": false
  },
  "31df95": {
    "i": "31df95",
    "r": "I-E067",
    "it": "ECHO",
    "y": null,
    "m": null,
    "mo": "",
    "o": null,
    "st": "L1P",
    "ml": false
  },
  "31dfdb": {
    "i": "31dfdb",
    "r": "I-A003",
    "it": "ECHO",
    "y": null,
    "m": null,
    "mo": "",
    "o": null,
    "st": "L1P",
    "ml": false
  },
  "31e070": {
    "i": "31e070",
    "r": "I-E589",
    "it": "P208",
    "y": null,
    "m": null,
    "mo": "",
    "o": null,
    "st": "L1P",
    "ml": false
  },
  "31ff09": {
    "i": "31ff09",
    "r": "I-RAIW",
    "it": "A139",
    "y": null,
    "m": null,
    "mo": "",
    "o": null,
    "st": "H2T",
    "ml": false
  },
  "31ff13": {
    "i": "31ff13",
    "r": "I-PDVD",
    "it": "TWEN",
    "y": null,
    "m": null,
    "mo": "",
    "o": null,
    "st": "L1P",
    "ml": false
  },
  "31ff2d": {
    "i": "31ff2d",
    "r": "I-EASB",
    "it": "P208",
    "y": null,
    "m": null,
    "mo": "",
    "o": null,
    "st": "L1P",
    "ml": false
  },
  "31ffbc": {
    "i": "31ffbc",
    "r": "I-7435",
    "it": "TEXA",
    "y": null,
    "m": null,
    "mo": "Fly Synthesis Texan",
    "o": null,
    "st": "L1P",
    "ml": false
  },
  "31ffd6": {
    "i": "31ffd6",
    "r": "TWR",
    "it": "TWR",
    "y": null,
    "m": null,
    "mo": "",
    "o": null,
    "st": "T0-",
    "ml": false
  },
  "31d856": {
    "i": "31d856",
    "r": "I-A772",
    "it": "EV97",
    "y": null,
    "m": null,
    "mo": "",
    "o": null,
    "st": "L1P",
    "ml": false
  },
  "31d8b5": {
    "i": "31d8b5",
    "r": "I-9724",
    "it": "SVNH",
    "y": null,
    "m": null,
    "mo": "ICP MXP-740 Savannah",
    "o": null,
    "st": "L1P",
    "ml": false
  },
  "31d8cc": {
    "i": "31d8cc",
    "r": "I-7413",
    "it": "STCH",
    "y": null,
    "m": null,
    "mo": "",
    "o": null,
    "st": "L1P",
    "ml": false
  },
  "31d8f9": {
    "i": "31d8f9",
    "r": "I-B263",
    "it": "ELA7",
    "y": null,
    "m": null,
    "mo": "",
    "o": null,
    "st": "G1P",
    "ml": false
  },
  "31d97d": {
    "i": "31d97d",
    "r": "I-A777",
    "it": "EVSS",
    "y": null,
    "m": null,
    "mo": "Evektor SportStar",
    "o": null,
    "st": "L1P",
    "ml": false
  },
  "31dc67": {
    "i": "31dc67",
    "r": "I-C249",
    "it": "KP5",
    "y": null,
    "m": null,
    "mo": "",
    "o": null,
    "st": "L1P",
    "ml": false
  },
  "31dc83": {
    "i": "31dc83",
    "r": "I-A735",
    "it": "SVNH",
    "y": null,
    "m": null,
    "mo": "",
    "o": null,
    "st": "L1P",
    "ml": false
  },
  "31dc8e": {
    "i": "31dc8e",
    "r": "I-B176",
    "it": "PRIM",
    "y": null,
    "m": null,
    "mo": "BLACKSHAPE BS115 Prime",
    "o": null,
    "st": "L1P",
    "ml": false
  },
  "31dd10": {
    "i": "31dd10",
    "r": "I-8192",
    "it": "MD3R",
    "y": null,
    "m": null,
    "mo": "FlyItalia MD-3 Rider",
    "o": null,
    "st": "L1P",
    "ml": false
  },
  "31dd29": {
    "i": "31dd29",
    "r": "I-4885",
    "it": "ECHO",
    "y": null,
    "m": null,
    "mo": "Tecnam P.92 Echo",
    "o": null,
    "st": "L1P",
    "ml": false
  },
  "31dd9a": {
    "i": "31dd9a",
    "r": "I-D050",
    "it": "ASO5",
    "y": null,
    "m": null,
    "mo": "Asso Aerei Champion V",
    "o": null,
    "st": "L1P",
    "ml": false
  },
  "31dda9": {
    "i": "31dda9",
    "r": "I-C273",
    "it": "TRAL",
    "y": null,
    "m": null,
    "mo": "",
    "o": null,
    "st": "L1P",
    "ml": false
  },
  "31ddb9": {
    "i": "31ddb9",
    "r": "I-D116",
    "it": "MCR4",
    "y": null,
    "m": null,
    "mo": "",
    "o": null,
    "st": "L1P",
    "ml": false
  },
  "31ddfc": {
    "i": "31ddfc",
    "r": "I-D256",
    "it": "MM24",
    "y": null,
    "m": null,
    "mo": "",
    "o": null,
    "st": "G1P",
    "ml": false
  },
  "31de7b": {
    "i": "31de7b",
    "r": "I-B533",
    "it": "UHEL",
    "y": null,
    "m": null,
    "mo": "CH-77 Ranabot",
    "o": null,
    "st": "H0-",
    "ml": false
  },
  "31de8a": {
    "i": "31de8a",
    "r": "I-D526",
    "it": "J600",
    "y": null,
    "m": null,
    "mo": "",
    "o": null,
    "st": "L1P",
    "ml": false
  },
  "31de93": {
    "i": "31de93",
    "r": "I-D542",
    "it": "SVNH",
    "y": null,
    "m": null,
    "mo": "",
    "o": null,
    "st": "L1P",
    "ml": false
  },
  "31defe": {
    "i": "31defe",
    "r": "I-7576",
    "it": "EV97",
    "y": null,
    "m": null,
    "mo": "",
    "o": null,
    "st": "L1P",
    "ml": false
  },
  "31df1e": {
    "i": "31df1e",
    "r": "I-D813",
    "it": "CH7",
    "y": null,
    "m": null,
    "mo": "",
    "o": null,
    "st": "H1P",
    "ml": false
  },
  "31df53": {
    "i": "31df53",
    "r": "I-A552",
    "it": "PIVI",
    "y": null,
    "m": null,
    "mo": "",
    "o": null,
    "st": "L1P",
    "ml": false
  },
  "31df70": {
    "i": "31df70",
    "r": "I-D980",
    "it": "PNR3",
    "y": null,
    "m": null,
    "mo": "",
    "o": null,
    "st": "L1P",
    "ml": false
  },
  "31df89": {
    "i": "31df89",
    "r": "I-A511",
    "it": "SVNH",
    "y": null,
    "m": null,
    "mo": "",
    "o": null,
    "st": "L1P",
    "ml": false
  },
  "31dfbf": {
    "i": "31dfbf",
    "r": "I-E172",
    "it": "PIAT",
    "y": null,
    "m": null,
    "mo": "",
    "o": null,
    "st": "L1P",
    "ml": false
  },
  "31dfd8": {
    "i": "31dfd8",
    "r": "I-B463",
    "it": "ULAC",
    "y": null,
    "m": null,
    "mo": "Asso Aerei Vidor",
    "o": null,
    "st": "L0-",
    "ml": false
  },
  "31dfef": {
    "i": "31dfef",
    "r": "I-E285",
    "it": "NG5",
    "y": null,
    "m": null,
    "mo": "",
    "o": null,
    "st": "L1P",
    "ml": false
  },
  "31dffd": {
    "i": "31dffd",
    "r": "I-D557",
    "it": "SVNH",
    "y": null,
    "m": null,
    "mo": "",
    "o": null,
    "st": "L1P",
    "ml": false
  },
  "31e071": {
    "i": "31e071",
    "r": "I-A429",
    "it": "PNR2",
    "y": null,
    "m": null,
    "mo": "",
    "o": null,
    "st": "L1P",
    "ml": false
  },
  "31fef0": {
    "i": "31fef0",
    "r": "I-EASG",
    "it": "A139",
    "y": null,
    "m": null,
    "mo": "LEONARDO AW.139",
    "o": null,
    "st": "H2T",
    "ml": false
  },
  "31ff3c": {
    "i": "31ff3c",
    "r": "I-RAIJ",
    "it": "TWEN",
    "y": null,
    "m": null,
    "mo": "",
    "o": null,
    "st": "L1P",
    "ml": true
  },
  "31d9ba": {
    "i": "31d9ba",
    "r": "I-A942",
    "it": "EV97",
    "y": null,
    "m": null,
    "mo": "Evektor-Aerotechnik EV-97 Eurostar SLW",
    "o": null,
    "st": "L1P",
    "ml": false
  },
  "31d9c4": {
    "i": "31d9c4",
    "r": "I-B750",
    "it": "P28A",
    "y": null,
    "m": null,
    "mo": "",
    "o": null,
    "st": "L1P",
    "ml": false
  },
  "31dc1a": {
    "i": "31dc1a",
    "r": "I-C019",
    "it": "SVNH",
    "y": null,
    "m": null,
    "mo": "I.C.P. MXP-740 Savannah",
    "o": null,
    "st": "L1P",
    "ml": false
  },
  "31dc69": {
    "i": "31dc69",
    "r": "I-B614",
    "it": "KP5",
    "y": null,
    "m": null,
    "mo": "Jihlavan Skyleader 600",
    "o": null,
    "st": "L1P",
    "ml": false
  },
  "31dd12": {
    "i": "31dd12",
    "r": "I-C718",
    "it": "VL3",
    "y": null,
    "m": null,
    "mo": "",
    "o": null,
    "st": "L1P",
    "ml": false
  },
  "31dd2c": {
    "i": "31dd2c",
    "r": "I-C785",
    "it": "PISI",
    "y": null,
    "m": null,
    "mo": "Pipistrel Sinus",
    "o": null,
    "st": "L1P",
    "ml": false
  },
  "31ddb0": {
    "i": "31ddb0",
    "r": "I-A841",
    "it": "TL20",
    "y": null,
    "m": null,
    "mo": "TL Ultralight TL-2000 Sting S4",
    "o": null,
    "st": "L1P",
    "ml": false
  },
  "31ddfb": {
    "i": "31ddfb",
    "r": "I-9524",
    "it": "ECHO",
    "y": null,
    "m": null,
    "mo": "Tecnam P.92 Echo",
    "o": null,
    "st": "L1P",
    "ml": false
  },
  "31de72": {
    "i": "31de72",
    "r": "I-D498",
    "it": "MM22",
    "y": null,
    "m": null,
    "mo": "",
    "o": null,
    "st": "G1P",
    "ml": false
  },
  "31de8b": {
    "i": "31de8b",
    "r": "I-D531",
    "it": "G70",
    "y": null,
    "m": null,
    "mo": "",
    "o": null,
    "st": "L1P",
    "ml": false
  },
  "31debd": {
    "i": "31debd",
    "r": "I-D644",
    "it": "ECHO",
    "y": null,
    "m": null,
    "mo": "",
    "o": null,
    "st": "L1P",
    "ml": false
  },
  "31debf": {
    "i": "31debf",
    "r": "I-D645",
    "it": "PNR4",
    "y": null,
    "m": null,
    "mo": "",
    "o": null,
    "st": "L1P",
    "ml": false
  },
  "31deee": {
    "i": "31deee",
    "r": "I-A546",
    "it": "FDCT",
    "y": null,
    "m": null,
    "mo": "",
    "o": null,
    "st": "L1P",
    "ml": false
  },
  "31df04": {
    "i": "31df04",
    "r": "I-D785",
    "it": "SVNH",
    "y": null,
    "m": null,
    "mo": "",
    "o": null,
    "st": "L1P",
    "ml": false
  },
  "31e037": {
    "i": "31e037",
    "r": "I-E430",
    "it": "SVNH",
    "y": null,
    "m": null,
    "mo": "",
    "o": null,
    "st": "L1P",
    "ml": false
  },
  "31e09c": {
    "i": "31e09c",
    "r": "I-A991",
    "it": "BRAV",
    "y": null,
    "m": null,
    "mo": "",
    "o": null,
    "st": "L1P",
    "ml": false
  },
  "31fee1": {
    "i": "31fee1",
    "r": "I-PTFG",
    "it": "A109",
    "y": null,
    "m": null,
    "mo": "",
    "o": null,
    "st": "H2T",
    "ml": false
  },
  "31fef2": {
    "i": "31fef2",
    "r": "I-EASJ",
    "it": "A139",
    "y": null,
    "m": null,
    "mo": "AgustaWestland AW.139",
    "o": null,
    "st": "H2T",
    "ml": false
  },
  "31d863": {
    "i": "31d863",
    "r": "I-A006",
    "it": "ECHO",
    "y": null,
    "m": null,
    "mo": "",
    "o": null,
    "st": "L1P",
    "ml": false
  },
  "31d870": {
    "i": "31d870",
    "r": "I-9285",
    "it": "SIRA",
    "y": null,
    "m": null,
    "mo": "Tecnam P.2002 Sierra",
    "o": null,
    "st": "L1P",
    "ml": false
  },
  "31d998": {
    "i": "31d998",
    "r": "I-9685",
    "it": "ULAC",
    "y": null,
    "m": null,
    "mo": "COAVIO DF2000",
    "o": null,
    "st": "L0-",
    "ml": false
  },
  "31dbe6": {
    "i": "31dbe6",
    "r": "I-A404",
    "it": "SVNH",
    "y": null,
    "m": null,
    "mo": "",
    "o": null,
    "st": "L1P",
    "ml": false
  },
  "31dbf9": {
    "i": "31dbf9",
    "r": "I-B915",
    "it": "OSCR",
    "y": null,
    "m": null,
    "mo": "Partenavia P.66B",
    "o": null,
    "st": "L1P",
    "ml": false
  },
  "31dc94": {
    "i": "31dc94",
    "r": "I-9762",
    "it": "ECHO",
    "y": null,
    "m": null,
    "mo": "Tecnam P.92 Echo",
    "o": null,
    "st": "L1P",
    "ml": false
  },
  "31dcc6": {
    "i": "31dcc6",
    "r": "I-C517",
    "it": "TL20",
    "y": null,
    "m": null,
    "mo": "TL Ultralight TL-2000 Sting Carbon",
    "o": null,
    "st": "L1P",
    "ml": false
  },
  "31dd6c": {
    "i": "31dd6c",
    "r": "I-A296",
    "it": "SIRA",
    "y": null,
    "m": null,
    "mo": "",
    "o": null,
    "st": "L1P",
    "ml": false
  },
  "31ddaa": {
    "i": "31ddaa",
    "r": "I-C431",
    "it": "SVNH",
    "y": null,
    "m": null,
    "mo": "ICP MXP-740 Savannah",
    "o": null,
    "st": "L1P",
    "ml": false
  },
  "31de60": {
    "i": "31de60",
    "r": "I-D471",
    "it": "P208",
    "y": null,
    "m": null,
    "mo": "",
    "o": null,
    "st": "L1P",
    "ml": false
  },
  "31deb4": {
    "i": "31deb4",
    "r": "I-D623",
    "it": "VNTR",
    "y": null,
    "m": null,
    "mo": "",
    "o": null,
    "st": "L1P",
    "ml": false
  },
  "31df3b": {
    "i": "31df3b",
    "r": "I-D893",
    "it": "AP22",
    "y": null,
    "m": null,
    "mo": "",
    "o": null,
    "st": "L1P",
    "ml": false
  },
  "31dfaa": {
    "i": "31dfaa",
    "r": "I-E100",
    "it": "ECHO",
    "y": null,
    "m": null,
    "mo": "",
    "o": null,
    "st": "L1P",
    "ml": false
  },
  "31e026": {
    "i": "31e026",
    "r": "I-E399",
    "it": "ULAC",
    "y": null,
    "m": null,
    "mo": "",
    "o": null,
    "st": "L0-",
    "ml": false
  },
  "31ff01": {
    "i": "31ff01",
    "r": "I-PDVO",
    "it": "P180",
    "y": null,
    "m": null,
    "mo": "",
    "o": null,
    "st": "L2T",
    "ml": false
  },
  "31d82f": {
    "i": "31d82f",
    "r": "I-9031",
    "it": "ECHO",
    "y": null,
    "m": null,
    "mo": "Tecnam P.92 Echo",
    "o": null,
    "st": "L1P",
    "ml": false
  },
  "31d89e": {
    "i": "31d89e",
    "r": "I-8709",
    "it": "SVNH",
    "y": null,
    "m": null,
    "mo": "ICP MXP-740 Savannah",
    "o": null,
    "st": "L1P",
    "ml": false
  },
  "31d8bb": {
    "i": "31d8bb",
    "r": "I-8936",
    "it": "EV97",
    "y": null,
    "m": null,
    "mo": "Evektor-Aerotechnik Eurostar SL",
    "o": null,
    "st": "L1P",
    "ml": false
  },
  "31d8e9": {
    "i": "31d8e9",
    "r": "I-6731",
    "it": "ECHO",
    "y": null,
    "m": null,
    "mo": "Tecnam P.92 Echo",
    "o": null,
    "st": "L1P",
    "ml": false
  },
  "31d90a": {
    "i": "31d90a",
    "r": "I-A844",
    "it": "EV97",
    "y": null,
    "m": null,
    "mo": "Evektor EV-97 Eurostar SL",
    "o": null,
    "st": "L1P",
    "ml": false
  },
  "31d914": {
    "i": "31d914",
    "r": "I-B375",
    "it": "ULAC",
    "y": null,
    "m": null,
    "mo": "",
    "o": null,
    "st": "L0-",
    "ml": false
  },
  "31d97c": {
    "i": "31d97c",
    "r": "I-5657",
    "it": "GOLF",
    "y": null,
    "m": null,
    "mo": "Tecnam P.96 Golf",
    "o": null,
    "st": "L1P",
    "ml": false
  },
  "31d9b9": {
    "i": "31d9b9",
    "r": "I-B845",
    "it": "SMAX",
    "y": null,
    "m": null,
    "mo": "",
    "o": null,
    "st": "A1P",
    "ml": false
  },
  "31dc70": {
    "i": "31dc70",
    "r": "I-C276",
    "it": "NG5",
    "y": null,
    "m": null,
    "mo": "",
    "o": null,
    "st": "L1P",
    "ml": false
  },
  "31dc98": {
    "i": "31dc98",
    "r": "I-C390",
    "it": "ECHO",
    "y": null,
    "m": null,
    "mo": "",
    "o": null,
    "st": "L1P",
    "ml": false
  },
  "31dce5": {
    "i": "31dce5",
    "r": "I-C587",
    "it": "KP5",
    "y": null,
    "m": null,
    "mo": "",
    "o": null,
    "st": "L1P",
    "ml": false
  },
  "31dd41": {
    "i": "31dd41",
    "r": "I-C858",
    "it": "PRIM",
    "y": null,
    "m": null,
    "mo": "",
    "o": null,
    "st": "L1P",
    "ml": false
  },
  "31dd58": {
    "i": "31dd58",
    "r": "I-C894",
    "it": "EV97",
    "y": null,
    "m": null,
    "mo": "",
    "o": null,
    "st": "L1P",
    "ml": false
  },
  "31ddc9": {
    "i": "31ddc9",
    "r": "I-D150",
    "it": "R22",
    "y": null,
    "m": null,
    "mo": "",
    "o": null,
    "st": "H1P",
    "ml": false
  },
  "31de51": {
    "i": "31de51",
    "r": "I-8939",
    "it": "EV97",
    "y": null,
    "m": null,
    "mo": "",
    "o": null,
    "st": "L1P",
    "ml": false
  },
  "31dee2": {
    "i": "31dee2",
    "r": "I-D709",
    "it": "PISI",
    "y": null,
    "m": null,
    "mo": "",
    "o": null,
    "st": "L1P",
    "ml": false
  },
  "31e045": {
    "i": "31e045",
    "r": "I-E467",
    "it": "FUSI",
    "y": null,
    "m": null,
    "mo": "",
    "o": null,
    "st": "L1P",
    "ml": false
  },
  "31e04d": {
    "i": "31e04d",
    "r": "I-E489",
    "it": "SVNH",
    "y": null,
    "m": null,
    "mo": "",
    "o": null,
    "st": "L1P",
    "ml": false
  },
  "31e072": {
    "i": "31e072",
    "r": "I-E591",
    "it": "KP5",
    "y": null,
    "m": null,
    "mo": "",
    "o": null,
    "st": "L1P",
    "ml": false
  },
  "31e08f": {
    "i": "31e08f",
    "r": "I-E637",
    "it": "RISN",
    "y": null,
    "m": null,
    "mo": "",
    "o": null,
    "st": "L1P",
    "ml": false
  },
  "31e092": {
    "i": "31e092",
    "r": "I-9748",
    "it": "CRUZ",
    "y": null,
    "m": null,
    "mo": "",
    "o": null,
    "st": "L1P",
    "ml": false
  },
  "31d77a": {
    "i": "31d77a",
    "r": "SERV",
    "it": "SERV",
    "y": null,
    "m": null,
    "mo": "",
    "o": null,
    "st": "V0-",
    "ml": false
  },
  "31d892": {
    "i": "31d892",
    "r": "I-B149",
    "it": "SVNH",
    "y": null,
    "m": null,
    "mo": "",
    "o": null,
    "st": "L1P",
    "ml": false
  },
  "31d8f8": {
    "i": "31d8f8",
    "r": "I-9005",
    "it": "ECHO",
    "y": null,
    "m": null,
    "mo": "Tecnam P.92 Echo Super",
    "o": null,
    "st": "L1P",
    "ml": false
  },
  "31d90c": {
    "i": "31d90c",
    "r": "I-B034",
    "it": "TL30",
    "y": null,
    "m": null,
    "mo": "TL Ultralight TL-3000",
    "o": null,
    "st": "L1P",
    "ml": false
  },
  "31dccb": {
    "i": "31dccb",
    "r": "I-6305",
    "it": "PNR3",
    "y": null,
    "m": null,
    "mo": "Alpi Aviation Pioneer 300",
    "o": null,
    "st": "L1P",
    "ml": false
  },
  "31dd6f": {
    "i": "31dd6f",
    "r": "I-8272",
    "it": "ECHO",
    "y": null,
    "m": null,
    "mo": "",
    "o": null,
    "st": "L1P",
    "ml": false
  },
  "31de0f": {
    "i": "31de0f",
    "r": "I-D320",
    "it": "VNTR",
    "y": null,
    "m": null,
    "mo": "",
    "o": null,
    "st": "L1P",
    "ml": false
  },
  "31df4e": {
    "i": "31df4e",
    "r": "I-D931",
    "it": "VNTR",
    "y": null,
    "m": null,
    "mo": "",
    "o": null,
    "st": "L1P",
    "ml": false
  },
  "31dff5": {
    "i": "31dff5",
    "r": "I-B403",
    "it": "R22",
    "y": null,
    "m": null,
    "mo": "",
    "o": null,
    "st": "H1P",
    "ml": false
  },
  "31dff9": {
    "i": "31dff9",
    "r": "I-E297",
    "it": "SVNH",
    "y": null,
    "m": null,
    "mo": "",
    "o": null,
    "st": "L1P",
    "ml": false
  },
  "31ff07": {
    "i": "31ff07",
    "r": "I-RAIU",
    "it": "A189",
    "y": null,
    "m": null,
    "mo": "",
    "o": null,
    "st": "H2T",
    "ml": false
  },
  "31ffb0": {
    "i": "31ffb0",
    "r": "I-6469",
    "it": "PNR3",
    "y": null,
    "m": null,
    "mo": "Alpi Aviation Pioneer 300L",
    "o": null,
    "st": "L1P",
    "ml": false
  },
  "31e087": {
    "i": "31e087",
    "r": "I-E623",
    "it": "VL3",
    "y": null,
    "m": null,
    "mo": "",
    "o": null,
    "st": "L1P",
    "ml": false
  },
  "31d808": {
    "i": "31d808",
    "r": "I-A779",
    "it": "PNR3",
    "y": null,
    "m": null,
    "mo": "Alpi Aviation Pioneer 300 Hawk",
    "o": null,
    "st": "L1P",
    "ml": false
  },
  "31d8a4": {
    "i": "31d8a4",
    "r": "I-5541",
    "it": "GOLF",
    "y": null,
    "m": null,
    "mo": "",
    "o": null,
    "st": "L1P",
    "ml": false
  },
  "31d8b8": {
    "i": "31d8b8",
    "r": "I-B216",
    "it": "ECHO",
    "y": null,
    "m": null,
    "mo": "",
    "o": null,
    "st": "L1P",
    "ml": false
  },
  "31dbf1": {
    "i": "31dbf1",
    "r": "I-B898",
    "it": "ASTO",
    "y": null,
    "m": null,
    "mo": "Tecnam Astore",
    "o": null,
    "st": "L1P",
    "ml": false
  },
  "31dd1e": {
    "i": "31dd1e",
    "r": "I-B554",
    "it": "ULAC",
    "y": null,
    "m": null,
    "mo": "",
    "o": null,
    "st": "L0-",
    "ml": false
  },
  "31dd64": {
    "i": "31dd64",
    "r": "I-C919",
    "it": "NG5",
    "y": null,
    "m": null,
    "mo": "",
    "o": null,
    "st": "L1P",
    "ml": false
  },
  "31dd8a": {
    "i": "31dd8a",
    "r": "I-B516",
    "it": "PNR3",
    "y": null,
    "m": null,
    "mo": "",
    "o": null,
    "st": "L1P",
    "ml": false
  },
  "31de30": {
    "i": "31de30",
    "r": "I-C628",
    "it": "ECHO",
    "y": null,
    "m": null,
    "mo": "Tecnam P.92 Eaglet Sport",
    "o": null,
    "st": "L1P",
    "ml": false
  },
  "31de7e": {
    "i": "31de7e",
    "r": "I-D511",
    "it": "NG5",
    "y": null,
    "m": null,
    "mo": "",
    "o": null,
    "st": "L1P",
    "ml": false
  },
  "31de89": {
    "i": "31de89",
    "r": "I-A672",
    "it": "FDCT",
    "y": null,
    "m": null,
    "mo": "",
    "o": null,
    "st": "L1P",
    "ml": false
  },
  "31deb8": {
    "i": "31deb8",
    "r": "I-D637",
    "it": "VL3",
    "y": null,
    "m": null,
    "mo": "",
    "o": null,
    "st": "L1P",
    "ml": false
  },
  "31dece": {
    "i": "31dece",
    "r": "I-A298",
    "it": "MX1T",
    "y": null,
    "m": null,
    "mo": "",
    "o": null,
    "st": "L1P",
    "ml": false
  },
  "31df52": {
    "i": "31df52",
    "r": "I-C685",
    "it": "GOLF",
    "y": null,
    "m": null,
    "mo": "",
    "o": null,
    "st": "L1P",
    "ml": false
  },
  "31df6e": {
    "i": "31df6e",
    "r": "I-D965",
    "it": "ECHO",
    "y": null,
    "m": null,
    "mo": "",
    "o": null,
    "st": "L1P",
    "ml": false
  },
  "31dfd2": {
    "i": "31dfd2",
    "r": "I-E231",
    "it": "TRAL",
    "y": null,
    "m": null,
    "mo": "",
    "o": null,
    "st": "L1P",
    "ml": false
  },
  "31dfe3": {
    "i": "31dfe3",
    "r": "I-E258",
    "it": "ALTO",
    "y": null,
    "m": null,
    "mo": "",
    "o": null,
    "st": "L1P",
    "ml": false
  },
  "31e049": {
    "i": "31e049",
    "r": "I-E474",
    "it": "MM16",
    "y": null,
    "m": null,
    "mo": "",
    "o": null,
    "st": "G1P",
    "ml": false
  },
  "31f121": {
    "i": "31f121",
    "r": "I-D798",
    "it": "PIAT",
    "y": null,
    "m": null,
    "mo": "",
    "o": null,
    "st": "L1P",
    "ml": false
  },
  "31fef6": {
    "i": "31fef6",
    "r": "RA-01688",
    "it": "A149",
    "y": null,
    "m": null,
    "mo": "AgustaWestland AW189",
    "o": null,
    "st": "H2T",
    "ml": false
  },
  "31ff1b": {
    "i": "31ff1b",
    "r": "I-PDVY",
    "it": "SU95",
    "y": null,
    "m": null,
    "mo": "",
    "o": null,
    "st": "L2J",
    "ml": false
  },
  "31ff29": {
    "i": "31ff29",
    "r": "I-PDVJ",
    "it": "TWEN",
    "y": null,
    "m": null,
    "mo": "",
    "o": null,
    "st": "L1P",
    "ml": false
  },
  "31ffad": {
    "i": "31ffad",
    "r": "I-6553",
    "it": "ECHO",
    "y": null,
    "m": null,
    "mo": "Tecnam P.92 Echo",
    "o": null,
    "st": "L1P",
    "ml": false
  },
  "31d7eb": {
    "i": "31d7eb",
    "r": "I-A659",
    "it": "SIRA",
    "y": null,
    "m": null,
    "mo": "",
    "o": null,
    "st": "L1P",
    "ml": false
  },
  "31d849": {
    "i": "31d849",
    "r": "I-5407",
    "it": "GOLF",
    "y": null,
    "m": null,
    "mo": "",
    "o": null,
    "st": "L1P",
    "ml": false
  },
  "31d84a": {
    "i": "31d84a",
    "r": "I-A879",
    "it": "EV97",
    "y": null,
    "m": null,
    "mo": "Evektor EV-97 Eurostar",
    "o": null,
    "st": "L1P",
    "ml": false
  },
  "31d9b7": {
    "i": "31d9b7",
    "r": "I-7756",
    "it": "ECHO",
    "y": null,
    "m": null,
    "mo": "",
    "o": null,
    "st": "L1P",
    "ml": false
  },
  "31ddde": {
    "i": "31ddde",
    "r": "I-D193",
    "it": "PNR3",
    "y": null,
    "m": null,
    "mo": "",
    "o": null,
    "st": "L1P",
    "ml": false
  },
  "31dde9": {
    "i": "31dde9",
    "r": "I-D211",
    "it": "SAVG",
    "y": null,
    "m": null,
    "mo": "Zlin Aviation Savage Cub",
    "o": null,
    "st": "L1P",
    "ml": false
  },
  "31de22": {
    "i": "31de22",
    "r": "I-D368",
    "it": "PISI",
    "y": null,
    "m": null,
    "mo": "",
    "o": null,
    "st": "L1P",
    "ml": false
  },
  "31de4f": {
    "i": "31de4f",
    "r": "I-7779",
    "it": "ECHO",
    "y": null,
    "m": null,
    "mo": "",
    "o": null,
    "st": "L1P",
    "ml": false
  },
  "31dec8": {
    "i": "31dec8",
    "r": "I-7084",
    "it": "ECHO",
    "y": null,
    "m": null,
    "mo": "",
    "o": null,
    "st": "L1P",
    "ml": false
  },
  "31df27": {
    "i": "31df27",
    "r": "I-D838",
    "it": "ECHO",
    "y": null,
    "m": null,
    "mo": "",
    "o": null,
    "st": "L1P",
    "ml": false
  },
  "31df6d": {
    "i": "31df6d",
    "r": "I-D964",
    "it": "MM24",
    "y": null,
    "m": null,
    "mo": "",
    "o": null,
    "st": "G1P",
    "ml": false
  },
  "31df86": {
    "i": "31df86",
    "r": "I-E031",
    "it": "SVNH",
    "y": null,
    "m": null,
    "mo": "",
    "o": null,
    "st": "L1P",
    "ml": false
  },
  "31e074": {
    "i": "31e074",
    "r": "I-7790",
    "it": "SIRA",
    "y": null,
    "m": null,
    "mo": "",
    "o": null,
    "st": "L1P",
    "ml": false
  },
  "31ffc9": {
    "i": "31ffc9",
    "r": "SERV",
    "it": "SERV",
    "y": null,
    "m": null,
    "mo": "",
    "o": null,
    "st": "V0-",
    "ml": false
  },
  "31d906": {
    "i": "31d906",
    "r": "I-5759",
    "it": "GOLF",
    "y": null,
    "m": null,
    "mo": "Tecnam P.96 Golf 100",
    "o": null,
    "st": "L1P",
    "ml": false
  },
  "31dc81": {
    "i": "31dc81",
    "r": "I-C339",
    "it": "SAVG",
    "y": null,
    "m": null,
    "mo": "",
    "o": null,
    "st": "L1P",
    "ml": false
  },
  "31dcaf": {
    "i": "31dcaf",
    "r": "I-7729",
    "it": "SONX",
    "y": null,
    "m": null,
    "mo": "Sonex Aircraft Sonex",
    "o": null,
    "st": "L1P",
    "ml": false
  },
  "31dd63": {
    "i": "31dd63",
    "r": "I-C917",
    "it": "VNTR",
    "y": null,
    "m": null,
    "mo": "",
    "o": null,
    "st": "L1P",
    "ml": false
  },
  "31dd88": {
    "i": "31dd88",
    "r": "I-9433",
    "it": "ECHO",
    "y": null,
    "m": null,
    "mo": "",
    "o": null,
    "st": "L1P",
    "ml": false
  },
  "31dd8e": {
    "i": "31dd8e",
    "r": "I-7603",
    "it": "TEXA",
    "y": null,
    "m": null,
    "mo": "",
    "o": null,
    "st": "L1P",
    "ml": false
  },
  "31dde2": {
    "i": "31dde2",
    "r": "I-D200",
    "it": "NG5",
    "y": null,
    "m": null,
    "mo": "BRM Bristell",
    "o": null,
    "st": "L1P",
    "ml": false
  },
  "31df64": {
    "i": "31df64",
    "r": "I-D958",
    "it": "TRAL",
    "y": null,
    "m": null,
    "mo": "",
    "o": null,
    "st": "L1P",
    "ml": false
  },
  "31df97": {
    "i": "31df97",
    "r": "I-7973",
    "it": "SIRA",
    "y": null,
    "m": null,
    "mo": "",
    "o": null,
    "st": "L1P",
    "ml": false
  },
  "31dfb1": {
    "i": "31dfb1",
    "r": "I-9442",
    "it": "CH70",
    "y": null,
    "m": null,
    "mo": "",
    "o": null,
    "st": "L1P",
    "ml": false
  },
  "31e012": {
    "i": "31e012",
    "r": "I-8622",
    "it": "PNR2",
    "y": null,
    "m": null,
    "mo": "",
    "o": null,
    "st": "L1P",
    "ml": false
  },
  "31e063": {
    "i": "31e063",
    "r": "I-B069",
    "it": "SVNH",
    "y": null,
    "m": null,
    "mo": "",
    "o": null,
    "st": "L1P",
    "ml": false
  },
  "31e068": {
    "i": "31e068",
    "r": "I-A989",
    "it": "PNR3",
    "y": null,
    "m": null,
    "mo": "",
    "o": null,
    "st": "L1P",
    "ml": false
  },
  "31fefb": {
    "i": "31fefb",
    "r": "I-RAIO",
    "it": "A139",
    "y": null,
    "m": null,
    "mo": "AgustaWestland 139",
    "o": null,
    "st": "H2T",
    "ml": false
  },
  "31d865": {
    "i": "31d865",
    "r": "I-6490",
    "it": "ECHO",
    "y": null,
    "m": null,
    "mo": "Tecnam P.92 Echo",
    "o": null,
    "st": "L1P",
    "ml": false
  },
  "31dc80": {
    "i": "31dc80",
    "r": "I-6355",
    "it": "ECHO",
    "y": null,
    "m": null,
    "mo": "Tecnam P.92 Echo S",
    "o": null,
    "st": "L1P",
    "ml": false
  },
  "31dc88": {
    "i": "31dc88",
    "r": "I-C353",
    "it": "SVNH",
    "y": null,
    "m": null,
    "mo": "ICP MXP-740 Savannah S",
    "o": null,
    "st": "L1P",
    "ml": false
  },
  "31dcba": {
    "i": "31dcba",
    "r": "I-9504",
    "it": "ULAC",
    "y": null,
    "m": null,
    "mo": "Fly Latino FL90",
    "o": null,
    "st": "L0-",
    "ml": false
  },
  "31dcd4": {
    "i": "31dcd4",
    "r": "I-B656",
    "it": "ECHO",
    "y": null,
    "m": null,
    "mo": "Tecnam P.92 Echo",
    "o": null,
    "st": "L1P",
    "ml": false
  },
  "31de4a": {
    "i": "31de4a",
    "r": "I-7205",
    "it": "EV97",
    "y": null,
    "m": null,
    "mo": "",
    "o": null,
    "st": "L1P",
    "ml": false
  },
  "31de66": {
    "i": "31de66",
    "r": "I-D482",
    "it": "ES11",
    "y": null,
    "m": null,
    "mo": "",
    "o": null,
    "st": "H1T",
    "ml": false
  },
  "31def1": {
    "i": "31def1",
    "r": "I-D738",
    "it": "TL20",
    "y": null,
    "m": null,
    "mo": "",
    "o": null,
    "st": "L1P",
    "ml": false
  },
  "31df67": {
    "i": "31df67",
    "r": "I-A976",
    "it": "MM24",
    "y": null,
    "m": null,
    "mo": "",
    "o": null,
    "st": "G1P",
    "ml": false
  },
  "31df75": {
    "i": "31df75",
    "r": "I-A871",
    "it": "KP2",
    "y": null,
    "m": null,
    "mo": "",
    "o": null,
    "st": "L1P",
    "ml": false
  },
  "31df99": {
    "i": "31df99",
    "r": "I-E081",
    "it": "R22",
    "y": null,
    "m": null,
    "mo": "",
    "o": null,
    "st": "H1P",
    "ml": false
  },
  "31dfeb": {
    "i": "31dfeb",
    "r": "I-7553",
    "it": "STRM",
    "y": null,
    "m": null,
    "mo": "",
    "o": null,
    "st": "L1P",
    "ml": false
  },
  "31e006": {
    "i": "31e006",
    "r": "I-E310",
    "it": "ECHO",
    "y": null,
    "m": null,
    "mo": "",
    "o": null,
    "st": "L1P",
    "ml": false
  },
  "31e033": {
    "i": "31e033",
    "r": "I-E425",
    "it": "SVNH",
    "y": null,
    "m": null,
    "mo": "",
    "o": null,
    "st": "L1P",
    "ml": false
  },
  "31e06b": {
    "i": "31e06b",
    "r": "I-E525",
    "it": "R22",
    "y": null,
    "m": null,
    "mo": "",
    "o": null,
    "st": "H1P",
    "ml": false
  },
  "31fede": {
    "i": "31fede",
    "r": "I-PTFA",
    "it": "A139",
    "y": null,
    "m": null,
    "mo": "",
    "o": null,
    "st": "H2T",
    "ml": false
  },
  "31fef5": {
    "i": "31fef5",
    "r": "MM81592",
    "it": "NH90",
    "y": null,
    "m": null,
    "mo": "NH Industries NH90 NFH (SH-90A)",
    "o": null,
    "st": "H2T",
    "ml": false
  },
  "31d7f3": {
    "i": "31d7f3",
    "r": "I-A685",
    "it": "PNR3",
    "y": null,
    "m": null,
    "mo": "Alpi Aviation Pioneer 300 Hawk",
    "o": null,
    "st": "L1P",
    "ml": false
  },
  "31d978": {
    "i": "31d978",
    "r": "I-B680",
    "it": "P208",
    "y": null,
    "m": null,
    "mo": "",
    "o": null,
    "st": "L1P",
    "ml": false
  },
  "31d989": {
    "i": "31d989",
    "r": "I-5671",
    "it": "ECHO",
    "y": null,
    "m": null,
    "mo": "Tecnam P.92 Echo S",
    "o": null,
    "st": "L1P",
    "ml": false
  },
  "31d9b0": {
    "i": "31d9b0",
    "r": "I-B810",
    "it": "VL3",
    "y": null,
    "m": null,
    "mo": "Aveko VL-3 Sprint",
    "o": null,
    "st": "L1P",
    "ml": false
  },
  "31dce7": {
    "i": "31dce7",
    "r": "I-C591",
    "it": "SVNH",
    "y": null,
    "m": null,
    "mo": "",
    "o": null,
    "st": "L1P",
    "ml": false
  },
  "31dcf2": {
    "i": "31dcf2",
    "r": "I-7933",
    "it": "SIRA",
    "y": null,
    "m": null,
    "mo": "",
    "o": null,
    "st": "L1P",
    "ml": false
  },
  "31dd90": {
    "i": "31dd90",
    "r": "I-D028",
    "it": "ULAC",
    "y": null,
    "m": null,
    "mo": "TAF3 Flaminco",
    "o": null,
    "st": "L0-",
    "ml": false
  },
  "31de3a": {
    "i": "31de3a",
    "r": "I-D405",
    "it": "NG5",
    "y": null,
    "m": null,
    "mo": "",
    "o": null,
    "st": "L1P",
    "ml": false
  },
  "31de3c": {
    "i": "31de3c",
    "r": "I-A609",
    "it": "FDCT",
    "y": null,
    "m": null,
    "mo": "",
    "o": null,
    "st": "L1P",
    "ml": false
  },
  "31df18": {
    "i": "31df18",
    "r": "I-5651",
    "it": "ULAC",
    "y": null,
    "m": null,
    "mo": "ICP MXP-640",
    "o": null,
    "st": "L0-",
    "ml": false
  },
  "31dfa5": {
    "i": "31dfa5",
    "r": "I-E093",
    "it": "PNR3",
    "y": null,
    "m": null,
    "mo": "",
    "o": null,
    "st": "L1P",
    "ml": false
  },
  "31dfbd": {
    "i": "31dfbd",
    "r": "I-E165",
    "it": "VNTR",
    "y": null,
    "m": null,
    "mo": "",
    "o": null,
    "st": "L1P",
    "ml": false
  },
  "31d991": {
    "i": "31d991",
    "r": "I-6992",
    "it": "CH7",
    "y": null,
    "m": null,
    "mo": "Heli-Sport CH-7 Kompress",
    "o": null,
    "st": "H1P",
    "ml": false
  },
  "31dcb2": {
    "i": "31dcb2",
    "r": "I-8425",
    "it": "EV97",
    "y": null,
    "m": null,
    "mo": "",
    "o": null,
    "st": "L1P",
    "ml": false
  },
  "31dcc5": {
    "i": "31dcc5",
    "r": "I-C516",
    "it": "ONE",
    "y": null,
    "m": null,
    "mo": "",
    "o": null,
    "st": "L1P",
    "ml": false
  },
  "31dd17": {
    "i": "31dd17",
    "r": "I-B269",
    "it": "KP2",
    "y": null,
    "m": null,
    "mo": "",
    "o": null,
    "st": "L1P",
    "ml": false
  },
  "31de01": {
    "i": "31de01",
    "r": "I-D279",
    "it": "MT",
    "y": null,
    "m": null,
    "mo": "",
    "o": null,
    "st": "G1P",
    "ml": false
  },
  "31de52": {
    "i": "31de52",
    "r": "I-9016",
    "it": "TL20",
    "y": null,
    "m": null,
    "mo": "",
    "o": null,
    "st": "L1P",
    "ml": false
  },
  "31e00e": {
    "i": "31e00e",
    "r": "I-A402",
    "it": "TL20",
    "y": null,
    "m": null,
    "mo": "",
    "o": null,
    "st": "L1P",
    "ml": false
  },
  "31e010": {
    "i": "31e010",
    "r": "I-A932",
    "it": "",
    "y": null,
    "m": null,
    "mo": "",
    "o": null,
    "st": null,
    "ml": false
  },
  "31feff": {
    "i": "31feff",
    "r": "I-RAIS",
    "it": "A189",
    "y": null,
    "m": null,
    "mo": "AgustaWestland 149 / 189",
    "o": null,
    "st": "H2T",
    "ml": false
  },
  "31ff11": {
    "i": "31ff11",
    "r": "I-PDVC",
    "it": "ZZZZ",
    "y": null,
    "m": null,
    "mo": "Vulcanair V.1",
    "o": null,
    "st": "-0-",
    "ml": false
  },
  "31d8ae": {
    "i": "31d8ae",
    "r": "I-9824",
    "it": "SIRA",
    "y": null,
    "m": null,
    "mo": "",
    "o": null,
    "st": "L1P",
    "ml": false
  },
  "31d8bc": {
    "i": "31d8bc",
    "r": "I-D784",
    "it": "SIRA",
    "y": null,
    "m": null,
    "mo": "",
    "o": null,
    "st": "L1P",
    "ml": false
  },
  "31dbed": {
    "i": "31dbed",
    "r": "I-B826",
    "it": "MM22",
    "y": null,
    "m": null,
    "mo": "",
    "o": null,
    "st": "G1P",
    "ml": false
  },
  "31dc3c": {
    "i": "31dc3c",
    "r": "I-B859",
    "it": "ASTO",
    "y": null,
    "m": null,
    "mo": "Tecnam Astore",
    "o": null,
    "st": "L1P",
    "ml": false
  },
  "31dcfe": {
    "i": "31dcfe",
    "r": "I-8998",
    "it": "FAET",
    "y": null,
    "m": null,
    "mo": "ATEC Faeta 321",
    "o": null,
    "st": "L1P",
    "ml": false
  },
  "31dd01": {
    "i": "31dd01",
    "r": "I-C686",
    "it": "ULAC",
    "y": null,
    "m": null,
    "mo": "",
    "o": null,
    "st": "L0-",
    "ml": false
  },
  "31dd39": {
    "i": "31dd39",
    "r": "I-C838",
    "it": "PIVI",
    "y": null,
    "m": null,
    "mo": "",
    "o": null,
    "st": "L1P",
    "ml": false
  },
  "31dd50": {
    "i": "31dd50",
    "r": "I-7818",
    "it": "TEXA",
    "y": null,
    "m": null,
    "mo": "",
    "o": null,
    "st": "L1P",
    "ml": false
  },
  "31de62": {
    "i": "31de62",
    "r": "I-D474",
    "it": "S450",
    "y": null,
    "m": null,
    "mo": "",
    "o": null,
    "st": "L1P",
    "ml": false
  },
  "31de92": {
    "i": "31de92",
    "r": "I-8657",
    "it": "STRM",
    "y": null,
    "m": null,
    "mo": "",
    "o": null,
    "st": "L1P",
    "ml": false
  },
  "31df24": {
    "i": "31df24",
    "r": "I-D799",
    "it": "SVNH",
    "y": null,
    "m": null,
    "mo": "",
    "o": null,
    "st": "L1P",
    "ml": false
  },
  "31df30": {
    "i": "31df30",
    "r": "I-D864",
    "it": "RISN",
    "y": null,
    "m": null,
    "mo": "Porto Aviation Risen",
    "o": null,
    "st": "L1P",
    "ml": false
  },
  "31df39": {
    "i": "31df39",
    "r": "I-D888",
    "it": "NG5",
    "y": null,
    "m": null,
    "mo": "",
    "o": null,
    "st": "L1P",
    "ml": false
  },
  "31df6a": {
    "i": "31df6a",
    "r": "I-D669",
    "it": "ULAC",
    "y": null,
    "m": null,
    "mo": "",
    "o": null,
    "st": "L0-",
    "ml": false
  },
  "31ff08": {
    "i": "31ff08",
    "r": "I-RAIV",
    "it": "A189",
    "y": null,
    "m": null,
    "mo": "AgustaWestland AW.189",
    "o": null,
    "st": "H2T",
    "ml": false
  },
  "31ff15": {
    "i": "31ff15",
    "r": "I-PDVF",
    "it": "TWEN",
    "y": null,
    "m": null,
    "mo": "",
    "o": null,
    "st": "L1P",
    "ml": false
  },
  "31ff28": {
    "i": "31ff28",
    "r": "I-PDVI",
    "it": "TWEN",
    "y": null,
    "m": null,
    "mo": "",
    "o": null,
    "st": "L1P",
    "ml": false
  },
  "31ffc7": {
    "i": "31ffc7",
    "r": "I-8831",
    "it": "SIRA",
    "y": null,
    "m": null,
    "mo": "Tecnam P.2002 Sierra",
    "o": null,
    "st": "L1P",
    "ml": false
  },
  "31d7e7": {
    "i": "31d7e7",
    "r": "I-9900",
    "it": "SVNH",
    "y": null,
    "m": null,
    "mo": "",
    "o": null,
    "st": "L1P",
    "ml": false
  },
  "31d818": {
    "i": "31d818",
    "r": "I-6594",
    "it": "PNR2",
    "y": null,
    "m": null,
    "mo": "Alpi Aviation Pioneer 200",
    "o": null,
    "st": "L1P",
    "ml": false
  },
  "31d8d0": {
    "i": "31d8d0",
    "r": "I-B276",
    "it": "SIRA",
    "y": null,
    "m": null,
    "mo": "Tecnam P.2002 Sierra",
    "o": null,
    "st": "L1P",
    "ml": false
  },
  "31dc1b": {
    "i": "31dc1b",
    "r": "I-7922",
    "it": "PIVI",
    "y": null,
    "m": null,
    "mo": "",
    "o": null,
    "st": "L1P",
    "ml": false
  },
  "31dc1c": {
    "i": "31dc1c",
    "r": "I-9447",
    "it": "SA2",
    "y": null,
    "m": null,
    "mo": "",
    "o": null,
    "st": "L1P",
    "ml": false
  },
  "31dc23": {
    "i": "31dc23",
    "r": "I-6728",
    "it": "GOLF",
    "y": null,
    "m": null,
    "mo": "",
    "o": null,
    "st": "L1P",
    "ml": false
  },
  "31dd5a": {
    "i": "31dd5a",
    "r": "I-C898",
    "it": "SVNH",
    "y": null,
    "m": null,
    "mo": "",
    "o": null,
    "st": "L1P",
    "ml": false
  },
  "31ddbb": {
    "i": "31ddbb",
    "r": "I-D100",
    "it": "FDCT",
    "y": null,
    "m": null,
    "mo": "",
    "o": null,
    "st": "L1P",
    "ml": false
  },
  "31dddb": {
    "i": "31dddb",
    "r": "I-D188",
    "it": "VL3",
    "y": null,
    "m": null,
    "mo": "",
    "o": null,
    "st": "L1P",
    "ml": false
  },
  "31de79": {
    "i": "31de79",
    "r": "I-D507",
    "it": "TUCR",
    "y": null,
    "m": null,
    "mo": "Flying Legends Tucano",
    "o": null,
    "st": "L1P",
    "ml": false
  },
  "31de7c": {
    "i": "31de7c",
    "r": "I-C496",
    "it": "UHEL",
    "y": null,
    "m": null,
    "mo": "Heli Sport CH-77 Ranabot",
    "o": null,
    "st": "H0-",
    "ml": false
  },
  "31e095": {
    "i": "31e095",
    "r": "I-E678",
    "it": "SVNH",
    "y": null,
    "m": null,
    "mo": "",
    "o": null,
    "st": "L1P",
    "ml": false
  },
  "31ff39": {
    "i": "31ff39",
    "r": "I-PDVK",
    "it": "PRIM",
    "y": null,
    "m": null,
    "mo": "",
    "o": null,
    "st": "L1P",
    "ml": false
  },
  "31d7fc": {
    "i": "31d7fc",
    "r": "I-4354",
    "it": "COY2",
    "y": null,
    "m": null,
    "mo": "",
    "o": null,
    "st": "L1P",
    "ml": false
  },
  "31d832": {
    "i": "31d832",
    "r": "I-9425",
    "it": "ECHO",
    "y": null,
    "m": null,
    "mo": "Tecnam P.92 Echo",
    "o": null,
    "st": "L1P",
    "ml": false
  },
  "31d899": {
    "i": "31d899",
    "r": "I-B162",
    "it": "PIVI",
    "y": null,
    "m": null,
    "mo": "",
    "o": null,
    "st": "L1P",
    "ml": false
  },
  "31dbe2": {
    "i": "31dbe2",
    "r": "I-B648",
    "it": "IMPU",
    "y": null,
    "m": null,
    "mo": "Impulse Aircraft Impulse 100",
    "o": null,
    "st": "L1P",
    "ml": false
  },
  "31dbee": {
    "i": "31dbee",
    "r": "I-8551",
    "it": "SIRA",
    "y": null,
    "m": null,
    "mo": "Tecnam P.2002 Sierra",
    "o": null,
    "st": "L1P",
    "ml": false
  },
  "31de23": {
    "i": "31de23",
    "r": "I-D369",
    "it": "VL3",
    "y": null,
    "m": null,
    "mo": "",
    "o": null,
    "st": "L1P",
    "ml": false
  },
  "31de82": {
    "i": "31de82",
    "r": "I-D513",
    "it": "DV1",
    "y": null,
    "m": null,
    "mo": "",
    "o": null,
    "st": "L1P",
    "ml": false
  },
  "31de9b": {
    "i": "31de9b",
    "r": "I-6712",
    "it": "PIVI",
    "y": null,
    "m": null,
    "mo": "",
    "o": null,
    "st": "L1P",
    "ml": false
  },
  "31dec4": {
    "i": "31dec4",
    "r": "I-5565",
    "it": "ECHO",
    "y": null,
    "m": null,
    "mo": "",
    "o": null,
    "st": "L1P",
    "ml": false
  },
  "31decb": {
    "i": "31decb",
    "r": "I-D679",
    "it": "VL3",
    "y": null,
    "m": null,
    "mo": "",
    "o": null,
    "st": "L1P",
    "ml": false
  },
  "31deeb": {
    "i": "31deeb",
    "r": "I-9381",
    "it": "FB5",
    "y": null,
    "m": null,
    "mo": "",
    "o": null,
    "st": "L1P",
    "ml": false
  },
  "31df05": {
    "i": "31df05",
    "r": "I-D786",
    "it": "SVNH",
    "y": null,
    "m": null,
    "mo": "",
    "o": null,
    "st": "L1P",
    "ml": false
  },
  "31df7f": {
    "i": "31df7f",
    "r": "I-7169",
    "it": "PNR3",
    "y": null,
    "m": null,
    "mo": "",
    "o": null,
    "st": "L1P",
    "ml": false
  },
  "31dff8": {
    "i": "31dff8",
    "r": "I-9568",
    "it": "EVSS",
    "y": null,
    "m": null,
    "mo": "",
    "o": null,
    "st": "L1P",
    "ml": false
  },
  "31fedb": {
    "i": "31fedb",
    "r": "I-RAIE",
    "it": "A169",
    "y": null,
    "m": null,
    "mo": "",
    "o": null,
    "st": "H2T",
    "ml": false
  },
  "31fef4": {
    "i": "31fef4",
    "r": "I-EASN",
    "it": "A149",
    "y": null,
    "m": null,
    "mo": "AgustaWestland AW-189",
    "o": null,
    "st": "H2T",
    "ml": false
  },
  "31ff1a": {
    "i": "31ff1a",
    "r": "I-PDVX",
    "it": "SU95",
    "y": null,
    "m": null,
    "mo": "",
    "o": null,
    "st": "L2J",
    "ml": false
  },
  "31ff37": {
    "i": "31ff37",
    "r": "I-EASE",
    "it": "PIVI",
    "y": null,
    "m": null,
    "mo": "",
    "o": null,
    "st": "L1P",
    "ml": false
  },
  "31ffa0": {
    "i": "31ffa0",
    "r": "I-3751",
    "it": "D18",
    "y": null,
    "m": null,
    "mo": "Amateur Built Jodel D.18",
    "o": null,
    "st": "L1P",
    "ml": false
  },
  "31d980": {
    "i": "31d980",
    "r": "I-C157",
    "it": "MCR4",
    "y": null,
    "m": null,
    "mo": "DynAero MCR-4-S",
    "o": null,
    "st": "L1P",
    "ml": false
  },
  "31dc55": {
    "i": "31dc55",
    "r": "I-B795",
    "it": "ASTO",
    "y": null,
    "m": null,
    "mo": "Tecnam Astore",
    "o": null,
    "st": "L1P",
    "ml": false
  },
  "31dc85": {
    "i": "31dc85",
    "r": "I-C350",
    "it": "SVNH",
    "y": null,
    "m": null,
    "mo": "ICP MXP-740 Savannah S",
    "o": null,
    "st": "L1P",
    "ml": false
  },
  "31dd6a": {
    "i": "31dd6a",
    "r": "I-7736",
    "it": "TEXA",
    "y": null,
    "m": null,
    "mo": "",
    "o": null,
    "st": "L1P",
    "ml": false
  },
  "31dd82": {
    "i": "31dd82",
    "r": "I-D002",
    "it": "SIRA",
    "y": null,
    "m": null,
    "mo": "Tecnam P.2002 Sierra",
    "o": null,
    "st": "L1P",
    "ml": false
  },
  "31dd89": {
    "i": "31dd89",
    "r": "I-3965",
    "it": "RBEL",
    "y": null,
    "m": null,
    "mo": "",
    "o": null,
    "st": "L1P",
    "ml": false
  },
  "31ddb5": {
    "i": "31ddb5",
    "r": "I-C640",
    "it": "DFLY",
    "y": null,
    "m": null,
    "mo": "",
    "o": null,
    "st": "L1P",
    "ml": false
  },
  "31ddeb": {
    "i": "31ddeb",
    "r": "I-D213",
    "it": "TL20",
    "y": null,
    "m": null,
    "mo": "TL Ultralight TL-2000 Sting S4",
    "o": null,
    "st": "L1P",
    "ml": false
  },
  "31ddfa": {
    "i": "31ddfa",
    "r": "I-D253",
    "it": "UHEL",
    "y": null,
    "m": null,
    "mo": "Heli Sport CH-77 Ranabot",
    "o": null,
    "st": "H0-",
    "ml": false
  },
  "31de31": {
    "i": "31de31",
    "r": "I-6845",
    "it": "STCH",
    "y": null,
    "m": null,
    "mo": "",
    "o": null,
    "st": "L1P",
    "ml": false
  },
  "31de68": {
    "i": "31de68",
    "r": "I-9327",
    "it": "PNR2",
    "y": null,
    "m": null,
    "mo": "",
    "o": null,
    "st": "L1P",
    "ml": false
  },
  "31de6d": {
    "i": "31de6d",
    "r": "I-A398",
    "it": "SIRA",
    "y": null,
    "m": null,
    "mo": "",
    "o": null,
    "st": "L1P",
    "ml": false
  },
  "31deaf": {
    "i": "31deaf",
    "r": "I-9036",
    "it": "SIRA",
    "y": null,
    "m": null,
    "mo": "",
    "o": null,
    "st": "L1P",
    "ml": false
  },
  "31ded0": {
    "i": "31ded0",
    "r": "I-D682",
    "it": "TARR",
    "y": null,
    "m": null,
    "mo": "",
    "o": null,
    "st": "L1P",
    "ml": false
  },
  "31df41": {
    "i": "31df41",
    "r": "I-7387",
    "it": "KP2",
    "y": null,
    "m": null,
    "mo": "",
    "o": null,
    "st": "L1P",
    "ml": false
  },
  "31df4c": {
    "i": "31df4c",
    "r": "I-6145",
    "it": "GOLF",
    "y": null,
    "m": null,
    "mo": "",
    "o": null,
    "st": "L1P",
    "ml": false
  },
  "31df60": {
    "i": "31df60",
    "r": "I-D395",
    "it": "STCH",
    "y": null,
    "m": null,
    "mo": "",
    "o": null,
    "st": "L1P",
    "ml": false
  },
  "31e04f": {
    "i": "31e04f",
    "r": "I-B991",
    "it": "CH65",
    "y": null,
    "m": null,
    "mo": "",
    "o": null,
    "st": "L1P",
    "ml": false
  },
  "31fef1": {
    "i": "31fef1",
    "r": "I-EASI",
    "it": "A169",
    "y": null,
    "m": null,
    "mo": "",
    "o": null,
    "st": "H2T",
    "ml": false
  },
  "31ffa9": {
    "i": "31ffa9",
    "r": "I-8312",
    "it": "PNR2",
    "y": null,
    "m": null,
    "mo": "Alpi Aviation Pioneer 200",
    "o": null,
    "st": "L1P",
    "ml": false
  },
  "31d807": {
    "i": "31d807",
    "r": "I-6203",
    "it": "KP2",
    "y": null,
    "m": null,
    "mo": "",
    "o": null,
    "st": "L1P",
    "ml": false
  },
  "31d9a0": {
    "i": "31d9a0",
    "r": "I-B764",
    "it": "ULAC",
    "y": null,
    "m": null,
    "mo": "Nando Groppo Trail",
    "o": null,
    "st": "L0-",
    "ml": false
  },
  "31dc19": {
    "i": "31dc19",
    "r": "I-C017",
    "it": "KP5",
    "y": null,
    "m": null,
    "mo": "Jihlavan KP-5 Skyleader 600",
    "o": null,
    "st": "L1P",
    "ml": false
  },
  "31dd03": {
    "i": "31dd03",
    "r": "I-C691",
    "it": "ZZZZ",
    "y": null,
    "m": null,
    "mo": "MAG Industrie MAG-1",
    "o": null,
    "st": "-0-",
    "ml": false
  },
  "31dd05": {
    "i": "31dd05",
    "r": "I-C695",
    "it": "TEXA",
    "y": null,
    "m": null,
    "mo": "Fly Synthesis Texan",
    "o": null,
    "st": "L1P",
    "ml": false
  },
  "31dd30": {
    "i": "31dd30",
    "r": "I-8934",
    "it": "TEXA",
    "y": null,
    "m": null,
    "mo": "Fly Synthesis Texan Top Class",
    "o": null,
    "st": "L1P",
    "ml": false
  },
  "31dd7e": {
    "i": "31dd7e",
    "r": "I-C987",
    "it": "CORO",
    "y": null,
    "m": null,
    "mo": "Corvus Phantom CA-21",
    "o": null,
    "st": "L1P",
    "ml": false
  },
  "31dd9b": {
    "i": "31dd9b",
    "r": "I-C997",
    "it": "ULAC",
    "y": null,
    "m": null,
    "mo": "CFM Dardo",
    "o": null,
    "st": "L0-",
    "ml": false
  },
  "31de10": {
    "i": "31de10",
    "r": "I-D321",
    "it": "TRAL",
    "y": null,
    "m": null,
    "mo": "Nando Groppo Trail",
    "o": null,
    "st": "L1P",
    "ml": false
  },
  "31de88": {
    "i": "31de88",
    "r": "I-D525",
    "it": "FDCT",
    "y": null,
    "m": null,
    "mo": "",
    "o": null,
    "st": "L1P",
    "ml": false
  },
  "31dea3": {
    "i": "31dea3",
    "r": "I-3480",
    "it": "CRER",
    "y": null,
    "m": null,
    "mo": "Rans Courier S-7",
    "o": null,
    "st": "L1P",
    "ml": false
  },
  "31df1b": {
    "i": "31df1b",
    "r": "I-C542",
    "it": "TL20",
    "y": null,
    "m": null,
    "mo": "",
    "o": null,
    "st": "L1P",
    "ml": false
  },
  "31dfe8": {
    "i": "31dfe8",
    "r": "I-E276",
    "it": "TL30",
    "y": null,
    "m": null,
    "mo": "",
    "o": null,
    "st": "L1P",
    "ml": false
  },
  "31fefe": {
    "i": "31fefe",
    "r": "I-RAIR",
    "it": "A139",
    "y": null,
    "m": null,
    "mo": "",
    "o": null,
    "st": "H2T",
    "ml": false
  },
  "31ff02": {
    "i": "31ff02",
    "r": "I-PDVP",
    "it": "P180",
    "y": null,
    "m": null,
    "mo": "Piaggio P-180 Avanti EVO",
    "o": null,
    "st": "L2T",
    "ml": false
  },
  "31ffac": {
    "i": "31ffac",
    "r": "I-5031",
    "it": "SKAR",
    "y": null,
    "m": null,
    "mo": "Iniziative Industriale Italian Sky Arrow 450T",
    "o": null,
    "st": "L1P",
    "ml": false
  },
  "31d780": {
    "i": "31d780",
    "r": "SERV",
    "it": "SERV",
    "y": null,
    "m": null,
    "mo": "",
    "o": null,
    "st": "V0-",
    "ml": false
  },
  "31d792": {
    "i": "31d792",
    "r": "I-E064",
    "it": "TEXA",
    "y": null,
    "m": null,
    "mo": "",
    "o": null,
    "st": "L1P",
    "ml": false
  },
  "31d875": {
    "i": "31d875",
    "r": "I-B074",
    "it": "TL20",
    "y": null,
    "m": null,
    "mo": "Tl Ultralight TL-2000-S4",
    "o": null,
    "st": "L1P",
    "ml": false
  },
  "31d891": {
    "i": "31d891",
    "r": "I-9091",
    "it": "STOR",
    "y": null,
    "m": null,
    "mo": "",
    "o": null,
    "st": "L1P",
    "ml": false
  },
  "31d98e": {
    "i": "31d98e",
    "r": "I-A952",
    "it": "SIRA",
    "y": null,
    "m": null,
    "mo": "Tecnam P.2002 Sierra",
    "o": null,
    "st": "L1P",
    "ml": false
  },
  "31d9b8": {
    "i": "31d9b8",
    "r": "I-B837",
    "it": "ULAC",
    "y": null,
    "m": null,
    "mo": "Corvus CA41 Racer",
    "o": null,
    "st": "L0-",
    "ml": false
  },
  "31dc54": {
    "i": "31dc54",
    "r": "I-C204",
    "it": "VL3",
    "y": null,
    "m": null,
    "mo": "Vanessa Air VL-3",
    "o": null,
    "st": "L1P",
    "ml": false
  },
  "31dc86": {
    "i": "31dc86",
    "r": "I-8437",
    "it": "ZZZZ",
    "y": null,
    "m": null,
    "mo": "Corivi Vulcan C-100 RG XL",
    "o": null,
    "st": "-0-",
    "ml": false
  },
  "31dcad": {
    "i": "31dcad",
    "r": "I-C453",
    "it": "SVNH",
    "y": null,
    "m": null,
    "mo": "I.C.P. MXP-740 Savannah",
    "o": null,
    "st": "L1P",
    "ml": false
  },
  "31dd66": {
    "i": "31dd66",
    "r": "I-8509",
    "it": "PNR3",
    "y": null,
    "m": null,
    "mo": "",
    "o": null,
    "st": "L1P",
    "ml": false
  },
  "31ddec": {
    "i": "31ddec",
    "r": "I-8315",
    "it": "ULAC",
    "y": null,
    "m": null,
    "mo": "MB Avio C-26",
    "o": null,
    "st": "L0-",
    "ml": false
  },
  "31de36": {
    "i": "31de36",
    "r": "I-8567",
    "it": "MX1T",
    "y": null,
    "m": null,
    "mo": "",
    "o": null,
    "st": "L1P",
    "ml": false
  },
  "31de5f": {
    "i": "31de5f",
    "r": "I-8972",
    "it": "SIRA",
    "y": null,
    "m": null,
    "mo": "",
    "o": null,
    "st": "L1P",
    "ml": false
  },
  "31dedb": {
    "i": "31dedb",
    "r": "I-D690",
    "it": "KP5",
    "y": null,
    "m": null,
    "mo": "",
    "o": null,
    "st": "L1P",
    "ml": false
  },
  "31df26": {
    "i": "31df26",
    "r": "I-D829",
    "it": "RISN",
    "y": null,
    "m": null,
    "mo": "",
    "o": null,
    "st": "L1P",
    "ml": false
  },
  "31df62": {
    "i": "31df62",
    "r": "I-D956",
    "it": "G70",
    "y": null,
    "m": null,
    "mo": "",
    "o": null,
    "st": "L1P",
    "ml": false
  },
  "31df66": {
    "i": "31df66",
    "r": "I-D955",
    "it": "SVNH",
    "y": null,
    "m": null,
    "mo": "",
    "o": null,
    "st": "L1P",
    "ml": false
  },
  "31df88": {
    "i": "31df88",
    "r": "I-A653",
    "it": "SIRA",
    "y": null,
    "m": null,
    "mo": "",
    "o": null,
    "st": "L1P",
    "ml": false
  },
  "31feda": {
    "i": "31feda",
    "r": "I-RAID",
    "it": "A169",
    "y": null,
    "m": null,
    "mo": "",
    "o": null,
    "st": "H2T",
    "ml": false
  },
  "31ff0a": {
    "i": "31ff0a",
    "r": "I-RAIX",
    "it": "A139",
    "y": null,
    "m": null,
    "mo": "",
    "o": null,
    "st": "H2T",
    "ml": true
  },
  "31d805": {
    "i": "31d805",
    "r": "I-6477",
    "it": "ECHO",
    "y": null,
    "m": null,
    "mo": "Tecnam P.92 Echo",
    "o": null,
    "st": "L1P",
    "ml": false
  },
  "31d827": {
    "i": "31d827",
    "r": "I-7878",
    "it": "ULAC",
    "y": null,
    "m": null,
    "mo": "COAVIO DF2000 Top",
    "o": null,
    "st": "L0-",
    "ml": false
  },
  "31d85e": {
    "i": "31d85e",
    "r": "I-7022",
    "it": "GLID",
    "y": null,
    "m": null,
    "mo": "Alisport Yuma",
    "o": null,
    "st": "L0-",
    "ml": false
  },
  "31dd8d": {
    "i": "31dd8d",
    "r": "SP-SDAN",
    "it": "TEXA",
    "y": null,
    "m": null,
    "mo": "Fly Synthesis Texan",
    "o": null,
    "st": "L1P",
    "ml": false
  },
  "31dd95": {
    "i": "31dd95",
    "r": "I-D037",
    "it": "G70",
    "y": null,
    "m": null,
    "mo": "",
    "o": null,
    "st": "L1P",
    "ml": false
  },
  "31ddf5": {
    "i": "31ddf5",
    "r": "I-D246",
    "it": "TARR",
    "y": null,
    "m": null,
    "mo": "",
    "o": null,
    "st": "L1P",
    "ml": false
  },
  "31de73": {
    "i": "31de73",
    "r": "I-D499",
    "it": "FDCT",
    "y": null,
    "m": null,
    "mo": "",
    "o": null,
    "st": "L1P",
    "ml": false
  },
  "31de9f": {
    "i": "31de9f",
    "r": "I-D578",
    "it": "ECHO",
    "y": null,
    "m": null,
    "mo": "",
    "o": null,
    "st": "L1P",
    "ml": false
  },
  "31dedf": {
    "i": "31dedf",
    "r": "I-D707",
    "it": "NG5",
    "y": null,
    "m": null,
    "mo": "",
    "o": null,
    "st": "L1P",
    "ml": false
  },
  "31dfdf": {
    "i": "31dfdf",
    "r": "I-E252",
    "it": "SVNH",
    "y": null,
    "m": null,
    "mo": "",
    "o": null,
    "st": "L1P",
    "ml": false
  },
  "31e014": {
    "i": "31e014",
    "r": "I-E351",
    "it": "TRAL",
    "y": null,
    "m": null,
    "mo": "",
    "o": null,
    "st": "L1P",
    "ml": false
  },
  "31e086": {
    "i": "31e086",
    "r": "I-E630",
    "it": "SVNH",
    "y": null,
    "m": null,
    "mo": "",
    "o": null,
    "st": "L1P",
    "ml": false
  },
  "31ff14": {
    "i": "31ff14",
    "r": "I-PDVE",
    "it": "SIRA",
    "y": null,
    "m": null,
    "mo": "Tecnam P.2002 Sierra",
    "o": null,
    "st": "L1P",
    "ml": false
  },
  "31d8ef": {
    "i": "31d8ef",
    "r": "I-B337",
    "it": "TRAL",
    "y": null,
    "m": null,
    "mo": "Nando Groppo Trail",
    "o": null,
    "st": "L1P",
    "ml": false
  },
  "31d94e": {
    "i": "31d94e",
    "r": "I-9353",
    "it": "TEXA",
    "y": null,
    "m": null,
    "mo": "Fly Synthesis Texan",
    "o": null,
    "st": "L1P",
    "ml": false
  },
  "31dbfd": {
    "i": "31dbfd",
    "r": "I-6478",
    "it": "ULAC",
    "y": null,
    "m": null,
    "mo": "Asso Aerei Vidor Asso 3",
    "o": null,
    "st": "L0-",
    "ml": false
  },
  "31dc5f": {
    "i": "31dc5f",
    "r": "I-A160",
    "it": "TEXA",
    "y": null,
    "m": null,
    "mo": "Fly Synthesis Texan",
    "o": null,
    "st": "L1P",
    "ml": false
  },
  "31dc9c": {
    "i": "31dc9c",
    "r": "I-C393",
    "it": "PIVI",
    "y": null,
    "m": null,
    "mo": "Pipistrel Virus SW",
    "o": null,
    "st": "L1P",
    "ml": false
  },
  "31dcd7": {
    "i": "31dcd7",
    "r": "I-C559",
    "it": "NG5",
    "y": null,
    "m": null,
    "mo": "",
    "o": null,
    "st": "L1P",
    "ml": false
  },
  "31dcdf": {
    "i": "31dcdf",
    "r": "I-5905",
    "it": "FLSH",
    "y": null,
    "m": null,
    "mo": "",
    "o": null,
    "st": "L1P",
    "ml": false
  },
  "31dcf8": {
    "i": "31dcf8",
    "r": "I-C662",
    "it": "TEXA",
    "y": null,
    "m": null,
    "mo": "Fly Synthesis Texan",
    "o": null,
    "st": "L1P",
    "ml": false
  },
  "31ddd6": {
    "i": "31ddd6",
    "r": "I-C457",
    "it": "CH60",
    "y": null,
    "m": null,
    "mo": "",
    "o": null,
    "st": "L1P",
    "ml": false
  },
  "31de26": {
    "i": "31de26",
    "r": "I-B558",
    "it": "K209",
    "y": null,
    "m": null,
    "mo": "",
    "o": null,
    "st": "H1T",
    "ml": false
  },
  "31deca": {
    "i": "31deca",
    "r": "I-D677",
    "it": "PRIM",
    "y": null,
    "m": null,
    "mo": "",
    "o": null,
    "st": "L1P",
    "ml": false
  },
  "31df0e": {
    "i": "31df0e",
    "r": "I-D794",
    "it": "ALTO",
    "y": null,
    "m": null,
    "mo": "",
    "o": null,
    "st": "L1P",
    "ml": false
  },
  "31df9b": {
    "i": "31df9b",
    "r": "I-E083",
    "it": "PNR4",
    "y": null,
    "m": null,
    "mo": "",
    "o": null,
    "st": "L1P",
    "ml": false
  },
  "31dfcb": {
    "i": "31dfcb",
    "r": "I-E209",
    "it": "NG5",
    "y": null,
    "m": null,
    "mo": "",
    "o": null,
    "st": "L1P",
    "ml": false
  },
  "31fef8": {
    "i": "31fef8",
    "r": "I-RAIL",
    "it": "A189",
    "y": null,
    "m": null,
    "mo": "",
    "o": null,
    "st": "H2T",
    "ml": false
  },
  "31ff03": {
    "i": "31ff03",
    "r": "I-PDVQ",
    "it": "P180",
    "y": null,
    "m": null,
    "mo": "",
    "o": null,
    "st": "L2T",
    "ml": false
  },
  "31ff31": {
    "i": "31ff31",
    "r": "I-PDLV",
    "it": "TWEN",
    "y": null,
    "m": null,
    "mo": "",
    "o": null,
    "st": "L1P",
    "ml": false
  },
  "31d8f0": {
    "i": "31d8f0",
    "r": "I-A139",
    "it": "SVNH",
    "y": null,
    "m": null,
    "mo": "I.C.P. MXP-740 Savannah",
    "o": null,
    "st": "L1P",
    "ml": false
  },
  "31d8f5": {
    "i": "31d8f5",
    "r": "I-7629",
    "it": "TEXA",
    "y": null,
    "m": null,
    "mo": "Fly Synthesis Texan Top Class RG",
    "o": null,
    "st": "L1P",
    "ml": false
  },
  "31d95d": {
    "i": "31d95d",
    "r": "I-B612",
    "it": "ULAC",
    "y": null,
    "m": null,
    "mo": "",
    "o": null,
    "st": "L0-",
    "ml": false
  },
  "31d98c": {
    "i": "31d98c",
    "r": "I-7032",
    "it": "FDCT",
    "y": null,
    "m": null,
    "mo": "Flight Design CT-2K",
    "o": null,
    "st": "L1P",
    "ml": false
  },
  "31dbeb": {
    "i": "31dbeb",
    "r": "I-A342",
    "it": "SYNC",
    "y": null,
    "m": null,
    "mo": "",
    "o": null,
    "st": "L1P",
    "ml": false
  },
  "31dd6d": {
    "i": "31dd6d",
    "r": "I-C942",
    "it": "FAET",
    "y": null,
    "m": null,
    "mo": "ATEC Faeta NG",
    "o": null,
    "st": "L1P",
    "ml": false
  },
  "31dd99": {
    "i": "31dd99",
    "r": "I-7760",
    "it": "SIRA",
    "y": null,
    "m": null,
    "mo": "Tecnam P.2002 Sierra",
    "o": null,
    "st": "L1P",
    "ml": false
  },
  "31deac": {
    "i": "31deac",
    "r": "I-X063",
    "it": "NG5",
    "y": null,
    "m": null,
    "mo": "",
    "o": null,
    "st": "L1P",
    "ml": false
  },
  "31dec0": {
    "i": "31dec0",
    "r": "I-D646",
    "it": "NG5",
    "y": null,
    "m": null,
    "mo": "BRM Bristell NG5",
    "o": null,
    "st": "L1P",
    "ml": false
  },
  "31def0": {
    "i": "31def0",
    "r": "I-D736",
    "it": "EV97",
    "y": null,
    "m": null,
    "mo": "",
    "o": null,
    "st": "L1P",
    "ml": false
  },
  "31dfb2": {
    "i": "31dfb2",
    "r": "I-E127",
    "it": "MM24",
    "y": null,
    "m": null,
    "mo": "",
    "o": null,
    "st": "G1P",
    "ml": false
  },
  "31dfdc": {
    "i": "31dfdc",
    "r": "I-E248",
    "it": "SAVG",
    "y": null,
    "m": null,
    "mo": "",
    "o": null,
    "st": "L1P",
    "ml": false
  },
  "31e013": {
    "i": "31e013",
    "r": "I-A728",
    "it": "WT9",
    "y": null,
    "m": null,
    "mo": "",
    "o": null,
    "st": "L1P",
    "ml": false
  },
  "31ff22": {
    "i": "31ff22",
    "r": "I-UASH",
    "it": "ECHO",
    "y": null,
    "m": null,
    "mo": "",
    "o": null,
    "st": "L1P",
    "ml": false
  },
  "31ffd9": {
    "i": "31ffd9",
    "r": "TWR",
    "it": "TWR",
    "y": null,
    "m": null,
    "mo": "",
    "o": null,
    "st": "T0-",
    "ml": false
  },
  "31d7e5": {
    "i": "31d7e5",
    "r": "I-7454",
    "it": "SIRA",
    "y": null,
    "m": null,
    "mo": "Tecnam P.2002 Sierra",
    "o": null,
    "st": "L1P",
    "ml": false
  },
  "31d8d9": {
    "i": "31d8d9",
    "r": "I-A882",
    "it": "PIVI",
    "y": null,
    "m": null,
    "mo": "",
    "o": null,
    "st": "L1P",
    "ml": false
  },
  "31d999": {
    "i": "31d999",
    "r": "I-8577",
    "it": "ECHO",
    "y": null,
    "m": null,
    "mo": "",
    "o": null,
    "st": "L1P",
    "ml": false
  },
  "31dc11": {
    "i": "31dc11",
    "r": "I-B986",
    "it": "CORO",
    "y": null,
    "m": null,
    "mo": "Corvus Fusion",
    "o": null,
    "st": "L1P",
    "ml": false
  },
  "31dcb5": {
    "i": "31dcb5",
    "r": "I-9710",
    "it": "ECHO",
    "y": null,
    "m": null,
    "mo": "",
    "o": null,
    "st": "L1P",
    "ml": false
  },
  "31dce1": {
    "i": "31dce1",
    "r": "I-7371",
    "it": "SIRA",
    "y": null,
    "m": null,
    "mo": "Tecnam P.2002 Sierra",
    "o": null,
    "st": "L1P",
    "ml": false
  },
  "31dcee": {
    "i": "31dcee",
    "r": "I-8252",
    "it": "PNR2",
    "y": null,
    "m": null,
    "mo": "",
    "o": null,
    "st": "L1P",
    "ml": false
  },
  "31dd18": {
    "i": "31dd18",
    "r": "I-C001",
    "it": "SVNH",
    "y": null,
    "m": null,
    "mo": "ICP MXP-740 Savannah",
    "o": null,
    "st": "L1P",
    "ml": false
  },
  "31dd28": {
    "i": "31dd28",
    "r": "I-7826",
    "it": "ULAC",
    "y": null,
    "m": null,
    "mo": "",
    "o": null,
    "st": "L0-",
    "ml": false
  },
  "31dd69": {
    "i": "31dd69",
    "r": "I-C937",
    "it": "PIVI",
    "y": null,
    "m": null,
    "mo": "Pipistrel Virus",
    "o": null,
    "st": "L1P",
    "ml": false
  },
  "31dd76": {
    "i": "31dd76",
    "r": "I-C963",
    "it": "VL3",
    "y": null,
    "m": null,
    "mo": "Aveko VL-3 Evolution",
    "o": null,
    "st": "L1P",
    "ml": false
  },
  "31de21": {
    "i": "31de21",
    "r": "I-D367",
    "it": "MM22",
    "y": null,
    "m": null,
    "mo": "",
    "o": null,
    "st": "G1P",
    "ml": false
  },
  "31deb6": {
    "i": "31deb6",
    "r": "I-D624",
    "it": "ULAC",
    "y": null,
    "m": null,
    "mo": "Coavio DA Evolution",
    "o": null,
    "st": "L0-",
    "ml": false
  },
  "31dfed": {
    "i": "31dfed",
    "r": "I-C901",
    "it": "ECHO",
    "y": null,
    "m": null,
    "mo": "",
    "o": null,
    "st": "L1P",
    "ml": false
  },
  "31e009": {
    "i": "31e009",
    "r": "I-E313",
    "it": "ECHO",
    "y": null,
    "m": null,
    "mo": "",
    "o": null,
    "st": "L1P",
    "ml": false
  },
  "31ea0a": {
    "i": "31ea0a",
    "r": "I-E718",
    "it": "VNTR",
    "y": null,
    "m": null,
    "mo": "",
    "o": null,
    "st": "L1P",
    "ml": false
  },
  "31fed7": {
    "i": "31fed7",
    "r": "MM81600",
    "it": "NH90",
    "y": null,
    "m": null,
    "mo": "",
    "o": null,
    "st": "H2T",
    "ml": true
  },
  "31ffaa": {
    "i": "31ffaa",
    "r": "I-6751",
    "it": "PNR2",
    "y": null,
    "m": null,
    "mo": "Alpi Aviation Pioneer 200",
    "o": null,
    "st": "L1P",
    "ml": false
  },
  "31d934": {
    "i": "31d934",
    "r": "I-B570",
    "it": "TL30",
    "y": null,
    "m": null,
    "mo": "TL Ultralight TL-3000",
    "o": null,
    "st": "L1P",
    "ml": false
  },
  "31dc27": {
    "i": "31dc27",
    "r": "I-C047",
    "it": "KP2",
    "y": null,
    "m": null,
    "mo": "",
    "o": null,
    "st": "L1P",
    "ml": false
  },
  "31dc76": {
    "i": "31dc76",
    "r": "I-C303",
    "it": "CRUZ",
    "y": null,
    "m": null,
    "mo": "CZAW Sportcruiser",
    "o": null,
    "st": "L1P",
    "ml": false
  },
  "31dd04": {
    "i": "31dd04",
    "r": "I-C694",
    "it": "MM16",
    "y": null,
    "m": null,
    "mo": "Magni Gyro M-16 Tandem Trainer",
    "o": null,
    "st": "G1P",
    "ml": false
  },
  "31dd3f": {
    "i": "31dd3f",
    "r": "I-C851",
    "it": "KP5",
    "y": null,
    "m": null,
    "mo": "",
    "o": null,
    "st": "L1P",
    "ml": false
  },
  "31dd7d": {
    "i": "31dd7d",
    "r": "I-C983",
    "it": "PNR3",
    "y": null,
    "m": null,
    "mo": "",
    "o": null,
    "st": "L1P",
    "ml": false
  },
  "31dd91": {
    "i": "31dd91",
    "r": "I-D030",
    "it": "UHEL",
    "y": null,
    "m": null,
    "mo": "Heli-Sport CH77 Ranabot",
    "o": null,
    "st": "H0-",
    "ml": false
  },
  "31de44": {
    "i": "31de44",
    "r": "I-B039",
    "it": "PNR3",
    "y": null,
    "m": null,
    "mo": "",
    "o": null,
    "st": "L1P",
    "ml": false
  },
  "31df21": {
    "i": "31df21",
    "r": "I-D818",
    "it": "MM24",
    "y": null,
    "m": null,
    "mo": "",
    "o": null,
    "st": "G1P",
    "ml": false
  },
  "31df51": {
    "i": "31df51",
    "r": "I-9158",
    "it": "SIRA",
    "y": null,
    "m": null,
    "mo": "",
    "o": null,
    "st": "L1P",
    "ml": false
  },
  "31df65": {
    "i": "31df65",
    "r": "I-D959",
    "it": "SVNH",
    "y": null,
    "m": null,
    "mo": "",
    "o": null,
    "st": "L1P",
    "ml": false
  },
  "31dfc5": {
    "i": "31dfc5",
    "r": "I-B468",
    "it": "F30",
    "y": null,
    "m": null,
    "mo": "",
    "o": null,
    "st": "L1P",
    "ml": false
  },
  "31e050": {
    "i": "31e050",
    "r": "I-E479",
    "it": "PNR3",
    "y": null,
    "m": null,
    "mo": "",
    "o": null,
    "st": "L1P",
    "ml": false
  },
  "31ff00": {
    "i": "31ff00",
    "r": "I-RAIT",
    "it": "A169",
    "y": null,
    "m": null,
    "mo": "AgustaWestland AW.169",
    "o": null,
    "st": "H2T",
    "ml": false
  },
  "31ccee": {
    "i": "31ccee",
    "r": "I-D224",
    "it": "PIVI",
    "y": null,
    "m": null,
    "mo": "Pipistrel Virus 912",
    "o": null,
    "st": "L1P",
    "ml": false
  },
  "31d8eb": {
    "i": "31d8eb",
    "r": "I-B329",
    "it": "PNR3",
    "y": null,
    "m": null,
    "mo": "Alpi Aviation Pioneer 300",
    "o": null,
    "st": "L1P",
    "ml": false
  },
  "31d904": {
    "i": "31d904",
    "r": "I-B437",
    "it": "PISI",
    "y": null,
    "m": null,
    "mo": "Pipistrel Sinus",
    "o": null,
    "st": "L1P",
    "ml": false
  },
  "31d91b": {
    "i": "31d91b",
    "r": "I-6333",
    "it": "ECHO",
    "y": null,
    "m": null,
    "mo": "",
    "o": null,
    "st": "L1P",
    "ml": false
  },
  "31dd06": {
    "i": "31dd06",
    "r": "I-C697",
    "it": "ULAC",
    "y": null,
    "m": null,
    "mo": "",
    "o": null,
    "st": "L0-",
    "ml": false
  },
  "31ddd4": {
    "i": "31ddd4",
    "r": "I-D164",
    "it": "KP5",
    "y": null,
    "m": null,
    "mo": "",
    "o": null,
    "st": "L1P",
    "ml": false
  },
  "31ddf4": {
    "i": "31ddf4",
    "r": "I-D244",
    "it": "SYNC",
    "y": null,
    "m": null,
    "mo": "Fly Synthesis Syncro",
    "o": null,
    "st": "L1P",
    "ml": false
  },
  "31de78": {
    "i": "31de78",
    "r": "I-A562",
    "it": "MCR4",
    "y": null,
    "m": null,
    "mo": "",
    "o": null,
    "st": "L1P",
    "ml": false
  },
  "31de84": {
    "i": "31de84",
    "r": "I-B148",
    "it": "CRUZ",
    "y": null,
    "m": null,
    "mo": "",
    "o": null,
    "st": "L1P",
    "ml": false
  },
  "31decd": {
    "i": "31decd",
    "r": "I-B158",
    "it": "KP2",
    "y": null,
    "m": null,
    "mo": "",
    "o": null,
    "st": "L1P",
    "ml": false
  },
  "31df0d": {
    "i": "31df0d",
    "r": "I-D792",
    "it": "TEXA",
    "y": null,
    "m": null,
    "mo": "",
    "o": null,
    "st": "L1P",
    "ml": false
  },
  "31df13": {
    "i": "31df13",
    "r": "I-D800",
    "it": "ECHO",
    "y": null,
    "m": null,
    "mo": "",
    "o": null,
    "st": "L1P",
    "ml": false
  },
  "31df33": {
    "i": "31df33",
    "r": "I-D867",
    "it": "ECHO",
    "y": null,
    "m": null,
    "mo": "",
    "o": null,
    "st": "L1P",
    "ml": false
  },
  "31df42": {
    "i": "31df42",
    "r": "I-B629",
    "it": "PNR3",
    "y": null,
    "m": null,
    "mo": "",
    "o": null,
    "st": "L1P",
    "ml": false
  },
  "31df8f": {
    "i": "31df8f",
    "r": "I-E052",
    "it": "TARR",
    "y": null,
    "m": null,
    "mo": "",
    "o": null,
    "st": "L1P",
    "ml": false
  },
  "31dfba": {
    "i": "31dfba",
    "r": "I-8842",
    "it": "SIRA",
    "y": null,
    "m": null,
    "mo": "",
    "o": null,
    "st": "L1P",
    "ml": false
  },
  "31dfca": {
    "i": "31dfca",
    "r": "I-E204",
    "it": "TARR",
    "y": null,
    "m": null,
    "mo": "",
    "o": null,
    "st": "L1P",
    "ml": false
  },
  "31e025": {
    "i": "31e025",
    "r": "I-E399",
    "it": "ULAC",
    "y": null,
    "m": null,
    "mo": "",
    "o": null,
    "st": "L0-",
    "ml": false
  },
  "31e091": {
    "i": "31e091",
    "r": "I-E676",
    "it": "SVNH",
    "y": null,
    "m": null,
    "mo": "",
    "o": null,
    "st": "L1P",
    "ml": false
  },
  "31fefc": {
    "i": "31fefc",
    "r": "I-RAIP",
    "it": "A139",
    "y": null,
    "m": null,
    "mo": "",
    "o": null,
    "st": "H2T",
    "ml": false
  },
  "31fefd": {
    "i": "31fefd",
    "r": "I-RAIQ",
    "it": "A149",
    "y": null,
    "m": null,
    "mo": "AgustaWestland AW.149",
    "o": null,
    "st": "H2T",
    "ml": false
  },
  "31ff04": {
    "i": "31ff04",
    "r": "I-PDVR",
    "it": "P180",
    "y": null,
    "m": null,
    "mo": "",
    "o": null,
    "st": "L2T",
    "ml": false
  },
  "31d811": {
    "i": "31d811",
    "r": "I-8328",
    "it": "FB5",
    "y": null,
    "m": null,
    "mo": "",
    "o": null,
    "st": "L1P",
    "ml": false
  },
  "31d8b1": {
    "i": "31d8b1",
    "r": "I-8857",
    "it": "GOLF",
    "y": null,
    "m": null,
    "mo": "Tecnam P.96 Golf 100",
    "o": null,
    "st": "L1P",
    "ml": false
  },
  "31d8b6": {
    "i": "31d8b6",
    "r": "I-6999",
    "it": "ECHO",
    "y": null,
    "m": null,
    "mo": "Tecnam P.92 Echo",
    "o": null,
    "st": "L1P",
    "ml": false
  },
  "31d8e1": {
    "i": "31d8e1",
    "r": "I-B268",
    "it": "CRER",
    "y": null,
    "m": null,
    "mo": "",
    "o": null,
    "st": "L1P",
    "ml": false
  },
  "31dc6b": {
    "i": "31dc6b",
    "r": "I-C254",
    "it": "SVNH",
    "y": null,
    "m": null,
    "mo": "ICP MXP-740 Savannah",
    "o": null,
    "st": "L1P",
    "ml": false
  },
  "31dcea": {
    "i": "31dcea",
    "r": "I-C610",
    "it": "MCR4",
    "y": null,
    "m": null,
    "mo": "",
    "o": null,
    "st": "L1P",
    "ml": false
  },
  "31dd11": {
    "i": "31dd11",
    "r": "I-C713",
    "it": "FX1",
    "y": null,
    "m": null,
    "mo": "",
    "o": null,
    "st": "L1P",
    "ml": false
  },
  "31ddc7": {
    "i": "31ddc7",
    "r": "I-C786",
    "it": "SVNH",
    "y": null,
    "m": null,
    "mo": "",
    "o": null,
    "st": "L1P",
    "ml": false
  },
  "31ddfd": {
    "i": "31ddfd",
    "r": "I-D260",
    "it": "TARR",
    "y": null,
    "m": null,
    "mo": "Pelegrin Tarragon",
    "o": null,
    "st": "L1P",
    "ml": false
  },
  "31ddff": {
    "i": "31ddff",
    "r": "I-D271",
    "it": "NG5",
    "y": null,
    "m": null,
    "mo": "",
    "o": null,
    "st": "L1P",
    "ml": false
  },
  "31de02": {
    "i": "31de02",
    "r": "I-D287",
    "it": "VL3",
    "y": null,
    "m": null,
    "mo": "",
    "o": null,
    "st": "L1P",
    "ml": false
  },
  "31def4": {
    "i": "31def4",
    "r": "I-D764",
    "it": "FUSI",
    "y": null,
    "m": null,
    "mo": "",
    "o": null,
    "st": "L1P",
    "ml": false
  },
  "31df08": {
    "i": "31df08",
    "r": "I-A820",
    "it": "SWAK",
    "y": null,
    "m": null,
    "mo": "",
    "o": null,
    "st": "L1P",
    "ml": false
  },
  "31df20": {
    "i": "31df20",
    "r": "I-D815",
    "it": "UHEL",
    "y": null,
    "m": null,
    "mo": "HELI-SPORT CH77 Ranabot",
    "o": null,
    "st": "H0-",
    "ml": false
  },
  "31df5f": {
    "i": "31df5f",
    "r": "I-8701",
    "it": "STCH",
    "y": null,
    "m": null,
    "mo": "",
    "o": null,
    "st": "L1P",
    "ml": false
  },
  "31dfdd": {
    "i": "31dfdd",
    "r": "I-E249",
    "it": "VL3",
    "y": null,
    "m": null,
    "mo": "",
    "o": null,
    "st": "L1P",
    "ml": false
  },
  "31e042": {
    "i": "31e042",
    "r": "I-E456",
    "it": "MM24",
    "y": null,
    "m": null,
    "mo": "",
    "o": null,
    "st": "G1P",
    "ml": false
  },
  "31fed9": {
    "i": "31fed9",
    "r": "I-PTFI",
    "it": "P208",
    "y": null,
    "m": null,
    "mo": "",
    "o": null,
    "st": "L1P",
    "ml": false
  },
  "31dc65": {
    "i": "31dc65",
    "r": "I-C239",
    "it": "FK14",
    "y": null,
    "m": null,
    "mo": "B & F Technik Funk FK.14",
    "o": null,
    "st": "L1P",
    "ml": false
  },
  "31decc": {
    "i": "31decc",
    "r": "I-D680",
    "it": "VL3",
    "y": null,
    "m": null,
    "mo": "",
    "o": null,
    "st": "L1P",
    "ml": false
  },
  "31d972": {
    "i": "31d972",
    "r": "I-A560",
    "it": "FDCT",
    "y": null,
    "m": null,
    "mo": "Flight Design CT SW",
    "o": null,
    "st": "L1P",
    "ml": false
  },
  "31debc": {
    "i": "31debc",
    "r": "I-9256",
    "it": "SA2",
    "y": null,
    "m": null,
    "mo": "",
    "o": null,
    "st": "L1P",
    "ml": false
  },
  "31d97a": {
    "i": "31d97a",
    "r": "I-9728",
    "it": "CRUZ",
    "y": null,
    "m": null,
    "mo": "CZAW Sportcruiser",
    "o": null,
    "st": "L1P",
    "ml": false
  },
  "31e02c": {
    "i": "31e02c",
    "r": "I-B455",
    "it": "SVNH",
    "y": null,
    "m": "ICP",
    "mo": "Savannah",
    "o": null,
    "st": "L1P",
    "ml": false
  },
  "31e048": {
    "i": "31e048",
    "r": "I-B156",
    "it": "ASO5",
    "y": null,
    "m": "ASSO AEREI",
    "mo": "Champion",
    "o": null,
    "st": "L1P",
    "ml": false
  },
  "31dfd9": {
    "i": "31dfd9",
    "r": "I-E243",
    "it": "SVNH",
    "y": null,
    "m": "ICP",
    "mo": "Savannah",
    "o": null,
    "st": "L1P",
    "ml": false
  },
  "31e04a": {
    "i": "31e04a",
    "r": "I-E483",
    "it": "SVNH",
    "y": null,
    "m": "ICP",
    "mo": "Savannah",
    "o": null,
    "st": "L1P",
    "ml": false
  },
  "31e067": {
    "i": "31e067",
    "r": "I-E567",
    "it": "FDCT",
    "y": null,
    "m": "FLIGHT DESIGN",
    "mo": "CT",
    "o": null,
    "st": "L1P",
    "ml": false
  },
  "31d8de": {
    "i": "31d8de",
    "r": "I-A656",
    "it": "MCR4",
    "y": null,
    "m": "DYN'AERO",
    "mo": "MCR-2",
    "o": null,
    "st": "L1P",
    "ml": false
  },
  "31df90": {
    "i": "31df90",
    "r": "I-X068",
    "it": "RISN",
    "y": null,
    "m": "PORTO",
    "mo": "Risen",
    "o": null,
    "st": "L1P",
    "ml": false
  },
  "31dfc7": {
    "i": "31dfc7",
    "r": "I-X057",
    "it": "PIAE",
    "y": null,
    "m": "PIPISTREL",
    "mo": "Alpha Electro",
    "o": null,
    "st": "L1P",
    "ml": false
  },
  "31df15": {
    "i": "31df15",
    "r": "I-D801",
    "it": "PIVI",
    "y": null,
    "m": "PIPISTREL",
    "mo": "Virus",
    "o": null,
    "st": "L1P",
    "ml": false
  },
  "31df16": {
    "i": "31df16",
    "r": "I-B937",
    "it": "ECHO",
    "y": null,
    "m": "TECNAM",
    "mo": "P-92 Echo",
    "o": null,
    "st": "L1P",
    "ml": false
  },
  "31dfc6": {
    "i": "31dfc6",
    "r": "I-X056",
    "it": "PIVE",
    "y": null,
    "m": "PIPISTREL",
    "mo": "Velis Electro",
    "o": null,
    "st": "L1P",
    "ml": false
  },
  "31fedc": {
    "i": "31fedc",
    "r": "I-RAIF",
    "it": "A169",
    "y": null,
    "m": "AGUSTA WESTLAND",
    "mo": "AW-169",
    "o": null,
    "st": "H2T",
    "ml": false
  }
}