{
  "32001c": {
    "i": "32001c",
    "r": "MM81892",
    "it": "A139",
    "y": null,
    "m": null,
    "mo": "Agusta AW139-PH-139B",
    "o": null,
    "st": "H2T",
    "ml": true
  },
  "320036": {
    "i": "320036",
    "r": "VF-141",
    "it": "A139",
    "y": null,
    "m": null,
    "mo": "",
    "o": null,
    "st": "H2T",
    "ml": true
  },
  "320062": {
    "i": "320062",
    "r": "MM82070",
    "it": "A139",
    "y": null,
    "m": null,
    "mo": "",
    "o": null,
    "st": "H2T",
    "ml": false
  },
  "320066": {
    "i": "320066",
    "r": "VF-156",
    "it": "A139",
    "y": null,
    "m": null,
    "mo": "",
    "o": null,
    "st": "H2T",
    "ml": false
  },
  "32002a": {
    "i": "32002a",
    "r": "MM81954",
    "it": "A139",
    "y": null,
    "m": null,
    "mo": "LEONARDO AW.139",
    "o": null,
    "st": "H2T",
    "ml": true
  },
  "32003e": {
    "i": "32003e",
    "r": "VF-145",
    "it": "A139",
    "y": null,
    "m": null,
    "mo": "",
    "o": null,
    "st": "H2T",
    "ml": true
  },
  "32001f": {
    "i": "32001f",
    "r": "MM81910",
    "it": "A139",
    "y": null,
    "m": null,
    "mo": "AgustaWestland AW.139 CP",
    "o": null,
    "st": "H2T",
    "ml": true
  },
  "320021": {
    "i": "320021",
    "r": "MM81926",
    "it": "A139",
    "y": null,
    "m": null,
    "mo": "LEONARDO AW.139",
    "o": null,
    "st": "H2T",
    "ml": true
  },
  "320030": {
    "i": "320030",
    "r": "MM81959",
    "it": "A139",
    "y": null,
    "m": null,
    "mo": "LEONARDO AW.139",
    "o": null,
    "st": "H2T",
    "ml": true
  },
  "320002": {
    "i": "320002",
    "r": "MM62247",
    "it": "P180",
    "y": null,
    "m": null,
    "mo": "Piaggio P-180-AM",
    "o": null,
    "st": "L2T",
    "ml": true
  },
  "320026": {
    "i": "320026",
    "r": "MM81947",
    "it": "A139",
    "y": null,
    "m": null,
    "mo": "Agusta AW139-PH-139E",
    "o": null,
    "st": "H2T",
    "ml": true
  },
  "320044": {
    "i": "320044",
    "r": "MM81979",
    "it": "A139",
    "y": null,
    "m": null,
    "mo": "",
    "o": null,
    "st": "H2T",
    "ml": true
  },
  "320055": {
    "i": "320055",
    "r": "VF-150",
    "it": "A139",
    "y": null,
    "m": null,
    "mo": "",
    "o": null,
    "st": "H2T",
    "ml": true
  },
  "320019": {
    "i": "320019",
    "r": "MM62230",
    "it": "AT45",
    "y": null,
    "m": null,
    "mo": "Atr ATR 42-500MP",
    "o": null,
    "st": "L2T",
    "ml": true
  },
  "32002e": {
    "i": "32002e",
    "r": "MM62311",
    "it": "AT76",
    "y": null,
    "m": null,
    "mo": "Atr ATR 72-600MPA",
    "o": null,
    "st": "L2T",
    "ml": true
  },
  "320029": {
    "i": "320029",
    "r": "MM81950",
    "it": "A139",
    "y": null,
    "m": null,
    "mo": "LEONARDO AW.139",
    "o": null,
    "st": "H2T",
    "ml": true
  },
  "320040": {
    "i": "320040",
    "r": "MM62315",
    "it": "AT76",
    "y": null,
    "m": null,
    "mo": "Avions de Transport Regional P-72B",
    "o": null,
    "st": "L2T",
    "ml": true
  },
  "320053": {
    "i": "320053",
    "r": "MM82034",
    "it": "A139",
    "y": null,
    "m": null,
    "mo": "",
    "o": null,
    "st": "H2T",
    "ml": true
  },
  "32006e": {
    "i": "32006e",
    "r": "VF-164",
    "it": "A139",
    "y": null,
    "m": null,
    "mo": "",
    "o": null,
    "st": "H2T",
    "ml": false
  },
  "32006a": {
    "i": "32006a",
    "r": "VF-160",
    "it": "A139",
    "y": null,
    "m": null,
    "mo": "",
    "o": null,
    "st": "H2T",
    "ml": false
  },
  "320073": {
    "i": "320073",
    "r": "MM82108",
    "it": "A169",
    "y": null,
    "m": null,
    "mo": "",
    "o": null,
    "st": "H2T",
    "ml": true
  },
  "320048": {
    "i": "320048",
    "r": "MM81997",
    "it": "A139",
    "y": null,
    "m": null,
    "mo": "",
    "o": null,
    "st": "H2T",
    "ml": true
  },
  "320052": {
    "i": "320052",
    "r": "MM62321",
    "it": "AT76",
    "y": null,
    "m": null,
    "mo": "",
    "o": null,
    "st": "L2T",
    "ml": true
  },
  "320064": {
    "i": "320064",
    "r": "VF-154",
    "it": "A139",
    "y": null,
    "m": null,
    "mo": "",
    "o": null,
    "st": "H2T",
    "ml": false
  },
  "320015": {
    "i": "320015",
    "r": "MM81838",
    "it": "A139",
    "y": null,
    "m": null,
    "mo": "AgustaWestland AW.139 UH-139C",
    "o": null,
    "st": "H2T",
    "ml": true
  },
  "32004a": {
    "i": "32004a",
    "r": "MM82001",
    "it": "A139",
    "y": null,
    "m": null,
    "mo": "",
    "o": null,
    "st": "H2T",
    "ml": true
  },
  "32005e": {
    "i": "32005e",
    "r": "MM82061",
    "it": "A169",
    "y": null,
    "m": null,
    "mo": "",
    "o": null,
    "st": "H2T",
    "ml": true
  },
  "32000a": {
    "i": "32000a",
    "r": "MM81748",
    "it": "A139",
    "y": null,
    "m": null,
    "mo": "AgustaWestland AW.139 PH-139A",
    "o": null,
    "st": "H2T",
    "ml": true
  },
  "320017": {
    "i": "320017",
    "r": "MM62165",
    "it": "AT44",
    "y": null,
    "m": null,
    "mo": "Atr ATR 42-400MP",
    "o": null,
    "st": "L2T",
    "ml": true
  },
  "320020": {
    "i": "320020",
    "r": "MM81911",
    "it": "A139",
    "y": null,
    "m": null,
    "mo": "Agusta AW139-PH-139C",
    "o": null,
    "st": "H2T",
    "ml": true
  },
  "320031": {
    "i": "320031",
    "r": "MM81962",
    "it": "A169",
    "y": null,
    "m": null,
    "mo": "Agustawestland AW169-UH-169A",
    "o": null,
    "st": "H2T",
    "ml": true
  },
  "320034": {
    "i": "320034",
    "r": "I-DVFC",
    "it": "A109",
    "y": null,
    "m": null,
    "mo": "",
    "o": null,
    "st": "H2T",
    "ml": true
  },
  "320043": {
    "i": "320043",
    "r": "MM81978",
    "it": "A139",
    "y": null,
    "m": null,
    "mo": "",
    "o": null,
    "st": "H2T",
    "ml": true
  },
  "32005c": {
    "i": "32005c",
    "r": "MM82053",
    "it": "A169",
    "y": null,
    "m": null,
    "mo": "",
    "o": null,
    "st": "H2T",
    "ml": true
  },
  "320063": {
    "i": "320063",
    "r": "MM82071",
    "it": "A169",
    "y": null,
    "m": null,
    "mo": "",
    "o": null,
    "st": "H2T",
    "ml": true
  },
  "320014": {
    "i": "320014",
    "r": "MM81837",
    "it": "A139",
    "y": null,
    "m": null,
    "mo": "AgustaWestland AW.139 UH-139C",
    "o": null,
    "st": "H2T",
    "ml": true
  },
  "320045": {
    "i": "320045",
    "r": "VF-147",
    "it": "A139",
    "y": null,
    "m": null,
    "mo": "",
    "o": null,
    "st": "H2T",
    "ml": true
  },
  "32005d": {
    "i": "32005d",
    "r": "MM82055",
    "it": "A169",
    "y": null,
    "m": null,
    "mo": "",
    "o": null,
    "st": "H2T",
    "ml": true
  },
  "320074": {
    "i": "320074",
    "r": "MM82142",
    "it": "A169",
    "y": null,
    "m": null,
    "mo": "",
    "o": null,
    "st": "H2T",
    "ml": true
  },
  "32000e": {
    "i": "32000e",
    "r": "MM81815",
    "it": "A139",
    "y": null,
    "m": null,
    "mo": "AgustaWestland 139",
    "o": null,
    "st": "H2T",
    "ml": true
  },
  "32004b": {
    "i": "32004b",
    "r": "MM82002",
    "it": "A139",
    "y": null,
    "m": null,
    "mo": "",
    "o": null,
    "st": "H2T",
    "ml": true
  },
  "32007c": {
    "i": "32007c",
    "r": "MM82176",
    "it": "A169",
    "y": null,
    "m": null,
    "mo": "",
    "o": null,
    "st": "H2T",
    "ml": true
  },
  "32000f": {
    "i": "32000f",
    "r": "MM81817",
    "it": "A139",
    "y": null,
    "m": null,
    "mo": "AgustaWestland AW.139 UH-139C",
    "o": null,
    "st": "H2T",
    "ml": true
  },
  "32003b": {
    "i": "32003b",
    "r": "MM81970",
    "it": "A169",
    "y": null,
    "m": null,
    "mo": "Agustawestland AW169-UH-169A",
    "o": null,
    "st": "H2T",
    "ml": true
  },
  "320058": {
    "i": "320058",
    "r": "VF-153",
    "it": "A139",
    "y": null,
    "m": null,
    "mo": "",
    "o": null,
    "st": "H2T",
    "ml": true
  },
  "32006c": {
    "i": "32006c",
    "r": "VF-162",
    "it": "A139",
    "y": null,
    "m": null,
    "mo": "",
    "o": null,
    "st": "H2T",
    "ml": false
  },
  "320013": {
    "i": "320013",
    "r": "MM62208",
    "it": "AT45",
    "y": null,
    "m": null,
    "mo": "Atr ATR 42-500MP",
    "o": null,
    "st": "L2T",
    "ml": true
  },
  "320024": {
    "i": "320024",
    "r": "MM81932",
    "it": "A139",
    "y": null,
    "m": null,
    "mo": "LEONARDO AW.139",
    "o": null,
    "st": "H2T",
    "ml": true
  },
  "320061": {
    "i": "320061",
    "r": "MM82067",
    "it": "A139",
    "y": null,
    "m": null,
    "mo": "",
    "o": null,
    "st": "H2T",
    "ml": true
  },
  "32001e": {
    "i": "32001e",
    "r": "MM81898",
    "it": "A139",
    "y": null,
    "m": null,
    "mo": "AgustaWestland AW.139 CP",
    "o": null,
    "st": "H2T",
    "ml": true
  },
  "320033": {
    "i": "320033",
    "r": "I-DVFB",
    "it": "A109",
    "y": null,
    "m": null,
    "mo": "",
    "o": null,
    "st": "H2T",
    "ml": true
  },
  "32003c": {
    "i": "32003c",
    "r": "VF-143",
    "it": "A139",
    "y": null,
    "m": null,
    "mo": "",
    "o": null,
    "st": "H2T",
    "ml": true
  },
  "32006d": {
    "i": "32006d",
    "r": "VF-163",
    "it": "A139",
    "y": null,
    "m": null,
    "mo": "",
    "o": null,
    "st": "H2T",
    "ml": false
  },
  "320007": {
    "i": "320007",
    "r": "MM62285",
    "it": "P180",
    "y": null,
    "m": null,
    "mo": "",
    "o": null,
    "st": "L2T",
    "ml": true
  },
  "320041": {
    "i": "320041",
    "r": "MM81973",
    "it": "A139",
    "y": null,
    "m": null,
    "mo": "",
    "o": null,
    "st": "H2T",
    "ml": true
  },
  "32004f": {
    "i": "32004f",
    "r": "VF-148",
    "it": "A139",
    "y": null,
    "m": null,
    "mo": "",
    "o": null,
    "st": "H2T",
    "ml": true
  },
  "320057": {
    "i": "320057",
    "r": "VF-152",
    "it": "A139",
    "y": null,
    "m": null,
    "mo": "",
    "o": null,
    "st": "H2T",
    "ml": true
  },
  "320065": {
    "i": "320065",
    "r": "VF-155",
    "it": "A139",
    "y": null,
    "m": null,
    "mo": "",
    "o": null,
    "st": "H2T",
    "ml": false
  },
  "320069": {
    "i": "320069",
    "r": "VF-159",
    "it": "A139",
    "y": null,
    "m": null,
    "mo": "",
    "o": null,
    "st": "H2T",
    "ml": false
  },
  "32000b": {
    "i": "32000b",
    "r": "MM81749",
    "it": "A139",
    "y": null,
    "m": null,
    "mo": "AgustaWestland AW.139 CP",
    "o": null,
    "st": "H2T",
    "ml": true
  },
  "320011": {
    "i": "320011",
    "r": "MM81819",
    "it": "A139",
    "y": null,
    "m": null,
    "mo": "AgustaWestland AW.139 UH-139C",
    "o": null,
    "st": "H2T",
    "ml": true
  },
  "32002c": {
    "i": "32002c",
    "r": "VF-139",
    "it": "A139",
    "y": null,
    "m": null,
    "mo": "LEONARDO AW.139",
    "o": null,
    "st": "H2T",
    "ml": true
  },
  "320032": {
    "i": "320032",
    "r": "I-DVFA",
    "it": "A109",
    "y": null,
    "m": null,
    "mo": "",
    "o": null,
    "st": "H2T",
    "ml": true
  },
  "32004c": {
    "i": "32004c",
    "r": "MM82004",
    "it": "A169",
    "y": null,
    "m": null,
    "mo": "",
    "o": null,
    "st": "H2T",
    "ml": true
  },
  "320056": {
    "i": "320056",
    "r": "VF-151",
    "it": "A139",
    "y": null,
    "m": null,
    "mo": "",
    "o": null,
    "st": "H2T",
    "ml": true
  },
  "32001b": {
    "i": "32001b",
    "r": "MM81886",
    "it": "A139",
    "y": null,
    "m": null,
    "mo": "Agusta AW139-PH-139B",
    "o": null,
    "st": "H2T",
    "ml": true
  },
  "320050": {
    "i": "320050",
    "r": "VF-149",
    "it": "A139",
    "y": null,
    "m": null,
    "mo": "",
    "o": null,
    "st": "H2T",
    "ml": true
  },
  "32007b": {
    "i": "32007b",
    "r": "MM82166",
    "it": "A139",
    "y": null,
    "m": null,
    "mo": "",
    "o": null,
    "st": "H2T",
    "ml": true
  },
  "320006": {
    "i": "320006",
    "r": "MM62275",
    "it": "P180",
    "y": null,
    "m": null,
    "mo": "Piaggio P-180 Avanti",
    "o": null,
    "st": "L2T",
    "ml": true
  },
  "320012": {
    "i": "320012",
    "r": "MM62170",
    "it": "AT44",
    "y": null,
    "m": null,
    "mo": "",
    "o": null,
    "st": "L2T",
    "ml": true
  },
  "32001d": {
    "i": "32001d",
    "r": "MM81897",
    "it": "A139",
    "y": null,
    "m": null,
    "mo": "Agusta AW139-PH-139B",
    "o": null,
    "st": "H2T",
    "ml": true
  },
  "320022": {
    "i": "320022",
    "r": "MM81927",
    "it": "A139",
    "y": null,
    "m": null,
    "mo": "AgustaWestland AW139",
    "o": null,
    "st": "H2T",
    "ml": true
  },
  "320027": {
    "i": "320027",
    "r": "MM81948",
    "it": "A139",
    "y": null,
    "m": null,
    "mo": "",
    "o": null,
    "st": "H2T",
    "ml": true
  },
  "320038": {
    "i": "320038",
    "r": "MM81964",
    "it": "A139",
    "y": null,
    "m": null,
    "mo": "",
    "o": null,
    "st": "H2T",
    "ml": true
  },
  "320051": {
    "i": "320051",
    "r": "CSX82014",
    "it": "A169",
    "y": null,
    "m": null,
    "mo": "",
    "o": null,
    "st": "H2T",
    "ml": true
  },
  "320077": {
    "i": "320077",
    "r": "MM82155",
    "it": "A169",
    "y": null,
    "m": null,
    "mo": "",
    "o": null,
    "st": "H2T",
    "ml": true
  },
  "320004": {
    "i": "320004",
    "r": "MM62249",
    "it": "P180",
    "y": null,
    "m": null,
    "mo": "Piaggio P-180-AM",
    "o": null,
    "st": "L2T",
    "ml": true
  },
  "320018": {
    "i": "320018",
    "r": "MM62166",
    "it": "AT44",
    "y": null,
    "m": null,
    "mo": "Atr ATR 42-400MP",
    "o": null,
    "st": "L2T",
    "ml": true
  },
  "32002f": {
    "i": "32002f",
    "r": "MM81961",
    "it": "A139",
    "y": null,
    "m": null,
    "mo": "LEONARDO AW.139",
    "o": null,
    "st": "H2T",
    "ml": true
  },
  "320059": {
    "i": "320059",
    "r": "MM82048",
    "it": "A169",
    "y": null,
    "m": null,
    "mo": "",
    "o": null,
    "st": "H2T",
    "ml": true
  },
  "32003f": {
    "i": "32003f",
    "r": "VF-146",
    "it": "A139",
    "y": null,
    "m": null,
    "mo": "",
    "o": null,
    "st": "H2T",
    "ml": true
  },
  "320067": {
    "i": "320067",
    "r": "VF-157",
    "it": "A139",
    "y": null,
    "m": null,
    "mo": "",
    "o": null,
    "st": "H2T",
    "ml": false
  },
  "320075": {
    "i": "320075",
    "r": "MM82151",
    "it": "A169",
    "y": null,
    "m": null,
    "mo": "",
    "o": null,
    "st": "H2T",
    "ml": false
  },
  "320079": {
    "i": "320079",
    "r": "MM82164",
    "it": "A139",
    "y": null,
    "m": null,
    "mo": "",
    "o": null,
    "st": "H2T",
    "ml": true
  },
  "320005": {
    "i": "320005",
    "r": "I-DVFN",
    "it": "P180",
    "y": null,
    "m": null,
    "mo": "Piaggio P-180 Avanti",
    "o": null,
    "st": "L2T",
    "ml": true
  },
  "32000d": {
    "i": "32000d",
    "r": "MM81814",
    "it": "A139",
    "y": null,
    "m": null,
    "mo": "AgustaWestland 139",
    "o": null,
    "st": "H2T",
    "ml": true
  },
  "320016": {
    "i": "320016",
    "r": "MM81839",
    "it": "A139",
    "y": null,
    "m": null,
    "mo": "AgustaWestland AW.139 UH-139C",
    "o": null,
    "st": "H2T",
    "ml": true
  },
  "32001a": {
    "i": "32001a",
    "r": "MM81885",
    "it": "A139",
    "y": null,
    "m": null,
    "mo": "Agusta AW139-PH-139B",
    "o": null,
    "st": "H2T",
    "ml": true
  },
  "320025": {
    "i": "320025",
    "r": "MM81946",
    "it": "A139",
    "y": null,
    "m": null,
    "mo": "LEONARDO AW.139",
    "o": null,
    "st": "H2T",
    "ml": true
  },
  "320008": {
    "i": "320008",
    "r": "MM81741",
    "it": "A139",
    "y": null,
    "m": null,
    "mo": "AgustaWestland AW.139 PH-139A",
    "o": null,
    "st": "H2T",
    "ml": true
  },
  "320028": {
    "i": "320028",
    "r": "MM81949",
    "it": "A139",
    "y": null,
    "m": null,
    "mo": "Agusta AW139-M",
    "o": null,
    "st": "H2T",
    "ml": true
  },
  "32003a": {
    "i": "32003a",
    "r": "MM81966",
    "it": "A169",
    "y": null,
    "m": null,
    "mo": "Agustawestland AW169-UH-169A",
    "o": null,
    "st": "H2T",
    "ml": true
  },
  "32003d": {
    "i": "32003d",
    "r": "VF-144",
    "it": "A139",
    "y": null,
    "m": null,
    "mo": "",
    "o": null,
    "st": "H2T",
    "ml": true
  },
  "320054": {
    "i": "320054",
    "r": "MM82041",
    "it": "A139",
    "y": null,
    "m": null,
    "mo": "",
    "o": null,
    "st": "H2T",
    "ml": true
  },
  "32006b": {
    "i": "32006b",
    "r": "VF-161",
    "it": "A139",
    "y": null,
    "m": null,
    "mo": "",
    "o": null,
    "st": "H2T",
    "ml": false
  },
  "320009": {
    "i": "320009",
    "r": "MM81747",
    "it": "A139",
    "y": null,
    "m": null,
    "mo": "AgustaWestland AW.139 PH-139A",
    "o": null,
    "st": "H2T",
    "ml": true
  },
  "320039": {
    "i": "320039",
    "r": "MM81965",
    "it": "A169",
    "y": null,
    "m": null,
    "mo": "Agustawestland AW169-UH-169A",
    "o": null,
    "st": "H2T",
    "ml": true
  },
  "32005f": {
    "i": "32005f",
    "r": "MM82062",
    "it": "A169",
    "y": null,
    "m": null,
    "mo": "",
    "o": null,
    "st": "H2T",
    "ml": true
  },
  "32006f": {
    "i": "32006f",
    "r": "VF-165",
    "it": "A139",
    "y": null,
    "m": null,
    "mo": "",
    "o": null,
    "st": "H2T",
    "ml": false
  },
  "320003": {
    "i": "320003",
    "r": "MM62248",
    "it": "P180",
    "y": null,
    "m": null,
    "mo": "Piaggio P-180-AM",
    "o": null,
    "st": "L2T",
    "ml": true
  },
  "320010": {
    "i": "320010",
    "r": "MM81818",
    "it": "A139",
    "y": null,
    "m": null,
    "mo": "AgustaWestland 139",
    "o": null,
    "st": "H2T",
    "ml": true
  },
  "320023": {
    "i": "320023",
    "r": "MM81929",
    "it": "A139",
    "y": null,
    "m": null,
    "mo": "AgustaWestland AW.139",
    "o": null,
    "st": "H2T",
    "ml": true
  },
  "320049": {
    "i": "320049",
    "r": "MM82000",
    "it": "A169",
    "y": null,
    "m": null,
    "mo": "",
    "o": null,
    "st": "H2T",
    "ml": true
  },
  "320060": {
    "i": "320060",
    "r": "MM82066",
    "it": "A169",
    "y": null,
    "m": null,
    "mo": "",
    "o": null,
    "st": "H2T",
    "ml": true
  },
  "320001": {
    "i": "320001",
    "r": "I-DVFM",
    "it": "P180",
    "y": null,
    "m": null,
    "mo": "Piaggio P-180 Avanti",
    "o": null,
    "st": "L2T",
    "ml": true
  },
  "32004d": {
    "i": "32004d",
    "r": "MM82009",
    "it": "A139",
    "y": null,
    "m": null,
    "mo": "",
    "o": null,
    "st": "H2T",
    "ml": true
  },
  "32007a": {
    "i": "32007a",
    "r": "MM82165",
    "it": "A139",
    "y": null,
    "m": null,
    "mo": "",
    "o": null,
    "st": "H2T",
    "ml": true
  },
  "32000c": {
    "i": "32000c",
    "r": "MM62270",
    "it": "AT45",
    "y": null,
    "m": null,
    "mo": "Atr ATR 42-500MP",
    "o": null,
    "st": "L2T",
    "ml": true
  },
  "32004e": {
    "i": "32004e",
    "r": "MM82010",
    "it": "A139",
    "y": null,
    "m": null,
    "mo": "",
    "o": null,
    "st": "H2T",
    "ml": true
  },
  "32005b": {
    "i": "32005b",
    "r": "MM62331",
    "it": "AT76",
    "y": null,
    "m": null,
    "mo": "",
    "o": null,
    "st": "L2T",
    "ml": true
  },
  "320072": {
    "i": "320072",
    "r": "MM82098",
    "it": "A169",
    "y": null,
    "m": null,
    "mo": "",
    "o": null,
    "st": "H2T",
    "ml": true
  },
  "320037": {
    "i": "320037",
    "r": "VF-142",
    "it": "A139",
    "y": null,
    "m": null,
    "mo": "",
    "o": null,
    "st": "H2T",
    "ml": true
  },
  "320068": {
    "i": "320068",
    "r": "VF-158",
    "it": "A139",
    "y": null,
    "m": null,
    "mo": "",
    "o": null,
    "st": "H2T",
    "ml": false
  },
  "320078": {
    "i": "320078",
    "r": "MM82156",
    "it": "A169",
    "y": null,
    "m": null,
    "mo": "",
    "o": null,
    "st": "H2T",
    "ml": true
  },
  "320035": {
    "i": "320035",
    "r": "I-DVFE",
    "it": "A109",
    "y": null,
    "m": null,
    "mo": "",
    "o": null,
    "st": "H2T",
    "ml": true
  },
  "320076": {
    "i": "320076",
    "r": "MM82152",
    "it": "A139",
    "y": null,
    "m": null,
    "mo": "",
    "o": null,
    "st": "H2T",
    "ml": true
  },
  "32002b": {
    "i": "32002b",
    "r": "MM81956",
    "it": "A139",
    "y": null,
    "m": null,
    "mo": "",
    "o": null,
    "st": "H2T",
    "ml": true
  },
  "32002d": {
    "i": "32002d",
    "r": "VF-140",
    "it": "A139",
    "y": null,
    "m": null,
    "mo": "LEONARDO AW.139",
    "o": null,
    "st": "H2T",
    "ml": true
  },
  "320047": {
    "i": "320047",
    "r": "MM81996",
    "it": "A139",
    "y": null,
    "m": null,
    "mo": "",
    "o": null,
    "st": "H2T",
    "ml": true
  },
  "32005a": {
    "i": "32005a",
    "r": "CSX82049",
    "it": "A169",
    "y": null,
    "m": null,
    "mo": "",
    "o": null,
    "st": "H2T",
    "ml": true
  },
  "320071": {
    "i": "320071",
    "r": "MM82091",
    "it": "A169",
    "y": null,
    "m": null,
    "mo": "",
    "o": null,
    "st": "H2T",
    "ml": true
  },
  "32007d": {
    "i": "32007d",
    "r": "MM82177",
    "it": "A169",
    "y": null,
    "m": null,
    "mo": "",
    "o": null,
    "st": "H2T",
    "ml": true
  },
  "320070": {
    "i": "320070",
    "r": "VF-166",
    "it": "A139",
    "y": null,
    "m": "AGUSTA",
    "mo": "AW-139",
    "o": null,
    "st": "H2T",
    "ml": false
  }
}