{
  "33fcc5": {
    "i": "33fcc5",
    "r": "CSX82148",
    "it": "A149",
    "y": null,
    "m": null,
    "mo": "",
    "o": null,
    "st": "H2T",
    "ml": false
  },
  "33fcca": {
    "i": "33fcca",
    "r": "CSX82140",
    "it": "A149",
    "y": null,
    "m": null,
    "mo": "",
    "o": null,
    "st": "H2T",
    "ml": false
  },
  "33fccd": {
    "i": "33fccd",
    "r": "CSX82113",
    "it": "A149",
    "y": null,
    "m": null,
    "mo": "",
    "o": null,
    "st": "H2T",
    "ml": false
  },
  "33fde1": {
    "i": "33fde1",
    "r": "MM81781",
    "it": "H47",
    "y": null,
    "m": null,
    "mo": "",
    "o": null,
    "st": "H2T",
    "ml": true
  },
  "33fe78": {
    "i": "33fe78",
    "r": "MM81582",
    "it": "NH90",
    "y": null,
    "m": null,
    "mo": "",
    "o": null,
    "st": "H2T",
    "ml": true
  },
  "33ffc7": {
    "i": "33ffc7",
    "r": "MM55086",
    "it": "M339",
    "y": null,
    "m": null,
    "mo": "",
    "o": null,
    "st": "L1J",
    "ml": true
  },
  "33ffdc": {
    "i": "33ffdc",
    "r": "06 BLUE",
    "it": "C27J",
    "y": null,
    "m": null,
    "mo": "Alenia C-27J",
    "o": null,
    "st": "L2T",
    "ml": false
  },
  "33fcab": {
    "i": "33fcab",
    "r": "CSX62347",
    "it": "C27J",
    "y": null,
    "m": null,
    "mo": "",
    "o": null,
    "st": "L2T",
    "ml": true
  },
  "33fcae": {
    "i": "33fcae",
    "r": "MM82174",
    "it": "A169",
    "y": null,
    "m": null,
    "mo": "",
    "o": null,
    "st": "H2T",
    "ml": true
  },
  "33fd0a": {
    "i": "33fd0a",
    "r": "MM62329",
    "it": "GLF5",
    "y": null,
    "m": null,
    "mo": "",
    "o": null,
    "st": "L2J",
    "ml": true
  },
  "33fd3e": {
    "i": "33fd3e",
    "r": "MM55236",
    "it": "M345",
    "y": null,
    "m": null,
    "mo": "",
    "o": null,
    "st": "L1J",
    "ml": true
  },
  "33fd6e": {
    "i": "33fd6e",
    "r": "MM55229",
    "it": "M346",
    "y": null,
    "m": null,
    "mo": "",
    "o": null,
    "st": "L2J",
    "ml": true
  },
  "33fd88": {
    "i": "33fd88",
    "r": "MM81606",
    "it": "NH90",
    "y": null,
    "m": null,
    "mo": "NH Industries NH90 NFH (SH-90A)",
    "o": null,
    "st": "H2T",
    "ml": true
  },
  "33fd92": {
    "i": "33fd92",
    "r": "MM55223",
    "it": "M346",
    "y": null,
    "m": null,
    "mo": "",
    "o": null,
    "st": "L2J",
    "ml": true
  },
  "33fd98": {
    "i": "33fd98",
    "r": "MM81556",
    "it": "NH90",
    "y": null,
    "m": null,
    "mo": "",
    "o": null,
    "st": "H2T",
    "ml": true
  },
  "33fda8": {
    "i": "33fda8",
    "r": "MM62300",
    "it": "B350",
    "y": null,
    "m": null,
    "mo": "",
    "o": null,
    "st": "L2T",
    "ml": true
  },
  "33fe7d": {
    "i": "33fe7d",
    "r": "MM62227",
    "it": "B762",
    "y": null,
    "m": null,
    "mo": "",
    "o": null,
    "st": "L2J",
    "ml": true
  },
  "33ffd0": {
    "i": "33ffd0",
    "r": "MM55077",
    "it": "M339",
    "y": null,
    "m": null,
    "mo": "",
    "o": null,
    "st": "L1J",
    "ml": true
  },
  "33ffd2": {
    "i": "33ffd2",
    "r": "MM62206",
    "it": "P180",
    "y": null,
    "m": null,
    "mo": "",
    "o": null,
    "st": "L2T",
    "ml": true
  },
  "33ffd9": {
    "i": "33ffd9",
    "r": "MM62200",
    "it": "P180",
    "y": null,
    "m": null,
    "mo": "",
    "o": null,
    "st": "L2T",
    "ml": true
  },
  "33fcc1": {
    "i": "33fcc1",
    "r": "MM82157",
    "it": "A169",
    "y": null,
    "m": null,
    "mo": "",
    "o": null,
    "st": "H2T",
    "ml": true
  },
  "33fccc": {
    "i": "33fccc",
    "r": "MM82116",
    "it": "A169",
    "y": null,
    "m": null,
    "mo": "",
    "o": null,
    "st": "H2T",
    "ml": true
  },
  "33fd25": {
    "i": "33fd25",
    "r": "MM82028",
    "it": "A139",
    "y": null,
    "m": null,
    "mo": "",
    "o": null,
    "st": "H2T",
    "ml": true
  },
  "33fd55": {
    "i": "33fd55",
    "r": "MM81566",
    "it": "NH90",
    "y": null,
    "m": null,
    "mo": "",
    "o": null,
    "st": "H2T",
    "ml": true
  },
  "33fd62": {
    "i": "33fd62",
    "r": "CSX-AV-T-007",
    "it": "VFHC",
    "y": null,
    "m": null,
    "mo": "Leonardo AW Hero",
    "o": null,
    "st": "D0-",
    "ml": true
  },
  "33fd93": {
    "i": "33fd93",
    "r": "MM81625",
    "it": "NH90",
    "y": null,
    "m": null,
    "mo": "",
    "o": null,
    "st": "H2T",
    "ml": true
  },
  "33fda1": {
    "i": "33fda1",
    "r": "CSX62301",
    "it": "AT76",
    "y": null,
    "m": null,
    "mo": "Avions de Transport Regional ATR 72 600",
    "o": null,
    "st": "L2T",
    "ml": false
  },
  "33fdc3": {
    "i": "33fdc3",
    "r": "MM81555",
    "it": "NH90",
    "y": null,
    "m": null,
    "mo": "",
    "o": null,
    "st": "H2T",
    "ml": true
  },
  "33fdfc": {
    "i": "33fdfc",
    "r": "MM7345",
    "it": "EUFI",
    "y": null,
    "m": null,
    "mo": "",
    "o": null,
    "st": "L2J",
    "ml": true
  },
  "33fca4": {
    "i": "33fca4",
    "r": "MM62344",
    "it": "GLF6",
    "y": null,
    "m": null,
    "mo": "",
    "o": null,
    "st": "L2J",
    "ml": true
  },
  "33fcc0": {
    "i": "33fcc0",
    "r": "CSX82158",
    "it": "A149",
    "y": null,
    "m": null,
    "mo": "",
    "o": null,
    "st": "H2T",
    "ml": false
  },
  "33fcee": {
    "i": "33fcee",
    "r": "MM81481",
    "it": "NH90",
    "y": null,
    "m": null,
    "mo": "",
    "o": null,
    "st": "H2T",
    "ml": true
  },
  "33fd0c": {
    "i": "33fd0c",
    "r": "CSX62330",
    "it": "C27J",
    "y": null,
    "m": null,
    "mo": "",
    "o": null,
    "st": "L2T",
    "ml": true
  },
  "33fd22": {
    "i": "33fd22",
    "r": "MM81615",
    "it": "NH90",
    "y": null,
    "m": null,
    "mo": "",
    "o": null,
    "st": "H2T",
    "ml": true
  },
  "33fd51": {
    "i": "33fd51",
    "r": "MM7350",
    "it": "EUFI",
    "y": null,
    "m": null,
    "mo": "",
    "o": null,
    "st": "L2J",
    "ml": true
  },
  "33fdd6": {
    "i": "33fdd6",
    "r": "MM81866",
    "it": "EH10",
    "y": null,
    "m": null,
    "mo": "",
    "o": null,
    "st": "H3T",
    "ml": true
  },
  "33fdfe": {
    "i": "33fdfe",
    "r": "MM7036",
    "it": "TOR",
    "y": null,
    "m": null,
    "mo": "",
    "o": null,
    "st": "L2J",
    "ml": true
  },
  "33fe2b": {
    "i": "33fe2b",
    "r": "MM7082",
    "it": "TOR",
    "y": null,
    "m": null,
    "mo": "Panavia Tornado IDS-MLU",
    "o": null,
    "st": "L2J",
    "ml": true
  },
  "33ff14": {
    "i": "33ff14",
    "r": "MM55073",
    "it": "M339",
    "y": null,
    "m": null,
    "mo": "",
    "o": null,
    "st": "L1J",
    "ml": true
  },
  "33ff51": {
    "i": "33ff51",
    "r": "MM81447",
    "it": "B412",
    "y": null,
    "m": null,
    "mo": "",
    "o": null,
    "st": "H2T",
    "ml": true
  },
  "33fce7": {
    "i": "33fce7",
    "r": "MM82081",
    "it": "A139",
    "y": null,
    "m": null,
    "mo": "",
    "o": null,
    "st": "H2T",
    "ml": true
  },
  "33fd4c": {
    "i": "33fd4c",
    "r": "MM81986",
    "it": "A139",
    "y": null,
    "m": null,
    "mo": "",
    "o": null,
    "st": "H2T",
    "ml": true
  },
  "33fd70": {
    "i": "33fd70",
    "r": "MM55231",
    "it": "M346",
    "y": null,
    "m": null,
    "mo": "",
    "o": null,
    "st": "L2J",
    "ml": true
  },
  "33fd77": {
    "i": "33fd77",
    "r": "MM81628",
    "it": "NH90",
    "y": null,
    "m": null,
    "mo": "",
    "o": null,
    "st": "H2T",
    "ml": true
  },
  "33fca5": {
    "i": "33fca5",
    "r": "MM62343",
    "it": "GLF6",
    "y": null,
    "m": null,
    "mo": "",
    "o": null,
    "st": "L2J",
    "ml": true
  },
  "33fcc3": {
    "i": "33fcc3",
    "r": "MM82119",
    "it": "A119",
    "y": null,
    "m": null,
    "mo": "",
    "o": null,
    "st": "H1T",
    "ml": true
  },
  "33fcd8": {
    "i": "33fcd8",
    "r": "CSX82097",
    "it": "ZZZZ",
    "y": null,
    "m": null,
    "mo": "AW-249",
    "o": null,
    "st": "-0-",
    "ml": false
  },
  "33fd20": {
    "i": "33fd20",
    "r": "MM81571",
    "it": "NH90",
    "y": null,
    "m": null,
    "mo": "",
    "o": null,
    "st": "H2T",
    "ml": true
  },
  "33fd27": {
    "i": "33fd27",
    "r": "MM55237",
    "it": "M345",
    "y": null,
    "m": null,
    "mo": "",
    "o": null,
    "st": "L1J",
    "ml": true
  },
  "33fd2f": {
    "i": "33fd2f",
    "r": "MM55253",
    "it": "M345",
    "y": null,
    "m": null,
    "mo": "",
    "o": null,
    "st": "L1J",
    "ml": true
  },
  "33fd45": {
    "i": "33fd45",
    "r": "MM-AV-SA-0018",
    "it": "Q4",
    "y": null,
    "m": null,
    "mo": "Northrop RQ-4D Phoenix",
    "o": null,
    "st": "L1J",
    "ml": true
  },
  "33fd56": {
    "i": "33fd56",
    "r": "MM81630",
    "it": "NH90",
    "y": null,
    "m": null,
    "mo": "",
    "o": null,
    "st": "H2T",
    "ml": true
  },
  "33fd5d": {
    "i": "33fd5d",
    "r": "CSX-AV-T-008",
    "it": "VFHC",
    "y": null,
    "m": null,
    "mo": "Leonardo AW Hero",
    "o": null,
    "st": "D0-",
    "ml": true
  },
  "33fd6f": {
    "i": "33fd6f",
    "r": "MM81562",
    "it": "NH90",
    "y": null,
    "m": null,
    "mo": "",
    "o": null,
    "st": "H2T",
    "ml": true
  },
  "33fdd4": {
    "i": "33fdd4",
    "r": "MM81784",
    "it": "H47",
    "y": null,
    "m": null,
    "mo": "",
    "o": null,
    "st": "H2T",
    "ml": true
  },
  "33fe03": {
    "i": "33fe03",
    "r": "MM7062",
    "it": "TOR",
    "y": null,
    "m": null,
    "mo": "",
    "o": null,
    "st": "L2J",
    "ml": true
  },
  "33fe37": {
    "i": "33fe37",
    "r": "MM81812",
    "it": "A139",
    "y": null,
    "m": null,
    "mo": "AgustaWestland AW.139 VH-139A",
    "o": null,
    "st": "H2T",
    "ml": true
  },
  "33fe7b": {
    "i": "33fe7b",
    "r": "MM62164",
    "it": "P180",
    "y": null,
    "m": null,
    "mo": "Piaggio P-180-AM",
    "o": null,
    "st": "L2T",
    "ml": true
  },
  "33fec6": {
    "i": "33fec6",
    "r": "MM81671",
    "it": "A109",
    "y": null,
    "m": null,
    "mo": "Agusta A.109 N",
    "o": null,
    "st": "H2T",
    "ml": true
  },
  "33ff99": {
    "i": "33ff99",
    "r": "MM7180",
    "it": "AMX",
    "y": null,
    "m": null,
    "mo": "",
    "o": null,
    "st": "L1J",
    "ml": true
  },
  "33ffb4": {
    "i": "33ffb4",
    "r": "MM62223",
    "it": "C27J",
    "y": null,
    "m": null,
    "mo": "",
    "o": null,
    "st": "L2T",
    "ml": true
  },
  "33ffbb": {
    "i": "33ffbb",
    "r": "MM62212",
    "it": "P180",
    "y": null,
    "m": null,
    "mo": "",
    "o": null,
    "st": "L2T",
    "ml": true
  },
  "33ffbf": {
    "i": "33ffbf",
    "r": "MM62214",
    "it": "C27J",
    "y": null,
    "m": null,
    "mo": "",
    "o": null,
    "st": "L2T",
    "ml": true
  },
  "33ffc2": {
    "i": "33ffc2",
    "r": "MM55091",
    "it": "M339",
    "y": null,
    "m": null,
    "mo": "",
    "o": null,
    "st": "L1J",
    "ml": true
  },
  "33ffcd": {
    "i": "33ffcd",
    "r": "MM55080",
    "it": "M339",
    "y": null,
    "m": null,
    "mo": "",
    "o": null,
    "st": "L1J",
    "ml": true
  },
  "33ffce": {
    "i": "33ffce",
    "r": "MM55079",
    "it": "M339",
    "y": null,
    "m": null,
    "mo": "",
    "o": null,
    "st": "L1J",
    "ml": true
  },
  "33fca7": {
    "i": "33fca7",
    "r": "MM82180",
    "it": "A139",
    "y": null,
    "m": null,
    "mo": "",
    "o": null,
    "st": "H2T",
    "ml": true
  },
  "33fd7d": {
    "i": "33fd7d",
    "r": "TCB-751",
    "it": "AT76",
    "y": null,
    "m": null,
    "mo": "Avions de Transport Regional ATR 72 600 MPA",
    "o": null,
    "st": "L2T",
    "ml": false
  },
  "33fe10": {
    "i": "33fe10",
    "r": "MM81807",
    "it": "A139",
    "y": null,
    "m": null,
    "mo": "",
    "o": null,
    "st": "H2T",
    "ml": true
  },
  "33fe23": {
    "i": "33fe23",
    "r": "MM81798",
    "it": "A139",
    "y": null,
    "m": null,
    "mo": "AgustaWestland AW.139 HH-139A",
    "o": null,
    "st": "H2T",
    "ml": true
  },
  "33fe6f": {
    "i": "33fe6f",
    "r": "MM81544",
    "it": "NH90",
    "y": null,
    "m": null,
    "mo": "",
    "o": null,
    "st": "H2T",
    "ml": true
  },
  "33fe70": {
    "i": "33fe70",
    "r": "MM81543",
    "it": "NH90",
    "y": null,
    "m": null,
    "mo": "",
    "o": null,
    "st": "H2T",
    "ml": true
  },
  "33fe73": {
    "i": "33fe73",
    "r": "MM81539",
    "it": "NH90",
    "y": null,
    "m": null,
    "mo": "",
    "o": null,
    "st": "H2T",
    "ml": true
  },
  "33ff17": {
    "i": "33ff17",
    "r": "MM55069",
    "it": "M339",
    "y": null,
    "m": null,
    "mo": "",
    "o": null,
    "st": "L1J",
    "ml": true
  },
  "33ffc9": {
    "i": "33ffc9",
    "r": "MM55084",
    "it": "M339",
    "y": null,
    "m": null,
    "mo": "",
    "o": null,
    "st": "L1J",
    "ml": true
  },
  "33ffda": {
    "i": "33ffda",
    "r": "MM62199",
    "it": "P180",
    "y": null,
    "m": null,
    "mo": "",
    "o": null,
    "st": "L2T",
    "ml": true
  },
  "33fca1": {
    "i": "33fca1",
    "r": "CSX82163",
    "it": "ZZZZ",
    "y": null,
    "m": null,
    "mo": "",
    "o": null,
    "st": "-0-",
    "ml": false
  },
  "33fcad": {
    "i": "33fcad",
    "r": "CSX82175",
    "it": "A169",
    "y": null,
    "m": null,
    "mo": "",
    "o": null,
    "st": "H2T",
    "ml": true
  },
  "33fd32": {
    "i": "33fd32",
    "r": "MM55250",
    "it": "M345",
    "y": null,
    "m": null,
    "mo": "",
    "o": null,
    "st": "L1J",
    "ml": true
  },
  "33fd52": {
    "i": "33fd52",
    "r": "MM81612",
    "it": "NH90",
    "y": null,
    "m": null,
    "mo": "",
    "o": null,
    "st": "H2T",
    "ml": true
  },
  "33fda3": {
    "i": "33fda3",
    "r": "MM55216",
    "it": "M346",
    "y": null,
    "m": null,
    "mo": "",
    "o": null,
    "st": "L2J",
    "ml": true
  },
  "33fda4": {
    "i": "33fda4",
    "r": "MM55152",
    "it": "M346",
    "y": null,
    "m": null,
    "mo": "",
    "o": null,
    "st": "L2J",
    "ml": true
  },
  "33fdd2": {
    "i": "33fdd2",
    "r": "MM81864",
    "it": "EH10",
    "y": null,
    "m": null,
    "mo": "EH Industries EH.101 Merlin HH-101A",
    "o": null,
    "st": "H3T",
    "ml": false
  },
  "33fe00": {
    "i": "33fe00",
    "r": "MM7051",
    "it": "TOR",
    "y": null,
    "m": null,
    "mo": "",
    "o": null,
    "st": "L2J",
    "ml": true
  },
  "33fe36": {
    "i": "33fe36",
    "r": "MM81583",
    "it": "NH90",
    "y": null,
    "m": null,
    "mo": "",
    "o": null,
    "st": "H2T",
    "ml": true
  },
  "33fe75": {
    "i": "33fe75",
    "r": "MM62162",
    "it": "P180",
    "y": null,
    "m": null,
    "mo": "Piaggio P-180 Avanti",
    "o": null,
    "st": "L2T",
    "ml": true
  },
  "33febc": {
    "i": "33febc",
    "r": "MM81714",
    "it": "A139",
    "y": null,
    "m": null,
    "mo": "",
    "o": null,
    "st": "H2T",
    "ml": true
  },
  "33ffb7": {
    "i": "33ffb7",
    "r": "MM62220",
    "it": "C27J",
    "y": null,
    "m": null,
    "mo": "",
    "o": null,
    "st": "L2T",
    "ml": true
  },
  "33ffd5": {
    "i": "33ffd5",
    "r": "MM62203",
    "it": "P180",
    "y": null,
    "m": null,
    "mo": "",
    "o": null,
    "st": "L2T",
    "ml": true
  },
  "33ffe9": {
    "i": "33ffe9",
    "r": "MM62187",
    "it": "C30J",
    "y": null,
    "m": null,
    "mo": "",
    "o": null,
    "st": "L4T",
    "ml": true
  },
  "33fffb": {
    "i": "33fffb",
    "r": "MM62029",
    "it": "FA50",
    "y": null,
    "m": null,
    "mo": "",
    "o": null,
    "st": "L3J",
    "ml": true
  },
  "33fc93": {
    "i": "33fc93",
    "r": "CSX82195",
    "it": "A149",
    "y": null,
    "m": null,
    "mo": "",
    "o": null,
    "st": "H2T",
    "ml": false
  },
  "33fcb0": {
    "i": "33fcb0",
    "r": "MM62336",
    "it": "P180",
    "y": null,
    "m": null,
    "mo": "",
    "o": null,
    "st": "L2T",
    "ml": true
  },
  "33fcb3": {
    "i": "33fcb3",
    "r": "MM82124",
    "it": "A119",
    "y": null,
    "m": null,
    "mo": "",
    "o": null,
    "st": "H1T",
    "ml": true
  },
  "33fd3a": {
    "i": "33fd3a",
    "r": "CSX62239",
    "it": "C27J",
    "y": null,
    "m": null,
    "mo": "",
    "o": null,
    "st": "L2T",
    "ml": true
  },
  "33fd3d": {
    "i": "33fd3d",
    "r": "MM82017",
    "it": "A139",
    "y": null,
    "m": null,
    "mo": "",
    "o": null,
    "st": "H2T",
    "ml": true
  },
  "33fd6a": {
    "i": "33fd6a",
    "r": "MM-AV-SA-0015",
    "it": "Q4",
    "y": null,
    "m": null,
    "mo": "",
    "o": null,
    "st": "L1J",
    "ml": true
  },
  "33fd9c": {
    "i": "33fd9c",
    "r": "MM81602",
    "it": "NH90",
    "y": null,
    "m": null,
    "mo": "NH Industries NH90 NFH (SH-90A)",
    "o": null,
    "st": "H2T",
    "ml": true
  },
  "33fdd0": {
    "i": "33fdd0",
    "r": "MM62298",
    "it": "AT76",
    "y": null,
    "m": null,
    "mo": "Atr ATR 72-600 P-72A",
    "o": null,
    "st": "L2T",
    "ml": true
  },
  "33ff16": {
    "i": "33ff16",
    "r": "MM55070",
    "it": "M339",
    "y": null,
    "m": null,
    "mo": "",
    "o": null,
    "st": "L1J",
    "ml": true
  },
  "33ff19": {
    "i": "33ff19",
    "r": "MM55067",
    "it": "M339",
    "y": null,
    "m": null,
    "mo": "",
    "o": null,
    "st": "L1J",
    "ml": true
  },
  "33ffa1": {
    "i": "33ffa1",
    "r": "MM7172",
    "it": "AMX",
    "y": null,
    "m": null,
    "mo": "",
    "o": null,
    "st": "L1J",
    "ml": true
  },
  "33ffbe": {
    "i": "33ffbe",
    "r": "MM62215",
    "it": "C27J",
    "y": null,
    "m": null,
    "mo": "",
    "o": null,
    "st": "L2T",
    "ml": true
  },
  "33ffeb": {
    "i": "33ffeb",
    "r": "MM62185",
    "it": "C30J",
    "y": null,
    "m": null,
    "mo": "",
    "o": null,
    "st": "L4T",
    "ml": true
  },
  "33fa00": {
    "i": "33fa00",
    "r": "I-DIET",
    "it": "F8L",
    "y": null,
    "m": null,
    "mo": "F.8L Falco",
    "o": null,
    "st": "L1P",
    "ml": false
  },
  "33fcaa": {
    "i": "33fcaa",
    "r": "MM62337",
    "it": "P180",
    "y": null,
    "m": null,
    "mo": "",
    "o": null,
    "st": "L2T",
    "ml": true
  },
  "33fcdb": {
    "i": "33fcdb",
    "r": "MM82093",
    "it": "A169",
    "y": null,
    "m": null,
    "mo": "",
    "o": null,
    "st": "H2T",
    "ml": true
  },
  "33fd28": {
    "i": "33fd28",
    "r": "MM55254",
    "it": "M345",
    "y": null,
    "m": null,
    "mo": "",
    "o": null,
    "st": "L1J",
    "ml": true
  },
  "33fd40": {
    "i": "33fd40",
    "r": "MM82011",
    "it": "A139",
    "y": null,
    "m": null,
    "mo": "",
    "o": null,
    "st": "H2T",
    "ml": true
  },
  "33fd75": {
    "i": "33fd75",
    "r": "MM81870",
    "it": "EH10",
    "y": null,
    "m": null,
    "mo": "",
    "o": null,
    "st": "H3T",
    "ml": true
  },
  "33fdb8": {
    "i": "33fdb8",
    "r": "MM81789",
    "it": "H47",
    "y": null,
    "m": null,
    "mo": "",
    "o": null,
    "st": "H2T",
    "ml": true
  },
  "33fddf": {
    "i": "33fddf",
    "r": "MM81783",
    "it": "H47",
    "y": null,
    "m": null,
    "mo": "AgustaWestland ICH-47F Chinook",
    "o": null,
    "st": "H2T",
    "ml": true
  },
  "33fdeb": {
    "i": "33fdeb",
    "r": "MM81591",
    "it": "NH90",
    "y": null,
    "m": null,
    "mo": "",
    "o": null,
    "st": "H2T",
    "ml": true
  },
  "33fe6c": {
    "i": "33fe6c",
    "r": "MM55224",
    "it": "M346",
    "y": null,
    "m": null,
    "mo": "",
    "o": null,
    "st": "L2J",
    "ml": true
  },
  "33ffee": {
    "i": "33ffee",
    "r": "MM62182",
    "it": "C30J",
    "y": null,
    "m": null,
    "mo": "",
    "o": null,
    "st": "L4T",
    "ml": true
  },
  "33fcb5": {
    "i": "33fcb5",
    "r": "CSX82150",
    "it": "A169",
    "y": null,
    "m": null,
    "mo": "",
    "o": null,
    "st": "H2T",
    "ml": false
  },
  "33fd37": {
    "i": "33fd37",
    "r": "MM82023",
    "it": "A139",
    "y": null,
    "m": null,
    "mo": "",
    "o": null,
    "st": "H2T",
    "ml": true
  },
  "33fd4e": {
    "i": "33fd4e",
    "r": "CPX625",
    "it": "M346",
    "y": null,
    "m": null,
    "mo": "",
    "o": null,
    "st": "L2J",
    "ml": true
  },
  "33fe0b": {
    "i": "33fe0b",
    "r": "MM62156",
    "it": "D228",
    "y": null,
    "m": null,
    "mo": "Dornier Do.228-212",
    "o": null,
    "st": "L2T",
    "ml": true
  },
  "33fe0c": {
    "i": "33fe0c",
    "r": "MM81824",
    "it": "A139",
    "y": null,
    "m": null,
    "mo": "Agusta AW139-HH-139A",
    "o": null,
    "st": "H2T",
    "ml": true
  },
  "33fe18": {
    "i": "33fe18",
    "r": "MM81585",
    "it": "NH90",
    "y": null,
    "m": null,
    "mo": "",
    "o": null,
    "st": "H2T",
    "ml": true
  },
  "33fe1b": {
    "i": "33fe1b",
    "r": "MM81803",
    "it": "A139",
    "y": null,
    "m": null,
    "mo": "",
    "o": null,
    "st": "H2T",
    "ml": true
  },
  "33ffb2": {
    "i": "33ffb2",
    "r": "MM62225",
    "it": "C27J",
    "y": null,
    "m": null,
    "mo": "",
    "o": null,
    "st": "L2T",
    "ml": true
  },
  "33ffcc": {
    "i": "33ffcc",
    "r": "MM55081",
    "it": "M339",
    "y": null,
    "m": null,
    "mo": "",
    "o": null,
    "st": "L1J",
    "ml": true
  },
  "33fc92": {
    "i": "33fc92",
    "r": "MM82196",
    "it": "A169",
    "y": null,
    "m": null,
    "mo": "",
    "o": null,
    "st": "H2T",
    "ml": true
  },
  "33fcb2": {
    "i": "33fcb2",
    "r": "MM82125",
    "it": "A119",
    "y": null,
    "m": null,
    "mo": "",
    "o": null,
    "st": "H1T",
    "ml": true
  },
  "33fce0": {
    "i": "33fce0",
    "r": "MM81634",
    "it": "EH10",
    "y": null,
    "m": null,
    "mo": "",
    "o": null,
    "st": "H3T",
    "ml": true
  },
  "33fcef": {
    "i": "33fcef",
    "r": "CSX82069",
    "it": "ZZZZ",
    "y": null,
    "m": null,
    "mo": "",
    "o": null,
    "st": "-0-",
    "ml": false
  },
  "33fd31": {
    "i": "33fd31",
    "r": "MM55251",
    "it": "M345",
    "y": null,
    "m": null,
    "mo": "",
    "o": null,
    "st": "L1J",
    "ml": true
  },
  "33fd42": {
    "i": "33fd42",
    "r": "MM82007",
    "it": "A139",
    "y": null,
    "m": null,
    "mo": "",
    "o": null,
    "st": "H2T",
    "ml": true
  },
  "33fdd7": {
    "i": "33fdd7",
    "r": "MM81596",
    "it": "NH90",
    "y": null,
    "m": null,
    "mo": "",
    "o": null,
    "st": "H2T",
    "ml": true
  },
  "33fdf3": {
    "i": "33fdf3",
    "r": "MM7338",
    "it": "EUFI",
    "y": null,
    "m": null,
    "mo": "",
    "o": null,
    "st": "L2J",
    "ml": true
  },
  "33ffdb": {
    "i": "33ffdb",
    "r": "MM62127",
    "it": "C27J",
    "y": null,
    "m": null,
    "mo": "",
    "o": null,
    "st": "L2T",
    "ml": true
  },
  "33fd99": {
    "i": "33fd99",
    "r": "MM62303",
    "it": "GLF5",
    "y": null,
    "m": null,
    "mo": "",
    "o": null,
    "st": "L2J",
    "ml": true
  },
  "33fcc6": {
    "i": "33fcc6",
    "r": "MM82147",
    "it": "A169",
    "y": null,
    "m": null,
    "mo": "",
    "o": null,
    "st": "H2T",
    "ml": true
  },
  "33fd0b": {
    "i": "33fd0b",
    "r": "MM81618",
    "it": "NH90",
    "y": null,
    "m": null,
    "mo": "",
    "o": null,
    "st": "H2T",
    "ml": true
  },
  "33fd34": {
    "i": "33fd34",
    "r": "MM55248",
    "it": "M345",
    "y": null,
    "m": null,
    "mo": "",
    "o": null,
    "st": "L1J",
    "ml": true
  },
  "33fd43": {
    "i": "33fd43",
    "r": "MM82003",
    "it": "A139",
    "y": null,
    "m": null,
    "mo": "",
    "o": null,
    "st": "H2T",
    "ml": true
  },
  "33fd49": {
    "i": "33fd49",
    "r": "MM81991",
    "it": "A139",
    "y": null,
    "m": null,
    "mo": "",
    "o": null,
    "st": "H2T",
    "ml": true
  },
  "33fd50": {
    "i": "33fd50",
    "r": "MM81567",
    "it": "NH90",
    "y": null,
    "m": null,
    "mo": "",
    "o": null,
    "st": "H2T",
    "ml": true
  },
  "33fd57": {
    "i": "33fd57",
    "r": "MM55232",
    "it": "M346",
    "y": null,
    "m": null,
    "mo": "",
    "o": null,
    "st": "L2J",
    "ml": true
  },
  "33fdc1": {
    "i": "33fdc1",
    "r": "MM55153",
    "it": "M346",
    "y": null,
    "m": null,
    "mo": "",
    "o": null,
    "st": "L2J",
    "ml": true
  },
  "33fe1a": {
    "i": "33fe1a",
    "r": "MM81804",
    "it": "A139",
    "y": null,
    "m": null,
    "mo": "",
    "o": null,
    "st": "H2T",
    "ml": true
  },
  "33fe2c": {
    "i": "33fe2c",
    "r": "MM81681",
    "it": "A109",
    "y": null,
    "m": null,
    "mo": "Agusta A.109 N",
    "o": null,
    "st": "H2T",
    "ml": true
  },
  "33ffad": {
    "i": "33ffad",
    "r": "MM62245",
    "it": "F900",
    "y": null,
    "m": null,
    "mo": "",
    "o": null,
    "st": "L3J",
    "ml": true
  },
  "33fc9a": {
    "i": "33fc9a",
    "r": "CSX82183",
    "it": "A169",
    "y": null,
    "m": null,
    "mo": "",
    "o": null,
    "st": "H2T",
    "ml": false
  },
  "33fd10": {
    "i": "33fd10",
    "r": "MM81616",
    "it": "NH90",
    "y": null,
    "m": null,
    "mo": "",
    "o": null,
    "st": "H2T",
    "ml": true
  },
  "33fd3b": {
    "i": "33fd3b",
    "r": "MM81614",
    "it": "NH90",
    "y": null,
    "m": null,
    "mo": "",
    "o": null,
    "st": "H2T",
    "ml": true
  },
  "33fd4f": {
    "i": "33fd4f",
    "r": "MM81875",
    "it": "EH10",
    "y": null,
    "m": null,
    "mo": "",
    "o": null,
    "st": "H3T",
    "ml": true
  },
  "33fd6d": {
    "i": "33fd6d",
    "r": "MM55230",
    "it": "M346",
    "y": null,
    "m": null,
    "mo": "",
    "o": null,
    "st": "L2J",
    "ml": true
  },
  "33fd80": {
    "i": "33fd80",
    "r": "CSX-AV-T004",
    "it": "VFHC",
    "y": null,
    "m": null,
    "mo": "Leonardo AW Hero",
    "o": null,
    "st": "D0-",
    "ml": true
  },
  "33fdc2": {
    "i": "33fdc2",
    "r": "MM62293",
    "it": "GLF5",
    "y": null,
    "m": null,
    "mo": "Gulfstream 5",
    "o": null,
    "st": "L2J",
    "ml": true
  },
  "33ff1a": {
    "i": "33ff1a",
    "r": "MM55066",
    "it": "M339",
    "y": null,
    "m": null,
    "mo": "",
    "o": null,
    "st": "L1J",
    "ml": true
  },
  "33fc90": {
    "i": "33fc90",
    "r": "CSX62349",
    "it": "AT76",
    "y": null,
    "m": null,
    "mo": "",
    "o": null,
    "st": "L2T",
    "ml": false
  },
  "33fccb": {
    "i": "33fccb",
    "r": "MM82139",
    "it": "A169",
    "y": null,
    "m": null,
    "mo": "",
    "o": null,
    "st": "H2T",
    "ml": true
  },
  "33fcce": {
    "i": "33fcce",
    "r": "CSX82112",
    "it": "A149",
    "y": null,
    "m": null,
    "mo": "",
    "o": null,
    "st": "H2T",
    "ml": false
  },
  "33fd76": {
    "i": "33fd76",
    "r": "CSX-AV-T-005",
    "it": "VFHC",
    "y": null,
    "m": null,
    "mo": "Leonardo AW Hero",
    "o": null,
    "st": "D0-",
    "ml": true
  },
  "33fdb4": {
    "i": "33fdb4",
    "r": "MM81793",
    "it": "H47",
    "y": null,
    "m": null,
    "mo": "",
    "o": null,
    "st": "H2T",
    "ml": true
  },
  "33fdbc": {
    "i": "33fdbc",
    "r": "MM81788",
    "it": "H47",
    "y": null,
    "m": null,
    "mo": "",
    "o": null,
    "st": "H2T",
    "ml": true
  },
  "33fde5": {
    "i": "33fde5",
    "r": "MM81549",
    "it": "NH90",
    "y": null,
    "m": null,
    "mo": "",
    "o": null,
    "st": "H2T",
    "ml": true
  },
  "33fe14": {
    "i": "33fe14",
    "r": "MM62160",
    "it": "P180",
    "y": null,
    "m": null,
    "mo": "",
    "o": null,
    "st": "L2T",
    "ml": true
  },
  "33fe2e": {
    "i": "33fe2e",
    "r": "MM7021",
    "it": "TOR",
    "y": null,
    "m": null,
    "mo": "",
    "o": null,
    "st": "L2J",
    "ml": true
  },
  "33fe9d": {
    "i": "33fe9d",
    "r": "MM62274",
    "it": "P180",
    "y": null,
    "m": null,
    "mo": "",
    "o": null,
    "st": "L2T",
    "ml": true
  },
  "33ff18": {
    "i": "33ff18",
    "r": "MM55068",
    "it": "M339",
    "y": null,
    "m": null,
    "mo": "",
    "o": null,
    "st": "L1J",
    "ml": true
  },
  "33ff1c": {
    "i": "33ff1c",
    "r": "MM55064",
    "it": "M339",
    "y": null,
    "m": null,
    "mo": "",
    "o": null,
    "st": "L1J",
    "ml": true
  },
  "33ff8c": {
    "i": "33ff8c",
    "r": "MM7196",
    "it": "AMX",
    "y": null,
    "m": null,
    "mo": "",
    "o": null,
    "st": "L1J",
    "ml": true
  },
  "33ffb5": {
    "i": "33ffb5",
    "r": "MM62222",
    "it": "C27J",
    "y": null,
    "m": null,
    "mo": "",
    "o": null,
    "st": "L2T",
    "ml": true
  },
  "33fcd1": {
    "i": "33fcd1",
    "r": "MM81622",
    "it": "NH90",
    "y": null,
    "m": null,
    "mo": "",
    "o": null,
    "st": "H2T",
    "ml": true
  },
  "33fcfd": {
    "i": "33fcfd",
    "r": "MM81576",
    "it": "NH90",
    "y": null,
    "m": null,
    "mo": "",
    "o": null,
    "st": "H2T",
    "ml": true
  },
  "33fd03": {
    "i": "33fd03",
    "r": "MM82058",
    "it": "A169",
    "y": null,
    "m": null,
    "mo": "",
    "o": null,
    "st": "H2T",
    "ml": true
  },
  "33fd5a": {
    "i": "33fd5a",
    "r": "MM81611",
    "it": "NH90",
    "y": null,
    "m": null,
    "mo": "",
    "o": null,
    "st": "H2T",
    "ml": true
  },
  "33fd6c": {
    "i": "33fd6c",
    "r": "CSX-AV-T-006",
    "it": "VFHC",
    "y": null,
    "m": null,
    "mo": "Leonardo AW Hero",
    "o": null,
    "st": "D0-",
    "ml": true
  },
  "33fdd5": {
    "i": "33fdd5",
    "r": "MM81787",
    "it": "H47",
    "y": null,
    "m": null,
    "mo": "",
    "o": null,
    "st": "H2T",
    "ml": true
  },
  "33fde2": {
    "i": "33fde2",
    "r": "CSX81848",
    "it": "A149",
    "y": null,
    "m": null,
    "mo": "",
    "o": null,
    "st": "H2T",
    "ml": true
  },
  "33fe12": {
    "i": "33fe12",
    "r": "MM62158",
    "it": "D228",
    "y": null,
    "m": null,
    "mo": "",
    "o": null,
    "st": "L2T",
    "ml": true
  },
  "33fe9e": {
    "i": "33fe9e",
    "r": "MM62168",
    "it": "P180",
    "y": null,
    "m": null,
    "mo": "Piaggio P-180-E/ACTL-2",
    "o": null,
    "st": "L2T",
    "ml": true
  },
  "33ff1f": {
    "i": "33ff1f",
    "r": "MM81668",
    "it": "A109",
    "y": null,
    "m": null,
    "mo": "",
    "o": null,
    "st": "H2T",
    "ml": true
  },
  "33ffcf": {
    "i": "33ffcf",
    "r": "MM55078",
    "it": "M339",
    "y": null,
    "m": null,
    "mo": "",
    "o": null,
    "st": "L1J",
    "ml": true
  },
  "33ffd4": {
    "i": "33ffd4",
    "r": "MM62204",
    "it": "P180",
    "y": null,
    "m": null,
    "mo": "",
    "o": null,
    "st": "L2T",
    "ml": true
  },
  "33fcb6": {
    "i": "33fcb6",
    "r": "MM62335",
    "it": "P180",
    "y": null,
    "m": null,
    "mo": "",
    "o": null,
    "st": "L2T",
    "ml": true
  },
  "33fd19": {
    "i": "33fd19",
    "r": "MM55242",
    "it": "M346",
    "y": null,
    "m": null,
    "mo": "",
    "o": null,
    "st": "L2J",
    "ml": true
  },
  "33fdde": {
    "i": "33fdde",
    "r": "MM62279",
    "it": "AT76",
    "y": null,
    "m": null,
    "mo": "",
    "o": null,
    "st": "L2T",
    "ml": true
  },
  "33fde0": {
    "i": "33fde0",
    "r": "MM81782",
    "it": "H47",
    "y": null,
    "m": null,
    "mo": "",
    "o": null,
    "st": "H2T",
    "ml": true
  },
  "33fded": {
    "i": "33fded",
    "r": "MM81780",
    "it": "H47",
    "y": null,
    "m": null,
    "mo": "",
    "o": null,
    "st": "H2T",
    "ml": true
  },
  "33fe0e": {
    "i": "33fe0e",
    "r": "MM81822",
    "it": "A139",
    "y": null,
    "m": null,
    "mo": "",
    "o": null,
    "st": "H2T",
    "ml": true
  },
  "33fe1e": {
    "i": "33fe1e",
    "r": "MM62157",
    "it": "D228",
    "y": null,
    "m": null,
    "mo": "",
    "o": null,
    "st": "L2T",
    "ml": true
  },
  "33fec8": {
    "i": "33fec8",
    "r": "MM62169",
    "it": "P180",
    "y": null,
    "m": null,
    "mo": "Piaggio P-180-E/ACTL-2",
    "o": null,
    "st": "L2T",
    "ml": true
  },
  "33fc98": {
    "i": "33fc98",
    "r": "MM82185",
    "it": "A139",
    "y": null,
    "m": null,
    "mo": "",
    "o": null,
    "st": "H2T",
    "ml": true
  },
  "33fcbb": {
    "i": "33fcbb",
    "r": "CPX622",
    "it": "M346",
    "y": null,
    "m": null,
    "mo": "",
    "o": null,
    "st": "L2J",
    "ml": false
  },
  "33fceb": {
    "i": "33fceb",
    "r": "MM62332",
    "it": "GLF5",
    "y": null,
    "m": null,
    "mo": "",
    "o": null,
    "st": "L2J",
    "ml": true
  },
  "33fd08": {
    "i": "33fd08",
    "r": "MM81575",
    "it": "NH90",
    "y": null,
    "m": null,
    "mo": "",
    "o": null,
    "st": "H2T",
    "ml": true
  },
  "33fd46": {
    "i": "33fd46",
    "r": "MM81993",
    "it": "A169",
    "y": null,
    "m": null,
    "mo": "",
    "o": null,
    "st": "H2T",
    "ml": true
  },
  "33fda0": {
    "i": "33fda0",
    "r": "MM81517",
    "it": "NH90",
    "y": null,
    "m": null,
    "mo": "",
    "o": null,
    "st": "H2T",
    "ml": true
  },
  "33fda5": {
    "i": "33fda5",
    "r": "MM55217",
    "it": "M346",
    "y": null,
    "m": null,
    "mo": "",
    "o": null,
    "st": "L2J",
    "ml": true
  },
  "33fde7": {
    "i": "33fde7",
    "r": "MM81547",
    "it": "NH90",
    "y": null,
    "m": null,
    "mo": "",
    "o": null,
    "st": "H2T",
    "ml": true
  },
  "33fe01": {
    "i": "33fe01",
    "r": "MM7055",
    "it": "TOR",
    "y": null,
    "m": null,
    "mo": "",
    "o": null,
    "st": "L2J",
    "ml": true
  },
  "33ff92": {
    "i": "33ff92",
    "r": "MM7190",
    "it": "AMX",
    "y": null,
    "m": null,
    "mo": "",
    "o": null,
    "st": "L1J",
    "ml": true
  },
  "33ffc5": {
    "i": "33ffc5",
    "r": "MM55088",
    "it": "M339",
    "y": null,
    "m": null,
    "mo": "",
    "o": null,
    "st": "L1J",
    "ml": true
  },
  "33ffe5": {
    "i": "33ffe5",
    "r": "MM62191",
    "it": "C30J",
    "y": null,
    "m": null,
    "mo": "",
    "o": null,
    "st": "L4T",
    "ml": true
  },
  "33fc96": {
    "i": "33fc96",
    "r": "MM82188",
    "it": "A169",
    "y": null,
    "m": null,
    "mo": "",
    "o": null,
    "st": "H2T",
    "ml": true
  },
  "33fc9b": {
    "i": "33fc9b",
    "r": "CSX82182",
    "it": "A169",
    "y": null,
    "m": null,
    "mo": "",
    "o": null,
    "st": "H2T",
    "ml": false
  },
  "33fd0e": {
    "i": "33fd0e",
    "r": "MM81617",
    "it": "NH90",
    "y": null,
    "m": null,
    "mo": "",
    "o": null,
    "st": "H2T",
    "ml": true
  },
  "33fd4a": {
    "i": "33fd4a",
    "r": "MM81990",
    "it": "A139",
    "y": null,
    "m": null,
    "mo": "",
    "o": null,
    "st": "H2T",
    "ml": true
  },
  "33fd4b": {
    "i": "33fd4b",
    "r": "MM81989",
    "it": "A139",
    "y": null,
    "m": null,
    "mo": "",
    "o": null,
    "st": "H2T",
    "ml": true
  },
  "33fd65": {
    "i": "33fd65",
    "r": "CSX55233",
    "it": "M345",
    "y": null,
    "m": null,
    "mo": "",
    "o": null,
    "st": "L1J",
    "ml": true
  },
  "33fdab": {
    "i": "33fdab",
    "r": "MM55214",
    "it": "M346",
    "y": null,
    "m": null,
    "mo": "",
    "o": null,
    "st": "L2J",
    "ml": true
  },
  "33fdcf": {
    "i": "33fdcf",
    "r": "MM81786",
    "it": "H47",
    "y": null,
    "m": null,
    "mo": "AgustaWestland ICH-47F Chinook",
    "o": null,
    "st": "H2T",
    "ml": true
  },
  "33fdd3": {
    "i": "33fdd3",
    "r": "MM81785",
    "it": "H47",
    "y": null,
    "m": null,
    "mo": "",
    "o": null,
    "st": "H2T",
    "ml": true
  },
  "33fe13": {
    "i": "33fe13",
    "r": "MM81545",
    "it": "NH90",
    "y": null,
    "m": null,
    "mo": "",
    "o": null,
    "st": "H2T",
    "ml": true
  },
  "33fe22": {
    "i": "33fe22",
    "r": "MM81799",
    "it": "A139",
    "y": null,
    "m": null,
    "mo": "Agusta AW139-HH-139A",
    "o": null,
    "st": "H2T",
    "ml": true
  },
  "33ffb3": {
    "i": "33ffb3",
    "r": "MM62224",
    "it": "C27J",
    "y": null,
    "m": null,
    "mo": "",
    "o": null,
    "st": "L2T",
    "ml": true
  },
  "33ffc3": {
    "i": "33ffc3",
    "r": "MM55090",
    "it": "M339",
    "y": null,
    "m": null,
    "mo": "",
    "o": null,
    "st": "L1J",
    "ml": true
  },
  "33d847": {
    "i": "33d847",
    "r": "I-A642",
    "it": "EVSS",
    "y": null,
    "m": null,
    "mo": "Evektor SportStar",
    "o": null,
    "st": "L1P",
    "ml": false
  },
  "33fcbd": {
    "i": "33fcbd",
    "r": "MM82161",
    "it": "A169",
    "y": null,
    "m": null,
    "mo": "",
    "o": null,
    "st": "H2T",
    "ml": true
  },
  "33fd64": {
    "i": "33fd64",
    "r": "MM81967",
    "it": "A139",
    "y": null,
    "m": null,
    "mo": "",
    "o": null,
    "st": "H2T",
    "ml": true
  },
  "33fd74": {
    "i": "33fd74",
    "r": "MM81561",
    "it": "NH90",
    "y": null,
    "m": null,
    "mo": "",
    "o": null,
    "st": "H2T",
    "ml": true
  },
  "33fd9b": {
    "i": "33fd9b",
    "r": "MM55220",
    "it": "M346",
    "y": null,
    "m": null,
    "mo": "",
    "o": null,
    "st": "L2J",
    "ml": true
  },
  "33fdb5": {
    "i": "33fdb5",
    "r": "MM81792",
    "it": "H47",
    "y": null,
    "m": null,
    "mo": "",
    "o": null,
    "st": "H2T",
    "ml": true
  },
  "33fddd": {
    "i": "33fddd",
    "r": "MM62280",
    "it": "AT76",
    "y": null,
    "m": null,
    "mo": "Avions de Transport Regional P-72A",
    "o": null,
    "st": "L2T",
    "ml": true
  },
  "33fde6": {
    "i": "33fde6",
    "r": "MM81548",
    "it": "NH90",
    "y": null,
    "m": null,
    "mo": "",
    "o": null,
    "st": "H2T",
    "ml": true
  },
  "33fe19": {
    "i": "33fe19",
    "r": "MM81805",
    "it": "A139",
    "y": null,
    "m": null,
    "mo": "",
    "o": null,
    "st": "H2T",
    "ml": true
  },
  "33fe79": {
    "i": "33fe79",
    "r": "MM62167",
    "it": "P180",
    "y": null,
    "m": null,
    "mo": "Piaggio P-180-E/ACTL-2",
    "o": null,
    "st": "L2T",
    "ml": true
  },
  "33fe7a": {
    "i": "33fe7a",
    "r": "MM62226",
    "it": "B762",
    "y": null,
    "m": null,
    "mo": "",
    "o": null,
    "st": "L2J",
    "ml": true
  },
  "33feca": {
    "i": "33feca",
    "r": "MM62264",
    "it": "P66T",
    "y": null,
    "m": null,
    "mo": "Piaggio P.166 DP-1-VMA",
    "o": null,
    "st": "L2T",
    "ml": true
  },
  "33ff4b": {
    "i": "33ff4b",
    "r": "MM81464",
    "it": "B412",
    "y": null,
    "m": null,
    "mo": "",
    "o": null,
    "st": "H2T",
    "ml": true
  },
  "33ffc6": {
    "i": "33ffc6",
    "r": "MM55087",
    "it": "M339",
    "y": null,
    "m": null,
    "mo": "",
    "o": null,
    "st": "L1J",
    "ml": true
  },
  "33fc99": {
    "i": "33fc99",
    "r": "MM62334",
    "it": "P180",
    "y": null,
    "m": null,
    "mo": "",
    "o": null,
    "st": "L2T",
    "ml": false
  },
  "33fcfe": {
    "i": "33fcfe",
    "r": "MM81619",
    "it": "NH90",
    "y": null,
    "m": null,
    "mo": "",
    "o": null,
    "st": "H2T",
    "ml": true
  },
  "33fd06": {
    "i": "33fd06",
    "r": "CSX62313",
    "it": "AT76",
    "y": null,
    "m": null,
    "mo": "",
    "o": null,
    "st": "L2T",
    "ml": true
  },
  "33fd24": {
    "i": "33fd24",
    "r": "MM82029",
    "it": "A139",
    "y": null,
    "m": null,
    "mo": "",
    "o": null,
    "st": "H2T",
    "ml": true
  },
  "33fd4d": {
    "i": "33fd4d",
    "r": "MM81985",
    "it": "A139",
    "y": null,
    "m": null,
    "mo": "",
    "o": null,
    "st": "H2T",
    "ml": true
  },
  "33fd68": {
    "i": "33fd68",
    "r": "MM81563",
    "it": "NH90",
    "y": null,
    "m": null,
    "mo": "",
    "o": null,
    "st": "H2T",
    "ml": true
  },
  "33fd8f": {
    "i": "33fd8f",
    "r": "MM81577",
    "it": "NH90",
    "y": null,
    "m": null,
    "mo": "NH Industries NH90 TTH",
    "o": null,
    "st": "H2T",
    "ml": true
  },
  "33fdf5": {
    "i": "33fdf5",
    "r": "MM7314",
    "it": "EUFI",
    "y": null,
    "m": null,
    "mo": "",
    "o": null,
    "st": "L2J",
    "ml": true
  },
  "33fe08": {
    "i": "33fe08",
    "r": "MM7053",
    "it": "TOR",
    "y": null,
    "m": null,
    "mo": "",
    "o": null,
    "st": "L2J",
    "ml": true
  },
  "33fe0d": {
    "i": "33fe0d",
    "r": "MM81823",
    "it": "A139",
    "y": null,
    "m": null,
    "mo": "AgustaWestland AW.139 HH-139A",
    "o": null,
    "st": "H2T",
    "ml": true
  },
  "33fe1d": {
    "i": "33fe1d",
    "r": "MM81584",
    "it": "NH90",
    "y": null,
    "m": null,
    "mo": "",
    "o": null,
    "st": "H2T",
    "ml": true
  },
  "33fe1f": {
    "i": "33fe1f",
    "r": "MM81801",
    "it": "A139",
    "y": null,
    "m": null,
    "mo": "",
    "o": null,
    "st": "H2T",
    "ml": true
  },
  "33ffae": {
    "i": "33ffae",
    "r": "MM62244",
    "it": "F900",
    "y": null,
    "m": null,
    "mo": "",
    "o": null,
    "st": "L3J",
    "ml": true
  },
  "33ffec": {
    "i": "33ffec",
    "r": "MM62184",
    "it": "C30J",
    "y": null,
    "m": null,
    "mo": "Lockheed C-130J Hercules",
    "o": null,
    "st": "L4T",
    "ml": true
  },
  "33fcd2": {
    "i": "33fcd2",
    "r": "MM82103",
    "it": "A119",
    "y": null,
    "m": null,
    "mo": "",
    "o": null,
    "st": "H1T",
    "ml": true
  },
  "33fd8d": {
    "i": "33fd8d",
    "r": "MM81605",
    "it": "NH90",
    "y": null,
    "m": null,
    "mo": "",
    "o": null,
    "st": "H2T",
    "ml": true
  },
  "33fdc6": {
    "i": "33fdc6",
    "r": "MM81552",
    "it": "NH90",
    "y": null,
    "m": null,
    "mo": "",
    "o": null,
    "st": "H2T",
    "ml": true
  },
  "33fe24": {
    "i": "33fe24",
    "r": "MM81797",
    "it": "A139",
    "y": null,
    "m": null,
    "mo": "",
    "o": null,
    "st": "H2T",
    "ml": true
  },
  "33fe3a": {
    "i": "33fe3a",
    "r": "MM62286",
    "it": "P180",
    "y": null,
    "m": null,
    "mo": "Piaggio P-180 Avanti",
    "o": null,
    "st": "L2T",
    "ml": true
  },
  "33fea9": {
    "i": "33fea9",
    "r": "MM81580",
    "it": "NH90",
    "y": null,
    "m": null,
    "mo": "",
    "o": null,
    "st": "H2T",
    "ml": true
  },
  "33ff47": {
    "i": "33ff47",
    "r": "MM81478",
    "it": "B412",
    "y": null,
    "m": null,
    "mo": "",
    "o": null,
    "st": "H2T",
    "ml": true
  },
  "33ff4f": {
    "i": "33ff4f",
    "r": "MM81450",
    "it": "B412",
    "y": null,
    "m": null,
    "mo": "",
    "o": null,
    "st": "H2T",
    "ml": true
  },
  "33ffd3": {
    "i": "33ffd3",
    "r": "MM62205",
    "it": "P180",
    "y": null,
    "m": null,
    "mo": "",
    "o": null,
    "st": "L2T",
    "ml": true
  },
  "33fcbe": {
    "i": "33fcbe",
    "r": "MM82160",
    "it": "A169",
    "y": null,
    "m": null,
    "mo": "",
    "o": null,
    "st": "H2T",
    "ml": true
  },
  "33fd1b": {
    "i": "33fd1b",
    "r": "MM82038",
    "it": "A139",
    "y": null,
    "m": null,
    "mo": "",
    "o": null,
    "st": "H2T",
    "ml": true
  },
  "33fece": {
    "i": "33fece",
    "r": "MM81674",
    "it": "A109",
    "y": null,
    "m": null,
    "mo": "Agusta A.109 N",
    "o": null,
    "st": "H2T",
    "ml": true
  },
  "33ffcb": {
    "i": "33ffcb",
    "r": "MM55082",
    "it": "M339",
    "y": null,
    "m": null,
    "mo": "",
    "o": null,
    "st": "L1J",
    "ml": true
  },
  "33fc8d": {
    "i": "33fc8d",
    "r": "MM82129",
    "it": "A119",
    "y": null,
    "m": null,
    "mo": "",
    "o": null,
    "st": "H1T",
    "ml": true
  },
  "33fcc2": {
    "i": "33fcc2",
    "r": "CSX62333",
    "it": "C27J",
    "y": null,
    "m": null,
    "mo": "",
    "o": null,
    "st": "L2T",
    "ml": false
  },
  "33fce9": {
    "i": "33fce9",
    "r": "MM82075",
    "it": "A169",
    "y": null,
    "m": null,
    "mo": "",
    "o": null,
    "st": "H2T",
    "ml": true
  },
  "33fd21": {
    "i": "33fd21",
    "r": "MM82030",
    "it": "A139",
    "y": null,
    "m": null,
    "mo": "",
    "o": null,
    "st": "H2T",
    "ml": true
  },
  "33fd33": {
    "i": "33fd33",
    "r": "CSX55249",
    "it": "M345",
    "y": null,
    "m": null,
    "mo": "",
    "o": null,
    "st": "L1J",
    "ml": true
  },
  "33fd3c": {
    "i": "33fd3c",
    "r": "MM82018",
    "it": "A139",
    "y": null,
    "m": null,
    "mo": "",
    "o": null,
    "st": "H2T",
    "ml": true
  },
  "33fd48": {
    "i": "33fd48",
    "r": "MM81568",
    "it": "NH90",
    "y": null,
    "m": null,
    "mo": "",
    "o": null,
    "st": "H2T",
    "ml": true
  },
  "33fdbe": {
    "i": "33fdbe",
    "r": "MM81867",
    "it": "EH10",
    "y": null,
    "m": null,
    "mo": "",
    "o": null,
    "st": "H3T",
    "ml": true
  },
  "33fe26": {
    "i": "33fe26",
    "r": "MM81541",
    "it": "NH90",
    "y": null,
    "m": null,
    "mo": "",
    "o": null,
    "st": "H2T",
    "ml": true
  },
  "33fea3": {
    "i": "33fea3",
    "r": "MM81685",
    "it": "A109",
    "y": null,
    "m": null,
    "mo": "",
    "o": null,
    "st": "H2T",
    "ml": true
  },
  "33ff1e": {
    "i": "33ff1e",
    "r": "MM55062",
    "it": "M339",
    "y": null,
    "m": null,
    "mo": "",
    "o": null,
    "st": "L1J",
    "ml": true
  },
  "33ff7c": {
    "i": "33ff7c",
    "r": "MM55044",
    "it": "AMX",
    "y": null,
    "m": null,
    "mo": "",
    "o": null,
    "st": "L1J",
    "ml": true
  },
  "33ffbc": {
    "i": "33ffbc",
    "r": "MM62218",
    "it": "C27J",
    "y": null,
    "m": null,
    "mo": "",
    "o": null,
    "st": "L2T",
    "ml": true
  },
  "33ffd8": {
    "i": "33ffd8",
    "r": "MM62201",
    "it": "P180",
    "y": null,
    "m": null,
    "mo": "",
    "o": null,
    "st": "L2T",
    "ml": true
  },
  "33fcac": {
    "i": "33fcac",
    "r": "XAV-SA-008",
    "it": "ZZZZ",
    "y": null,
    "m": null,
    "mo": "",
    "o": null,
    "st": "-0-",
    "ml": false
  },
  "33fcda": {
    "i": "33fcda",
    "r": "MM81621",
    "it": "NH90",
    "y": null,
    "m": null,
    "mo": "",
    "o": null,
    "st": "H2T",
    "ml": true
  },
  "33fd05": {
    "i": "33fd05",
    "r": "MM82054",
    "it": "A169",
    "y": null,
    "m": null,
    "mo": "",
    "o": null,
    "st": "H2T",
    "ml": true
  },
  "33fd7e": {
    "i": "33fd7e",
    "r": "MM81560",
    "it": "NH90",
    "y": null,
    "m": null,
    "mo": "",
    "o": null,
    "st": "H2T",
    "ml": true
  },
  "33fdc4": {
    "i": "33fdc4",
    "r": "MM81554",
    "it": "NH90",
    "y": null,
    "m": null,
    "mo": "",
    "o": null,
    "st": "H2T",
    "ml": true
  },
  "33fdd8": {
    "i": "33fdd8",
    "r": "MM81595",
    "it": "NH90",
    "y": null,
    "m": null,
    "mo": "",
    "o": null,
    "st": "H2T",
    "ml": true
  },
  "33fde8": {
    "i": "33fde8",
    "r": "MM81546",
    "it": "NH90",
    "y": null,
    "m": null,
    "mo": "",
    "o": null,
    "st": "H2T",
    "ml": true
  },
  "33fe17": {
    "i": "33fe17",
    "r": "MM81586",
    "it": "NH90",
    "y": null,
    "m": null,
    "mo": "",
    "o": null,
    "st": "H2T",
    "ml": true
  },
  "33fe28": {
    "i": "33fe28",
    "r": "MM62163",
    "it": "P180",
    "y": null,
    "m": null,
    "mo": "Piaggio P-180-AM",
    "o": null,
    "st": "L2T",
    "ml": true
  },
  "33fe30": {
    "i": "33fe30",
    "r": "MM7070",
    "it": "TOR",
    "y": null,
    "m": null,
    "mo": "",
    "o": null,
    "st": "L2J",
    "ml": true
  },
  "33fe92": {
    "i": "33fe92",
    "r": "MM62229",
    "it": "B762",
    "y": null,
    "m": null,
    "mo": "",
    "o": null,
    "st": "L2J",
    "ml": true
  },
  "33fea8": {
    "i": "33fea8",
    "r": "MM81581",
    "it": "NH90",
    "y": null,
    "m": null,
    "mo": "",
    "o": null,
    "st": "H2T",
    "ml": true
  },
  "33fec4": {
    "i": "33fec4",
    "r": "MM81683",
    "it": "A109",
    "y": null,
    "m": null,
    "mo": "",
    "o": null,
    "st": "H2T",
    "ml": true
  },
  "33ff11": {
    "i": "33ff11",
    "r": "MM55076",
    "it": "M339",
    "y": null,
    "m": null,
    "mo": "",
    "o": null,
    "st": "L1J",
    "ml": true
  },
  "33ff75": {
    "i": "33ff75",
    "r": "MM62246",
    "it": "P180",
    "y": null,
    "m": null,
    "mo": "",
    "o": null,
    "st": "L2T",
    "ml": true
  },
  "33ffd1": {
    "i": "33ffd1",
    "r": "MM62207",
    "it": "P180",
    "y": null,
    "m": null,
    "mo": "",
    "o": null,
    "st": "L2T",
    "ml": true
  },
  "33ffd6": {
    "i": "33ffd6",
    "r": "MM62202",
    "it": "P180",
    "y": null,
    "m": null,
    "mo": "",
    "o": null,
    "st": "L2T",
    "ml": true
  },
  "33fca6": {
    "i": "33fca6",
    "r": "CSX55284",
    "it": "M346",
    "y": null,
    "m": null,
    "mo": "",
    "o": null,
    "st": "L2J",
    "ml": false
  },
  "33fd81": {
    "i": "33fd81",
    "r": "CPX624",
    "it": "M345",
    "y": null,
    "m": null,
    "mo": "",
    "o": null,
    "st": "L1J",
    "ml": true
  },
  "33fdb1": {
    "i": "33fdb1",
    "r": "I-CTAF",
    "it": "P06T",
    "y": null,
    "m": null,
    "mo": "",
    "o": null,
    "st": "L2P",
    "ml": false
  },
  "33fdb3": {
    "i": "33fdb3",
    "r": "MM62281",
    "it": "AT76",
    "y": null,
    "m": null,
    "mo": "",
    "o": null,
    "st": "L2T",
    "ml": true
  },
  "33fdff": {
    "i": "33fdff",
    "r": "MM7068",
    "it": "TOR",
    "y": null,
    "m": null,
    "mo": "",
    "o": null,
    "st": "L2J",
    "ml": true
  },
  "33fe0f": {
    "i": "33fe0f",
    "r": "MM62161",
    "it": "P180",
    "y": null,
    "m": null,
    "mo": "Piaggio P-180-AM",
    "o": null,
    "st": "L2T",
    "ml": true
  },
  "33fe72": {
    "i": "33fe72",
    "r": "MM81540",
    "it": "NH90",
    "y": null,
    "m": null,
    "mo": "",
    "o": null,
    "st": "H2T",
    "ml": true
  },
  "33fe95": {
    "i": "33fe95",
    "r": "MM81535",
    "it": "NH90",
    "y": null,
    "m": null,
    "mo": "",
    "o": null,
    "st": "H2T",
    "ml": true
  },
  "33ff15": {
    "i": "33ff15",
    "r": "MM55072",
    "it": "M339",
    "y": null,
    "m": null,
    "mo": "",
    "o": null,
    "st": "L1J",
    "ml": true
  },
  "33ff40": {
    "i": "33ff40",
    "r": "MM81665",
    "it": "A109",
    "y": null,
    "m": null,
    "mo": "",
    "o": null,
    "st": "H2T",
    "ml": true
  },
  "33ff4d": {
    "i": "33ff4d",
    "r": "MM81462",
    "it": "B412",
    "y": null,
    "m": null,
    "mo": "",
    "o": null,
    "st": "H2T",
    "ml": true
  },
  "33ffe4": {
    "i": "33ffe4",
    "r": "MM62192",
    "it": "C30J",
    "y": null,
    "m": null,
    "mo": "",
    "o": null,
    "st": "L4T",
    "ml": true
  },
  "33fcea": {
    "i": "33fcea",
    "r": "MM82074",
    "it": "A169",
    "y": null,
    "m": null,
    "mo": "",
    "o": null,
    "st": "H2T",
    "ml": true
  },
  "33fcec": {
    "i": "33fcec",
    "r": "MM81620",
    "it": "NH90",
    "y": null,
    "m": null,
    "mo": "",
    "o": null,
    "st": "H2T",
    "ml": true
  },
  "33fd41": {
    "i": "33fd41",
    "r": "MM81613",
    "it": "NH90",
    "y": null,
    "m": null,
    "mo": "",
    "o": null,
    "st": "H2T",
    "ml": true
  },
  "33fd5e": {
    "i": "33fd5e",
    "r": "MM-AV-SA-0017",
    "it": "Q4",
    "y": null,
    "m": null,
    "mo": "",
    "o": null,
    "st": "L1J",
    "ml": true
  },
  "33fd6b": {
    "i": "33fd6b",
    "r": "MM-AV-SA-0014",
    "it": "Q4",
    "y": null,
    "m": null,
    "mo": "",
    "o": null,
    "st": "L1J",
    "ml": true
  },
  "33fd90": {
    "i": "33fd90",
    "r": "MM55222",
    "it": "M346",
    "y": null,
    "m": null,
    "mo": "",
    "o": null,
    "st": "L2J",
    "ml": true
  },
  "33fda6": {
    "i": "33fda6",
    "r": "MM55218",
    "it": "M346",
    "y": null,
    "m": null,
    "mo": "",
    "o": null,
    "st": "L2J",
    "ml": true
  },
  "33fdc7": {
    "i": "33fdc7",
    "r": "MM7066",
    "it": "TOR",
    "y": null,
    "m": null,
    "mo": "",
    "o": null,
    "st": "L2J",
    "ml": true
  },
  "33fe09": {
    "i": "33fe09",
    "r": "MM7054",
    "it": "TOR",
    "y": null,
    "m": null,
    "mo": "",
    "o": null,
    "st": "L2J",
    "ml": true
  },
  "33fe32": {
    "i": "33fe32",
    "r": "MM7052",
    "it": "TOR",
    "y": null,
    "m": null,
    "mo": "",
    "o": null,
    "st": "L2J",
    "ml": true
  },
  "33fe6b": {
    "i": "33fe6b",
    "r": "MM55154",
    "it": "M346",
    "y": null,
    "m": null,
    "mo": "Aermacchi T.346A",
    "o": null,
    "st": "L2J",
    "ml": true
  },
  "33fe77": {
    "i": "33fe77",
    "r": "MM62228",
    "it": "B762",
    "y": null,
    "m": null,
    "mo": "",
    "o": null,
    "st": "L2J",
    "ml": true
  },
  "33ffba": {
    "i": "33ffba",
    "r": "MM62211",
    "it": "P180",
    "y": null,
    "m": null,
    "mo": "",
    "o": null,
    "st": "L2T",
    "ml": true
  },
  "33fd3f": {
    "i": "33fd3f",
    "r": "MM82013",
    "it": "A139",
    "y": null,
    "m": null,
    "mo": "",
    "o": null,
    "st": "H2T",
    "ml": true
  },
  "33fd60": {
    "i": "33fd60",
    "r": "MM81564",
    "it": "NH90",
    "y": null,
    "m": null,
    "mo": "",
    "o": null,
    "st": "H2T",
    "ml": true
  },
  "33fd63": {
    "i": "33fd63",
    "r": "MM81968",
    "it": "A139",
    "y": null,
    "m": null,
    "mo": "",
    "o": null,
    "st": "H2T",
    "ml": true
  },
  "33fd66": {
    "i": "33fd66",
    "r": "MM81629",
    "it": "NH90",
    "y": null,
    "m": null,
    "mo": "",
    "o": null,
    "st": "H2T",
    "ml": true
  },
  "33fd8a": {
    "i": "33fd8a",
    "r": "MM81558",
    "it": "NH90",
    "y": null,
    "m": null,
    "mo": "",
    "o": null,
    "st": "H2T",
    "ml": true
  },
  "33fe21": {
    "i": "33fe21",
    "r": "MM81800",
    "it": "A139",
    "y": null,
    "m": null,
    "mo": "AgustaWestland AW.139 HH-139A",
    "o": null,
    "st": "H2T",
    "ml": true
  },
  "33fe2f": {
    "i": "33fe2f",
    "r": "MM7047",
    "it": "TOR",
    "y": null,
    "m": null,
    "mo": "Panavia Tornado ECR-MLU",
    "o": null,
    "st": "L2J",
    "ml": true
  },
  "33fe74": {
    "i": "33fe74",
    "r": "MM81538",
    "it": "NH90",
    "y": null,
    "m": null,
    "mo": "",
    "o": null,
    "st": "H2T",
    "ml": true
  },
  "33fe94": {
    "i": "33fe94",
    "r": "MM81536",
    "it": "NH90",
    "y": null,
    "m": null,
    "mo": "",
    "o": null,
    "st": "H2T",
    "ml": true
  },
  "33ffb9": {
    "i": "33ffb9",
    "r": "MM62213",
    "it": "P180",
    "y": null,
    "m": null,
    "mo": "",
    "o": null,
    "st": "L2T",
    "ml": true
  },
  "33ffbd": {
    "i": "33ffbd",
    "r": "MM62217",
    "it": "C27J",
    "y": null,
    "m": null,
    "mo": "Alenia C-27J Spartan",
    "o": null,
    "st": "L2T",
    "ml": true
  },
  "33ffc4": {
    "i": "33ffc4",
    "r": "MM55089",
    "it": "M339",
    "y": null,
    "m": null,
    "mo": "",
    "o": null,
    "st": "L1J",
    "ml": true
  },
  "33fcb9": {
    "i": "33fcb9",
    "r": "MM82121",
    "it": "A119",
    "y": null,
    "m": null,
    "mo": "",
    "o": null,
    "st": "H1T",
    "ml": true
  },
  "33fd30": {
    "i": "33fd30",
    "r": "MM55252",
    "it": "M345",
    "y": null,
    "m": null,
    "mo": "",
    "o": null,
    "st": "L1J",
    "ml": true
  },
  "33fd36": {
    "i": "33fd36",
    "r": "MM82026",
    "it": "A139",
    "y": null,
    "m": null,
    "mo": "",
    "o": null,
    "st": "H2T",
    "ml": true
  },
  "33fd5f": {
    "i": "33fd5f",
    "r": "MM62317",
    "it": "B350",
    "y": null,
    "m": null,
    "mo": "",
    "o": null,
    "st": "L2T",
    "ml": true
  },
  "33fd82": {
    "i": "33fd82",
    "r": "MM81608",
    "it": "NH90",
    "y": null,
    "m": null,
    "mo": "",
    "o": null,
    "st": "H2T",
    "ml": true
  },
  "33fd94": {
    "i": "33fd94",
    "r": "MM62304",
    "it": "P180",
    "y": null,
    "m": null,
    "mo": "",
    "o": null,
    "st": "L2T",
    "ml": true
  },
  "33fdac": {
    "i": "33fdac",
    "r": "MM55213",
    "it": "M346",
    "y": null,
    "m": null,
    "mo": "",
    "o": null,
    "st": "L2J",
    "ml": true
  },
  "33ffb6": {
    "i": "33ffb6",
    "r": "MM62221",
    "it": "C27J",
    "y": null,
    "m": null,
    "mo": "",
    "o": null,
    "st": "L2T",
    "ml": true
  },
  "33fca0": {
    "i": "33fca0",
    "r": "MM82181",
    "it": "A169",
    "y": null,
    "m": null,
    "mo": "",
    "o": null,
    "st": "H2T",
    "ml": false
  },
  "33fd54": {
    "i": "33fd54",
    "r": "MM81977",
    "it": "A169",
    "y": null,
    "m": null,
    "mo": "",
    "o": null,
    "st": "H2T",
    "ml": true
  },
  "33fd59": {
    "i": "33fd59",
    "r": "MM81565",
    "it": "NH90",
    "y": null,
    "m": null,
    "mo": "",
    "o": null,
    "st": "H2T",
    "ml": true
  },
  "33fdb2": {
    "i": "33fdb2",
    "r": "MM55206",
    "it": "P06T",
    "y": null,
    "m": null,
    "mo": "Tecnam T-2006A",
    "o": null,
    "st": "L2P",
    "ml": false
  },
  "33fdbf": {
    "i": "33fdbf",
    "r": "MM81893",
    "it": "A139",
    "y": null,
    "m": null,
    "mo": "",
    "o": null,
    "st": "H2T",
    "ml": true
  },
  "33fddc": {
    "i": "33fddc",
    "r": "MM55144",
    "it": "M346",
    "y": null,
    "m": null,
    "mo": "",
    "o": null,
    "st": "L2J",
    "ml": true
  },
  "33fdfd": {
    "i": "33fdfd",
    "r": "MM7059",
    "it": "TOR",
    "y": null,
    "m": null,
    "mo": "",
    "o": null,
    "st": "L2J",
    "ml": true
  },
  "33fe02": {
    "i": "33fe02",
    "r": "MM7019",
    "it": "TOR",
    "y": null,
    "m": null,
    "mo": "",
    "o": null,
    "st": "L2J",
    "ml": true
  },
  "33fe11": {
    "i": "33fe11",
    "r": "MM81806",
    "it": "A139",
    "y": null,
    "m": null,
    "mo": "",
    "o": null,
    "st": "H2T",
    "ml": true
  },
  "33ff13": {
    "i": "33ff13",
    "r": "MM55074",
    "it": "M339",
    "y": null,
    "m": null,
    "mo": "",
    "o": null,
    "st": "L1J",
    "ml": true
  },
  "33ff1b": {
    "i": "33ff1b",
    "r": "MM55065",
    "it": "M339",
    "y": null,
    "m": null,
    "mo": "",
    "o": null,
    "st": "L1J",
    "ml": true
  },
  "33fffe": {
    "i": "33fffe",
    "r": "MM62026",
    "it": "FA50",
    "y": null,
    "m": null,
    "mo": "",
    "o": null,
    "st": "L3J",
    "ml": true
  },
  "33fcd6": {
    "i": "33fcd6",
    "r": "MM81522",
    "it": "NH90",
    "y": null,
    "m": null,
    "mo": "NH Industries NH90 TTH (UH-90A)",
    "o": null,
    "st": "H2T",
    "ml": false
  },
  "33fd35": {
    "i": "33fd35",
    "r": "MM81632",
    "it": "NH90",
    "y": null,
    "m": null,
    "mo": "",
    "o": null,
    "st": "H2T",
    "ml": true
  },
  "33fd39": {
    "i": "33fd39",
    "r": "MM81569",
    "it": "NH90",
    "y": null,
    "m": null,
    "mo": "",
    "o": null,
    "st": "H2T",
    "ml": true
  },
  "33fd44": {
    "i": "33fd44",
    "r": "MM81631",
    "it": "NH90",
    "y": null,
    "m": null,
    "mo": "",
    "o": null,
    "st": "H2T",
    "ml": true
  },
  "33fd83": {
    "i": "33fd83",
    "r": "MM81607",
    "it": "NH90",
    "y": null,
    "m": null,
    "mo": "",
    "o": null,
    "st": "H2T",
    "ml": true
  },
  "33fd91": {
    "i": "33fd91",
    "r": "MM55221",
    "it": "M346",
    "y": null,
    "m": null,
    "mo": "",
    "o": null,
    "st": "L2J",
    "ml": true
  },
  "33fe25": {
    "i": "33fe25",
    "r": "MM81796",
    "it": "A139",
    "y": null,
    "m": null,
    "mo": "AgustaWestland AW.139 HH-139A",
    "o": null,
    "st": "H2T",
    "ml": true
  },
  "33fec7": {
    "i": "33fec7",
    "r": "MM81677",
    "it": "A109",
    "y": null,
    "m": null,
    "mo": "",
    "o": null,
    "st": "H2T",
    "ml": true
  },
  "33fff8": {
    "i": "33fff8",
    "r": "MM55085",
    "it": "M339",
    "y": null,
    "m": null,
    "mo": "",
    "o": null,
    "st": "L1J",
    "ml": true
  },
  "33ffff": {
    "i": "33ffff",
    "r": "MM62171",
    "it": "F900",
    "y": null,
    "m": null,
    "mo": "Dassault Falcon 900EX",
    "o": null,
    "st": "L3J",
    "ml": false
  },
  "33fd69": {
    "i": "33fd69",
    "r": "MM-AV-SA-0016",
    "it": "Q4",
    "y": null,
    "m": null,
    "mo": "",
    "o": null,
    "st": "L1J",
    "ml": true
  },
  "33fe20": {
    "i": "33fe20",
    "r": "MM7020",
    "it": "TOR",
    "y": null,
    "m": null,
    "mo": "",
    "o": null,
    "st": "L2J",
    "ml": true
  },
  "33fe38": {
    "i": "33fe38",
    "r": "MM81811",
    "it": "A139",
    "y": null,
    "m": null,
    "mo": "AgustaWestland AW.139 UH-139A",
    "o": null,
    "st": "H2T",
    "ml": true
  },
  "33fe39": {
    "i": "33fe39",
    "r": "MM62287",
    "it": "P180",
    "y": null,
    "m": null,
    "mo": "Piaggio P-180 Avanti",
    "o": null,
    "st": "L2T",
    "ml": true
  },
  "33fe99": {
    "i": "33fe99",
    "r": "MM81531",
    "it": "NH90",
    "y": null,
    "m": null,
    "mo": "",
    "o": null,
    "st": "H2T",
    "ml": true
  },
  "33ff12": {
    "i": "33ff12",
    "r": "MM55075",
    "it": "M339",
    "y": null,
    "m": null,
    "mo": "",
    "o": null,
    "st": "L1J",
    "ml": true
  },
  "33ff49": {
    "i": "33ff49",
    "r": "MM881472",
    "it": "B412",
    "y": null,
    "m": null,
    "mo": "",
    "o": null,
    "st": "H2T",
    "ml": true
  },
  "33ffb8": {
    "i": "33ffb8",
    "r": "MM62219",
    "it": "C27J",
    "y": null,
    "m": null,
    "mo": "Alenia C-27J Spartan",
    "o": null,
    "st": "L2T",
    "ml": true
  },
  "33fff9": {
    "i": "33fff9",
    "r": "MM62174",
    "it": "A319",
    "y": null,
    "m": null,
    "mo": "",
    "o": null,
    "st": "L2J",
    "ml": true
  },
  "33ffc0": {
    "i": "33ffc0",
    "r": "MM62210",
    "it": "F900",
    "y": null,
    "m": null,
    "mo": "",
    "o": null,
    "st": "L3J",
    "ml": true
  },
  "33ffc1": {
    "i": "33ffc1",
    "r": "MM62209",
    "it": "A319",
    "y": null,
    "m": null,
    "mo": "",
    "o": null,
    "st": "L2J",
    "ml": true
  },
  "33ffaf": {
    "i": "33ffaf",
    "r": "MM62243",
    "it": "A319",
    "y": null,
    "m": null,
    "mo": "",
    "o": null,
    "st": "L2J",
    "ml": true
  },
  "33fcb4": {
    "i": "33fcb4",
    "r": "MM82123",
    "it": "A119",
    "y": null,
    "m": "AGUSTA",
    "mo": "AW-119 Koala",
    "o": null,
    "st": "H1T",
    "ml": true
  },
  "33fcbc": {
    "i": "33fcbc",
    "r": "MM82120",
    "it": "A119",
    "y": null,
    "m": "AGUSTA",
    "mo": "AW-119 Koala",
    "o": null,
    "st": "H1T",
    "ml": true
  },
  "33fcbf": {
    "i": "33fcbf",
    "r": "MM82159",
    "it": "A169",
    "y": null,
    "m": "AGUSTA WESTLAND",
    "mo": "AW-169",
    "o": null,
    "st": "H2T",
    "ml": true
  },
  "33fff2": {
    "i": "33fff2",
    "r": "MM62178",
    "it": "C30J",
    "y": null,
    "m": "LOCKHEED MARTIN",
    "mo": "C-130J Super Hercules",
    "o": null,
    "st": "L4T",
    "ml": true
  },
  "33fcb1": {
    "i": "33fcb1",
    "r": "CSX82169",
    "it": "A149",
    "y": null,
    "m": "AGUSTA WESTLAND",
    "mo": "AW-149",
    "o": null,
    "st": "H2T",
    "ml": true
  },
  "33fcb8": {
    "i": "33fcb8",
    "r": "MM82122",
    "it": "A119",
    "y": null,
    "m": "AGUSTA",
    "mo": "AW-119 Koala",
    "o": null,
    "st": "H1T",
    "ml": true
  },
  "33ffef": {
    "i": "33ffef",
    "r": "MM62181",
    "it": "C30J",
    "y": null,
    "m": "LOCKHEED MARTIN",
    "mo": "C-130J Super Hercules",
    "o": null,
    "st": "L4T",
    "ml": true
  },
  "33fff3": {
    "i": "33fff3",
    "r": "MM62177",
    "it": "C30J",
    "y": null,
    "m": "LOCKHEED MARTIN",
    "mo": "C-130J Super Hercules",
    "o": null,
    "st": "L4T",
    "ml": true
  },
  "33ffe3": {
    "i": "33ffe3",
    "r": "MM62193",
    "it": "C30J",
    "y": null,
    "m": "LOCKHEED MARTIN",
    "mo": "C-130J Super Hercules",
    "o": null,
    "st": "L4T",
    "ml": true
  },
  "33ffe1": {
    "i": "33ffe1",
    "r": "MM62195",
    "it": "C30J",
    "y": null,
    "m": "LOCKHEED MARTIN",
    "mo": "C-130J Super Hercules",
    "o": null,
    "st": "L4T",
    "ml": true
  },
  "33fff1": {
    "i": "33fff1",
    "r": "MM62179",
    "it": "C30J",
    "y": null,
    "m": "LOCKHEED MARTIN",
    "mo": "C-130J Super Hercules",
    "o": null,
    "st": "L4T",
    "ml": true
  },
  "33ffe0": {
    "i": "33ffe0",
    "r": "MM62196",
    "it": "C30J",
    "y": null,
    "m": "LOCKHEED MARTIN",
    "mo": "C-130J Super Hercules",
    "o": null,
    "st": "L4T",
    "ml": true
  },
  "33fff0": {
    "i": "33fff0",
    "r": "MM62180",
    "it": "C30J",
    "y": null,
    "m": "LOCKHEED MARTIN",
    "mo": "C-130J Super Hercules",
    "o": null,
    "st": "L4T",
    "ml": true
  },
  "33ffed": {
    "i": "33ffed",
    "r": "MM62183",
    "it": "C30J",
    "y": null,
    "m": "LOCKHEED MARTIN",
    "mo": "C-130J Super Hercules",
    "o": null,
    "st": "L4T",
    "ml": true
  },
  "33ffea": {
    "i": "33ffea",
    "r": "MM62186",
    "it": "C30J",
    "y": null,
    "m": "LOCKHEED MARTIN",
    "mo": "C-130J Super Hercules",
    "o": null,
    "st": "L4T",
    "ml": true
  },
  "33ffe8": {
    "i": "33ffe8",
    "r": "MM62188",
    "it": "C30J",
    "y": null,
    "m": "LOCKHEED MARTIN",
    "mo": "C-130J Super Hercules",
    "o": null,
    "st": "L4T",
    "ml": true
  },
  "33ffe7": {
    "i": "33ffe7",
    "r": "MM62189",
    "it": "C30J",
    "y": null,
    "m": "LOCKHEED MARTIN",
    "mo": "C-130J Super Hercules",
    "o": null,
    "st": "L4T",
    "ml": true
  },
  "33ffe2": {
    "i": "33ffe2",
    "r": "MM62194",
    "it": "C30J",
    "y": null,
    "m": "LOCKHEED MARTIN",
    "mo": "C-130J Super Hercules",
    "o": null,
    "st": "L4T",
    "ml": true
  },
  "33ffe6": {
    "i": "33ffe6",
    "r": "MM62190",
    "it": "C30J",
    "y": null,
    "m": "LOCKHEED MARTIN",
    "mo": "C-130J Super Hercules",
    "o": null,
    "st": "L4T",
    "ml": true
  },
  "33fc9c": {
    "i": "33fc9c",
    "r": "CSX62348",
    "it": "AT76",
    "y": null,
    "m": "ATR",
    "mo": "ATR-72-600",
    "o": null,
    "st": "L2T",
    "ml": false
  },
  "33fc97": {
    "i": "33fc97",
    "r": "CSX82186",
    "it": "A149",
    "y": null,
    "m": "AGUSTA",
    "mo": "AW-149",
    "o": null,
    "st": "H2T",
    "ml": true
  }
}