{
  "354684": {
    "i": "354684",
    "r": "TWR",
    "it": "TWR",
    "y": null,
    "m": null,
    "mo": null,
    "o": null,
    "st": "T0-",
    "ml": false
  },
  "353056": {
    "i": "353056",
    "r": "12-14",
    "it": "F18H",
    "y": null,
    "m": null,
    "mo": "",
    "o": null,
    "st": "L2J",
    "ml": true
  },
  "3532c5": {
    "i": "3532c5",
    "r": "T.23-07",
    "it": "A400",
    "y": null,
    "m": null,
    "mo": "",
    "o": null,
    "st": "L4T",
    "ml": true
  },
  "355315": {
    "i": "355315",
    "r": "TR.20-02",
    "it": "C560",
    "y": null,
    "m": null,
    "mo": "",
    "o": null,
    "st": "L2J",
    "ml": true
  },
  "3571cd": {
    "i": "3571cd",
    "r": "E.27-13",
    "it": "PC21",
    "y": null,
    "m": null,
    "mo": "",
    "o": null,
    "st": "L1T",
    "ml": true
  },
  "3571ce": {
    "i": "3571ce",
    "r": "E.27-14",
    "it": "PC21",
    "y": null,
    "m": null,
    "mo": "",
    "o": null,
    "st": "L1T",
    "ml": true
  },
  "3571c9": {
    "i": "3571c9",
    "r": "E.27-09",
    "it": "PC21",
    "y": null,
    "m": null,
    "mo": "",
    "o": null,
    "st": "L1T",
    "ml": true
  },
  "3571d1": {
    "i": "3571d1",
    "r": "E.27-17",
    "it": "PC21",
    "y": null,
    "m": null,
    "mo": "",
    "o": null,
    "st": "L1T",
    "ml": true
  },
  "3571d2": {
    "i": "3571d2",
    "r": "E.27-18",
    "it": "PC21",
    "y": null,
    "m": null,
    "mo": "",
    "o": null,
    "st": "L1T",
    "ml": true
  },
  "3571c1": {
    "i": "3571c1",
    "r": "E.27-01",
    "it": "PC21",
    "y": null,
    "m": null,
    "mo": "",
    "o": null,
    "st": "L1T",
    "ml": true
  },
  "3571c3": {
    "i": "3571c3",
    "r": "E.27-03",
    "it": "PC21",
    "y": null,
    "m": null,
    "mo": "",
    "o": null,
    "st": "L1T",
    "ml": true
  },
  "3571d0": {
    "i": "3571d0",
    "r": "E.27-16",
    "it": "PC21",
    "y": null,
    "m": null,
    "mo": "",
    "o": null,
    "st": "L1T",
    "ml": true
  },
  "359181": {
    "i": "359181",
    "r": "HE.26-04",
    "it": "EC35",
    "y": null,
    "m": null,
    "mo": "",
    "o": null,
    "st": "H2T",
    "ml": true
  },
  "359402": {
    "i": "359402",
    "r": "HE.26-21",
    "it": "EC35",
    "y": null,
    "m": null,
    "mo": "Eurocopter EC135 T2+",
    "o": null,
    "st": "H2T",
    "ml": false
  },
  "3543c3": {
    "i": "3543c3",
    "r": "HD.21-18",
    "it": "AS32",
    "y": null,
    "m": null,
    "mo": "",
    "o": null,
    "st": "H2T",
    "ml": true
  },
  "3571cb": {
    "i": "3571cb",
    "r": "E.27-11",
    "it": "PC21",
    "y": null,
    "m": null,
    "mo": "",
    "o": null,
    "st": "L1T",
    "ml": true
  },
  "359194": {
    "i": "359194",
    "r": "HU.26-07",
    "it": "EC35",
    "y": null,
    "m": null,
    "mo": "",
    "o": null,
    "st": "H2T",
    "ml": true
  },
  "353541": {
    "i": "353541",
    "r": "D.4-07",
    "it": "CN35",
    "y": null,
    "m": null,
    "mo": "",
    "o": null,
    "st": "L2T",
    "ml": true
  },
  "35350d": {
    "i": "35350d",
    "r": "P.3M-12",
    "it": "P3",
    "y": null,
    "m": null,
    "mo": "",
    "o": null,
    "st": "L4T",
    "ml": true
  },
  "3532c6": {
    "i": "3532c6",
    "r": "T.23-02",
    "it": "A400",
    "y": null,
    "m": null,
    "mo": "",
    "o": null,
    "st": "L4T",
    "ml": true
  },
  "356343": {
    "i": "356343",
    "r": "TK.24-03",
    "it": "A332",
    "y": null,
    "m": null,
    "mo": "",
    "o": null,
    "st": "L2J",
    "ml": true
  },
  "359405": {
    "i": "359405",
    "r": "HE.26-25",
    "it": "EC35",
    "y": null,
    "m": null,
    "mo": "",
    "o": null,
    "st": "H2T",
    "ml": true
  },
  "3532c9": {
    "i": "3532c9",
    "r": "T.23-10",
    "it": "A400",
    "y": null,
    "m": null,
    "mo": "Airbus A400M",
    "o": null,
    "st": "L4T",
    "ml": true
  },
  "35464b": {
    "i": "35464b",
    "r": "TX.21-14",
    "it": "C295",
    "y": null,
    "m": null,
    "mo": "",
    "o": null,
    "st": "L2T",
    "ml": true
  },
  "3571ca": {
    "i": "3571ca",
    "r": "E.27-10",
    "it": "PC21",
    "y": null,
    "m": null,
    "mo": "",
    "o": null,
    "st": "L1T",
    "ml": true
  },
  "354641": {
    "i": "354641",
    "r": "UD.14-03",
    "it": "CL2T",
    "y": null,
    "m": null,
    "mo": "",
    "o": null,
    "st": "A2T",
    "ml": true
  },
  "3571cf": {
    "i": "3571cf",
    "r": "E.27-15",
    "it": "PC21",
    "y": null,
    "m": null,
    "mo": "",
    "o": null,
    "st": "L1T",
    "ml": true
  },
  "3591c6": {
    "i": "3591c6",
    "r": "HU.26-10",
    "it": "EC35",
    "y": null,
    "m": null,
    "mo": "",
    "o": null,
    "st": "H2T",
    "ml": true
  },
  "3593cc": {
    "i": "3593cc",
    "r": "HE.26-23",
    "it": "EC35",
    "y": null,
    "m": null,
    "mo": "",
    "o": null,
    "st": "H2T",
    "ml": true
  },
  "3532cb": {
    "i": "3532cb",
    "r": "T.23-03",
    "it": "A400",
    "y": null,
    "m": null,
    "mo": "",
    "o": null,
    "st": "L4T",
    "ml": true
  },
  "3532cc": {
    "i": "3532cc",
    "r": "T.23-12",
    "it": "A400",
    "y": null,
    "m": null,
    "mo": "",
    "o": null,
    "st": "L4T",
    "ml": true
  },
  "35350c": {
    "i": "35350c",
    "r": "P.3M-9",
    "it": "P3",
    "y": null,
    "m": null,
    "mo": "",
    "o": null,
    "st": "L4T",
    "ml": true
  },
  "3571c5": {
    "i": "3571c5",
    "r": "E.27-05",
    "it": "PC21",
    "y": null,
    "m": null,
    "mo": "",
    "o": null,
    "st": "L1T",
    "ml": true
  },
  "3532c7": {
    "i": "3532c7",
    "r": "T.23-08",
    "it": "A400",
    "y": null,
    "m": null,
    "mo": "",
    "o": null,
    "st": "L4T",
    "ml": true
  },
  "3532ce": {
    "i": "3532ce",
    "r": "TK.23-14",
    "it": "A400",
    "y": null,
    "m": null,
    "mo": "",
    "o": null,
    "st": "L4T",
    "ml": true
  },
  "356595": {
    "i": "356595",
    "r": "C.16-20",
    "it": "EUFI",
    "y": null,
    "m": null,
    "mo": "",
    "o": null,
    "st": "L2J",
    "ml": true
  },
  "3571d4": {
    "i": "3571d4",
    "r": "E.27-20",
    "it": "PC21",
    "y": null,
    "m": null,
    "mo": "",
    "o": null,
    "st": "L1T",
    "ml": true
  },
  "3593cb": {
    "i": "3593cb",
    "r": "HE.26-22",
    "it": "EC35",
    "y": null,
    "m": null,
    "mo": "",
    "o": null,
    "st": "H2T",
    "ml": true
  },
  "3571cc": {
    "i": "3571cc",
    "r": "E.27-12",
    "it": "PC21",
    "y": null,
    "m": null,
    "mo": "",
    "o": null,
    "st": "L1T",
    "ml": true
  },
  "3591d0": {
    "i": "3591d0",
    "r": "HU.26-11",
    "it": "EC35",
    "y": null,
    "m": null,
    "mo": "",
    "o": null,
    "st": "H2T",
    "ml": true
  },
  "3591d9": {
    "i": "3591d9",
    "r": "ET-198",
    "it": "EC35",
    "y": null,
    "m": null,
    "mo": "",
    "o": null,
    "st": "H2T",
    "ml": true
  },
  "3571c4": {
    "i": "3571c4",
    "r": "E.27-04",
    "it": "PC21",
    "y": null,
    "m": null,
    "mo": "",
    "o": null,
    "st": "L1T",
    "ml": true
  },
  "359213": {
    "i": "359213",
    "r": "HT.27-19",
    "it": "AS32",
    "y": null,
    "m": null,
    "mo": "",
    "o": null,
    "st": "H2T",
    "ml": true
  },
  "353041": {
    "i": "353041",
    "r": "UD.14-01",
    "it": "CL2T",
    "y": null,
    "m": null,
    "mo": "",
    "o": null,
    "st": "A2T",
    "ml": true
  },
  "353055": {
    "i": "353055",
    "r": "12-73",
    "it": "F18H",
    "y": null,
    "m": null,
    "mo": "",
    "o": null,
    "st": "L2J",
    "ml": true
  },
  "3532c3": {
    "i": "3532c3",
    "r": "T.23-05",
    "it": "A400",
    "y": null,
    "m": null,
    "mo": "",
    "o": null,
    "st": "L4T",
    "ml": true
  },
  "3532c4": {
    "i": "3532c4",
    "r": "T.23-06",
    "it": "A400",
    "y": null,
    "m": null,
    "mo": "",
    "o": null,
    "st": "L4T",
    "ml": true
  },
  "3532ca": {
    "i": "3532ca",
    "r": "T.23-11",
    "it": "A400",
    "y": null,
    "m": null,
    "mo": "",
    "o": null,
    "st": "L4T",
    "ml": true
  },
  "35350f": {
    "i": "35350f",
    "r": "P.3M-08",
    "it": "P3",
    "y": null,
    "m": null,
    "mo": "",
    "o": null,
    "st": "L4T",
    "ml": true
  },
  "3571c8": {
    "i": "3571c8",
    "r": "E.27-08",
    "it": "PC21",
    "y": null,
    "m": null,
    "mo": "",
    "o": null,
    "st": "L1T",
    "ml": true
  },
  "3571d7": {
    "i": "3571d7",
    "r": "E.27-23",
    "it": "PC21",
    "y": null,
    "m": null,
    "mo": "",
    "o": null,
    "st": "L1T",
    "ml": true
  },
  "353042": {
    "i": "353042",
    "r": "UD.14-02",
    "it": "CL2T",
    "y": null,
    "m": null,
    "mo": "",
    "o": null,
    "st": "A2T",
    "ml": true
  },
  "356341": {
    "i": "356341",
    "r": "T.24-01",
    "it": "A332",
    "y": null,
    "m": null,
    "mo": "",
    "o": null,
    "st": "L2J",
    "ml": true
  },
  "3571d3": {
    "i": "3571d3",
    "r": "E.27-19",
    "it": "PC21",
    "y": null,
    "m": null,
    "mo": "",
    "o": null,
    "st": "L1T",
    "ml": true
  },
  "355316": {
    "i": "355316",
    "r": "TR.20-01",
    "it": "C560",
    "y": null,
    "m": null,
    "mo": "Cessna Citation V",
    "o": null,
    "st": "L2J",
    "ml": true
  },
  "353344": {
    "i": "353344",
    "r": "TR.20-03",
    "it": "C560",
    "y": null,
    "m": null,
    "mo": "",
    "o": null,
    "st": "L2J",
    "ml": true
  },
  "3532c8": {
    "i": "3532c8",
    "r": "TK.23-09",
    "it": "A400",
    "y": null,
    "m": null,
    "mo": "Airbus Military A400M",
    "o": null,
    "st": "L4T",
    "ml": true
  },
  "3532cd": {
    "i": "3532cd",
    "r": "T.23-13",
    "it": "A400",
    "y": null,
    "m": null,
    "mo": "",
    "o": null,
    "st": "L4T",
    "ml": true
  },
  "353542": {
    "i": "353542",
    "r": "D.4-08",
    "it": "CN35",
    "y": null,
    "m": null,
    "mo": "",
    "o": null,
    "st": "L2T",
    "ml": true
  },
  "356342": {
    "i": "356342",
    "r": "T.24-02",
    "it": "A332",
    "y": null,
    "m": null,
    "mo": "",
    "o": null,
    "st": "L2J",
    "ml": true
  },
  "3571d5": {
    "i": "3571d5",
    "r": "E.27-21",
    "it": "PC21",
    "y": null,
    "m": null,
    "mo": "",
    "o": null,
    "st": "L1T",
    "ml": true
  },
  "3571d6": {
    "i": "3571d6",
    "r": "E.27-22",
    "it": "PC21",
    "y": null,
    "m": null,
    "mo": "",
    "o": null,
    "st": "L1T",
    "ml": true
  },
  "3532c1": {
    "i": "3532c1",
    "r": "T.23-01",
    "it": "A400",
    "y": null,
    "m": null,
    "mo": "",
    "o": null,
    "st": "L4T",
    "ml": true
  },
  "3532c2": {
    "i": "3532c2",
    "r": "T.23-04",
    "it": "A400",
    "y": null,
    "m": null,
    "mo": "Airbus Military A400M",
    "o": null,
    "st": "L4T",
    "ml": true
  },
  "359209": {
    "i": "359209",
    "r": "HU.21-07",
    "it": "AS32",
    "y": null,
    "m": null,
    "mo": "",
    "o": null,
    "st": "H2T",
    "ml": true
  },
  "3593c8": {
    "i": "3593c8",
    "r": "HE.26-20",
    "it": "EC35",
    "y": null,
    "m": null,
    "mo": "",
    "o": null,
    "st": "H2T",
    "ml": true
  },
  "354657": {
    "i": "354657",
    "r": "TWR",
    "it": "TWR",
    "y": null,
    "m": null,
    "mo": "",
    "o": null,
    "st": "T0-",
    "ml": false
  },
  "359412": {
    "i": "359412",
    "r": "HE.26-27",
    "it": "EC35",
    "y": null,
    "m": null,
    "mo": "Airbus Helicopters EC135 T2+",
    "o": null,
    "st": "H2T",
    "ml": false
  },
  "3571c2": {
    "i": "3571c2",
    "r": "E.27-02",
    "it": "PC21",
    "y": null,
    "m": null,
    "mo": "",
    "o": null,
    "st": "L1T",
    "ml": true
  },
  "3543c5": {
    "i": "3543c5",
    "r": "HD.21-16",
    "it": "AS32",
    "y": null,
    "m": null,
    "mo": "",
    "o": null,
    "st": "H2T",
    "ml": true
  },
  "355290": {
    "i": "355290",
    "r": "CE.16-10",
    "it": "EUFI",
    "y": null,
    "m": null,
    "mo": "",
    "o": null,
    "st": "L2J",
    "ml": true
  },
  "3571c6": {
    "i": "3571c6",
    "r": "E.27-06",
    "it": "PC21",
    "y": null,
    "m": null,
    "mo": "",
    "o": null,
    "st": "L1T",
    "ml": true
  },
  "354654": {
    "i": "354654",
    "r": "TWR",
    "it": "TWR",
    "y": null,
    "m": null,
    "mo": "",
    "o": null,
    "st": "T0-",
    "ml": false
  },
  "3571c7": {
    "i": "3571c7",
    "r": "E.27-07",
    "it": "PC21",
    "y": null,
    "m": null,
    "mo": "",
    "o": null,
    "st": "L1T",
    "ml": true
  },
  "3542c5": {
    "i": "3542c5",
    "r": "T.18-5",
    "it": "F900",
    "y": null,
    "m": null,
    "mo": "Falcon 900 B",
    "o": null,
    "st": "L3J",
    "ml": true
  },
  "3542c3": {
    "i": "3542c3",
    "r": "T.18-3",
    "it": "F900",
    "y": null,
    "m": null,
    "mo": "",
    "o": null,
    "st": "L3J",
    "ml": true
  },
  "3542c4": {
    "i": "3542c4",
    "r": "T.18-4",
    "it": "F900",
    "y": null,
    "m": null,
    "mo": "",
    "o": null,
    "st": "L3J",
    "ml": true
  },
  "354556": {
    "i": "354556",
    "r": "T.22-2",
    "it": "A310",
    "y": null,
    "m": null,
    "mo": "",
    "o": null,
    "st": "L2J",
    "ml": true
  },
  "354555": {
    "i": "354555",
    "r": "T.22-1",
    "it": "A310",
    "y": null,
    "m": null,
    "mo": "",
    "o": null,
    "st": "L2J",
    "ml": true
  },
  "359516": {
    "i": "359516",
    "r": "HT.17-22A",
    "it": "H47",
    "y": null,
    "m": "BOEING-VERTOL",
    "mo": "CH-47 Chinook",
    "o": null,
    "st": "H2T",
    "ml": true
  },
  "3591ca": {
    "i": "3591ca",
    "r": "HU.26-11",
    "it": "EC35",
    "y": null,
    "m": "EUROCOPTER",
    "mo": "EC-135/635",
    "o": null,
    "st": "H2T",
    "ml": true
  },
  "3571d8": {
    "i": "3571d8",
    "r": "E.27-24",
    "it": "PC21",
    "y": null,
    "m": "PILATUS",
    "mo": "PC-21",
    "o": null,
    "st": "L1T",
    "ml": true
  },
  "3593c9": {
    "i": "3593c9",
    "r": "HE.26-20",
    "it": "EC35",
    "y": null,
    "m": "AIRBUS HELICOPTERS",
    "mo": "EC-135/635",
    "o": null,
    "st": "H2T",
    "ml": true
  },
  "353607": {
    "i": "353607",
    "r": "T.21-08",
    "it": "C295",
    "y": null,
    "m": "CASA",
    "mo": "C-295",
    "o": null,
    "st": "L2T",
    "ml": true
  },
  "3593ce": {
    "i": "3593ce",
    "r": "HE.26-22",
    "it": "EC35",
    "y": null,
    "m": "AIRBUS HELICOPTERS",
    "mo": "EC-135/635",
    "o": null,
    "st": "H2T",
    "ml": true
  },
  "359403": {
    "i": "359403",
    "r": "HE.26-21",
    "it": "EC35",
    "y": null,
    "m": "AIRBUS HELICOPTERS",
    "mo": "EC-135/635",
    "o": null,
    "st": "H2T",
    "ml": true
  },
  "3533c3": {
    "i": "3533c3",
    "r": "HT.21A-03",
    "it": "AS32",
    "y": null,
    "m": "AEROSPATIALE",
    "mo": "AS-332 Super Puma",
    "o": null,
    "st": "H2T",
    "ml": true
  },
  "359199": {
    "i": "359199",
    "r": "HU.26-10",
    "it": "EC35",
    "y": null,
    "m": "AIRBUS HELICOPTERS",
    "mo": "EC-135/635",
    "o": null,
    "st": "H2T",
    "ml": true
  },
  "35919a": {
    "i": "35919a",
    "r": "HU.26-10",
    "it": "EC35",
    "y": null,
    "m": "EUROCOPTER",
    "mo": "EC-135/635",
    "o": null,
    "st": "H2T",
    "ml": true
  },
  "3591d3": {
    "i": "3591d3",
    "r": "HU.26-12",
    "it": "EC35",
    "y": null,
    "m": "AIRBUS HELICOPTERS",
    "mo": "EC-135/635",
    "o": null,
    "st": "H2T",
    "ml": true
  },
  "3543c2": {
    "i": "3543c2",
    "r": "HD.21-17",
    "it": "AS32",
    "y": null,
    "m": "AEROSPATIALE",
    "mo": "AS-332 Super Puma",
    "o": null,
    "st": "H2T",
    "ml": true
  },
  "359413": {
    "i": "359413",
    "r": "HE.26-27",
    "it": "EC35",
    "y": null,
    "m": "EUROCOPTER",
    "mo": "EC-135/635",
    "o": null,
    "st": "H2T",
    "ml": true
  },
  "359404": {
    "i": "359404",
    "r": "HE.26-21",
    "it": "EC35",
    "y": null,
    "m": "EUROCOPTER",
    "mo": "EC-135/635",
    "o": null,
    "st": "H2T",
    "ml": true
  },
  "353606": {
    "i": "353606",
    "r": "T.21-07",
    "it": "C295",
    "y": null,
    "m": "CASA",
    "mo": "C-295",
    "o": null,
    "st": "L2T",
    "ml": true
  },
  "35360b": {
    "i": "35360b",
    "r": "T.21-13",
    "it": "C295",
    "y": null,
    "m": "CASA",
    "mo": "C-295",
    "o": null,
    "st": "L2T",
    "ml": true
  },
  "353601": {
    "i": "353601",
    "r": "T.21-02",
    "it": "C295",
    "y": null,
    "m": "CASA",
    "mo": "C-295",
    "o": null,
    "st": "L2T",
    "ml": true
  },
  "359517": {
    "i": "359517",
    "r": "HT.17-23A",
    "it": "H47",
    "y": null,
    "m": "BOEING-VERTOL",
    "mo": "CH-47 Chinook",
    "o": null,
    "st": "H2T",
    "ml": true
  },
  "3533c2": {
    "i": "3533c2",
    "r": "HT.21A-02",
    "it": "AS32",
    "y": null,
    "m": "AEROSPATIALE",
    "mo": "AS-332 Super Puma",
    "o": null,
    "st": "H2T",
    "ml": true
  },
  "353604": {
    "i": "353604",
    "r": "T.21-05",
    "it": "C295",
    "y": null,
    "m": "CASA",
    "mo": "C-295",
    "o": null,
    "st": "L2T",
    "ml": true
  },
  "3591c9": {
    "i": "3591c9",
    "r": "HU.26-11",
    "it": "EC35",
    "y": null,
    "m": "EUROCOPTER",
    "mo": "EC-135/635",
    "o": null,
    "st": "H2T",
    "ml": true
  },
  "35360a": {
    "i": "35360a",
    "r": "T.21-12",
    "it": "C295",
    "y": null,
    "m": "CASA",
    "mo": "C-295",
    "o": null,
    "st": "L2T",
    "ml": true
  },
  "354682": {
    "i": "354682",
    "r": "TWR",
    "it": "TWR",
    "y": null,
    "m": null,
    "mo": null,
    "o": null,
    "st": "T0-",
    "ml": false
  },
  "35918e": {
    "i": "35918e",
    "r": "HE.26-05",
    "it": "EC35",
    "y": null,
    "m": "EUROCOPTER",
    "mo": "EC-135/635",
    "o": null,
    "st": "H2T",
    "ml": true
  },
  "354683": {
    "i": "354683",
    "r": "TWR",
    "it": "TWR",
    "y": null,
    "m": null,
    "mo": null,
    "o": null,
    "st": "T0-",
    "ml": false
  },
  "353700": {
    "i": "353700",
    "r": "N756SP",
    "it": "C172",
    "y": "2001",
    "m": "CESSNA",
    "mo": "172 Skyhawk",
    "o": "CREST AIRPARK (Miscode - UNITED STATES)",
    "st": "L1P",
    "ml": false
  },
  "3593d9": {
    "i": "3593d9",
    "r": "HE.26-24",
    "it": "EC35",
    "y": null,
    "m": "EUROCOPTER",
    "mo": "EC-135/635",
    "o": null,
    "st": "H2T",
    "ml": true
  },
  "359185": {
    "i": "359185",
    "r": "HE.26-05",
    "it": "EC35",
    "y": null,
    "m": "EUROCOPTER",
    "mo": "EC-135/635",
    "o": null,
    "st": "H2T",
    "ml": true
  },
  "3593d4": {
    "i": "3593d4",
    "r": "HE.26-23",
    "it": "EC35",
    "y": null,
    "m": "EUROCOPTER",
    "mo": "EC-135/635",
    "o": null,
    "st": "H2T",
    "ml": true
  },
  "35940e": {
    "i": "35940e",
    "r": "HE.26-26",
    "it": "EC35",
    "y": null,
    "m": "EUROCOPTER",
    "mo": "EC-135/635",
    "o": null,
    "st": "H2T",
    "ml": true
  },
  "354687": {
    "i": "354687",
    "r": "TWR",
    "it": "TWR",
    "y": null,
    "m": null,
    "mo": null,
    "o": null,
    "st": "T0-",
    "ml": false
  }
}