{
  "51006d": {
    "i": "51006d",
    "r": "EW-341PO",
    "it": "E75S",
    "y": null,
    "m": null,
    "mo": null,
    "o": null,
    "st": "L2J",
    "ml": false
  },
  "5140ca": {
    "i": "5140ca",
    "r": "4L-DVT",
    "it": "P208",
    "y": null,
    "m": "TECNAM",
    "mo": "P-2008",
    "o": null,
    "st": "L1P",
    "ml": false
  },
  "510045": {
    "i": "510045",
    "r": "EW-275TI",
    "it": "AN12",
    "y": null,
    "m": null,
    "mo": "Antonov An-12-BK",
    "o": null,
    "st": "L4T",
    "ml": false
  },
  "510051": {
    "i": "510051",
    "r": "EW-294PA",
    "it": "B735",
    "y": null,
    "m": null,
    "mo": "Boeing 737 505",
    "o": null,
    "st": "L2J",
    "ml": false
  },
  "510076": {
    "i": "510076",
    "r": "EW-355TH",
    "it": "IL76",
    "y": null,
    "m": null,
    "mo": "Ilyushin IL-76 MD",
    "o": null,
    "st": "L4J",
    "ml": false
  },
  "510080": {
    "i": "510080",
    "r": "EW-400PO",
    "it": "E195",
    "y": null,
    "m": null,
    "mo": "Embraer Emb-195-200LR",
    "o": null,
    "st": "L2J",
    "ml": false
  },
  "51012d": {
    "i": "51012d",
    "r": "EW-544PA",
    "it": "B738",
    "y": null,
    "m": null,
    "mo": "Boeing 737-8K5",
    "o": null,
    "st": "L2J",
    "ml": false
  },
  "511049": {
    "i": "511049",
    "r": "ES-YLR",
    "it": "L39",
    "y": null,
    "m": null,
    "mo": "Aero L-39-C",
    "o": null,
    "st": "L1J",
    "ml": false
  },
  "5110a9": {
    "i": "5110a9",
    "r": "ES-CLS",
    "it": "FDCT",
    "y": null,
    "m": null,
    "mo": "",
    "o": null,
    "st": "L1P",
    "ml": false
  },
  "5110bb": {
    "i": "5110bb",
    "r": "ES-LSE",
    "it": "SF34",
    "y": null,
    "m": null,
    "mo": "SAAB Fairchild 340 A",
    "o": null,
    "st": "L2T",
    "ml": false
  },
  "5110ce": {
    "i": "5110ce",
    "r": "ES-KEN",
    "it": "DA62",
    "y": null,
    "m": null,
    "mo": "Diamond DA62",
    "o": null,
    "st": "L2P",
    "ml": false
  },
  "5110e1": {
    "i": "5110e1",
    "r": "ES-ACJ",
    "it": "CRJ9",
    "y": null,
    "m": null,
    "mo": "Canadair Regional-Jet-900",
    "o": null,
    "st": "L2J",
    "ml": false
  },
  "5110ec": {
    "i": "5110ec",
    "r": "ES-VPD",
    "it": "PA34",
    "y": null,
    "m": null,
    "mo": "Piper PA-34 200T Seneca II",
    "o": null,
    "st": "L2P",
    "ml": false
  },
  "511121": {
    "i": "511121",
    "r": "43",
    "it": "M28",
    "y": null,
    "m": null,
    "mo": "M28/C-145A",
    "o": null,
    "st": "L2T",
    "ml": true
  },
  "511174": {
    "i": "511174",
    "r": "ES-SAS",
    "it": "PC12",
    "y": null,
    "m": null,
    "mo": "Pilatus PC-12 NGX",
    "o": null,
    "st": "L1T",
    "ml": false
  },
  "51201c": {
    "i": "51201c",
    "r": "Z3-DAG",
    "it": "PA34",
    "y": null,
    "m": null,
    "mo": "Piper PA-34 220T Seneca IV",
    "o": null,
    "st": "L2P",
    "ml": false
  },
  "513025": {
    "i": "513025",
    "r": "E7-FBB",
    "it": "A319",
    "y": null,
    "m": null,
    "mo": "Airbus A319 112",
    "o": null,
    "st": "L2J",
    "ml": false
  },
  "5140b3": {
    "i": "5140b3",
    "r": "4L-GTD",
    "it": "B738",
    "y": null,
    "m": null,
    "mo": "",
    "o": null,
    "st": "L2J",
    "ml": false
  },
  "5140c2": {
    "i": "5140c2",
    "r": "4L-NIK",
    "it": "B737",
    "y": null,
    "m": null,
    "mo": "Boeing 737-783",
    "o": null,
    "st": "L2J",
    "ml": false
  },
  "515309": {
    "i": "515309",
    "r": "EY-777",
    "it": "B738",
    "y": null,
    "m": null,
    "mo": "Boeing 737-8GJ",
    "o": null,
    "st": "L2J",
    "ml": false
  },
  "516037": {
    "i": "516037",
    "r": "4O-MAE",
    "it": "A109",
    "y": null,
    "m": null,
    "mo": "Agusta AW.109 S",
    "o": null,
    "st": "H2T",
    "ml": false
  },
  "516097": {
    "i": "516097",
    "r": "4O-AOB",
    "it": "E195",
    "y": null,
    "m": null,
    "mo": "Embraer Emb-195-200LR",
    "o": null,
    "st": "L2J",
    "ml": false
  },
  "51004c": {
    "i": "51004c",
    "r": "EW-74957",
    "it": "AN72",
    "y": null,
    "m": null,
    "mo": "Antonov An-74-200",
    "o": null,
    "st": "L2J",
    "ml": false
  },
  "511047": {
    "i": "511047",
    "r": "ES-YLF",
    "it": "L39",
    "y": null,
    "m": null,
    "mo": "Aero Vodochody L-39 C",
    "o": null,
    "st": "L1J",
    "ml": false
  },
  "51105a": {
    "i": "51105a",
    "r": "ES-FCC",
    "it": "C172",
    "y": null,
    "m": null,
    "mo": "Cessna 172M Skyhawk",
    "o": null,
    "st": "L1P",
    "ml": false
  },
  "511083": {
    "i": "511083",
    "r": "ES-TLQ",
    "it": "L39",
    "y": null,
    "m": null,
    "mo": "",
    "o": null,
    "st": "L1J",
    "ml": false
  },
  "51113c": {
    "i": "51113c",
    "r": "ES-NTA",
    "it": "AT45",
    "y": null,
    "m": null,
    "mo": "Avions de Transport Regional ATR 42 500",
    "o": null,
    "st": "L2T",
    "ml": false
  },
  "512031": {
    "i": "512031",
    "r": "Z3-DAJ",
    "it": "P28R",
    "y": null,
    "m": null,
    "mo": "",
    "o": null,
    "st": "L1P",
    "ml": false
  },
  "51104d": {
    "i": "51104d",
    "r": "ES-PCO",
    "it": "C172",
    "y": null,
    "m": null,
    "mo": "",
    "o": null,
    "st": "L1P",
    "ml": false
  },
  "5110b6": {
    "i": "5110b6",
    "r": "ES-YLN",
    "it": "L39",
    "y": null,
    "m": null,
    "mo": "Aero Vodochody L-39 C",
    "o": null,
    "st": "L1J",
    "ml": false
  },
  "51202f": {
    "i": "51202f",
    "r": "Z3-DAK",
    "it": "P68",
    "y": null,
    "m": null,
    "mo": "",
    "o": null,
    "st": "L2P",
    "ml": false
  },
  "51009b": {
    "i": "51009b",
    "r": "EW-456PA",
    "it": "B738",
    "y": null,
    "m": null,
    "mo": "Boeing 737-800",
    "o": null,
    "st": "L2J",
    "ml": false
  },
  "511041": {
    "i": "511041",
    "r": "ES-TLF",
    "it": "L39",
    "y": null,
    "m": null,
    "mo": "Aero Vodochody L-39 C",
    "o": null,
    "st": "L1J",
    "ml": false
  },
  "5110d5": {
    "i": "5110d5",
    "r": "ES-SAO",
    "it": "A320",
    "y": null,
    "m": null,
    "mo": "Airbus A320-214",
    "o": null,
    "st": "L2J",
    "ml": false
  },
  "51113b": {
    "i": "51113b",
    "r": "ES-AUR",
    "it": "EC35",
    "y": null,
    "m": null,
    "mo": "",
    "o": null,
    "st": "H2T",
    "ml": false
  },
  "511170": {
    "i": "511170",
    "r": "ES-MBA",
    "it": "A20N",
    "y": null,
    "m": null,
    "mo": "",
    "o": null,
    "st": "L2J",
    "ml": false
  },
  "513f17": {
    "i": "513f17",
    "r": "LY-BPD",
    "it": "B735",
    "y": null,
    "m": null,
    "mo": "",
    "o": null,
    "st": "L2J",
    "ml": false
  },
  "515135": {
    "i": "515135",
    "r": "EY-309",
    "it": "B733",
    "y": null,
    "m": null,
    "mo": "",
    "o": null,
    "st": "L2J",
    "ml": false
  },
  "51513b": {
    "i": "51513b",
    "r": "EY-315",
    "it": "FA7X",
    "y": null,
    "m": null,
    "mo": "",
    "o": null,
    "st": "L3J",
    "ml": false
  },
  "5110ab": {
    "i": "5110ab",
    "r": "ES-PJD",
    "it": "JS31",
    "y": null,
    "m": null,
    "mo": "British Aerospace Jetstream 31-12",
    "o": null,
    "st": "L2T",
    "ml": false
  },
  "5110cd": {
    "i": "5110cd",
    "r": "ES-HOG",
    "it": "EC30",
    "y": null,
    "m": null,
    "mo": "Eurocopter EC.130-T2",
    "o": null,
    "st": "H1T",
    "ml": false
  },
  "5110ef": {
    "i": "5110ef",
    "r": "ES-NSA",
    "it": "SF34",
    "y": null,
    "m": null,
    "mo": "Saab 340-B",
    "o": null,
    "st": "L2T",
    "ml": false
  },
  "511149": {
    "i": "511149",
    "r": "ES-RZM",
    "it": "EXNG",
    "y": null,
    "m": null,
    "mo": "",
    "o": null,
    "st": "L1P",
    "ml": false
  },
  "513026": {
    "i": "513026",
    "r": "E7-DDB",
    "it": "C182",
    "y": null,
    "m": null,
    "mo": "",
    "o": null,
    "st": "L1P",
    "ml": false
  },
  "51302a": {
    "i": "51302a",
    "r": "E7-MUP",
    "it": "ANST",
    "y": null,
    "m": null,
    "mo": "",
    "o": null,
    "st": "H2T",
    "ml": false
  },
  "51404c": {
    "i": "51404c",
    "r": "4L-TGN",
    "it": "B737",
    "y": null,
    "m": null,
    "mo": "737NG 7BK/W",
    "o": null,
    "st": "L2J",
    "ml": false
  },
  "516098": {
    "i": "516098",
    "r": "4O-AOC",
    "it": "E195",
    "y": null,
    "m": null,
    "mo": "Embraer Emb-195-200LR",
    "o": null,
    "st": "L2J",
    "ml": false
  },
  "51001c": {
    "i": "51001c",
    "r": "EW-78843",
    "it": "IL76",
    "y": null,
    "m": null,
    "mo": "Ilyushin IL-76 MD",
    "o": null,
    "st": "L4J",
    "ml": false
  },
  "51004e": {
    "i": "51004e",
    "r": "EW-290PA",
    "it": "B735",
    "y": null,
    "m": null,
    "mo": "Boeing 737-5Q8",
    "o": null,
    "st": "L2J",
    "ml": false
  },
  "5103ee": {
    "i": "5103ee",
    "r": "EW-553LL",
    "it": "C77R",
    "y": null,
    "m": null,
    "mo": "",
    "o": null,
    "st": "L1P",
    "ml": false
  },
  "5110d0": {
    "i": "5110d0",
    "r": "ES-UBD",
    "it": "",
    "y": null,
    "m": null,
    "mo": "",
    "o": null,
    "st": null,
    "ml": false
  },
  "5110f1": {
    "i": "5110f1",
    "r": "ES-PAL",
    "it": "P180",
    "y": null,
    "m": null,
    "mo": "Piaggio P-180 Avanti",
    "o": null,
    "st": "L2T",
    "ml": false
  },
  "511172": {
    "i": "511172",
    "r": "ES-MBC",
    "it": "A20N",
    "y": null,
    "m": null,
    "mo": "",
    "o": null,
    "st": "L2J",
    "ml": false
  },
  "512028": {
    "i": "512028",
    "r": "Z3-BGT",
    "it": "AT8T",
    "y": null,
    "m": null,
    "mo": "",
    "o": null,
    "st": "L1T",
    "ml": false
  },
  "512030": {
    "i": "512030",
    "r": "Z3-DAM",
    "it": "P68",
    "y": null,
    "m": null,
    "mo": "",
    "o": null,
    "st": "L2P",
    "ml": false
  },
  "513030": {
    "i": "513030",
    "r": "E7-NEL",
    "it": "SF34",
    "y": null,
    "m": null,
    "mo": "",
    "o": null,
    "st": "L2T",
    "ml": false
  },
  "510075": {
    "i": "510075",
    "r": "EW-358LL",
    "it": "DA40",
    "y": null,
    "m": null,
    "mo": "Diamond Aircraft Diamond Star DA40 NG",
    "o": null,
    "st": "L1P",
    "ml": false
  },
  "51007f": {
    "i": "51007f",
    "r": "EW-399PO",
    "it": "E195",
    "y": null,
    "m": null,
    "mo": "Embraer Emb-195-200LR",
    "o": null,
    "st": "L2J",
    "ml": false
  },
  "511056": {
    "i": "511056",
    "r": "ES-TLH",
    "it": "L39",
    "y": null,
    "m": null,
    "mo": "Aero Vodochody L-39 C",
    "o": null,
    "st": "L1J",
    "ml": false
  },
  "5110db": {
    "i": "5110db",
    "r": "ES-TOP",
    "it": "R44",
    "y": null,
    "m": null,
    "mo": "Robinson R44",
    "o": null,
    "st": "H1P",
    "ml": false
  },
  "5110e3": {
    "i": "5110e3",
    "r": "ES-KLT",
    "it": "P180",
    "y": null,
    "m": null,
    "mo": "Piaggio P-180 Avanti",
    "o": null,
    "st": "L2T",
    "ml": false
  },
  "5110e7": {
    "i": "5110e7",
    "r": "ES-ATC",
    "it": "AT76",
    "y": null,
    "m": null,
    "mo": "Atr ATR 72-600",
    "o": null,
    "st": "L2T",
    "ml": false
  },
  "5110eb": {
    "i": "5110eb",
    "r": "ES-TGU",
    "it": "L39",
    "y": null,
    "m": null,
    "mo": "Aero L-39 Albatros",
    "o": null,
    "st": "L1J",
    "ml": true
  },
  "51110b": {
    "i": "51110b",
    "r": "ES-ATI",
    "it": "AT76",
    "y": null,
    "m": null,
    "mo": "Atr ATR 72-600",
    "o": null,
    "st": "L2T",
    "ml": false
  },
  "511131": {
    "i": "511131",
    "r": "ES-NSF",
    "it": "SB20",
    "y": null,
    "m": null,
    "mo": "SAAB-Scania 2000",
    "o": null,
    "st": "L2T",
    "ml": false
  },
  "511141": {
    "i": "511141",
    "r": "ES-ETI",
    "it": "RV10",
    "y": null,
    "m": null,
    "mo": "",
    "o": null,
    "st": "L1P",
    "ml": false
  },
  "511142": {
    "i": "511142",
    "r": "ES-TWN",
    "it": "DA62",
    "y": null,
    "m": null,
    "mo": "",
    "o": null,
    "st": "L2P",
    "ml": false
  },
  "51202c": {
    "i": "51202c",
    "r": "Z3-DAO",
    "it": "P28S",
    "y": null,
    "m": null,
    "mo": "",
    "o": null,
    "st": "L1P",
    "ml": false
  },
  "51302e": {
    "i": "51302e",
    "r": "E7-SAJ",
    "it": "ANST",
    "y": null,
    "m": null,
    "mo": "",
    "o": null,
    "st": "H2T",
    "ml": false
  },
  "5140b0": {
    "i": "5140b0",
    "r": "4L-TIG",
    "it": "B738",
    "y": null,
    "m": null,
    "mo": "Boeing 737NG 804/W",
    "o": null,
    "st": "L2J",
    "ml": false
  },
  "5152ef": {
    "i": "5152ef",
    "r": "EY-751",
    "it": "B752",
    "y": null,
    "m": null,
    "mo": "",
    "o": null,
    "st": "L2J",
    "ml": false
  },
  "516038": {
    "i": "516038",
    "r": "4O-VUK",
    "it": "C172",
    "y": null,
    "m": null,
    "mo": "Cessna 172N Skyhawk",
    "o": null,
    "st": "L1P",
    "ml": false
  },
  "5100ad": {
    "i": "5100ad",
    "r": "EWX058P",
    "it": "DRON",
    "y": null,
    "m": null,
    "mo": "UAVOS ApusDuo HAPS",
    "o": null,
    "st": "D0-",
    "ml": false
  },
  "5100e3": {
    "i": "5100e3",
    "r": "EW-493LL",
    "it": "DA40",
    "y": null,
    "m": null,
    "mo": "Diamond DA40 Star",
    "o": null,
    "st": "L1P",
    "ml": false
  },
  "5110a5": {
    "i": "5110a5",
    "r": "ES-LSB",
    "it": "SF34",
    "y": null,
    "m": null,
    "mo": "Saab 340-AF",
    "o": null,
    "st": "L2T",
    "ml": false
  },
  "5110d2": {
    "i": "5110d2",
    "r": "ES-ACI",
    "it": "CRJ9",
    "y": null,
    "m": null,
    "mo": "Canadair Regional-Jet-900",
    "o": null,
    "st": "L2J",
    "ml": false
  },
  "514089": {
    "i": "514089",
    "r": "4L-GEO",
    "it": "B742",
    "y": null,
    "m": null,
    "mo": "Boeing 747 236BF",
    "o": null,
    "st": "L4J",
    "ml": false
  },
  "5140c1": {
    "i": "5140c1",
    "r": "4L-GID",
    "it": "B738",
    "y": null,
    "m": null,
    "mo": "",
    "o": null,
    "st": "L2J",
    "ml": false
  },
  "516095": {
    "i": "516095",
    "r": "4O-AOT",
    "it": "F100",
    "y": null,
    "m": null,
    "mo": "Fokker F100",
    "o": null,
    "st": "L2J",
    "ml": false
  },
  "51004d": {
    "i": "51004d",
    "r": "EW-355EH",
    "it": "AS50",
    "y": null,
    "m": null,
    "mo": "Airbus Helicopters H125",
    "o": null,
    "st": "H1T",
    "ml": false
  },
  "510077": {
    "i": "510077",
    "r": "EW-366PA",
    "it": "B733",
    "y": null,
    "m": null,
    "mo": "Boeing 737-31S",
    "o": null,
    "st": "L2J",
    "ml": false
  },
  "511065": {
    "i": "511065",
    "r": "ES-ACC",
    "it": "CRJ9",
    "y": null,
    "m": null,
    "mo": "Canadair Regional-Jet-900",
    "o": null,
    "st": "L2J",
    "ml": false
  },
  "51116d": {
    "i": "51116d",
    "r": "ES-NSN",
    "it": "SF34",
    "y": null,
    "m": null,
    "mo": "Saab 340-AF",
    "o": null,
    "st": "L2T",
    "ml": false
  },
  "51118a": {
    "i": "51118a",
    "r": "ES-MBG",
    "it": "A20N",
    "y": null,
    "m": null,
    "mo": "",
    "o": null,
    "st": "L2J",
    "ml": false
  },
  "513018": {
    "i": "513018",
    "r": "E7-AAL",
    "it": "C172",
    "y": null,
    "m": null,
    "mo": "Reims/Cessna F172M",
    "o": null,
    "st": "L1P",
    "ml": false
  },
  "5140a4": {
    "i": "5140a4",
    "r": "4L-SAR",
    "it": "AS50",
    "y": null,
    "m": null,
    "mo": "Airbus Helicopters Squirrel AS.350 B3e (H125)",
    "o": null,
    "st": "H1T",
    "ml": false
  },
  "5140af": {
    "i": "5140af",
    "r": "4L-EFC",
    "it": "A30B",
    "y": null,
    "m": null,
    "mo": "Airbus A300-B4-203F",
    "o": null,
    "st": "L2J",
    "ml": false
  },
  "5100fb": {
    "i": "5100fb",
    "r": "EW-513PO",
    "it": "E195",
    "y": null,
    "m": null,
    "mo": "Embraer Emb-195-200LR",
    "o": null,
    "st": "L2J",
    "ml": false
  },
  "510111": {
    "i": "510111",
    "r": "EW-490LL",
    "it": "C182",
    "y": null,
    "m": null,
    "mo": "Cessna 182T Skylane",
    "o": null,
    "st": "L1P",
    "ml": false
  },
  "5110ca": {
    "i": "5110ca",
    "r": "ES-ACG",
    "it": "CRJ9",
    "y": null,
    "m": null,
    "mo": "Canadair Regional-Jet-900",
    "o": null,
    "st": "L2J",
    "ml": false
  },
  "5110f6": {
    "i": "5110f6",
    "r": "ES-XYB",
    "it": "L29",
    "y": null,
    "m": null,
    "mo": "Aero Vodochody L-29 Delfin",
    "o": null,
    "st": "L1J",
    "ml": false
  },
  "511158": {
    "i": "511158",
    "r": "ES-SAA",
    "it": "A320",
    "y": null,
    "m": null,
    "mo": "Airbus A320-214",
    "o": null,
    "st": "L2J",
    "ml": false
  },
  "511173": {
    "i": "511173",
    "r": "ES-NTC",
    "it": "AT75",
    "y": null,
    "m": null,
    "mo": "",
    "o": null,
    "st": "L2T",
    "ml": false
  },
  "51301a": {
    "i": "51301a",
    "r": "E7-MEL",
    "it": "L410",
    "y": null,
    "m": null,
    "mo": "Let L-410-UVP-E8A",
    "o": null,
    "st": "L2T",
    "ml": false
  },
  "516204": {
    "i": "516204",
    "r": "XHB032",
    "it": "B412",
    "y": null,
    "m": null,
    "mo": "",
    "o": null,
    "st": "H2T",
    "ml": true
  },
  "516205": {
    "i": "516205",
    "r": "65326",
    "it": "B505",
    "y": null,
    "m": null,
    "mo": "",
    "o": null,
    "st": "H1T",
    "ml": true
  },
  "5110c7": {
    "i": "5110c7",
    "r": "ES-LSG",
    "it": "SF34",
    "y": null,
    "m": null,
    "mo": "SAAB Fairchild 340 A",
    "o": null,
    "st": "L2T",
    "ml": false
  },
  "5110e8": {
    "i": "5110e8",
    "r": "ES-ATD",
    "it": "AT76",
    "y": null,
    "m": null,
    "mo": "Atr ATR 72-600",
    "o": null,
    "st": "L2T",
    "ml": false
  },
  "5110fa": {
    "i": "5110fa",
    "r": "ES-PKY",
    "it": "B350",
    "y": null,
    "m": null,
    "mo": "Beech King Air 350",
    "o": null,
    "st": "L2T",
    "ml": false
  },
  "5110fe": {
    "i": "5110fe",
    "r": "ES-SAU",
    "it": "A320",
    "y": null,
    "m": null,
    "mo": "Airbus A320 214",
    "o": null,
    "st": "L2J",
    "ml": false
  },
  "511132": {
    "i": "511132",
    "r": "ES-NYH",
    "it": "SB20",
    "y": null,
    "m": null,
    "mo": "Saab 2000",
    "o": null,
    "st": "L2T",
    "ml": false
  },
  "511168": {
    "i": "511168",
    "r": "ES-ATK",
    "it": "AT76",
    "y": null,
    "m": null,
    "mo": "",
    "o": null,
    "st": "L2T",
    "ml": false
  },
  "513029": {
    "i": "513029",
    "r": "E7-AAN",
    "it": "C172",
    "y": null,
    "m": null,
    "mo": "",
    "o": null,
    "st": "L1P",
    "ml": false
  },
  "517206": {
    "i": "517206",
    "r": "EY-706",
    "it": "A310",
    "y": null,
    "m": null,
    "mo": "",
    "o": null,
    "st": "L2J",
    "ml": false
  },
  "5100a0": {
    "i": "5100a0",
    "r": "EW-466TH",
    "it": "IL76",
    "y": null,
    "m": null,
    "mo": "Ilyushin IL-76-MD",
    "o": null,
    "st": "L4J",
    "ml": false
  },
  "510172": {
    "i": "510172",
    "r": "EW-434TH",
    "it": "IL76",
    "y": null,
    "m": null,
    "mo": "",
    "o": null,
    "st": "L4J",
    "ml": false
  },
  "51100d": {
    "i": "51100d",
    "r": "ES-NOI",
    "it": "AN72",
    "y": null,
    "m": null,
    "mo": "",
    "o": null,
    "st": "L2J",
    "ml": false
  },
  "51112e": {
    "i": "51112e",
    "r": "ES-NSE",
    "it": "SB20",
    "y": null,
    "m": null,
    "mo": "SAAB-Scania 2000",
    "o": null,
    "st": "L2T",
    "ml": false
  },
  "511164": {
    "i": "511164",
    "r": "ES-HRX",
    "it": "R44",
    "y": null,
    "m": null,
    "mo": "",
    "o": null,
    "st": "H1P",
    "ml": false
  },
  "511169": {
    "i": "511169",
    "r": "ES-ATL",
    "it": "AT76",
    "y": null,
    "m": null,
    "mo": "Avions de Transport Regional ATR 72 600",
    "o": null,
    "st": "L2T",
    "ml": false
  },
  "51116f": {
    "i": "51116f",
    "r": "ES-MBU",
    "it": "A20N",
    "y": null,
    "m": null,
    "mo": "",
    "o": null,
    "st": "L2J",
    "ml": false
  },
  "5113fb": {
    "i": "5113fb",
    "r": "TWR",
    "it": "TWR",
    "y": null,
    "m": null,
    "mo": "",
    "o": null,
    "st": "T0-",
    "ml": false
  },
  "5140d7": {
    "i": "5140d7",
    "r": "4L-GES",
    "it": "B763",
    "y": null,
    "m": null,
    "mo": "",
    "o": null,
    "st": "L2J",
    "ml": false
  },
  "51000d": {
    "i": "51000d",
    "r": "EW-78799",
    "it": "IL76",
    "y": null,
    "m": null,
    "mo": "Ilyushin IL-76 TD",
    "o": null,
    "st": "L4J",
    "ml": false
  },
  "51009c": {
    "i": "51009c",
    "r": "EW-457PA",
    "it": "B738",
    "y": null,
    "m": null,
    "mo": "Boeing 737-800",
    "o": null,
    "st": "L2J",
    "ml": false
  },
  "511093": {
    "i": "511093",
    "r": "ES-HRG",
    "it": "R44",
    "y": null,
    "m": null,
    "mo": "Robinson R44 Raven",
    "o": null,
    "st": "H1P",
    "ml": false
  },
  "51117d": {
    "i": "51117d",
    "r": "ES-CHE",
    "it": "HDJT",
    "y": null,
    "m": null,
    "mo": "",
    "o": null,
    "st": "L2J",
    "ml": false
  },
  "5140a6": {
    "i": "5140a6",
    "r": "4L-GEN",
    "it": "B742",
    "y": null,
    "m": null,
    "mo": "Boeing 747-236BF",
    "o": null,
    "st": "L4J",
    "ml": false
  },
  "510018": {
    "i": "510018",
    "r": "EW-85741",
    "it": "T154",
    "y": null,
    "m": null,
    "mo": "",
    "o": null,
    "st": "L3J",
    "ml": false
  },
  "5100fa": {
    "i": "5100fa",
    "r": "EW-512PO",
    "it": "E170",
    "y": null,
    "m": null,
    "mo": "Embraer Emb-175-200LR",
    "o": null,
    "st": "L2J",
    "ml": false
  },
  "5100fe": {
    "i": "5100fe",
    "r": "EW-510TH",
    "it": "IL76",
    "y": null,
    "m": null,
    "mo": "Ilyushin IL-76 TD",
    "o": null,
    "st": "L4J",
    "ml": false
  },
  "51104c": {
    "i": "51104c",
    "r": "ES-PWB",
    "it": "A139",
    "y": null,
    "m": null,
    "mo": "AgustaWestland 139",
    "o": null,
    "st": "H2T",
    "ml": false
  },
  "511052": {
    "i": "511052",
    "r": "ES-ECG",
    "it": "C172",
    "y": null,
    "m": null,
    "mo": "",
    "o": null,
    "st": "L1P",
    "ml": false
  },
  "5110ba": {
    "i": "5110ba",
    "r": "ES-LSD",
    "it": "SF34",
    "y": null,
    "m": null,
    "mo": "SAAB Fairchild 340 A",
    "o": null,
    "st": "L2T",
    "ml": false
  },
  "5110be": {
    "i": "5110be",
    "r": "ES-SAK",
    "it": "A320",
    "y": null,
    "m": null,
    "mo": "Airbus A320-214",
    "o": null,
    "st": "L2J",
    "ml": false
  },
  "51110c": {
    "i": "51110c",
    "r": "ES-ATJ",
    "it": "AT76",
    "y": null,
    "m": null,
    "mo": "Avions de Transport Regional ATR 72 600",
    "o": null,
    "st": "L2T",
    "ml": false
  },
  "51114b": {
    "i": "51114b",
    "r": "ES-ARM",
    "it": "R44",
    "y": null,
    "m": null,
    "mo": "",
    "o": null,
    "st": "H1P",
    "ml": false
  },
  "514055": {
    "i": "514055",
    "r": "4L-TGF",
    "it": "B733",
    "y": null,
    "m": null,
    "mo": "",
    "o": null,
    "st": "L2J",
    "ml": false
  },
  "514092": {
    "i": "514092",
    "r": "4L-MWA",
    "it": "B738",
    "y": null,
    "m": null,
    "mo": "Boeing 737-8AL",
    "o": null,
    "st": "L2J",
    "ml": false
  },
  "5140d2": {
    "i": "5140d2",
    "r": "4L-MWB",
    "it": "B772",
    "y": null,
    "m": null,
    "mo": "",
    "o": null,
    "st": "L2J",
    "ml": false
  },
  "511048": {
    "i": "511048",
    "r": "ES-YLP",
    "it": "L39",
    "y": null,
    "m": null,
    "mo": "Aero Vodochody L-39 C",
    "o": null,
    "st": "L1J",
    "ml": false
  },
  "51115a": {
    "i": "51115a",
    "r": "ES-NSK",
    "it": "SF34",
    "y": null,
    "m": null,
    "mo": "",
    "o": null,
    "st": "L2T",
    "ml": false
  },
  "5113fa": {
    "i": "5113fa",
    "r": "TWR",
    "it": "TWR",
    "y": null,
    "m": null,
    "mo": "",
    "o": null,
    "st": "T0-",
    "ml": false
  },
  "512035": {
    "i": "512035",
    "r": "Z3-DAR",
    "it": "BE36",
    "y": null,
    "m": null,
    "mo": "",
    "o": null,
    "st": "L1P",
    "ml": false
  },
  "5140c5": {
    "i": "5140c5",
    "r": "4L-CMA",
    "it": "B738",
    "y": null,
    "m": null,
    "mo": "",
    "o": null,
    "st": "L2J",
    "ml": false
  },
  "51002a": {
    "i": "51002a",
    "r": "EW-250PA",
    "it": "B735",
    "y": null,
    "m": null,
    "mo": "Boeing 737-524",
    "o": null,
    "st": "L2J",
    "ml": false
  },
  "51003b": {
    "i": "51003b",
    "r": "EW-259TG",
    "it": "AN26",
    "y": null,
    "m": null,
    "mo": "Antonov An-26B",
    "o": null,
    "st": "L2T",
    "ml": false
  },
  "510073": {
    "i": "510073",
    "r": "EW-364TG",
    "it": "AN26",
    "y": null,
    "m": null,
    "mo": "Antonov An-26 B",
    "o": null,
    "st": "L2T",
    "ml": false
  },
  "5100e7": {
    "i": "5100e7",
    "r": "EW-004DE",
    "it": "IL76",
    "y": null,
    "m": null,
    "mo": "Ilyushin IL-76-MD",
    "o": null,
    "st": "L4J",
    "ml": true
  },
  "510136": {
    "i": "510136",
    "r": "EW-500LL",
    "it": "PC12",
    "y": null,
    "m": null,
    "mo": "Pilatus PC-XII 47E",
    "o": null,
    "st": "L1T",
    "ml": false
  },
  "511044": {
    "i": "511044",
    "r": "ES-ECF",
    "it": "C172",
    "y": null,
    "m": null,
    "mo": "Cessna 172R Skyhawk",
    "o": null,
    "st": "L1P",
    "ml": false
  },
  "511045": {
    "i": "511045",
    "r": "ES-TLG",
    "it": "L39",
    "y": null,
    "m": null,
    "mo": "Aero Vodochody L-39 C",
    "o": null,
    "st": "L1J",
    "ml": false
  },
  "51108d": {
    "i": "51108d",
    "r": "ES-PWC",
    "it": "A139",
    "y": null,
    "m": null,
    "mo": "AgustaWestland 139",
    "o": null,
    "st": "H2T",
    "ml": false
  },
  "5110bc": {
    "i": "5110bc",
    "r": "ES-TLU",
    "it": "L39",
    "y": null,
    "m": null,
    "mo": "Aero L-39 Albatros",
    "o": null,
    "st": "L1J",
    "ml": false
  },
  "5110d4": {
    "i": "5110d4",
    "r": "ES-SAP",
    "it": "A320",
    "y": null,
    "m": null,
    "mo": "Airbus A320-232",
    "o": null,
    "st": "L2J",
    "ml": false
  },
  "5110e4": {
    "i": "5110e4",
    "r": "ES-ECL",
    "it": "C152",
    "y": null,
    "m": null,
    "mo": "Cessna 152",
    "o": null,
    "st": "L1P",
    "ml": false
  },
  "5110e5": {
    "i": "5110e5",
    "r": "ES-ECX",
    "it": "C152",
    "y": null,
    "m": null,
    "mo": "Cessna 152",
    "o": null,
    "st": "L1P",
    "ml": false
  },
  "51112a": {
    "i": "51112a",
    "r": "ES-UBC",
    "it": "EV97",
    "y": null,
    "m": null,
    "mo": "",
    "o": null,
    "st": "L1P",
    "ml": false
  },
  "511162": {
    "i": "511162",
    "r": "ES-SAF",
    "it": "A320",
    "y": null,
    "m": null,
    "mo": "",
    "o": null,
    "st": "L2J",
    "ml": false
  },
  "511163": {
    "i": "511163",
    "r": "ES-SAG",
    "it": "A320",
    "y": null,
    "m": null,
    "mo": "",
    "o": null,
    "st": "L2J",
    "ml": false
  },
  "511177": {
    "i": "511177",
    "r": "ES-VAR",
    "it": "M600",
    "y": null,
    "m": null,
    "mo": "",
    "o": null,
    "st": "L1T",
    "ml": false
  },
  "51202b": {
    "i": "51202b",
    "r": "Z3-DAL",
    "it": "P28A",
    "y": null,
    "m": null,
    "mo": "",
    "o": null,
    "st": "L1P",
    "ml": false
  },
  "51301e": {
    "i": "51301e",
    "r": "E7-IMB",
    "it": "P06T",
    "y": null,
    "m": null,
    "mo": "",
    "o": null,
    "st": "L2P",
    "ml": false
  },
  "51403f": {
    "i": "51403f",
    "r": "4L-TGI",
    "it": "B735",
    "y": null,
    "m": null,
    "mo": "Boeing 737 505",
    "o": null,
    "st": "L2J",
    "ml": false
  },
  "514042": {
    "i": "514042",
    "r": "4L-ABI",
    "it": "A30B",
    "y": null,
    "m": null,
    "mo": "Airbus A300 C4-203F",
    "o": null,
    "st": "L2J",
    "ml": false
  },
  "51405c": {
    "i": "51405c",
    "r": "4L-BIC",
    "it": "A306",
    "y": null,
    "m": null,
    "mo": "Airbus A300 C4-203F",
    "o": null,
    "st": "L2J",
    "ml": false
  },
  "5140bc": {
    "i": "5140bc",
    "r": "4L-CMX",
    "it": "B738",
    "y": null,
    "m": null,
    "mo": "",
    "o": null,
    "st": "L2J",
    "ml": false
  },
  "5152f4": {
    "i": "5152f4",
    "r": "EY-756",
    "it": "B763",
    "y": null,
    "m": null,
    "mo": "Boeing 767 332",
    "o": null,
    "st": "L2J",
    "ml": false
  },
  "51003c": {
    "i": "51003c",
    "r": "EW-262TK",
    "it": "AN32",
    "y": null,
    "m": null,
    "mo": "Antonov An-32 A",
    "o": null,
    "st": "L2T",
    "ml": false
  },
  "510112": {
    "i": "510112",
    "r": "EW-001PH",
    "it": "A139",
    "y": null,
    "m": null,
    "mo": "LEONARDO AW.139",
    "o": null,
    "st": "H2T",
    "ml": false
  },
  "511033": {
    "i": "511033",
    "r": "ES-PVH",
    "it": "LJ31",
    "y": null,
    "m": null,
    "mo": "Learjet 31",
    "o": null,
    "st": "L2J",
    "ml": false
  },
  "51408c": {
    "i": "51408c",
    "r": "4L-GTI",
    "it": "B737",
    "y": null,
    "m": null,
    "mo": "",
    "o": null,
    "st": "L2J",
    "ml": false
  },
  "515138": {
    "i": "515138",
    "r": "EY-312",
    "it": "B733",
    "y": null,
    "m": null,
    "mo": "Boeing 737-3H4",
    "o": null,
    "st": "L2J",
    "ml": false
  },
  "516182": {
    "i": "516182",
    "r": "4O-HCC",
    "it": "B212",
    "y": null,
    "m": null,
    "mo": "",
    "o": null,
    "st": "H2T",
    "ml": false
  },
  "516203": {
    "i": "516203",
    "r": "XHB033",
    "it": "B412",
    "y": null,
    "m": null,
    "mo": "",
    "o": null,
    "st": "H2T",
    "ml": true
  },
  "510074": {
    "i": "510074",
    "r": "EW-357LL",
    "it": "DA40",
    "y": null,
    "m": null,
    "mo": "Diamond DA 40-NG",
    "o": null,
    "st": "L1P",
    "ml": false
  },
  "5100c3": {
    "i": "5100c3",
    "r": "EW-465TQ",
    "it": "B743",
    "y": null,
    "m": null,
    "mo": "Boeing 747-329F",
    "o": null,
    "st": "L4J",
    "ml": false
  },
  "511110": {
    "i": "511110",
    "r": "ES-ACN",
    "it": "CRJ9",
    "y": null,
    "m": null,
    "mo": "Bombardier CRJ 900 ER NG",
    "o": null,
    "st": "L2J",
    "ml": false
  },
  "51115e": {
    "i": "51115e",
    "r": "ES-GER",
    "it": "DA62",
    "y": null,
    "m": null,
    "mo": "",
    "o": null,
    "st": "L2P",
    "ml": false
  },
  "51408e": {
    "i": "51408e",
    "r": "4L-SIA",
    "it": "B722",
    "y": null,
    "m": null,
    "mo": "Boeing 727 225F",
    "o": null,
    "st": "L3J",
    "ml": false
  },
  "5140cd": {
    "i": "5140cd",
    "r": "4L-UKA",
    "it": "B733",
    "y": null,
    "m": null,
    "mo": "",
    "o": null,
    "st": "L2J",
    "ml": false
  },
  "51513a": {
    "i": "51513a",
    "r": "EY-314",
    "it": "A320",
    "y": null,
    "m": null,
    "mo": "Airbus A320-231",
    "o": null,
    "st": "L2J",
    "ml": false
  },
  "516091": {
    "i": "516091",
    "r": "4O-AOA",
    "it": "E195",
    "y": null,
    "m": null,
    "mo": "Embraer Emb-195-200LR",
    "o": null,
    "st": "L2J",
    "ml": false
  },
  "5103ff": {
    "i": "5103ff",
    "r": "EW-540LL",
    "it": "C182",
    "y": null,
    "m": null,
    "mo": "",
    "o": null,
    "st": "L1P",
    "ml": false
  },
  "5100eb": {
    "i": "5100eb",
    "r": "EW-499SL",
    "it": "SD4",
    "y": null,
    "m": null,
    "mo": "Tomark Aero SD-4 Viper",
    "o": null,
    "st": "L1P",
    "ml": false
  },
  "51014d": {
    "i": "51014d",
    "r": "EW-536SL",
    "it": "EVSS",
    "y": null,
    "m": null,
    "mo": "",
    "o": null,
    "st": "L1P",
    "ml": false
  },
  "510150": {
    "i": "510150",
    "r": "EW-564TR",
    "it": "IL62",
    "y": null,
    "m": null,
    "mo": "",
    "o": null,
    "st": "L4J",
    "ml": false
  },
  "5110c1": {
    "i": "5110c1",
    "r": "ES-HPK",
    "it": "R22",
    "y": null,
    "m": null,
    "mo": "Robinson R22 Beta",
    "o": null,
    "st": "H1P",
    "ml": false
  },
  "511138": {
    "i": "511138",
    "r": "ES-ESP",
    "it": "SLG2",
    "y": null,
    "m": null,
    "mo": "",
    "o": null,
    "st": "L1P",
    "ml": false
  },
  "511153": {
    "i": "511153",
    "r": "ES-SAY",
    "it": "A320",
    "y": null,
    "m": null,
    "mo": "",
    "o": null,
    "st": "L2J",
    "ml": false
  },
  "511189": {
    "i": "511189",
    "r": "ES-MBF",
    "it": "A20N",
    "y": null,
    "m": null,
    "mo": "",
    "o": null,
    "st": "L2J",
    "ml": false
  },
  "5140c3": {
    "i": "5140c3",
    "r": "4L-GCG",
    "it": "AS50",
    "y": null,
    "m": null,
    "mo": "",
    "o": null,
    "st": "H1T",
    "ml": false
  },
  "5140cc": {
    "i": "5140cc",
    "r": "4L-UCK",
    "it": "A306",
    "y": null,
    "m": null,
    "mo": "Airbus A300-B4-605RF",
    "o": null,
    "st": "L2J",
    "ml": false
  },
  "5140db": {
    "i": "5140db",
    "r": "4L-GTL",
    "it": "B739",
    "y": null,
    "m": null,
    "mo": "Boeing 737-9KV(ER)",
    "o": null,
    "st": "L2J",
    "ml": false
  },
  "51522b": {
    "i": "51522b",
    "r": "EY-555",
    "it": "B733",
    "y": null,
    "m": null,
    "mo": "Boeing 737-3Y5",
    "o": null,
    "st": "L2J",
    "ml": false
  },
  "516206": {
    "i": "516206",
    "r": "XHB318",
    "it": "B505",
    "y": null,
    "m": null,
    "mo": "",
    "o": null,
    "st": "H1T",
    "ml": true
  },
  "51011c": {
    "i": "51011c",
    "r": "EW-535SL",
    "it": "EVSS",
    "y": null,
    "m": null,
    "mo": "Evektor-Aerotechnik SportStar RTC",
    "o": null,
    "st": "L1P",
    "ml": false
  },
  "511066": {
    "i": "511066",
    "r": "ES-ACD",
    "it": "CRJ9",
    "y": null,
    "m": null,
    "mo": "Bombardier CRJ 900 LR NG",
    "o": null,
    "st": "L2J",
    "ml": false
  },
  "5110ed": {
    "i": "5110ed",
    "r": "ES-ACL",
    "it": "CRJ9",
    "y": null,
    "m": null,
    "mo": "Bombardier CRJ 900 ER",
    "o": null,
    "st": "L2J",
    "ml": false
  },
  "5110fc": {
    "i": "5110fc",
    "r": "ES-NSC",
    "it": "SF34",
    "y": null,
    "m": null,
    "mo": "",
    "o": null,
    "st": "L2T",
    "ml": false
  },
  "5140a2": {
    "i": "5140a2",
    "r": "4L-ESA",
    "it": "E120",
    "y": null,
    "m": null,
    "mo": "EMB-120 ER",
    "o": null,
    "st": "L2T",
    "ml": false
  },
  "5140c6": {
    "i": "5140c6",
    "r": "4L-GIT",
    "it": "B763",
    "y": null,
    "m": null,
    "mo": "",
    "o": null,
    "st": "L2J",
    "ml": false
  },
  "5153ad": {
    "i": "5153ad",
    "r": "TWR",
    "it": "TWR",
    "y": null,
    "m": null,
    "mo": "",
    "o": null,
    "st": "T0-",
    "ml": false
  },
  "510043": {
    "i": "510043",
    "r": "EW-254PA",
    "it": "B733",
    "y": null,
    "m": null,
    "mo": "Boeing 737-3Q8",
    "o": null,
    "st": "L2J",
    "ml": false
  },
  "5100fc": {
    "i": "5100fc",
    "r": "EW-514PO",
    "it": "E195",
    "y": null,
    "m": null,
    "mo": "Embraer Emb-195-200LR",
    "o": null,
    "st": "L2J",
    "ml": false
  },
  "511081": {
    "i": "511081",
    "r": "RA-1909G",
    "it": "L39",
    "y": null,
    "m": null,
    "mo": "Aero L-39C",
    "o": null,
    "st": "L1J",
    "ml": false
  },
  "51109f": {
    "i": "51109f",
    "r": "ES-VPM",
    "it": "P28A",
    "y": null,
    "m": null,
    "mo": "Piper PA-28-180",
    "o": null,
    "st": "L1P",
    "ml": false
  },
  "5110c8": {
    "i": "5110c8",
    "r": "ES-LSH",
    "it": "SF34",
    "y": null,
    "m": null,
    "mo": "Saab 340-AF",
    "o": null,
    "st": "L2T",
    "ml": false
  },
  "511108": {
    "i": "511108",
    "r": "ES-NSD",
    "it": "SF34",
    "y": null,
    "m": null,
    "mo": "Saab 340-B",
    "o": null,
    "st": "L2T",
    "ml": false
  },
  "511139": {
    "i": "511139",
    "r": "ES-ESR",
    "it": "SLG2",
    "y": null,
    "m": null,
    "mo": "",
    "o": null,
    "st": "L1P",
    "ml": false
  },
  "511150": {
    "i": "511150",
    "r": "ES-DON",
    "it": "BT36",
    "y": null,
    "m": null,
    "mo": "",
    "o": null,
    "st": "L1P",
    "ml": false
  },
  "5140b4": {
    "i": "5140b4",
    "r": "4L-MWC",
    "it": "B737",
    "y": null,
    "m": null,
    "mo": "Boeing 737-75C(BDSF)",
    "o": null,
    "st": "L2J",
    "ml": false
  },
  "51113f": {
    "i": "51113f",
    "r": "ES-NTB",
    "it": "AT45",
    "y": null,
    "m": null,
    "mo": "",
    "o": null,
    "st": "L2T",
    "ml": false
  },
  "510041": {
    "i": "510041",
    "r": "EW-252PA",
    "it": "B735",
    "y": null,
    "m": null,
    "mo": "",
    "o": null,
    "st": "L2J",
    "ml": false
  },
  "5100c2": {
    "i": "5100c2",
    "r": "EW-005DE",
    "it": "IL76",
    "y": null,
    "m": null,
    "mo": "Ilyushin IL-76-MD",
    "o": null,
    "st": "L4J",
    "ml": true
  },
  "511022": {
    "i": "511022",
    "r": "ES-EPA",
    "it": "PA31",
    "y": null,
    "m": null,
    "mo": "Piper PA-31-310 Navajo C",
    "o": null,
    "st": "L2P",
    "ml": false
  },
  "511035": {
    "i": "511035",
    "r": "ES-YLX",
    "it": "L39",
    "y": null,
    "m": null,
    "mo": "Aero Vodochody L-39 C",
    "o": null,
    "st": "L1J",
    "ml": false
  },
  "5110a0": {
    "i": "5110a0",
    "r": "ES-TLS",
    "it": "L39",
    "y": null,
    "m": null,
    "mo": "Aero Vodochody L-39 C",
    "o": null,
    "st": "L1J",
    "ml": false
  },
  "5110e2": {
    "i": "5110e2",
    "r": "ES-ACK",
    "it": "CRJ9",
    "y": null,
    "m": null,
    "mo": "Canadair Regional-Jet-900",
    "o": null,
    "st": "L2J",
    "ml": false
  },
  "511147": {
    "i": "511147",
    "r": "ES-NSI",
    "it": "SB20",
    "y": null,
    "m": null,
    "mo": "Saab 2000",
    "o": null,
    "st": "L2T",
    "ml": false
  },
  "5140b8": {
    "i": "5140b8",
    "r": "4L-IGT",
    "it": "B738",
    "y": null,
    "m": null,
    "mo": "",
    "o": null,
    "st": "L2J",
    "ml": false
  },
  "5140c0": {
    "i": "5140c0",
    "r": "4L-GRA",
    "it": "B733",
    "y": null,
    "m": null,
    "mo": "",
    "o": null,
    "st": "L2J",
    "ml": false
  },
  "515231": {
    "i": "515231",
    "r": "EY-561",
    "it": "B733",
    "y": null,
    "m": null,
    "mo": "Boeing 737 301",
    "o": null,
    "st": "L2J",
    "ml": false
  },
  "515313": {
    "i": "515313",
    "r": "EY-787",
    "it": "B738",
    "y": null,
    "m": null,
    "mo": "Boeing 737-8GJ",
    "o": null,
    "st": "L2J",
    "ml": false
  },
  "51005a": {
    "i": "51005a",
    "r": "EW-303PJ",
    "it": "CRJ2",
    "y": null,
    "m": null,
    "mo": "Bombardier CRJ 200LR",
    "o": null,
    "st": "L2J",
    "ml": false
  },
  "510082": {
    "i": "510082",
    "r": "EW-404PA",
    "it": "B733",
    "y": null,
    "m": null,
    "mo": "Boeing 737 3L9",
    "o": null,
    "st": "L2J",
    "ml": false
  },
  "511063": {
    "i": "511063",
    "r": "ES-PHR",
    "it": "H25B",
    "y": null,
    "m": null,
    "mo": "British Aerospace 125-750",
    "o": null,
    "st": "L2J",
    "ml": false
  },
  "511099": {
    "i": "511099",
    "r": "ES-AEC",
    "it": "E170",
    "y": null,
    "m": null,
    "mo": "EMB-170 STD",
    "o": null,
    "st": "L2J",
    "ml": false
  },
  "51109e": {
    "i": "51109e",
    "r": "ES-FSR",
    "it": "SR22",
    "y": null,
    "m": null,
    "mo": "Cirrus Design SR22",
    "o": null,
    "st": "L1P",
    "ml": false
  },
  "5110f7": {
    "i": "5110f7",
    "r": "ES-ZGI",
    "it": "A320",
    "y": null,
    "m": null,
    "mo": "Airbus A320 214",
    "o": null,
    "st": "L2J",
    "ml": false
  },
  "5110fd": {
    "i": "5110fd",
    "r": "ES-SAT",
    "it": "A320",
    "y": null,
    "m": null,
    "mo": "Airbus A320-214",
    "o": null,
    "st": "L2J",
    "ml": false
  },
  "511151": {
    "i": "511151",
    "r": "ES-EPG",
    "it": "PA46",
    "y": null,
    "m": null,
    "mo": "",
    "o": null,
    "st": "L1P",
    "ml": false
  },
  "511159": {
    "i": "511159",
    "r": "ES-SAB",
    "it": "A320",
    "y": null,
    "m": null,
    "mo": "",
    "o": null,
    "st": "L2J",
    "ml": false
  },
  "511181": {
    "i": "511181",
    "r": "ES-PVN",
    "it": "LJ60",
    "y": null,
    "m": null,
    "mo": "Learjet 60",
    "o": null,
    "st": "L2J",
    "ml": false
  },
  "512033": {
    "i": "512033",
    "r": "Z3-DAE",
    "it": "C172",
    "y": null,
    "m": null,
    "mo": "",
    "o": null,
    "st": "L1P",
    "ml": false
  },
  "510069": {
    "i": "510069",
    "r": "EW-338TI",
    "it": "AN12",
    "y": null,
    "m": null,
    "mo": "Antonov An-12 A",
    "o": null,
    "st": "L4T",
    "ml": false
  },
  "51109d": {
    "i": "51109d",
    "r": "ES-LSA",
    "it": "SF34",
    "y": null,
    "m": null,
    "mo": "Saab 340-AF",
    "o": null,
    "st": "L2T",
    "ml": false
  },
  "51110f": {
    "i": "51110f",
    "r": "ES-VBN",
    "it": "BN2P",
    "y": null,
    "m": null,
    "mo": "Britten-Norman Islander BN-2B-20",
    "o": null,
    "st": "L2P",
    "ml": false
  },
  "511167": {
    "i": "511167",
    "r": "ES-SKI",
    "it": "PC12",
    "y": null,
    "m": null,
    "mo": "",
    "o": null,
    "st": "L1T",
    "ml": false
  },
  "51409f": {
    "i": "51409f",
    "r": "4L-ADJ",
    "it": "B505",
    "y": null,
    "m": null,
    "mo": "Bell 505 Jet Ranger X",
    "o": null,
    "st": "H1T",
    "ml": false
  },
  "51008b": {
    "i": "51008b",
    "r": "EW-435TI",
    "it": "AN12",
    "y": null,
    "m": null,
    "mo": "Antonov An-12 V",
    "o": null,
    "st": "L4T",
    "ml": false
  },
  "510164": {
    "i": "510164",
    "r": "EW-572SL",
    "it": "SD4",
    "y": null,
    "m": null,
    "mo": "",
    "o": null,
    "st": "L1P",
    "ml": false
  },
  "51102e": {
    "i": "51102e",
    "r": "ES-PVP",
    "it": "LJ60",
    "y": null,
    "m": null,
    "mo": "Learjet 60",
    "o": null,
    "st": "L2J",
    "ml": false
  },
  "511036": {
    "i": "511036",
    "r": "ES-TLB",
    "it": "L39",
    "y": null,
    "m": null,
    "mo": "Aero Vodochody L-39 C",
    "o": null,
    "st": "L1J",
    "ml": false
  },
  "511050": {
    "i": "511050",
    "r": "ES-ANS",
    "it": "C172",
    "y": null,
    "m": null,
    "mo": "Cessna 172-R",
    "o": null,
    "st": "L1P",
    "ml": false
  },
  "511111": {
    "i": "511111",
    "r": "ES-ACP",
    "it": "CRJ9",
    "y": null,
    "m": null,
    "mo": "Canadair Regional-Jet-900",
    "o": null,
    "st": "L2J",
    "ml": false
  },
  "511129": {
    "i": "511129",
    "r": "ES-MLS",
    "it": "A321",
    "y": null,
    "m": null,
    "mo": "A321-231",
    "o": null,
    "st": "L2J",
    "ml": false
  },
  "51116a": {
    "i": "51116a",
    "r": "ES-AME",
    "it": "EC30",
    "y": null,
    "m": null,
    "mo": "",
    "o": null,
    "st": "H1T",
    "ml": false
  },
  "512022": {
    "i": "512022",
    "r": "Z3-UA-010",
    "it": "PIVI",
    "y": null,
    "m": null,
    "mo": "Pipistrel Virus",
    "o": null,
    "st": "L1P",
    "ml": false
  },
  "51202a": {
    "i": "51202a",
    "r": "Z3-BGV",
    "it": "AT8T",
    "y": null,
    "m": null,
    "mo": "",
    "o": null,
    "st": "L1T",
    "ml": false
  },
  "513023": {
    "i": "513023",
    "r": "E7-PCI",
    "it": "A119",
    "y": null,
    "m": null,
    "mo": "Agust AW.119 Koala",
    "o": null,
    "st": "H1T",
    "ml": false
  },
  "5140b9": {
    "i": "5140b9",
    "r": "4L-TBA",
    "it": "B733",
    "y": null,
    "m": null,
    "mo": "Boeing 737-37Q",
    "o": null,
    "st": "L2J",
    "ml": false
  },
  "5110cc": {
    "i": "5110cc",
    "r": "ES-LSI",
    "it": "SF34",
    "y": null,
    "m": null,
    "mo": "Saab 340-AF",
    "o": null,
    "st": "L2T",
    "ml": false
  },
  "5110d9": {
    "i": "5110d9",
    "r": "ES-TGV",
    "it": "L39",
    "y": null,
    "m": null,
    "mo": "Aero Vodochody L-39 C",
    "o": null,
    "st": "L1J",
    "ml": false
  },
  "511103": {
    "i": "511103",
    "r": "ES-HRB",
    "it": "R44",
    "y": null,
    "m": null,
    "mo": "Robinson R44 II",
    "o": null,
    "st": "H1P",
    "ml": false
  },
  "511156": {
    "i": "511156",
    "r": "ES-SAD",
    "it": "A320",
    "y": null,
    "m": null,
    "mo": "",
    "o": null,
    "st": "L2J",
    "ml": false
  },
  "51115d": {
    "i": "51115d",
    "r": "ES-NSL",
    "it": "SF34",
    "y": null,
    "m": null,
    "mo": "",
    "o": null,
    "st": "L2T",
    "ml": false
  },
  "511171": {
    "i": "511171",
    "r": "ES-MBB",
    "it": "A20N",
    "y": null,
    "m": null,
    "mo": "",
    "o": null,
    "st": "L2J",
    "ml": false
  },
  "512029": {
    "i": "512029",
    "r": "Z3-BGU",
    "it": "AT8T",
    "y": null,
    "m": null,
    "mo": "",
    "o": null,
    "st": "L1T",
    "ml": false
  },
  "514093": {
    "i": "514093",
    "r": "4L-BQJ",
    "it": "B738",
    "y": null,
    "m": null,
    "mo": "Boeing 737-8AL",
    "o": null,
    "st": "L2J",
    "ml": false
  },
  "514096": {
    "i": "514096",
    "r": "4L-TGH",
    "it": "E190",
    "y": null,
    "m": null,
    "mo": "Embraer Emb-190-100IGW",
    "o": null,
    "st": "L2J",
    "ml": false
  },
  "5140bf": {
    "i": "5140bf",
    "r": "4L-GEZ",
    "it": "B738",
    "y": null,
    "m": null,
    "mo": "Boeing 737-8FZ",
    "o": null,
    "st": "L2J",
    "ml": false
  },
  "516096": {
    "i": "516096",
    "r": "4O-AOL",
    "it": "F100",
    "y": null,
    "m": null,
    "mo": "Fokker F100",
    "o": null,
    "st": "L2J",
    "ml": false
  },
  "510048": {
    "i": "510048",
    "r": "EW-282PA",
    "it": "B733",
    "y": null,
    "m": null,
    "mo": "Boeing 737-3Q8",
    "o": null,
    "st": "L2J",
    "ml": false
  },
  "510055": {
    "i": "510055",
    "r": "EW-301PJ",
    "it": "CRJ2",
    "y": null,
    "m": null,
    "mo": "Canadair Regional-Jet-850",
    "o": null,
    "st": "L2J",
    "ml": false
  },
  "510092": {
    "i": "510092",
    "r": "EW-395TH",
    "it": "IL76",
    "y": null,
    "m": null,
    "mo": "Ilyushin IL-76 TD",
    "o": null,
    "st": "L4J",
    "ml": false
  },
  "51009a": {
    "i": "51009a",
    "r": "EW-455PA",
    "it": "B738",
    "y": null,
    "m": null,
    "mo": "Boeing 737-8ZM",
    "o": null,
    "st": "L2J",
    "ml": false
  },
  "5100c7": {
    "i": "5100c7",
    "r": "EW-484TI",
    "it": "AN12",
    "y": null,
    "m": null,
    "mo": "Antonov An-12 TBK",
    "o": null,
    "st": "L4T",
    "ml": false
  },
  "510163": {
    "i": "510163",
    "r": "EW-579PP",
    "it": "H25B",
    "y": null,
    "m": null,
    "mo": "British Aerospace 125-850XP",
    "o": null,
    "st": "L2J",
    "ml": false
  },
  "5110d6": {
    "i": "5110d6",
    "r": "ES-SAQ",
    "it": "A320",
    "y": null,
    "m": null,
    "mo": "Airbus A320-214",
    "o": null,
    "st": "L2J",
    "ml": false
  },
  "5110f2": {
    "i": "5110f2",
    "r": "ES-NSB",
    "it": "SF34",
    "y": null,
    "m": null,
    "mo": "Saab 340-A",
    "o": null,
    "st": "L2T",
    "ml": false
  },
  "512034": {
    "i": "512034",
    "r": "Z3-DAP",
    "it": "P68",
    "y": null,
    "m": null,
    "mo": "",
    "o": null,
    "st": "L2P",
    "ml": false
  },
  "51406a": {
    "i": "51406a",
    "r": "4L-AVB",
    "it": "MI8",
    "y": null,
    "m": null,
    "mo": "Mil Mi-171 E",
    "o": null,
    "st": "H2T",
    "ml": false
  },
  "51408f": {
    "i": "51408f",
    "r": "4L-TGV",
    "it": "E190",
    "y": null,
    "m": null,
    "mo": "Embraer EMB-190 AR",
    "o": null,
    "st": "L2J",
    "ml": false
  },
  "5140d1": {
    "i": "5140d1",
    "r": "4L-MLG",
    "it": "B763",
    "y": null,
    "m": null,
    "mo": "",
    "o": null,
    "st": "L2J",
    "ml": false
  },
  "5140c7": {
    "i": "5140c7",
    "r": "4L-GTN",
    "it": "B738",
    "y": null,
    "m": null,
    "mo": "",
    "o": null,
    "st": "L2J",
    "ml": false
  },
  "51007e": {
    "i": "51007e",
    "r": "EW-328TG",
    "it": "AN26",
    "y": null,
    "m": null,
    "mo": "Antonov An-26-B",
    "o": null,
    "st": "L2T",
    "ml": false
  },
  "5100c8": {
    "i": "5100c8",
    "r": "EW-485TI",
    "it": "AN12",
    "y": null,
    "m": null,
    "mo": "Antonov An-12-BP",
    "o": null,
    "st": "L4T",
    "ml": false
  },
  "5100e9": {
    "i": "5100e9",
    "r": "EW-502LL",
    "it": "PC12",
    "y": null,
    "m": null,
    "mo": "Pilatus PC-12--47E",
    "o": null,
    "st": "L1T",
    "ml": false
  },
  "51102c": {
    "i": "51102c",
    "r": "ES-PJR",
    "it": "JS32",
    "y": null,
    "m": null,
    "mo": "British Aerospace Jetstream 32-01",
    "o": null,
    "st": "L2T",
    "ml": false
  },
  "51103c": {
    "i": "51103c",
    "r": "ES-MAA",
    "it": "C208",
    "y": null,
    "m": null,
    "mo": "Cessna 208 B",
    "o": null,
    "st": "L1T",
    "ml": false
  },
  "511043": {
    "i": "511043",
    "r": "ES-ECY",
    "it": "C172",
    "y": null,
    "m": null,
    "mo": "Cessna 172P Skyhawk",
    "o": null,
    "st": "L1P",
    "ml": false
  },
  "511064": {
    "i": "511064",
    "r": "ES-ACB",
    "it": "CRJ9",
    "y": null,
    "m": null,
    "mo": "Canadair Regional-Jet-900",
    "o": null,
    "st": "L2J",
    "ml": false
  },
  "511086": {
    "i": "511086",
    "r": "ES-RAZ",
    "it": "L39",
    "y": null,
    "m": null,
    "mo": "",
    "o": null,
    "st": "L1J",
    "ml": false
  },
  "5110c2": {
    "i": "5110c2",
    "r": "ES-HRM",
    "it": "R44",
    "y": null,
    "m": null,
    "mo": "Robinson R44",
    "o": null,
    "st": "H1P",
    "ml": false
  },
  "51404b": {
    "i": "51404b",
    "r": "4L-TGB",
    "it": "CRJ2",
    "y": null,
    "m": null,
    "mo": "Canadair Regional-Jet-200LR",
    "o": null,
    "st": "L2J",
    "ml": false
  },
  "5140c9": {
    "i": "5140c9",
    "r": "4L-GEK",
    "it": "B733",
    "y": null,
    "m": null,
    "mo": "Boeing 737-35B",
    "o": null,
    "st": "L2J",
    "ml": false
  },
  "510078": {
    "i": "510078",
    "r": "EW-356TH",
    "it": "IL76",
    "y": null,
    "m": null,
    "mo": "Ilyushin IL-76 MD",
    "o": null,
    "st": "L4J",
    "ml": false
  },
  "511094": {
    "i": "511094",
    "r": "ES-PJA",
    "it": "JS31",
    "y": null,
    "m": null,
    "mo": "British Aerospace Jetstream 31-12",
    "o": null,
    "st": "L2T",
    "ml": false
  },
  "5110bf": {
    "i": "5110bf",
    "r": "ES-SAM",
    "it": "A320",
    "y": null,
    "m": null,
    "mo": "Airbus A320-232",
    "o": null,
    "st": "L2J",
    "ml": false
  },
  "511101": {
    "i": "511101",
    "r": "ES-ATG",
    "it": "AT76",
    "y": null,
    "m": null,
    "mo": "Avions de Transport Regional ATR 72 600",
    "o": null,
    "st": "L2T",
    "ml": false
  },
  "511152": {
    "i": "511152",
    "r": "ES-FRX",
    "it": "H25B",
    "y": null,
    "m": null,
    "mo": "",
    "o": null,
    "st": "L2J",
    "ml": false
  },
  "51116b": {
    "i": "51116b",
    "r": "ES-NSM",
    "it": "SF34",
    "y": null,
    "m": null,
    "mo": "Saab 340-AF",
    "o": null,
    "st": "L2T",
    "ml": false
  },
  "512038": {
    "i": "512038",
    "r": "Z3-DAU",
    "it": "PA34",
    "y": null,
    "m": null,
    "mo": "",
    "o": null,
    "st": "L2P",
    "ml": false
  },
  "514064": {
    "i": "514064",
    "r": "4L-ABA",
    "it": "A30B",
    "y": null,
    "m": null,
    "mo": "Airbus A300 B4-203F",
    "o": null,
    "st": "L2J",
    "ml": false
  },
  "514084": {
    "i": "514084",
    "r": "4L-BAK",
    "it": "A30B",
    "y": null,
    "m": null,
    "mo": "Airbus A300 B4-203F",
    "o": null,
    "st": "L2J",
    "ml": false
  },
  "5140d9": {
    "i": "5140d9",
    "r": "4L-CME",
    "it": "B763",
    "y": null,
    "m": null,
    "mo": "",
    "o": null,
    "st": "L2J",
    "ml": false
  },
  "510116": {
    "i": "510116",
    "r": "EW-528PA",
    "it": "B38M",
    "y": null,
    "m": null,
    "mo": "Boeing 737MAX 8",
    "o": null,
    "st": "L2J",
    "ml": false
  },
  "51012b": {
    "i": "51012b",
    "r": "EW-001PJ",
    "it": "GLF5",
    "y": null,
    "m": null,
    "mo": "Gulfstream 5",
    "o": null,
    "st": "L2J",
    "ml": false
  },
  "510156": {
    "i": "510156",
    "r": "EW-576TH",
    "it": "IL76",
    "y": null,
    "m": null,
    "mo": "Ilyushin Il-76TD",
    "o": null,
    "st": "L4J",
    "ml": false
  },
  "51108a": {
    "i": "51108a",
    "r": "ES-SHB",
    "it": "HUSK",
    "y": null,
    "m": null,
    "mo": "",
    "o": null,
    "st": "L1P",
    "ml": false
  },
  "5110b0": {
    "i": "5110b0",
    "r": "PH-FCI",
    "it": "JS32",
    "y": null,
    "m": null,
    "mo": "British Aerospace Jetstream 32-01",
    "o": null,
    "st": "L2T",
    "ml": false
  },
  "5110c3": {
    "i": "5110c3",
    "r": "ES-LSF",
    "it": "SF34",
    "y": null,
    "m": null,
    "mo": "SAAB Fairchild 340 A",
    "o": null,
    "st": "L2T",
    "ml": false
  },
  "511107": {
    "i": "511107",
    "r": "ES-PCG",
    "it": "PC6T",
    "y": null,
    "m": null,
    "mo": "",
    "o": null,
    "st": "L1T",
    "ml": false
  },
  "51117e": {
    "i": "51117e",
    "r": "ES-ZPI",
    "it": "PIVI",
    "y": null,
    "m": null,
    "mo": "",
    "o": null,
    "st": "L1P",
    "ml": false
  },
  "510115": {
    "i": "510115",
    "r": "EW-527PA",
    "it": "B738",
    "y": null,
    "m": null,
    "mo": "Boeing 737-82R",
    "o": null,
    "st": "L2J",
    "ml": false
  },
  "5110ae": {
    "i": "5110ae",
    "r": "ES-CMK",
    "it": "BE40",
    "y": null,
    "m": null,
    "mo": "Beech 400XTi-Nextant",
    "o": null,
    "st": "L2J",
    "ml": false
  },
  "5110d1": {
    "i": "5110d1",
    "r": "ES-ACH",
    "it": "CRJ9",
    "y": null,
    "m": null,
    "mo": "Canadair Regional-Jet-900",
    "o": null,
    "st": "L2J",
    "ml": false
  },
  "5110e0": {
    "i": "5110e0",
    "r": "ES-ATB",
    "it": "AT76",
    "y": null,
    "m": null,
    "mo": "Avions de Transport Regional ATR 72 600",
    "o": null,
    "st": "L2T",
    "ml": false
  },
  "51114e": {
    "i": "51114e",
    "r": "ES-FLG",
    "it": "PA46",
    "y": null,
    "m": null,
    "mo": "",
    "o": null,
    "st": "L1P",
    "ml": false
  },
  "51115f": {
    "i": "51115f",
    "r": "ES-ILM",
    "it": "DA62",
    "y": null,
    "m": null,
    "mo": "",
    "o": null,
    "st": "L2P",
    "ml": false
  },
  "5140b5": {
    "i": "5140b5",
    "r": "4L-GKL",
    "it": "A333",
    "y": null,
    "m": null,
    "mo": "",
    "o": null,
    "st": "L2J",
    "ml": false
  },
  "5140cf": {
    "i": "5140cf",
    "r": "4L-GTG",
    "it": "GLEX",
    "y": null,
    "m": null,
    "mo": "Bombardier BD700-Global 6000/6500",
    "o": null,
    "st": "L2J",
    "ml": false
  },
  "511055": {
    "i": "511055",
    "r": "ES-PWA",
    "it": "A139",
    "y": null,
    "m": null,
    "mo": "AgustaWestland 139",
    "o": null,
    "st": "H2T",
    "ml": false
  },
  "5110aa": {
    "i": "5110aa",
    "r": "ES-LSC",
    "it": "SF34",
    "y": null,
    "m": null,
    "mo": "Saab 340-AF",
    "o": null,
    "st": "L2T",
    "ml": false
  },
  "5110d8": {
    "i": "5110d8",
    "r": "ES-TLV",
    "it": "L39",
    "y": null,
    "m": null,
    "mo": "Aero Vodochody L-39 C",
    "o": null,
    "st": "L1J",
    "ml": true
  },
  "5110f3": {
    "i": "5110f3",
    "r": "ES-ACM",
    "it": "CRJ9",
    "y": null,
    "m": null,
    "mo": "Canadair Regional-Jet-900",
    "o": null,
    "st": "L2J",
    "ml": false
  },
  "51111d": {
    "i": "51111d",
    "r": "ES-SAZ",
    "it": "A320",
    "y": null,
    "m": null,
    "mo": "Airbus A320-232",
    "o": null,
    "st": "L2J",
    "ml": false
  },
  "51113a": {
    "i": "51113a",
    "r": "ES-TEC",
    "it": "TWEN",
    "y": null,
    "m": null,
    "mo": "",
    "o": null,
    "st": "L1P",
    "ml": false
  },
  "5140b6": {
    "i": "5140b6",
    "r": "4L-CCC",
    "it": "EC45",
    "y": null,
    "m": null,
    "mo": "",
    "o": null,
    "st": "H2T",
    "ml": false
  },
  "513007": {
    "i": "513007",
    "r": "E7-SBA",
    "it": "C500",
    "y": null,
    "m": null,
    "mo": "Cessna 500/501",
    "o": null,
    "st": "L2J",
    "ml": false
  },
  "510146": {
    "i": "510146",
    "r": "EW-505TR",
    "it": "IL62",
    "y": null,
    "m": null,
    "mo": "Ilyushin IL-62 MGR",
    "o": null,
    "st": "L4J",
    "ml": false
  },
  "51118b": {
    "i": "51118b",
    "r": "ES-BTC",
    "it": "CL60",
    "y": null,
    "m": null,
    "mo": "Bombardier 605 Challenger",
    "o": null,
    "st": "L2J",
    "ml": false
  },
  "514013": {
    "i": "514013",
    "r": "4L-GAA",
    "it": "CRJ2",
    "y": null,
    "m": null,
    "mo": "Canadair Regional-Jet-850",
    "o": null,
    "st": "L2J",
    "ml": false
  },
  "513027": {
    "i": "513027",
    "r": "E7-GPS",
    "it": "C25C",
    "y": null,
    "m": null,
    "mo": "Cessna 525",
    "o": null,
    "st": "L2J",
    "ml": false
  },
  "511105": {
    "i": "511105",
    "r": "ES-MCA",
    "it": "C510",
    "y": null,
    "m": null,
    "mo": "Cessna Citation Mustang",
    "o": null,
    "st": "L2J",
    "ml": false
  },
  "51300b": {
    "i": "51300b",
    "r": "E7-SMS",
    "it": "C525",
    "y": null,
    "m": null,
    "mo": "Cessna 525",
    "o": null,
    "st": "L2J",
    "ml": false
  },
  "510081": {
    "i": "510081",
    "r": "EW-383TH",
    "it": "IL76",
    "y": null,
    "m": null,
    "mo": "Ilyushin IL-76-TD",
    "o": null,
    "st": "L4J",
    "ml": false
  },
  "51114d": {
    "i": "51114d",
    "r": "ES-JKV",
    "it": "EC30",
    "y": null,
    "m": null,
    "mo": "",
    "o": null,
    "st": "H1T",
    "ml": false
  },
  "5110bd": {
    "i": "5110bd",
    "r": "ES-SLS",
    "it": "F900",
    "y": null,
    "m": null,
    "mo": "Dassault Falcon-900EX EASy",
    "o": null,
    "st": "L3J",
    "ml": false
  },
  "510099": {
    "i": "510099",
    "r": "EW-450TR",
    "it": "IL62",
    "y": null,
    "m": null,
    "mo": "Ilyushin IL-62 MGR",
    "o": null,
    "st": "L4J",
    "ml": false
  },
  "510152": {
    "i": "510152",
    "r": "EW-567TH",
    "it": "IL76",
    "y": null,
    "m": null,
    "mo": "",
    "o": null,
    "st": "L4J",
    "ml": false
  },
  "51200f": {
    "i": "51200f",
    "r": "Z3-MKD",
    "it": "LJ60",
    "y": null,
    "m": null,
    "mo": "Learjet 60",
    "o": null,
    "st": "L2J",
    "ml": false
  },
  "512019": {
    "i": "512019",
    "r": "MAP-7751",
    "it": "B212",
    "y": null,
    "m": null,
    "mo": "",
    "o": null,
    "st": "H2T",
    "ml": false
  },
  "513024": {
    "i": "513024",
    "r": "E7-FBA",
    "it": "A319",
    "y": null,
    "m": null,
    "mo": null,
    "o": null,
    "st": "L2J",
    "ml": false
  },
  "5110f5": {
    "i": "5110f5",
    "r": "ES-SAS",
    "it": "A320",
    "y": null,
    "m": null,
    "mo": null,
    "o": null,
    "st": "L2J",
    "ml": false
  },
  "51110e": {
    "i": "51110e",
    "r": "ES-LAA",
    "it": "A320",
    "y": null,
    "m": null,
    "mo": null,
    "o": null,
    "st": "L2J",
    "ml": false
  },
  "51111e": {
    "i": "51111e",
    "r": "ES-SAW",
    "it": "A320",
    "y": null,
    "m": null,
    "mo": null,
    "o": null,
    "st": "L2J",
    "ml": false
  },
  "5100c6": {
    "i": "5100c6",
    "r": "EW-483TI",
    "it": "AN12",
    "y": null,
    "m": null,
    "mo": null,
    "o": null,
    "st": "L4T",
    "ml": false
  },
  "510049": {
    "i": "510049",
    "r": "EW-283PA",
    "it": "B733",
    "y": null,
    "m": null,
    "mo": null,
    "o": null,
    "st": "L2J",
    "ml": false
  },
  "51006a": {
    "i": "51006a",
    "r": "EW-336PA",
    "it": "B733",
    "y": null,
    "m": null,
    "mo": null,
    "o": null,
    "st": "L2J",
    "ml": false
  },
  "510083": {
    "i": "510083",
    "r": "EW-407PA",
    "it": "B733",
    "y": null,
    "m": null,
    "mo": null,
    "o": null,
    "st": "L2J",
    "ml": false
  },
  "51002c": {
    "i": "51002c",
    "r": "EW-251PA",
    "it": "B735",
    "y": null,
    "m": null,
    "mo": null,
    "o": null,
    "st": "L2J",
    "ml": false
  },
  "510042": {
    "i": "510042",
    "r": "EW-253PA",
    "it": "B735",
    "y": null,
    "m": null,
    "mo": null,
    "o": null,
    "st": "L2J",
    "ml": false
  },
  "51012c": {
    "i": "51012c",
    "r": "EW-543PA",
    "it": "B738",
    "y": null,
    "m": null,
    "mo": null,
    "o": null,
    "st": "L2J",
    "ml": false
  },
  "51008d": {
    "i": "51008d",
    "r": "EW-437PA",
    "it": "B738",
    "y": null,
    "m": null,
    "mo": null,
    "o": null,
    "st": "L2J",
    "ml": false
  },
  "5140a8": {
    "i": "5140a8",
    "r": "4L-TGC",
    "it": "B738",
    "y": null,
    "m": null,
    "mo": null,
    "o": null,
    "st": "L2J",
    "ml": false
  },
  "510114": {
    "i": "510114",
    "r": "EW-526PA",
    "it": "B738",
    "y": null,
    "m": null,
    "mo": null,
    "o": null,
    "st": "L2J",
    "ml": false
  },
  "51008e": {
    "i": "51008e",
    "r": "EW-438PA",
    "it": "B738",
    "y": null,
    "m": null,
    "mo": null,
    "o": null,
    "st": "L2J",
    "ml": false
  },
  "5100f9": {
    "i": "5100f9",
    "r": "EW-511TQ",
    "it": "B744",
    "y": null,
    "m": null,
    "mo": null,
    "o": null,
    "st": "L4J",
    "ml": false
  },
  "5110b2": {
    "i": "5110b2",
    "r": "ES-NXT",
    "it": "BE40",
    "y": null,
    "m": null,
    "mo": null,
    "o": null,
    "st": "L2J",
    "ml": false
  },
  "510035": {
    "i": "510035",
    "r": "EW-100PJ",
    "it": "CRJ1",
    "y": null,
    "m": null,
    "mo": null,
    "o": null,
    "st": "L2J",
    "ml": false
  },
  "510046": {
    "i": "510046",
    "r": "EW-276PJ",
    "it": "CRJ2",
    "y": null,
    "m": null,
    "mo": null,
    "o": null,
    "st": "L2J",
    "ml": false
  },
  "510047": {
    "i": "510047",
    "r": "EW-277PJ",
    "it": "CRJ2",
    "y": null,
    "m": null,
    "mo": null,
    "o": null,
    "st": "L2J",
    "ml": false
  },
  "5110c5": {
    "i": "5110c5",
    "r": "ES-ACF",
    "it": "CRJ7",
    "y": null,
    "m": null,
    "mo": null,
    "o": null,
    "st": "L2J",
    "ml": false
  },
  "5110c4": {
    "i": "5110c4",
    "r": "ES-ACE",
    "it": "CRJ7",
    "y": null,
    "m": null,
    "mo": null,
    "o": null,
    "st": "L2J",
    "ml": false
  },
  "51012e": {
    "i": "51012e",
    "r": "EW-545PO",
    "it": "E190",
    "y": null,
    "m": null,
    "mo": null,
    "o": null,
    "st": "L2J",
    "ml": false
  },
  "51407d": {
    "i": "51407d",
    "r": "4L-TGU",
    "it": "E190",
    "y": null,
    "m": null,
    "mo": null,
    "o": null,
    "st": "L2J",
    "ml": false
  },
  "51409e": {
    "i": "51409e",
    "r": "4L-MGT",
    "it": "E190",
    "y": null,
    "m": null,
    "mo": null,
    "o": null,
    "st": "L2J",
    "ml": false
  },
  "51011b": {
    "i": "51011b",
    "r": "EW-533PO",
    "it": "E190",
    "y": null,
    "m": null,
    "mo": null,
    "o": null,
    "st": "L2J",
    "ml": false
  },
  "51011a": {
    "i": "51011a",
    "r": "EW-532PO",
    "it": "E190",
    "y": null,
    "m": null,
    "mo": null,
    "o": null,
    "st": "L2J",
    "ml": false
  },
  "51111f": {
    "i": "51111f",
    "r": "ES-ERA",
    "it": "E35L",
    "y": null,
    "m": null,
    "mo": null,
    "o": null,
    "st": "L2J",
    "ml": false
  },
  "511114": {
    "i": "511114",
    "r": "ES-FOX",
    "it": "E35L",
    "y": null,
    "m": null,
    "mo": null,
    "o": null,
    "st": "L2J",
    "ml": false
  },
  "510119": {
    "i": "510119",
    "r": "EW-531PO",
    "it": "E75L",
    "y": null,
    "m": null,
    "mo": null,
    "o": null,
    "st": "L2J",
    "ml": false
  },
  "51006c": {
    "i": "51006c",
    "r": "EW-340PO",
    "it": "E75S",
    "y": null,
    "m": null,
    "mo": null,
    "o": null,
    "st": "L2J",
    "ml": false
  },
  "516093": {
    "i": "516093",
    "r": "4O-AOM",
    "it": "F100",
    "y": null,
    "m": null,
    "mo": null,
    "o": null,
    "st": "L2J",
    "ml": false
  },
  "516094": {
    "i": "516094",
    "r": "4O-AOP",
    "it": "F100",
    "y": null,
    "m": null,
    "mo": null,
    "o": null,
    "st": "L2J",
    "ml": false
  },
  "5110da": {
    "i": "5110da",
    "r": "ES-CKH",
    "it": "F2TH",
    "y": null,
    "m": null,
    "mo": null,
    "o": null,
    "st": "L2J",
    "ml": false
  },
  "511102": {
    "i": "511102",
    "r": "ES-AIR",
    "it": "G150",
    "y": null,
    "m": null,
    "mo": null,
    "o": null,
    "st": "L2J",
    "ml": false
  },
  "511133": {
    "i": "511133",
    "r": "ES-VCS",
    "it": "G150",
    "y": null,
    "m": null,
    "mo": null,
    "o": null,
    "st": "L2J",
    "ml": false
  },
  "5100e2": {
    "i": "5100e2",
    "r": "EW-395TH",
    "it": "IL76",
    "y": null,
    "m": null,
    "mo": null,
    "o": null,
    "st": "L4J",
    "ml": false
  },
  "51001e": {
    "i": "51001e",
    "r": "EW-78779",
    "it": "IL76",
    "y": null,
    "m": null,
    "mo": null,
    "o": null,
    "st": "L4J",
    "ml": false
  },
  "5100e8": {
    "i": "5100e8",
    "r": "EW-501LL",
    "it": "PC12",
    "y": null,
    "m": null,
    "mo": null,
    "o": null,
    "st": "L1T",
    "ml": false
  },
  "510001": {
    "i": "510001",
    "r": "EW-85815",
    "it": "T154",
    "y": null,
    "m": null,
    "mo": null,
    "o": null,
    "st": "L3J",
    "ml": false
  },
  "510002": {
    "i": "510002",
    "r": "EW-85703",
    "it": "T154",
    "y": null,
    "m": null,
    "mo": null,
    "o": null,
    "st": "L3J",
    "ml": false
  },
  "510010": {
    "i": "510010",
    "r": "EW-85748",
    "it": "T154",
    "y": null,
    "m": null,
    "mo": null,
    "o": null,
    "st": "L3J",
    "ml": false
  },
  "51005e": {
    "i": "51005e",
    "r": "EW-001PB",
    "it": "B763",
    "y": null,
    "m": "BOEING",
    "mo": "767-32K",
    "o": "Government of Belarus",
    "st": "L2J",
    "ml": true
  },
  "51002b": {
    "i": "51002b",
    "r": "EW-001PA",
    "it": "B738",
    "y": null,
    "m": "BOEING",
    "mo": "737-8EV BBJ2",
    "o": "Government of Belarus",
    "st": "L2J",
    "ml": true
  },
  "51117f": {
    "i": "51117f",
    "r": "ES-LTZ",
    "it": "AT75",
    "y": null,
    "m": "ATR",
    "mo": "ATR-72-500",
    "o": null,
    "st": "L2T",
    "ml": false
  },
  "510168": {
    "i": "510168",
    "r": "EW-585SL",
    "it": "SD4",
    "y": null,
    "m": "TOMARK",
    "mo": "SD-4 Viper",
    "o": null,
    "st": "L1P",
    "ml": false
  },
  "5140d5": {
    "i": "5140d5",
    "r": "4L-GMC",
    "it": "B763",
    "y": null,
    "m": "BOEING",
    "mo": "767-300",
    "o": null,
    "st": "L2J",
    "ml": false
  },
  "5140da": {
    "i": "5140da",
    "r": "4L-GTO",
    "it": "B738",
    "y": null,
    "m": "BOEING",
    "mo": "737-800",
    "o": null,
    "st": "L2J",
    "ml": false
  },
  "513031": {
    "i": "513031",
    "r": "E7-ABV",
    "it": "C172",
    "y": null,
    "m": "CESSNA",
    "mo": "172 Skyhawk",
    "o": null,
    "st": "L1P",
    "ml": false
  },
  "517504": {
    "i": "517504",
    "r": "N6020Y",
    "it": "C162",
    "y": "2011",
    "m": "CESSNA",
    "mo": "162 Skycatcher",
    "o": "RAINIER FLIGHT SERVICE LLC (Miscode - UNITED STATES)",
    "st": "L1P",
    "ml": false
  },
  "511187": {
    "i": "511187",
    "r": "ES-MBD",
    "it": "A20N",
    "y": null,
    "m": "AIRBUS",
    "mo": "A320neo",
    "o": null,
    "st": "L2J",
    "ml": false
  },
  "5140bd": {
    "i": "5140bd",
    "r": "4L-GEG",
    "it": "B752",
    "y": null,
    "m": "Boeing",
    "mo": "757-200",
    "o": null,
    "st": "L2J",
    "ml": false
  },
  "511188": {
    "i": "511188",
    "r": "ES-MBE",
    "it": "A20N",
    "y": null,
    "m": "AIRBUS",
    "mo": "A320neo",
    "o": null,
    "st": "L2J",
    "ml": false
  },
  "5140d8": {
    "i": "5140d8",
    "r": "4L-GEL",
    "it": "B763",
    "y": null,
    "m": "BOEING",
    "mo": "767-300",
    "o": null,
    "st": "L2J",
    "ml": false
  },
  "511122": {
    "i": "511122",
    "r": "44",
    "it": "M28",
    "y": null,
    "m": "PZL-MIELEC",
    "mo": "M-28 Skytruck",
    "o": null,
    "st": "L2T",
    "ml": true
  },
  "515001": {
    "i": "515001",
    "r": "EY-001",
    "it": "B788",
    "y": null,
    "m": "BOEING",
    "mo": "787-8 Dreamliner",
    "o": "Government of Tajikistan",
    "st": "L2J",
    "ml": true
  },
  "514d03": {
    "i": "514d03",
    "r": "4L-GTR",
    "it": "B763",
    "y": null,
    "m": "BOEING",
    "mo": "767-300",
    "o": null,
    "st": "L2J",
    "ml": false
  },
  "516001": {
    "i": "516001",
    "r": "4O-MNE",
    "it": "LJ45",
    "y": null,
    "m": "LEARJET",
    "mo": "45",
    "o": "Government of Montenegro",
    "st": "L2J",
    "ml": true
  }
}