{
  "60115f": {
    "i": "60115f",
    "r": "EX-76030",
    "it": "IL76",
    "y": null,
    "m": null,
    "mo": "",
    "o": null,
    "st": "L4J",
    "ml": false
  },
  "60111b": {
    "i": "60111b",
    "r": "EX-37021",
    "it": "B733",
    "y": null,
    "m": null,
    "mo": "",
    "o": null,
    "st": "L2J",
    "ml": false
  },
  "601832": {
    "i": "601832",
    "r": "EZ-A020",
    "it": "B738",
    "y": null,
    "m": null,
    "mo": "Boeing 737-800",
    "o": null,
    "st": "L2J",
    "ml": false
  },
  "600009": {
    "i": "600009",
    "r": "EK222",
    "it": "TBM9",
    "y": null,
    "m": null,
    "mo": "",
    "o": null,
    "st": "L1T",
    "ml": false
  },
  "600858": {
    "i": "600858",
    "r": "4K-AZ88",
    "it": "G200",
    "y": null,
    "m": null,
    "mo": "Gulfstream Aerospace G200",
    "o": null,
    "st": "L1P",
    "ml": false
  },
  "600a8d": {
    "i": "600a8d",
    "r": "GND",
    "it": "GND",
    "y": null,
    "m": null,
    "mo": "",
    "o": null,
    "st": "V0-",
    "ml": false
  },
  "600b23": {
    "i": "600b23",
    "r": "4K-BCI",
    "it": "B744",
    "y": null,
    "m": null,
    "mo": "Boeing 747-467F",
    "o": null,
    "st": "L4J",
    "ml": false
  },
  "601096": {
    "i": "601096",
    "r": "EX-37501",
    "it": "B735",
    "y": null,
    "m": null,
    "mo": "Boeing 737-59D",
    "o": null,
    "st": "L2J",
    "ml": false
  },
  "601121": {
    "i": "601121",
    "r": "EX-26003",
    "it": "AN26",
    "y": null,
    "m": null,
    "mo": "",
    "o": null,
    "st": "L2T",
    "ml": false
  },
  "600006": {
    "i": "600006",
    "r": "EK73730",
    "it": "B733",
    "y": null,
    "m": null,
    "mo": "",
    "o": null,
    "st": "L2J",
    "ml": false
  },
  "6010c6": {
    "i": "6010c6",
    "r": "EX-80003",
    "it": "MD83",
    "y": null,
    "m": null,
    "mo": "Douglas DC-9",
    "o": null,
    "st": "L2J",
    "ml": false
  },
  "601143": {
    "i": "601143",
    "r": "EX-21001",
    "it": "DH8D",
    "y": null,
    "m": null,
    "mo": "",
    "o": null,
    "st": "L2T",
    "ml": false
  },
  "601800": {
    "i": "601800",
    "r": "EZ-P717",
    "it": "A139",
    "y": null,
    "m": null,
    "mo": "",
    "o": null,
    "st": "H2T",
    "ml": true
  },
  "601857": {
    "i": "601857",
    "r": "EZ-S721",
    "it": "S92",
    "y": null,
    "m": null,
    "mo": "Sikorsky S-92-A",
    "o": null,
    "st": "H2T",
    "ml": false
  },
  "600850": {
    "i": "600850",
    "r": "4K-AZ80",
    "it": "A320",
    "y": null,
    "m": null,
    "mo": "Airbus A320-214",
    "o": null,
    "st": "L2J",
    "ml": false
  },
  "600873": {
    "i": "600873",
    "r": "4K-AZ115",
    "it": "A139",
    "y": null,
    "m": null,
    "mo": "AgustaWestland AW-139",
    "o": null,
    "st": "H2T",
    "ml": false
  },
  "60088e": {
    "i": "60088e",
    "r": "4K-AZ142",
    "it": "A20N",
    "y": null,
    "m": null,
    "mo": "",
    "o": null,
    "st": "L2J",
    "ml": false
  },
  "601105": {
    "i": "601105",
    "r": "EX-30004",
    "it": "A30B",
    "y": null,
    "m": null,
    "mo": "",
    "o": null,
    "st": "L2J",
    "ml": false
  },
  "60183b": {
    "i": "60183b",
    "r": "EZ-A017",
    "it": "B738",
    "y": null,
    "m": null,
    "mo": "Boeing 737-82K",
    "o": null,
    "st": "L2J",
    "ml": false
  },
  "600b20": {
    "i": "600b20",
    "r": "4K-SW800",
    "it": "B744",
    "y": null,
    "m": null,
    "mo": "Boeing 747 4R7F",
    "o": null,
    "st": "L4J",
    "ml": false
  },
  "6010ab": {
    "i": "6010ab",
    "r": "EX-37012",
    "it": "B733",
    "y": null,
    "m": null,
    "mo": "Boeing 737-33A",
    "o": null,
    "st": "L2J",
    "ml": false
  },
  "6010c2": {
    "i": "6010c2",
    "r": "EX-27003",
    "it": "RJ85",
    "y": null,
    "m": null,
    "mo": "Bae 146",
    "o": null,
    "st": "L4J",
    "ml": false
  },
  "60111c": {
    "i": "60111c",
    "r": "EX-32014",
    "it": "A320",
    "y": null,
    "m": null,
    "mo": "Airbus A320-232",
    "o": null,
    "st": "L2J",
    "ml": false
  },
  "601849": {
    "i": "601849",
    "r": "EZ-A014",
    "it": "B752",
    "y": null,
    "m": null,
    "mo": "Boeing 757-22K",
    "o": null,
    "st": "L2J",
    "ml": false
  },
  "600804": {
    "i": "600804",
    "r": "4K-AZ04",
    "it": "A319",
    "y": null,
    "m": null,
    "mo": "Airbus A319-111",
    "o": null,
    "st": "L2J",
    "ml": false
  },
  "60082e": {
    "i": "60082e",
    "r": "4K-AZ46",
    "it": "EC55",
    "y": null,
    "m": null,
    "mo": "Eurocopter EC155 B1",
    "o": null,
    "st": "H2T",
    "ml": false
  },
  "600851": {
    "i": "600851",
    "r": "4K-AZ81",
    "it": "B763",
    "y": null,
    "m": null,
    "mo": "Boeing 767-32L",
    "o": null,
    "st": "L2J",
    "ml": false
  },
  "600bca": {
    "i": "600bca",
    "r": "4K-080",
    "it": "GLF5",
    "y": null,
    "m": null,
    "mo": "Gulfstream 5",
    "o": null,
    "st": "L2J",
    "ml": false
  },
  "60113a": {
    "i": "60113a",
    "r": "EX-32012",
    "it": "A320",
    "y": null,
    "m": null,
    "mo": "",
    "o": null,
    "st": "L2J",
    "ml": false
  },
  "601158": {
    "i": "601158",
    "r": "EX-76023",
    "it": "IL76",
    "y": null,
    "m": null,
    "mo": "",
    "o": null,
    "st": "L4J",
    "ml": false
  },
  "600004": {
    "i": "600004",
    "r": "EK-FOA",
    "it": "A319",
    "y": null,
    "m": null,
    "mo": "",
    "o": null,
    "st": "L2J",
    "ml": false
  },
  "60084e": {
    "i": "60084e",
    "r": "4K-AZ78",
    "it": "A320",
    "y": null,
    "m": null,
    "mo": "Airbus A320-214",
    "o": null,
    "st": "L2J",
    "ml": false
  },
  "600864": {
    "i": "600864",
    "r": "4K-AZ100",
    "it": "IL76",
    "y": null,
    "m": null,
    "mo": "Ilyushin IL-76-TD-90SW",
    "o": null,
    "st": "L4J",
    "ml": false
  },
  "6010af": {
    "i": "6010af",
    "r": "EX-11001",
    "it": "DA42",
    "y": null,
    "m": null,
    "mo": "Diamond DA 42-MPP-NG",
    "o": null,
    "st": "L2P",
    "ml": false
  },
  "601139": {
    "i": "601139",
    "r": "EX-76018",
    "it": "IL76",
    "y": null,
    "m": null,
    "mo": "",
    "o": null,
    "st": "L4J",
    "ml": false
  },
  "60185f": {
    "i": "60185f",
    "r": "EZ-A008",
    "it": "B737",
    "y": null,
    "m": null,
    "mo": "Boeing 737-7GL",
    "o": null,
    "st": "L2J",
    "ml": false
  },
  "600005": {
    "i": "600005",
    "r": "EK73792",
    "it": "B738",
    "y": null,
    "m": null,
    "mo": "",
    "o": null,
    "st": "L2J",
    "ml": false
  },
  "60001a": {
    "i": "60001a",
    "r": "EK-AKD",
    "it": "SR22",
    "y": null,
    "m": null,
    "mo": "",
    "o": null,
    "st": "L1P",
    "ml": false
  },
  "600828": {
    "i": "600828",
    "r": "4K-AZ40",
    "it": "IL76",
    "y": null,
    "m": null,
    "mo": "Ilyushin IL-76-TD",
    "o": null,
    "st": "L4J",
    "ml": false
  },
  "60087d": {
    "i": "60087d",
    "r": "4K-AZ125",
    "it": "A139",
    "y": null,
    "m": null,
    "mo": "",
    "o": null,
    "st": "H2T",
    "ml": false
  },
  "600bbe": {
    "i": "600bbe",
    "r": "4K-SW008",
    "it": "B744",
    "y": null,
    "m": null,
    "mo": "Boeing 747-4R7F",
    "o": null,
    "st": "L4J",
    "ml": false
  },
  "60114b": {
    "i": "60114b",
    "r": "EX-88015",
    "it": "BE58",
    "y": null,
    "m": null,
    "mo": "",
    "o": null,
    "st": "L2P",
    "ml": false
  },
  "60115a": {
    "i": "60115a",
    "r": "EX-76026",
    "it": "IL76",
    "y": null,
    "m": null,
    "mo": "",
    "o": null,
    "st": "L4J",
    "ml": false
  },
  "601829": {
    "i": "601829",
    "r": "EZ-A782",
    "it": "B77W",
    "y": null,
    "m": null,
    "mo": "Boeing 777-367",
    "o": null,
    "st": "L2J",
    "ml": false
  },
  "601839": {
    "i": "601839",
    "r": "EZ-A779",
    "it": "B77L",
    "y": null,
    "m": null,
    "mo": "Boeing 777-22K",
    "o": null,
    "st": "L2J",
    "ml": false
  },
  "600803": {
    "i": "600803",
    "r": "4K-AZ03",
    "it": "A319",
    "y": null,
    "m": null,
    "mo": "Airbus A319-111",
    "o": null,
    "st": "L2J",
    "ml": false
  },
  "600a2b": {
    "i": "600a2b",
    "r": "4K-5555",
    "it": "A20N",
    "y": null,
    "m": null,
    "mo": "Airbus A320 251NSL",
    "o": null,
    "st": "L2J",
    "ml": false
  },
  "601111": {
    "i": "601111",
    "r": "EX-88012",
    "it": "PRM1",
    "y": null,
    "m": null,
    "mo": "Hawker Beechcraft Premier I",
    "o": null,
    "st": "L2J",
    "ml": false
  },
  "600840": {
    "i": "600840",
    "r": "4K-AZ64",
    "it": "E190",
    "y": null,
    "m": null,
    "mo": "Embraer Emb-190-100IGW",
    "o": null,
    "st": "L2J",
    "ml": false
  },
  "600bbf": {
    "i": "600bbf",
    "r": "4K-AZ11",
    "it": "B752",
    "y": null,
    "m": null,
    "mo": "",
    "o": null,
    "st": "L2J",
    "ml": false
  },
  "6010ad": {
    "i": "6010ad",
    "r": "EX-11002",
    "it": "DA42",
    "y": null,
    "m": null,
    "mo": "Diamond Twin Star",
    "o": null,
    "st": "L2P",
    "ml": false
  },
  "600832": {
    "i": "600832",
    "r": "4K-AZ50",
    "it": "S92",
    "y": null,
    "m": null,
    "mo": "Keystone Helicopter S-92 A",
    "o": null,
    "st": "H2T",
    "ml": false
  },
  "600843": {
    "i": "600843",
    "r": "4K-AZ67",
    "it": "E190",
    "y": null,
    "m": null,
    "mo": "Embraer Emb-190-100IGW",
    "o": null,
    "st": "L2J",
    "ml": false
  },
  "600865": {
    "i": "600865",
    "r": "4K-AZ101",
    "it": "IL76",
    "y": null,
    "m": null,
    "mo": "Ilyushin IL-76-TD-90",
    "o": null,
    "st": "L4J",
    "ml": false
  },
  "60088d": {
    "i": "60088d",
    "r": "4K-AZ141",
    "it": "A20N",
    "y": null,
    "m": null,
    "mo": "",
    "o": null,
    "st": "L2J",
    "ml": false
  },
  "600b24": {
    "i": "600b24",
    "r": "4K-BCR",
    "it": "B744",
    "y": null,
    "m": null,
    "mo": "",
    "o": null,
    "st": "L4J",
    "ml": false
  },
  "60180c": {
    "i": "60180c",
    "r": "EZ-P712",
    "it": "EC45",
    "y": null,
    "m": null,
    "mo": "",
    "o": null,
    "st": "H2T",
    "ml": false
  },
  "60182a": {
    "i": "60182a",
    "r": "EZ-F430",
    "it": "A332",
    "y": null,
    "m": null,
    "mo": "",
    "o": null,
    "st": "L2J",
    "ml": false
  },
  "600015": {
    "i": "600015",
    "r": "EK-AAB",
    "it": "A321",
    "y": null,
    "m": null,
    "mo": "",
    "o": null,
    "st": "L2J",
    "ml": false
  },
  "600855": {
    "i": "600855",
    "r": "4K-AZ85",
    "it": "A345",
    "y": null,
    "m": null,
    "mo": "Airbus A340-542",
    "o": null,
    "st": "L4J",
    "ml": false
  },
  "600883": {
    "i": "600883",
    "r": "4K-AZ131",
    "it": "A139",
    "y": null,
    "m": null,
    "mo": "LEONARDO AW.139",
    "o": null,
    "st": "H2T",
    "ml": false
  },
  "601136": {
    "i": "601136",
    "r": "EX-37017",
    "it": "B733",
    "y": null,
    "m": null,
    "mo": "",
    "o": null,
    "st": "L2J",
    "ml": false
  },
  "60100d": {
    "i": "60100d",
    "r": "EX-00001",
    "it": "T154",
    "y": null,
    "m": null,
    "mo": "Tupolev Tu-154-M",
    "o": null,
    "st": "L3J",
    "ml": false
  },
  "6010dc": {
    "i": "6010dc",
    "r": "EX-2202",
    "it": "BCS3",
    "y": null,
    "m": null,
    "mo": "A220 300",
    "o": null,
    "st": "L2J",
    "ml": false
  },
  "601133": {
    "i": "601133",
    "r": "EX-12001",
    "it": "B350",
    "y": null,
    "m": null,
    "mo": "",
    "o": null,
    "st": "L2T",
    "ml": false
  },
  "600808": {
    "i": "600808",
    "r": "4K-JJ8",
    "it": "G280",
    "y": null,
    "m": null,
    "mo": "",
    "o": null,
    "st": "L2J",
    "ml": false
  },
  "60084d": {
    "i": "60084d",
    "r": "4K-AZ77",
    "it": "A320",
    "y": null,
    "m": null,
    "mo": "Airbus A320-214",
    "o": null,
    "st": "L2J",
    "ml": false
  },
  "600881": {
    "i": "600881",
    "r": "4K-78129",
    "it": "IL76",
    "y": null,
    "m": null,
    "mo": "",
    "o": null,
    "st": "L4J",
    "ml": true
  },
  "600bc6": {
    "i": "600bc6",
    "r": "4K-LAR",
    "it": "GLF4",
    "y": null,
    "m": null,
    "mo": "Gulfstream 4",
    "o": null,
    "st": "L2J",
    "ml": false
  },
  "60110d": {
    "i": "60110d",
    "r": "EX-88010",
    "it": "AS50",
    "y": null,
    "m": null,
    "mo": "",
    "o": null,
    "st": "H1T",
    "ml": false
  },
  "601828": {
    "i": "601828",
    "r": "EZ-A781",
    "it": "B77W",
    "y": null,
    "m": null,
    "mo": "Boeing 777-300ER",
    "o": null,
    "st": "L2J",
    "ml": false
  },
  "6000a2": {
    "i": "6000a2",
    "r": "EK73797",
    "it": "B735",
    "y": null,
    "m": null,
    "mo": "Boeing 737 505",
    "o": null,
    "st": "L2J",
    "ml": false
  },
  "600854": {
    "i": "600854",
    "r": "4K-AZ84",
    "it": "A320",
    "y": null,
    "m": null,
    "mo": "Airbus A320-214",
    "o": null,
    "st": "L2J",
    "ml": false
  },
  "60087f": {
    "i": "60087f",
    "r": "4K-AZ127",
    "it": "A139",
    "y": null,
    "m": null,
    "mo": "AgustaWestland AW.139",
    "o": null,
    "st": "H2T",
    "ml": false
  },
  "6010d1": {
    "i": "6010d1",
    "r": "EX-32005",
    "it": "A320",
    "y": null,
    "m": null,
    "mo": "Airbus A320 231",
    "o": null,
    "st": "L2J",
    "ml": false
  },
  "60001c": {
    "i": "60001c",
    "r": "EK-HAY",
    "it": "B734",
    "y": null,
    "m": null,
    "mo": "Boeing 737-46Q(SF)",
    "o": null,
    "st": "L2J",
    "ml": false
  },
  "601834": {
    "i": "601834",
    "r": "EZ-A018",
    "it": "B738",
    "y": null,
    "m": null,
    "mo": "Boeing 737-82K",
    "o": null,
    "st": "L2J",
    "ml": false
  },
  "60000b": {
    "i": "60000b",
    "r": "EK32003",
    "it": "A320",
    "y": null,
    "m": null,
    "mo": "",
    "o": null,
    "st": "L2J",
    "ml": false
  },
  "600010": {
    "i": "600010",
    "r": "EK73736",
    "it": "B735",
    "y": null,
    "m": null,
    "mo": "Boeing 737-505",
    "o": null,
    "st": "L2J",
    "ml": false
  },
  "600805": {
    "i": "600805",
    "r": "4K-AZ05",
    "it": "A319",
    "y": null,
    "m": null,
    "mo": "Airbus A319-111",
    "o": null,
    "st": "L2J",
    "ml": false
  },
  "600b28": {
    "i": "600b28",
    "r": "4K-AZ808",
    "it": "AT45",
    "y": null,
    "m": null,
    "mo": "Atr ATR 42-500",
    "o": null,
    "st": "L2T",
    "ml": false
  },
  "600b5d": {
    "i": "600b5d",
    "r": "40860",
    "it": "C27J",
    "y": null,
    "m": null,
    "mo": "",
    "o": null,
    "st": "L2T",
    "ml": true
  },
  "600be8": {
    "i": "600be8",
    "r": "4K-AI01",
    "it": "B763",
    "y": null,
    "m": null,
    "mo": "Boeing 767-32L",
    "o": null,
    "st": "L2J",
    "ml": false
  },
  "600012": {
    "i": "600012",
    "r": "EK-SHC",
    "it": "B735",
    "y": null,
    "m": null,
    "mo": "",
    "o": null,
    "st": "L2J",
    "ml": false
  },
  "600031": {
    "i": "600031",
    "r": "EK-FOB",
    "it": "A320",
    "y": null,
    "m": null,
    "mo": "",
    "o": null,
    "st": "L2J",
    "ml": false
  },
  "60005b": {
    "i": "60005b",
    "r": "EK42470",
    "it": "YK42",
    "y": null,
    "m": null,
    "mo": "Yakovlev Yak-42 D",
    "o": null,
    "st": "L3J",
    "ml": false
  },
  "600b78": {
    "i": "600b78",
    "r": "4K-AZ888",
    "it": "GLF4",
    "y": null,
    "m": null,
    "mo": "Gulfstream 4",
    "o": null,
    "st": "L2J",
    "ml": false
  },
  "601127": {
    "i": "601127",
    "r": "EX-06002",
    "it": "MI26",
    "y": null,
    "m": null,
    "mo": "",
    "o": null,
    "st": "H2T",
    "ml": false
  },
  "60184f": {
    "i": "60184f",
    "r": "EZ-F426",
    "it": "IL76",
    "y": null,
    "m": null,
    "mo": "Ilyushin IL-76-TD",
    "o": null,
    "st": "L4J",
    "ml": false
  },
  "601856": {
    "i": "601856",
    "r": "EZ-S720",
    "it": "S92",
    "y": null,
    "m": null,
    "mo": "Sikorsky S-92-A",
    "o": null,
    "st": "H2T",
    "ml": false
  },
  "600bb7": {
    "i": "600bb7",
    "r": "FHN-10201",
    "it": "BER2",
    "y": null,
    "m": null,
    "mo": "",
    "o": null,
    "st": "A2J",
    "ml": true
  },
  "60112f": {
    "i": "60112f",
    "r": "EX-77017",
    "it": "NG5",
    "y": null,
    "m": null,
    "mo": "",
    "o": null,
    "st": "L1P",
    "ml": false
  },
  "60183c": {
    "i": "60183c",
    "r": "EZ-A016",
    "it": "B738",
    "y": null,
    "m": null,
    "mo": "Boeing 737-82K",
    "o": null,
    "st": "L2J",
    "ml": false
  },
  "600856": {
    "i": "600856",
    "r": "4K-AZ86",
    "it": "A345",
    "y": null,
    "m": null,
    "mo": "Airbus A340-542",
    "o": null,
    "st": "L4J",
    "ml": false
  },
  "600880": {
    "i": "600880",
    "r": "4K-AZ128",
    "it": "A139",
    "y": null,
    "m": null,
    "mo": "",
    "o": null,
    "st": "H2T",
    "ml": false
  },
  "6010b3": {
    "i": "6010b3",
    "r": "EX-30001",
    "it": "A30B",
    "y": null,
    "m": null,
    "mo": "",
    "o": null,
    "st": "L2J",
    "ml": false
  },
  "601154": {
    "i": "601154",
    "r": "EX-76024",
    "it": "IL76",
    "y": null,
    "m": null,
    "mo": "",
    "o": null,
    "st": "L4J",
    "ml": false
  },
  "601859": {
    "i": "601859",
    "r": "EZ-A005",
    "it": "B738",
    "y": null,
    "m": null,
    "mo": "Boeing 737NG 82K/W",
    "o": null,
    "st": "L2J",
    "ml": false
  },
  "60088f": {
    "i": "60088f",
    "r": "4K-AZ143",
    "it": "A20N",
    "y": null,
    "m": null,
    "mo": "",
    "o": null,
    "st": "L2J",
    "ml": false
  },
  "6010d5": {
    "i": "6010d5",
    "r": "EX-37020",
    "it": "B733",
    "y": null,
    "m": null,
    "mo": "",
    "o": null,
    "st": "L2J",
    "ml": false
  },
  "6010ef": {
    "i": "6010ef",
    "r": "EX-32008",
    "it": "A320",
    "y": null,
    "m": null,
    "mo": "",
    "o": null,
    "st": "L2J",
    "ml": false
  },
  "601846": {
    "i": "601846",
    "r": "EZ-A011",
    "it": "B752",
    "y": null,
    "m": null,
    "mo": "Boeing 757-22K",
    "o": null,
    "st": "L2J",
    "ml": false
  },
  "601848": {
    "i": "601848",
    "r": "EZ-F428",
    "it": "IL76",
    "y": null,
    "m": null,
    "mo": "Ilyushin IL-76 TD",
    "o": null,
    "st": "L4J",
    "ml": false
  },
  "601860": {
    "i": "601860",
    "r": "EZ-A009",
    "it": "B737",
    "y": null,
    "m": null,
    "mo": "Boeing 737-7GL",
    "o": null,
    "st": "L2J",
    "ml": false
  },
  "60080c": {
    "i": "60080c",
    "r": "4K-AZ12",
    "it": "B752",
    "y": null,
    "m": null,
    "mo": "Boeing 757-22L",
    "o": null,
    "st": "L2J",
    "ml": false
  },
  "600a64": {
    "i": "600a64",
    "r": "GND",
    "it": "GND",
    "y": null,
    "m": null,
    "mo": "",
    "o": null,
    "st": "V0-",
    "ml": false
  },
  "600bc8": {
    "i": "600bc8",
    "r": "4K-ASG",
    "it": "GLF6",
    "y": null,
    "m": null,
    "mo": "Gulfstream 6",
    "o": null,
    "st": "L2J",
    "ml": false
  },
  "6010eb": {
    "i": "6010eb",
    "r": "EX-47003",
    "it": "B744",
    "y": null,
    "m": null,
    "mo": "",
    "o": null,
    "st": "L4J",
    "ml": false
  },
  "60183d": {
    "i": "60183d",
    "r": "EZ-A015",
    "it": "B738",
    "y": null,
    "m": null,
    "mo": "Boeing 737-82K",
    "o": null,
    "st": "L2J",
    "ml": false
  },
  "600024": {
    "i": "600024",
    "r": "EK73705",
    "it": "B738",
    "y": null,
    "m": null,
    "mo": "Boeing 737-8FH",
    "o": null,
    "st": "L2J",
    "ml": false
  },
  "600829": {
    "i": "600829",
    "r": "4K-AZ41",
    "it": "IL76",
    "y": null,
    "m": null,
    "mo": "Ilyushin IL-76-TD",
    "o": null,
    "st": "L4J",
    "ml": false
  },
  "600b21": {
    "i": "600b21",
    "r": "4K-SW888",
    "it": "B744",
    "y": null,
    "m": null,
    "mo": "Boeing 747-4R7F",
    "o": null,
    "st": "L4J",
    "ml": false
  },
  "600019": {
    "i": "600019",
    "r": "EK-H006",
    "it": "B429",
    "y": null,
    "m": null,
    "mo": "",
    "o": null,
    "st": "H2T",
    "ml": false
  },
  "600b25": {
    "i": "600b25",
    "r": "4K-BCV",
    "it": "B744",
    "y": null,
    "m": null,
    "mo": "Boeing 747-4H6F",
    "o": null,
    "st": "L4J",
    "ml": false
  },
  "60111d": {
    "i": "60111d",
    "r": "EX-88014",
    "it": "EC45",
    "y": null,
    "m": null,
    "mo": "",
    "o": null,
    "st": "H2T",
    "ml": false
  },
  "601144": {
    "i": "601144",
    "r": "EX-21002",
    "it": "DH8D",
    "y": null,
    "m": null,
    "mo": "",
    "o": null,
    "st": "L2T",
    "ml": false
  },
  "601858": {
    "i": "601858",
    "r": "EZ-A004",
    "it": "B738",
    "y": null,
    "m": null,
    "mo": "737NG 82K/W",
    "o": null,
    "st": "L2J",
    "ml": false
  },
  "600002": {
    "i": "600002",
    "r": "EK-YRA",
    "it": "A320",
    "y": null,
    "m": null,
    "mo": "",
    "o": null,
    "st": "L2J",
    "ml": false
  },
  "600018": {
    "i": "600018",
    "r": "EK-AAD",
    "it": "A321",
    "y": null,
    "m": null,
    "mo": "",
    "o": null,
    "st": "L2J",
    "ml": false
  },
  "60003c": {
    "i": "60003c",
    "r": "701",
    "it": "A319",
    "y": null,
    "m": null,
    "mo": "Airbus A319 132",
    "o": null,
    "st": "L2J",
    "ml": true
  },
  "600866": {
    "i": "600866",
    "r": "4K-AZ102",
    "it": "IL76",
    "y": null,
    "m": null,
    "mo": "",
    "o": null,
    "st": "L4J",
    "ml": false
  },
  "6010df": {
    "i": "6010df",
    "r": "EX-76003",
    "it": "IL76",
    "y": null,
    "m": null,
    "mo": "Ilyushin IL-76 TD",
    "o": null,
    "st": "L4J",
    "ml": false
  },
  "601107": {
    "i": "601107",
    "r": "EX-88008",
    "it": "PRM1",
    "y": null,
    "m": null,
    "mo": "Raytheon 390 Premier IA",
    "o": null,
    "st": "L2J",
    "ml": false
  },
  "60001e": {
    "i": "60001e",
    "r": "EK4117",
    "it": "L410",
    "y": null,
    "m": null,
    "mo": "Let L-410-UVP-E20",
    "o": null,
    "st": "L2T",
    "ml": false
  },
  "60002a": {
    "i": "60002a",
    "r": "EK-SHD",
    "it": "B736",
    "y": null,
    "m": null,
    "mo": "",
    "o": null,
    "st": "L2J",
    "ml": false
  },
  "6010b0": {
    "i": "6010b0",
    "r": "EX-32007",
    "it": "A320",
    "y": null,
    "m": null,
    "mo": "Airbus A320-231",
    "o": null,
    "st": "L2J",
    "ml": false
  },
  "60112d": {
    "i": "60112d",
    "r": "EX-76012",
    "it": "IL76",
    "y": null,
    "m": null,
    "mo": "",
    "o": null,
    "st": "L4J",
    "ml": false
  },
  "600045": {
    "i": "600045",
    "r": "EK-500",
    "it": "P46T",
    "y": null,
    "m": null,
    "mo": "",
    "o": null,
    "st": "L1T",
    "ml": false
  },
  "600852": {
    "i": "600852",
    "r": "4K-AZ82",
    "it": "B763",
    "y": null,
    "m": null,
    "mo": "Boeing 767-32L",
    "o": null,
    "st": "L2J",
    "ml": false
  },
  "600bc7": {
    "i": "600bc7",
    "r": "4K-JJ888",
    "it": "GLF5",
    "y": null,
    "m": null,
    "mo": "Gulfstream 5",
    "o": null,
    "st": "L2J",
    "ml": false
  },
  "6010c5": {
    "i": "6010c5",
    "r": "EX-37015",
    "it": "B733",
    "y": null,
    "m": null,
    "mo": "Boeing 737-3K2",
    "o": null,
    "st": "L2J",
    "ml": false
  },
  "600044": {
    "i": "600044",
    "r": "EK-TBM",
    "it": "TBM9",
    "y": null,
    "m": null,
    "mo": "",
    "o": null,
    "st": "L1T",
    "ml": false
  },
  "600842": {
    "i": "600842",
    "r": "4K-AZ66",
    "it": "E190",
    "y": null,
    "m": null,
    "mo": "Embraer Emb-190-100IGW",
    "o": null,
    "st": "L2J",
    "ml": false
  },
  "600853": {
    "i": "600853",
    "r": "4K-AZ83",
    "it": "A320",
    "y": null,
    "m": null,
    "mo": "Airbus A320-214",
    "o": null,
    "st": "L2J",
    "ml": false
  },
  "600b26": {
    "i": "600b26",
    "r": "4K-BBH",
    "it": "B748",
    "y": null,
    "m": null,
    "mo": "Boeing 747-83QF",
    "o": null,
    "st": "L4J",
    "ml": false
  },
  "601833": {
    "i": "601833",
    "r": "EZ-A019",
    "it": "B738",
    "y": null,
    "m": null,
    "mo": "Boeing 737-800",
    "o": null,
    "st": "L2J",
    "ml": false
  },
  "601850": {
    "i": "601850",
    "r": "EZ-F427",
    "it": "IL76",
    "y": null,
    "m": null,
    "mo": "Ilyushin IL-76-TD",
    "o": null,
    "st": "L4J",
    "ml": false
  },
  "600003": {
    "i": "600003",
    "r": "EK-YRC",
    "it": "A320",
    "y": null,
    "m": null,
    "mo": "",
    "o": null,
    "st": "L2J",
    "ml": false
  },
  "600035": {
    "i": "600035",
    "r": "EK74779",
    "it": "B742",
    "y": null,
    "m": null,
    "mo": "",
    "o": null,
    "st": "L4J",
    "ml": false
  },
  "60084f": {
    "i": "60084f",
    "r": "4K-AZ79",
    "it": "A320",
    "y": null,
    "m": null,
    "mo": "Airbus A320-214",
    "o": null,
    "st": "L2J",
    "ml": false
  },
  "601137": {
    "i": "601137",
    "r": "EX-76017",
    "it": "IL76",
    "y": null,
    "m": null,
    "mo": "",
    "o": null,
    "st": "L4J",
    "ml": false
  },
  "60185e": {
    "i": "60185e",
    "r": "EZ-A006",
    "it": "B737",
    "y": null,
    "m": null,
    "mo": "Boeing 737NG 7GL/W",
    "o": null,
    "st": "L2J",
    "ml": false
  },
  "600008": {
    "i": "600008",
    "r": "EK-MGG",
    "it": "M600",
    "y": null,
    "m": null,
    "mo": "",
    "o": null,
    "st": "L1T",
    "ml": false
  },
  "60003a": {
    "i": "60003a",
    "r": "EK11810",
    "it": "AN12",
    "y": null,
    "m": null,
    "mo": "Antonov An-12 BP",
    "o": null,
    "st": "L4T",
    "ml": false
  },
  "6010f7": {
    "i": "6010f7",
    "r": "EX-32009",
    "it": "A320",
    "y": null,
    "m": null,
    "mo": "",
    "o": null,
    "st": "L2J",
    "ml": false
  },
  "601115": {
    "i": "601115",
    "r": "EX-32010",
    "it": "A320",
    "y": null,
    "m": null,
    "mo": "",
    "o": null,
    "st": "L2J",
    "ml": false
  },
  "60182d": {
    "i": "60182d",
    "r": "EZ-L486",
    "it": "MI8",
    "y": null,
    "m": null,
    "mo": "",
    "o": null,
    "st": "H2T",
    "ml": false
  },
  "60000c": {
    "i": "60000c",
    "r": "EK32008",
    "it": "A320",
    "y": null,
    "m": null,
    "mo": "Airbus A320-211",
    "o": null,
    "st": "L2J",
    "ml": false
  },
  "6010c3": {
    "i": "6010c3",
    "r": "EX-27005",
    "it": "RJ85",
    "y": null,
    "m": null,
    "mo": "British Aerospace Avro RJ85",
    "o": null,
    "st": "L4J",
    "ml": false
  },
  "60182b": {
    "i": "60182b",
    "r": "EZ-F429",
    "it": "A332",
    "y": null,
    "m": null,
    "mo": "",
    "o": null,
    "st": "L2J",
    "ml": false
  },
  "600b22": {
    "i": "600b22",
    "r": "4K-BCH",
    "it": "B744",
    "y": null,
    "m": null,
    "mo": "",
    "o": null,
    "st": "L4J",
    "ml": false
  },
  "601100": {
    "i": "601100",
    "r": "EX-37010",
    "it": "B733",
    "y": null,
    "m": null,
    "mo": "Boeing 737-3L9",
    "o": null,
    "st": "L2J",
    "ml": false
  },
  "601119": {
    "i": "601119",
    "r": "EX-26002",
    "it": "AN26",
    "y": null,
    "m": null,
    "mo": "",
    "o": null,
    "st": "L2T",
    "ml": false
  },
  "601125": {
    "i": "601125",
    "r": "EX-76016",
    "it": "IL76",
    "y": null,
    "m": null,
    "mo": "",
    "o": null,
    "st": "L4J",
    "ml": false
  },
  "60113c": {
    "i": "60113c",
    "r": "EX-76019",
    "it": "IL76",
    "y": null,
    "m": null,
    "mo": "",
    "o": null,
    "st": "L4J",
    "ml": false
  },
  "6010e8": {
    "i": "6010e8",
    "r": "EX-76006",
    "it": "IL76",
    "y": null,
    "m": null,
    "mo": "",
    "o": null,
    "st": "L4J",
    "ml": false
  },
  "6010e3": {
    "i": "6010e3",
    "r": "EX-47002",
    "it": "B742",
    "y": null,
    "m": null,
    "mo": "Boeing 747-251B",
    "o": null,
    "st": "L4J",
    "ml": false
  },
  "601122": {
    "i": "601122",
    "r": "EX-30006",
    "it": "A30B",
    "y": null,
    "m": null,
    "mo": "",
    "o": null,
    "st": "L2J",
    "ml": false
  },
  "60113f": {
    "i": "60113f",
    "r": "EX-76020",
    "it": "IL76",
    "y": null,
    "m": null,
    "mo": "",
    "o": null,
    "st": "L4J",
    "ml": false
  },
  "600806": {
    "i": "600806",
    "r": "4K-AI06",
    "it": "GLF5",
    "y": null,
    "m": null,
    "mo": "Gulfstream Aerospace G550",
    "o": null,
    "st": "L2J",
    "ml": false
  },
  "601103": {
    "i": "601103",
    "r": "EX-47004",
    "it": "B742",
    "y": null,
    "m": null,
    "mo": "",
    "o": null,
    "st": "L4J",
    "ml": false
  },
  "60182e": {
    "i": "60182e",
    "r": "EZ-A780",
    "it": "B77L",
    "y": null,
    "m": null,
    "mo": "Boeing 777 200LR",
    "o": null,
    "st": "L2J",
    "ml": false
  },
  "601131": {
    "i": "601131",
    "r": "EX-76015",
    "it": "IL76",
    "y": null,
    "m": null,
    "mo": "",
    "o": null,
    "st": "L4J",
    "ml": false
  },
  "60111f": {
    "i": "60111f",
    "r": "EX-76010",
    "it": "IL76",
    "y": null,
    "m": null,
    "mo": "",
    "o": null,
    "st": "L4J",
    "ml": false
  },
  "60185b": {
    "i": "60185b",
    "r": "EZ-B022",
    "it": "CL60",
    "y": null,
    "m": null,
    "mo": "Bombardier Challenger 605",
    "o": null,
    "st": "L2J",
    "ml": false
  },
  "6010ee": {
    "i": "6010ee",
    "r": "EX-30003",
    "it": "A30B",
    "y": null,
    "m": null,
    "mo": "",
    "o": null,
    "st": "L2J",
    "ml": false
  },
  "601831": {
    "i": "601831",
    "r": "EZ-A700",
    "it": "B737",
    "y": null,
    "m": null,
    "mo": "Boeing 737NG 700/W BBJ",
    "o": null,
    "st": "L2J",
    "ml": false
  },
  "6010e2": {
    "i": "6010e2",
    "r": "EX-47001",
    "it": "B742",
    "y": null,
    "m": null,
    "mo": "Boeing 747 222BF",
    "o": null,
    "st": "L4J",
    "ml": false
  },
  "60005f": {
    "i": "60005f",
    "r": "EW-412TH",
    "it": "IL76",
    "y": null,
    "m": null,
    "mo": "Ilyushin IL-76-TD",
    "o": null,
    "st": "L4J",
    "ml": false
  },
  "6010f6": {
    "i": "6010f6",
    "r": "EX-76008",
    "it": "IL76",
    "y": null,
    "m": null,
    "mo": "",
    "o": null,
    "st": "L4J",
    "ml": false
  },
  "6010f3": {
    "i": "6010f3",
    "r": "EX-30002",
    "it": "A30B",
    "y": null,
    "m": null,
    "mo": "",
    "o": null,
    "st": "L2J",
    "ml": false
  },
  "60185c": {
    "i": "60185c",
    "r": "EZ-B023",
    "it": "CL60",
    "y": null,
    "m": null,
    "mo": "Bombardier Challenger 605",
    "o": null,
    "st": "L2J",
    "ml": false
  },
  "6010e9": {
    "i": "6010e9",
    "r": "EX-76007",
    "it": "IL76",
    "y": null,
    "m": null,
    "mo": "",
    "o": null,
    "st": "L4J",
    "ml": false
  },
  "601842": {
    "i": "601842",
    "r": "EZ-A010",
    "it": "B752",
    "y": null,
    "m": null,
    "mo": "Boeing 757-23A",
    "o": null,
    "st": "L2J",
    "ml": false
  },
  "60000a": {
    "i": "60000a",
    "r": "EK-32002",
    "it": "A320",
    "y": null,
    "m": null,
    "mo": null,
    "o": null,
    "st": "L2J",
    "ml": false
  },
  "600023": {
    "i": "600023",
    "r": "EK-73786",
    "it": "B737",
    "y": null,
    "m": null,
    "mo": null,
    "o": null,
    "st": "L2J",
    "ml": false
  },
  "600841": {
    "i": "600841",
    "r": "4KAZ65",
    "it": "E190",
    "y": null,
    "m": null,
    "mo": null,
    "o": null,
    "st": "L2J",
    "ml": false
  },
  "60083c": {
    "i": "60083c",
    "r": "4KAZ60",
    "it": "IL76",
    "y": null,
    "m": null,
    "mo": null,
    "o": null,
    "st": "L4J",
    "ml": false
  },
  "600875": {
    "i": "600875",
    "r": "4K-AZ117",
    "it": "A139",
    "y": null,
    "m": "AGUSTA WESTLAND",
    "mo": "AW-139",
    "o": null,
    "st": "H2T",
    "ml": false
  },
  "60183a": {
    "i": "60183a",
    "r": "EZ-A778",
    "it": "B77L",
    "y": null,
    "m": "BOEING",
    "mo": "777-200LR",
    "o": null,
    "st": "L2J",
    "ml": false
  },
  "600039": {
    "i": "600039",
    "r": "76310",
    "it": "IL76",
    "y": null,
    "m": "ILYUSHIN",
    "mo": "Il-76/82",
    "o": null,
    "st": "L4J",
    "ml": true
  },
  "600bc4": {
    "i": "600bc4",
    "r": "4K-AI88",
    "it": "GLF6",
    "y": null,
    "m": "GULFSTREAM",
    "mo": "G650",
    "o": "Government of Azerbaijan",
    "st": "L2J",
    "ml": true
  },
  "600bc0": {
    "i": "600bc0",
    "r": "4K-AI08",
    "it": "A346",
    "y": null,
    "m": "AIRBUS",
    "mo": "A340-600",
    "o": "Government of Azerbaijan",
    "st": "L4J",
    "ml": true
  },
  "600807": {
    "i": "600807",
    "r": "4K-AI07",
    "it": "A320",
    "y": null,
    "m": "AIRBUS",
    "mo": "A-320",
    "o": "Government of Azerbaijan",
    "st": "L2J",
    "ml": true
  },
  "600801": {
    "i": "600801",
    "r": "4K-8888",
    "it": "A319",
    "y": null,
    "m": "AIRBUS",
    "mo": "A-319",
    "o": "Government of Azerbaijan",
    "st": "L2J",
    "ml": true
  },
  "60185a": {
    "i": "60185a",
    "r": "EZ-A007",
    "it": "B737",
    "y": null,
    "m": "Boeing",
    "mo": "737NG 7GL/W",
    "o": "Government of Turkmenistan",
    "st": "L2J",
    "ml": true
  },
  "601142": {
    "i": "601142",
    "r": "EX-10001",
    "it": "A320",
    "y": null,
    "m": "AIRBUS",
    "mo": "A-320",
    "o": "Government of Kyrgyzstan",
    "st": "L2J",
    "ml": true
  },
  "60181a": {
    "i": "60181a",
    "r": "21",
    "it": "C27J",
    "y": null,
    "m": "ALENIA",
    "mo": "C-27J Spartan",
    "o": null,
    "st": "L2T",
    "ml": true
  },
  "601819": {
    "i": "601819",
    "r": "20",
    "it": "C27J",
    "y": null,
    "m": "ALENIA",
    "mo": "C-27J Spartan",
    "o": null,
    "st": "L2T",
    "ml": true
  },
  "601803": {
    "i": "601803",
    "r": "17",
    "it": "AN72",
    "y": null,
    "m": "ANTONOV",
    "mo": "An-72",
    "o": null,
    "st": "L2J",
    "ml": true
  },
  "600036": {
    "i": "600036",
    "r": "EK-H003",
    "it": "AS50",
    "y": null,
    "m": "AEROSPATIALE",
    "mo": "AS-350 Ecureuil",
    "o": null,
    "st": "H1T",
    "ml": false
  },
  "600be9": {
    "i": "600be9",
    "r": "4K-AI001",
    "it": "B77L",
    "y": null,
    "m": "BOEING",
    "mo": "777-200LR",
    "o": "Government of Azerbaijan",
    "st": "L2J",
    "ml": true
  },
  "601861": {
    "i": "601861",
    "r": "EZ-A777",
    "it": "B77L",
    "y": null,
    "m": "Boeing",
    "mo": "777 22KLR",
    "o": "Government of Turkmenistan",
    "st": "L2J",
    "ml": true
  },
  "60183e": {
    "i": "60183e",
    "r": "EZ-B024",
    "it": "CRJ7",
    "y": null,
    "m": "BOMBARDIER",
    "mo": "CHALLENGER 870",
    "o": "Government of Turkmenistan",
    "st": "L2J",
    "ml": true
  },
  "601147": {
    "i": "601147",
    "r": "EX-76022",
    "it": "IL76",
    "y": null,
    "m": "ILYUSHIN",
    "mo": "Il-76/82",
    "o": null,
    "st": "L4J",
    "ml": false
  },
  "6010ec": {
    "i": "6010ec",
    "r": "EX-76008",
    "it": "IL76",
    "y": null,
    "m": "ILYUSHIN",
    "mo": "Il-76/82",
    "o": null,
    "st": "L4J",
    "ml": false
  },
  "601825": {
    "i": "601825",
    "r": "EZ-G7500",
    "it": "GL7T",
    "y": null,
    "m": "BOMBARDIER",
    "mo": "BD-700 Global Express",
    "o": "Government of Turkmenistan",
    "st": "L2J",
    "ml": true
  }
}