{
  "682167": {
    "i": "682167",
    "r": "JU-1812",
    "it": "E190",
    "y": null,
    "m": null,
    "mo": "",
    "o": null,
    "st": "L2J",
    "ml": false
  },
  "6831c8": {
    "i": "6831c8",
    "r": "UP-F1001",
    "it": "F100",
    "y": null,
    "m": null,
    "mo": "Fokker F100",
    "o": null,
    "st": "L2J",
    "ml": false
  },
  "68325c": {
    "i": "68325c",
    "r": "UP-B3719",
    "it": "B733",
    "y": null,
    "m": null,
    "mo": "Boeing 737 330",
    "o": null,
    "st": "L2J",
    "ml": false
  },
  "683285": {
    "i": "683285",
    "r": "UP-CS502",
    "it": "C750",
    "y": null,
    "m": null,
    "mo": "Cessna Citation X",
    "o": null,
    "st": "L2J",
    "ml": false
  },
  "683297": {
    "i": "683297",
    "r": "UP-B3731",
    "it": "B738",
    "y": null,
    "m": null,
    "mo": "Boeing 737-82R",
    "o": null,
    "st": "L2J",
    "ml": false
  },
  "683323": {
    "i": "683323",
    "r": "UP-B3733",
    "it": "B738",
    "y": null,
    "m": null,
    "mo": "",
    "o": null,
    "st": "L2J",
    "ml": false
  },
  "6822da": {
    "i": "6822da",
    "r": "JU-1332",
    "it": "A332",
    "y": null,
    "m": null,
    "mo": "",
    "o": null,
    "st": "L2J",
    "ml": false
  },
  "683065": {
    "i": "683065",
    "r": "UP-Y4204",
    "it": "YK42",
    "y": null,
    "m": null,
    "mo": "Yakovlev Yak-42-D",
    "o": null,
    "st": "L3J",
    "ml": false
  },
  "6830e7": {
    "i": "6830e7",
    "r": "UP-AW904",
    "it": "A139",
    "y": null,
    "m": null,
    "mo": "Agusta-Westland AW-139",
    "o": null,
    "st": "H2T",
    "ml": false
  },
  "683288": {
    "i": "683288",
    "r": "UP-L4110",
    "it": "L410",
    "y": null,
    "m": null,
    "mo": "Let L-410 UVP-E20",
    "o": null,
    "st": "L2T",
    "ml": false
  },
  "6832ad": {
    "i": "6832ad",
    "r": "UP-PC004",
    "it": "PC12",
    "y": null,
    "m": null,
    "mo": "",
    "o": null,
    "st": "L1T",
    "ml": false
  },
  "6832af": {
    "i": "6832af",
    "r": "UP-PC005",
    "it": "PC12",
    "y": null,
    "m": null,
    "mo": "Pilatus PC-12 NGX",
    "o": null,
    "st": "L1T",
    "ml": false
  },
  "683328": {
    "i": "683328",
    "r": "UP-B3736",
    "it": "B738",
    "y": null,
    "m": null,
    "mo": "Boeing 737-8HX",
    "o": null,
    "st": "L2J",
    "ml": false
  },
  "682003": {
    "i": "682003",
    "r": "MT-1110",
    "it": "EC45",
    "y": null,
    "m": null,
    "mo": "",
    "o": null,
    "st": "H2T",
    "ml": false
  },
  "682211": {
    "i": "682211",
    "r": "JU-1021",
    "it": "B763",
    "y": null,
    "m": null,
    "mo": "Boeing 767-34G",
    "o": null,
    "st": "L2J",
    "ml": false
  },
  "68306a": {
    "i": "68306a",
    "r": "UP-T5401",
    "it": "T154",
    "y": null,
    "m": null,
    "mo": "",
    "o": null,
    "st": "L3J",
    "ml": true
  },
  "6830bb": {
    "i": "6830bb",
    "r": "UP-CS301",
    "it": "C25B",
    "y": null,
    "m": null,
    "mo": "Cessna 525",
    "o": null,
    "st": "L2J",
    "ml": false
  },
  "683000": {
    "i": "683000",
    "r": "UP-72850",
    "it": "AN72",
    "y": null,
    "m": null,
    "mo": "",
    "o": null,
    "st": "L2J",
    "ml": true
  },
  "683248": {
    "i": "683248",
    "r": "01YELLOW",
    "it": "AN12",
    "y": null,
    "m": null,
    "mo": "Shaanxi Y8F200W",
    "o": null,
    "st": "L4T",
    "ml": true
  },
  "68326e": {
    "i": "68326e",
    "r": "UP-B3725",
    "it": "B737",
    "y": null,
    "m": null,
    "mo": "Boeing 737-7GL",
    "o": null,
    "st": "L2J",
    "ml": false
  },
  "6832b1": {
    "i": "6832b1",
    "r": "UP-PC007",
    "it": "PC24",
    "y": null,
    "m": null,
    "mo": "",
    "o": null,
    "st": "L2J",
    "ml": false
  },
  "683330": {
    "i": "683330",
    "r": "UP-LA302",
    "it": "NG5",
    "y": null,
    "m": null,
    "mo": "",
    "o": null,
    "st": "L1P",
    "ml": false
  },
  "68000c": {
    "i": "68000c",
    "r": "A5-JKW",
    "it": "A20N",
    "y": null,
    "m": null,
    "mo": "Airbus A320-251N",
    "o": null,
    "st": "L2J",
    "ml": false
  },
  "6830f7": {
    "i": "6830f7",
    "r": "UP-Y4014",
    "it": "YK40",
    "y": null,
    "m": null,
    "mo": "Yakovlev Yak-40",
    "o": null,
    "st": "L3J",
    "ml": false
  },
  "683266": {
    "i": "683266",
    "r": "UP-B3720",
    "it": "B38M",
    "y": null,
    "m": null,
    "mo": "Boeing 737MAX 8",
    "o": null,
    "st": "L2J",
    "ml": false
  },
  "68329a": {
    "i": "68329a",
    "r": "UP-DH001",
    "it": "DH8D",
    "y": null,
    "m": null,
    "mo": "De Havilland Canada Dash 8-400",
    "o": null,
    "st": "L2T",
    "ml": false
  },
  "683318": {
    "i": "683318",
    "r": "UP-LA255",
    "it": "DA42",
    "y": null,
    "m": null,
    "mo": "",
    "o": null,
    "st": "L2P",
    "ml": false
  },
  "683278": {
    "i": "683278",
    "r": "UP-F1018",
    "it": "F100",
    "y": null,
    "m": null,
    "mo": "Fokker F100",
    "o": null,
    "st": "L2J",
    "ml": false
  },
  "68000b": {
    "i": "68000b",
    "r": "A5-JNW",
    "it": "AT46",
    "y": null,
    "m": null,
    "mo": "Atr ATR 42-600",
    "o": null,
    "st": "L2T",
    "ml": false
  },
  "6822b4": {
    "i": "6822b4",
    "r": "JU-5588",
    "it": "EC45",
    "y": null,
    "m": null,
    "mo": "",
    "o": null,
    "st": "H2T",
    "ml": false
  },
  "683277": {
    "i": "683277",
    "r": "UP-EM018",
    "it": "E35L",
    "y": null,
    "m": null,
    "mo": "Embraer ERJ-135",
    "o": null,
    "st": "L2J",
    "ml": false
  },
  "683301": {
    "i": "683301",
    "r": "UP-DH003",
    "it": "DH8D",
    "y": null,
    "m": null,
    "mo": "De Havilland Canada Dash 8-400",
    "o": null,
    "st": "L2T",
    "ml": false
  },
  "682d6d": {
    "i": "682d6d",
    "r": "JU-6555",
    "it": "AS50",
    "y": null,
    "m": null,
    "mo": "",
    "o": null,
    "st": "H1T",
    "ml": false
  },
  "682dff": {
    "i": "682dff",
    "r": "JU-6777",
    "it": "EC45",
    "y": null,
    "m": null,
    "mo": "",
    "o": null,
    "st": "H2T",
    "ml": false
  },
  "6830bd": {
    "i": "6830bd",
    "r": "UP-CS302",
    "it": "C25B",
    "y": null,
    "m": null,
    "mo": "Cessna 525",
    "o": null,
    "st": "L2J",
    "ml": false
  },
  "6831d0": {
    "i": "6831d0",
    "r": "18RED",
    "it": "AN12",
    "y": null,
    "m": null,
    "mo": "Antonov An-12BK",
    "o": null,
    "st": "L4T",
    "ml": false
  },
  "6831f2": {
    "i": "6831f2",
    "r": "02 RED",
    "it": "C295",
    "y": null,
    "m": null,
    "mo": "CASA C-295 M",
    "o": null,
    "st": "L2T",
    "ml": true
  },
  "683268": {
    "i": "683268",
    "r": "UP-B5705",
    "it": "B752",
    "y": null,
    "m": null,
    "mo": "",
    "o": null,
    "st": "L2J",
    "ml": false
  },
  "683273": {
    "i": "683273",
    "r": "UP-B3726",
    "it": "B39M",
    "y": null,
    "m": null,
    "mo": "",
    "o": null,
    "st": "L2J",
    "ml": false
  },
  "6832a9": {
    "i": "6832a9",
    "r": "UP-EM026",
    "it": "E35L",
    "y": null,
    "m": null,
    "mo": "",
    "o": null,
    "st": "L2J",
    "ml": false
  },
  "682308": {
    "i": "682308",
    "r": "JU-1410",
    "it": "A320",
    "y": null,
    "m": null,
    "mo": "",
    "o": null,
    "st": "L2J",
    "ml": false
  },
  "68323e": {
    "i": "68323e",
    "r": "UP-F1010",
    "it": "F100",
    "y": null,
    "m": null,
    "mo": "Fokker F100",
    "o": null,
    "st": "L2J",
    "ml": false
  },
  "683321": {
    "i": "683321",
    "r": "UP-PC003",
    "it": "PC12",
    "y": null,
    "m": null,
    "mo": "Pilatus PC-12 47E",
    "o": null,
    "st": "L1T",
    "ml": false
  },
  "680009": {
    "i": "680009",
    "r": "A5-DOR",
    "it": "A319",
    "y": null,
    "m": null,
    "mo": "Airbus A319-112",
    "o": null,
    "st": "L2J",
    "ml": false
  },
  "682455": {
    "i": "682455",
    "r": "JU-1109",
    "it": "B752",
    "y": null,
    "m": null,
    "mo": "",
    "o": null,
    "st": "L2J",
    "ml": false
  },
  "682b6d": {
    "i": "682b6d",
    "r": "JU-5555",
    "it": "EC30",
    "y": null,
    "m": null,
    "mo": "",
    "o": null,
    "st": "H1T",
    "ml": false
  },
  "68321f": {
    "i": "68321f",
    "r": "UP-F1009",
    "it": "F100",
    "y": null,
    "m": null,
    "mo": "Fokker F100",
    "o": null,
    "st": "L2J",
    "ml": false
  },
  "68213e": {
    "i": "68213e",
    "r": "JU-8811",
    "it": "E190",
    "y": null,
    "m": null,
    "mo": "Embraer Emb-190-100LR",
    "o": null,
    "st": "L2J",
    "ml": false
  },
  "683274": {
    "i": "683274",
    "r": "UP-B3727",
    "it": "B39M",
    "y": null,
    "m": null,
    "mo": "Boeing 737MAX 9",
    "o": null,
    "st": "L2J",
    "ml": false
  },
  "683275": {
    "i": "683275",
    "r": "UP-I7654",
    "it": "IL76",
    "y": null,
    "m": null,
    "mo": "Ilyushin IL-76 TD",
    "o": null,
    "st": "L4J",
    "ml": false
  },
  "68329b": {
    "i": "68329b",
    "r": "UP-DH002",
    "it": "DH8D",
    "y": null,
    "m": null,
    "mo": "",
    "o": null,
    "st": "L2T",
    "ml": false
  },
  "6832a5": {
    "i": "6832a5",
    "r": "UP-CS503",
    "it": "C750",
    "y": null,
    "m": null,
    "mo": "",
    "o": null,
    "st": "L2J",
    "ml": false
  },
  "6832ac": {
    "i": "6832ac",
    "r": "UP-LA311",
    "it": "RV10",
    "y": null,
    "m": null,
    "mo": "",
    "o": null,
    "st": "L1P",
    "ml": false
  },
  "68332b": {
    "i": "68332b",
    "r": "UP-B3739",
    "it": "B39M",
    "y": null,
    "m": null,
    "mo": "",
    "o": null,
    "st": "L2J",
    "ml": false
  },
  "6830a6": {
    "i": "6830a6",
    "r": "UP-EC501",
    "it": "EC25",
    "y": null,
    "m": null,
    "mo": "Eurocopter EC-225LP Super Puma Mk2+",
    "o": null,
    "st": "H2T",
    "ml": false
  },
  "6831f5": {
    "i": "6831f5",
    "r": "UP-F1005",
    "it": "F100",
    "y": null,
    "m": null,
    "mo": "Fokker F100",
    "o": null,
    "st": "L2J",
    "ml": false
  },
  "6831fe": {
    "i": "6831fe",
    "r": "UP-CJ012",
    "it": "CRJ2",
    "y": null,
    "m": null,
    "mo": "Bombardier CRJ 200ER",
    "o": null,
    "st": "L2J",
    "ml": false
  },
  "68303d": {
    "i": "68303d",
    "r": "UP-Y4202",
    "it": "YK42",
    "y": null,
    "m": null,
    "mo": "Yakovlev Yak-42 D",
    "o": null,
    "st": "L3J",
    "ml": false
  },
  "6831f1": {
    "i": "6831f1",
    "r": "01 RED",
    "it": "C295",
    "y": null,
    "m": null,
    "mo": "CASA C-295 M",
    "o": null,
    "st": "L2T",
    "ml": true
  },
  "68323b": {
    "i": "68323b",
    "r": "UP-Y4028",
    "it": "YK40",
    "y": null,
    "m": null,
    "mo": "Yakovlev Yak-40",
    "o": null,
    "st": "L3J",
    "ml": false
  },
  "683243": {
    "i": "683243",
    "r": "95100",
    "it": "SU95",
    "y": null,
    "m": null,
    "mo": "Sukhoi Superjet 100 95 B",
    "o": null,
    "st": "L2J",
    "ml": true
  },
  "6830f2": {
    "i": "6830f2",
    "r": "UP-A3003",
    "it": "A30B",
    "y": null,
    "m": null,
    "mo": "Airbus A300 B4-203F",
    "o": null,
    "st": "L2J",
    "ml": false
  },
  "6831f7": {
    "i": "6831f7",
    "r": "08 RED",
    "it": "C295",
    "y": null,
    "m": null,
    "mo": "CASA C-295 M",
    "o": null,
    "st": "L2T",
    "ml": true
  },
  "683223": {
    "i": "683223",
    "r": "74082",
    "it": "AN72",
    "y": null,
    "m": null,
    "mo": "Antonov An-74T-200",
    "o": null,
    "st": "L2J",
    "ml": false
  },
  "68332e": {
    "i": "68332e",
    "r": "UP-EC121",
    "it": "B105",
    "y": null,
    "m": null,
    "mo": "",
    "o": null,
    "st": "H2T",
    "ml": false
  },
  "682276": {
    "i": "682276",
    "r": "JU-1199",
    "it": "A319",
    "y": null,
    "m": null,
    "mo": "Airbus A319-112",
    "o": null,
    "st": "L2J",
    "ml": false
  },
  "682332": {
    "i": "682332",
    "r": "JU-1802",
    "it": "E145",
    "y": null,
    "m": null,
    "mo": "Embraer ERJ-145",
    "o": null,
    "st": "L2J",
    "ml": false
  },
  "683035": {
    "i": "683035",
    "r": "UP-AN205",
    "it": "AN12",
    "y": null,
    "m": null,
    "mo": "",
    "o": null,
    "st": "L4T",
    "ml": false
  },
  "683240": {
    "i": "683240",
    "r": "UP-B3717",
    "it": "B733",
    "y": null,
    "m": null,
    "mo": "Boeing 737-322",
    "o": null,
    "st": "L2J",
    "ml": false
  },
  "683296": {
    "i": "683296",
    "r": "UP-B3730",
    "it": "B738",
    "y": null,
    "m": null,
    "mo": "Boeing 737-82R",
    "o": null,
    "st": "L2J",
    "ml": false
  },
  "6832a2": {
    "i": "6832a2",
    "r": "UP-B3741",
    "it": "B738",
    "y": null,
    "m": null,
    "mo": "",
    "o": null,
    "st": "L2J",
    "ml": false
  },
  "6832a3": {
    "i": "6832a3",
    "r": "UP-B3742",
    "it": "B38M",
    "y": null,
    "m": null,
    "mo": "",
    "o": null,
    "st": "L2J",
    "ml": false
  },
  "6832bb": {
    "i": "6832bb",
    "r": "UP-EM029",
    "it": "E35L",
    "y": null,
    "m": null,
    "mo": "",
    "o": null,
    "st": "L2J",
    "ml": false
  },
  "682fe1": {
    "i": "682fe1",
    "r": "JU-8801",
    "it": "AT75",
    "y": null,
    "m": null,
    "mo": "",
    "o": null,
    "st": "L2T",
    "ml": false
  },
  "680014": {
    "i": "680014",
    "r": "A5-BHU",
    "it": "EC30",
    "y": null,
    "m": null,
    "mo": "",
    "o": null,
    "st": "H1T",
    "ml": false
  },
  "6831db": {
    "i": "6831db",
    "r": "UP-F1008",
    "it": "F100",
    "y": null,
    "m": null,
    "mo": "Fokker F100",
    "o": null,
    "st": "L2J",
    "ml": false
  },
  "6831f6": {
    "i": "6831f6",
    "r": "06-RED",
    "it": "C295",
    "y": null,
    "m": null,
    "mo": "CASA C-295 M",
    "o": null,
    "st": "L2T",
    "ml": true
  },
  "68327a": {
    "i": "68327a",
    "r": "UP-B3729",
    "it": "B733",
    "y": null,
    "m": null,
    "mo": "Boeing 737-3K2",
    "o": null,
    "st": "L2J",
    "ml": false
  },
  "68327e": {
    "i": "68327e",
    "r": "UP-AN740",
    "it": "AN72",
    "y": null,
    "m": null,
    "mo": "",
    "o": null,
    "st": "L2J",
    "ml": false
  },
  "6832a8": {
    "i": "6832a8",
    "r": "UP-AS008",
    "it": "AS50",
    "y": null,
    "m": null,
    "mo": "",
    "o": null,
    "st": "H1T",
    "ml": false
  },
  "6832ab": {
    "i": "6832ab",
    "r": "UP-HA003",
    "it": "H25B",
    "y": null,
    "m": null,
    "mo": "Hawker Beechcraft Corp Hawker 900XP",
    "o": null,
    "st": "L2J",
    "ml": false
  },
  "6832ae": {
    "i": "6832ae",
    "r": "UP-AV001",
    "it": "P180",
    "y": null,
    "m": null,
    "mo": "",
    "o": null,
    "st": "L2T",
    "ml": false
  },
  "683302": {
    "i": "683302",
    "r": "UP-DH004",
    "it": "DH8D",
    "y": null,
    "m": null,
    "mo": "De Havilland Canada Dash 8-400",
    "o": null,
    "st": "L2T",
    "ml": false
  },
  "6830e3": {
    "i": "6830e3",
    "r": "UP-C8503",
    "it": "CRJ2",
    "y": null,
    "m": null,
    "mo": "Canadair Regional-Jet-850",
    "o": null,
    "st": "L2J",
    "ml": false
  },
  "68324c": {
    "i": "68324c",
    "r": "65001",
    "it": "E35L",
    "y": null,
    "m": null,
    "mo": "Embraer ERJ-135",
    "o": null,
    "st": "L2J",
    "ml": true
  },
  "68325b": {
    "i": "68325b",
    "r": "UP-B3718",
    "it": "B733",
    "y": null,
    "m": null,
    "mo": "Boeing 737-3U3",
    "o": null,
    "st": "L2J",
    "ml": false
  },
  "683270": {
    "i": "683270",
    "r": "UP-I7652",
    "it": "IL76",
    "y": null,
    "m": null,
    "mo": "Ilyushin IL-76-TD",
    "o": null,
    "st": "L4J",
    "ml": false
  },
  "68333a": {
    "i": "68333a",
    "r": "UP-EM025",
    "it": "E35L",
    "y": null,
    "m": null,
    "mo": "",
    "o": null,
    "st": "L2J",
    "ml": false
  },
  "682278": {
    "i": "682278",
    "r": "JU-6886",
    "it": "R66",
    "y": null,
    "m": null,
    "mo": "",
    "o": null,
    "st": "H1T",
    "ml": false
  },
  "6832cc": {
    "i": "6832cc",
    "r": "UP-L4112",
    "it": "L410",
    "y": null,
    "m": null,
    "mo": "",
    "o": null,
    "st": "L2T",
    "ml": false
  },
  "683319": {
    "i": "683319",
    "r": "UP-LA262",
    "it": "DA42",
    "y": null,
    "m": null,
    "mo": "Diamond DA-42 Twin Star",
    "o": null,
    "st": "L2P",
    "ml": false
  },
  "68332c": {
    "i": "68332c",
    "r": "UP-B3740",
    "it": "B39M",
    "y": null,
    "m": null,
    "mo": "",
    "o": null,
    "st": "L2J",
    "ml": false
  },
  "683007": {
    "i": "683007",
    "r": "UP-RB007",
    "it": "R44",
    "y": null,
    "m": null,
    "mo": "",
    "o": null,
    "st": "H1P",
    "ml": false
  },
  "683063": {
    "i": "683063",
    "r": "UP-42721",
    "it": "YK42",
    "y": null,
    "m": null,
    "mo": "Yakovlev Yak-42 D",
    "o": null,
    "st": "L3J",
    "ml": false
  },
  "6831ce": {
    "i": "6831ce",
    "r": "07-RED",
    "it": "AN72",
    "y": null,
    "m": null,
    "mo": "Antonov An-72",
    "o": null,
    "st": "L2J",
    "ml": true
  },
  "683293": {
    "i": "683293",
    "r": "UP-PC001",
    "it": "PC12",
    "y": null,
    "m": null,
    "mo": "Pilatus PC-12/47E",
    "o": null,
    "st": "L1T",
    "ml": false
  },
  "68329e": {
    "i": "68329e",
    "r": "UP-AS005",
    "it": "AS50",
    "y": null,
    "m": null,
    "mo": "",
    "o": null,
    "st": "H1T",
    "ml": false
  },
  "683331": {
    "i": "683331",
    "r": "UP-MI858",
    "it": "MI8",
    "y": null,
    "m": null,
    "mo": "",
    "o": null,
    "st": "H2T",
    "ml": false
  },
  "6831dd": {
    "i": "6831dd",
    "r": "UP-CJ005",
    "it": "CRJ2",
    "y": null,
    "m": null,
    "mo": "Canadair Regional-Jet-200LR",
    "o": null,
    "st": "L2J",
    "ml": false
  },
  "6831f4": {
    "i": "6831f4",
    "r": "04-RED",
    "it": "C295",
    "y": null,
    "m": null,
    "mo": "CASA C-295 M",
    "o": null,
    "st": "L2T",
    "ml": true
  },
  "68325a": {
    "i": "68325a",
    "r": "UP-CJ014",
    "it": "CRJ2",
    "y": null,
    "m": null,
    "mo": "Canadair CL-600-2B19 Challenger 850",
    "o": null,
    "st": "L2J",
    "ml": false
  },
  "68326d": {
    "i": "68326d",
    "r": "UP-B3724",
    "it": "B735",
    "y": null,
    "m": null,
    "mo": "Boeing 737-548",
    "o": null,
    "st": "L2J",
    "ml": false
  },
  "68328f": {
    "i": "68328f",
    "r": "UP-EC040",
    "it": "EC45",
    "y": null,
    "m": null,
    "mo": "",
    "o": null,
    "st": "H2T",
    "ml": false
  },
  "6832a7": {
    "i": "6832a7",
    "r": "UP-AS009",
    "it": "AS50",
    "y": null,
    "m": null,
    "mo": "",
    "o": null,
    "st": "H1T",
    "ml": false
  },
  "6832bf": {
    "i": "6832bf",
    "r": "UP-EM028",
    "it": "E35L",
    "y": null,
    "m": null,
    "mo": "",
    "o": null,
    "st": "L2J",
    "ml": false
  },
  "68201d": {
    "i": "68201d",
    "r": "MT-1111",
    "it": "EC45",
    "y": null,
    "m": null,
    "mo": "",
    "o": null,
    "st": "H2T",
    "ml": false
  },
  "6831ea": {
    "i": "6831ea",
    "r": "UP-CJ008",
    "it": "CRJ2",
    "y": null,
    "m": null,
    "mo": "Bombardier CRJ 200LR",
    "o": null,
    "st": "L2J",
    "ml": false
  },
  "683324": {
    "i": "683324",
    "r": "UP-B3734",
    "it": "B738",
    "y": null,
    "m": null,
    "mo": "",
    "o": null,
    "st": "L2J",
    "ml": false
  },
  "682231": {
    "i": "682231",
    "r": "JU-1088",
    "it": "B738",
    "y": null,
    "m": null,
    "mo": "Boeing 737NG 8AL/W",
    "o": null,
    "st": "L2J",
    "ml": false
  },
  "683039": {
    "i": "683039",
    "r": "UP-I7604",
    "it": "IL76",
    "y": null,
    "m": null,
    "mo": "Ilyushin Il-76TD",
    "o": null,
    "st": "L4J",
    "ml": false
  },
  "6830f5": {
    "i": "6830f5",
    "r": "UP-Y4012",
    "it": "YK40",
    "y": null,
    "m": null,
    "mo": "Yakovlev Yak-40K",
    "o": null,
    "st": "L3J",
    "ml": false
  },
  "6831d1": {
    "i": "6831d1",
    "r": "UP-L4108",
    "it": "L410",
    "y": null,
    "m": null,
    "mo": "",
    "o": null,
    "st": "L2T",
    "ml": false
  },
  "683287": {
    "i": "683287",
    "r": "UP-L4109",
    "it": "L410",
    "y": null,
    "m": null,
    "mo": "",
    "o": null,
    "st": "L2T",
    "ml": false
  },
  "683292": {
    "i": "683292",
    "r": "UP-AN220",
    "it": "AN12",
    "y": null,
    "m": null,
    "mo": "",
    "o": null,
    "st": "L4T",
    "ml": false
  },
  "682065": {
    "i": "682065",
    "r": "JU-1800",
    "it": "E145",
    "y": null,
    "m": null,
    "mo": "Embraer ERJ-145",
    "o": null,
    "st": "L2J",
    "ml": false
  },
  "682db6": {
    "i": "682db6",
    "r": "JU-6666",
    "it": "EC45",
    "y": null,
    "m": null,
    "mo": "",
    "o": null,
    "st": "H2T",
    "ml": false
  },
  "68303a": {
    "i": "68303a",
    "r": "UP-I7605",
    "it": "IL76",
    "y": null,
    "m": null,
    "mo": "Ilyushin IL-76-TD",
    "o": null,
    "st": "L4J",
    "ml": false
  },
  "6831d6": {
    "i": "6831d6",
    "r": "UP-AW906",
    "it": "A139",
    "y": null,
    "m": null,
    "mo": "Agusta-Westland AW-139",
    "o": null,
    "st": "H2T",
    "ml": false
  },
  "683214": {
    "i": "683214",
    "r": "UP-EC021",
    "it": "EC45",
    "y": null,
    "m": null,
    "mo": "",
    "o": null,
    "st": "H2T",
    "ml": false
  },
  "683282": {
    "i": "683282",
    "r": "UP-I7646",
    "it": "IL76",
    "y": null,
    "m": null,
    "mo": "Ilyushin IL-76 TD",
    "o": null,
    "st": "L4J",
    "ml": false
  },
  "683298": {
    "i": "683298",
    "r": "UP-B3732",
    "it": "B738",
    "y": null,
    "m": null,
    "mo": "",
    "o": null,
    "st": "L2J",
    "ml": false
  },
  "683329": {
    "i": "683329",
    "r": "UP-B3737",
    "it": "B38M",
    "y": null,
    "m": null,
    "mo": "",
    "o": null,
    "st": "L2J",
    "ml": false
  },
  "68332d": {
    "i": "68332d",
    "r": "UP-EM023",
    "it": "E35L",
    "y": null,
    "m": null,
    "mo": "Embraer EMB-135BJ",
    "o": null,
    "st": "L2J",
    "ml": false
  },
  "6831d9": {
    "i": "6831d9",
    "r": "UP-CJ004",
    "it": "CRJ2",
    "y": null,
    "m": null,
    "mo": "Bombardier CRJ 200LR",
    "o": null,
    "st": "L2J",
    "ml": false
  },
  "6831e9": {
    "i": "6831e9",
    "r": "UP-EM010",
    "it": "E35L",
    "y": null,
    "m": null,
    "mo": "Embraer ERJ-135",
    "o": null,
    "st": "L2J",
    "ml": false
  },
  "683225": {
    "i": "683225",
    "r": "UP-F1014",
    "it": "F100",
    "y": null,
    "m": null,
    "mo": "Fokker F100",
    "o": null,
    "st": "L2J",
    "ml": false
  },
  "68326a": {
    "i": "68326a",
    "r": "UP-B3721",
    "it": "B733",
    "y": null,
    "m": null,
    "mo": "Boeing 737 3H4/W",
    "o": null,
    "st": "L2J",
    "ml": false
  },
  "68327b": {
    "i": "68327b",
    "r": "UP-EM019",
    "it": "E35L",
    "y": null,
    "m": null,
    "mo": "Embraer ERJ-135",
    "o": null,
    "st": "L2J",
    "ml": false
  },
  "682531": {
    "i": "682531",
    "r": "JU-5999",
    "it": "MI26",
    "y": null,
    "m": null,
    "mo": "",
    "o": null,
    "st": "H2T",
    "ml": false
  },
  "682610": {
    "i": "682610",
    "r": "JU-3020",
    "it": "C208",
    "y": null,
    "m": null,
    "mo": "",
    "o": null,
    "st": "L1T",
    "ml": false
  },
  "682a28": {
    "i": "682a28",
    "r": "JU-5050",
    "it": "EC30",
    "y": null,
    "m": null,
    "mo": "",
    "o": null,
    "st": "H1T",
    "ml": false
  },
  "682f9f": {
    "i": "682f9f",
    "r": "JU-3999",
    "it": "C208",
    "y": null,
    "m": null,
    "mo": "",
    "o": null,
    "st": "L1T",
    "ml": false
  },
  "6831d3": {
    "i": "6831d3",
    "r": "UP-B3710",
    "it": "B733",
    "y": null,
    "m": null,
    "mo": "Boeing 737-31S",
    "o": null,
    "st": "L2J",
    "ml": false
  },
  "6831e4": {
    "i": "6831e4",
    "r": "UP-B5703",
    "it": "B752",
    "y": null,
    "m": null,
    "mo": "Boeing 757-21B",
    "o": null,
    "st": "L2J",
    "ml": false
  },
  "683255": {
    "i": "683255",
    "r": "UP-AW910",
    "it": "A139",
    "y": null,
    "m": null,
    "mo": "AgustaWestland AW139",
    "o": null,
    "st": "H2T",
    "ml": false
  },
  "68327d": {
    "i": "68327d",
    "r": "UP-L4111",
    "it": "L410",
    "y": null,
    "m": null,
    "mo": "Let L-410 UVP-E20",
    "o": null,
    "st": "L2T",
    "ml": false
  },
  "6832c4": {
    "i": "6832c4",
    "r": "UP-C6004",
    "it": "CL60",
    "y": null,
    "m": null,
    "mo": "",
    "o": null,
    "st": "L2J",
    "ml": false
  },
  "683322": {
    "i": "683322",
    "r": "UP-EC043",
    "it": "EC45",
    "y": null,
    "m": null,
    "mo": "",
    "o": null,
    "st": "H2T",
    "ml": false
  },
  "6831e5": {
    "i": "6831e5",
    "r": "UP-Y4033",
    "it": "YK40",
    "y": null,
    "m": null,
    "mo": "Yakovlev Yak-40-K",
    "o": null,
    "st": "L3J",
    "ml": false
  },
  "6831f9": {
    "i": "6831f9",
    "r": "UP-F1007",
    "it": "F100",
    "y": null,
    "m": null,
    "mo": "Fokker F100",
    "o": null,
    "st": "L2J",
    "ml": false
  },
  "683263": {
    "i": "683263",
    "r": "UP-CJ015",
    "it": "CRJ2",
    "y": null,
    "m": null,
    "mo": "Bombardier CRJ 200ER",
    "o": null,
    "st": "L2J",
    "ml": false
  },
  "68326b": {
    "i": "68326b",
    "r": "UP-B3722",
    "it": "B735",
    "y": null,
    "m": null,
    "mo": "Boeing 737-522",
    "o": null,
    "st": "L2J",
    "ml": false
  },
  "680001": {
    "i": "680001",
    "r": "A5-RGF",
    "it": "A319",
    "y": null,
    "m": null,
    "mo": "Airbus A319-115",
    "o": null,
    "st": "L2J",
    "ml": false
  },
  "683087": {
    "i": "683087",
    "r": "UP-C8502",
    "it": "CRJ2",
    "y": null,
    "m": null,
    "mo": "Bombardier Challenger 850",
    "o": null,
    "st": "L2J",
    "ml": false
  },
  "683201": {
    "i": "683201",
    "r": "UP-EC024",
    "it": "EC35",
    "y": null,
    "m": null,
    "mo": "",
    "o": null,
    "st": "H2T",
    "ml": false
  },
  "683257": {
    "i": "683257",
    "r": "UP-Y4215",
    "it": "YK42",
    "y": null,
    "m": null,
    "mo": "Yakovlev Yak-42 D",
    "o": null,
    "st": "L3J",
    "ml": false
  },
  "683265": {
    "i": "683265",
    "r": "UP-F1017",
    "it": "F100",
    "y": null,
    "m": null,
    "mo": "Fokker F100",
    "o": null,
    "st": "L2J",
    "ml": false
  },
  "683295": {
    "i": "683295",
    "r": "UP-CS402",
    "it": "COL4",
    "y": null,
    "m": null,
    "mo": "Cessna 400 Corvalis",
    "o": null,
    "st": "L1P",
    "ml": false
  },
  "68329c": {
    "i": "68329c",
    "r": "UP-DH005",
    "it": "DH8D",
    "y": null,
    "m": null,
    "mo": "De Havilland Canada Dash 8-400",
    "o": null,
    "st": "L2T",
    "ml": false
  },
  "680002": {
    "i": "680002",
    "r": "A5-RGG",
    "it": "A319",
    "y": null,
    "m": null,
    "mo": "Airbus A319-115",
    "o": null,
    "st": "L2J",
    "ml": false
  },
  "682d24": {
    "i": "682d24",
    "r": "JU-6444",
    "it": "AS50",
    "y": null,
    "m": null,
    "mo": "",
    "o": null,
    "st": "H1T",
    "ml": false
  },
  "6831f3": {
    "i": "6831f3",
    "r": "03-RED",
    "it": "C295",
    "y": null,
    "m": null,
    "mo": "Casa C-295",
    "o": null,
    "st": "L2T",
    "ml": true
  },
  "68324a": {
    "i": "68324a",
    "r": "35002",
    "it": "B350",
    "y": null,
    "m": null,
    "mo": "Textron Aviation King Air B350",
    "o": null,
    "st": "L2T",
    "ml": true
  },
  "68331e": {
    "i": "68331e",
    "r": "UP-LA223",
    "it": "DA42",
    "y": null,
    "m": null,
    "mo": "",
    "o": null,
    "st": "L2P",
    "ml": false
  },
  "68000a": {
    "i": "68000a",
    "r": "A5-RIM",
    "it": "A319",
    "y": null,
    "m": null,
    "mo": "Airbus A319-112",
    "o": null,
    "st": "L2J",
    "ml": false
  },
  "68332f": {
    "i": "68332f",
    "r": "UP-EM024",
    "it": "E35L",
    "y": null,
    "m": null,
    "mo": "",
    "o": null,
    "st": "L2J",
    "ml": false
  },
  "68252e": {
    "i": "68252e",
    "r": "JU-1188",
    "it": "A319",
    "y": null,
    "m": null,
    "mo": "",
    "o": null,
    "st": "L2J",
    "ml": false
  },
  "68270c": {
    "i": "68270c",
    "r": "JU-1804",
    "it": "AT75",
    "y": null,
    "m": null,
    "mo": "Avions de Transport Regional ATR 72 500",
    "o": null,
    "st": "L2T",
    "ml": false
  },
  "682b40": {
    "i": "682b40",
    "r": "JU-5500",
    "it": "R44",
    "y": null,
    "m": null,
    "mo": "",
    "o": null,
    "st": "H1P",
    "ml": false
  },
  "683090": {
    "i": "683090",
    "r": "T-909",
    "it": "IL76",
    "y": null,
    "m": null,
    "mo": "Ilyushin IL-76 TD",
    "o": null,
    "st": "L4J",
    "ml": false
  },
  "6830d7": {
    "i": "6830d7",
    "r": "UP-AN423",
    "it": "AN24",
    "y": null,
    "m": null,
    "mo": "Antonov An-24RV",
    "o": null,
    "st": "L2T",
    "ml": false
  },
  "6831ca": {
    "i": "6831ca",
    "r": "UP-B5702",
    "it": "B752",
    "y": null,
    "m": null,
    "mo": "Boeing 757-21B",
    "o": null,
    "st": "L2J",
    "ml": false
  },
  "68322c": {
    "i": "68322c",
    "r": "UP-B6703",
    "it": "B763",
    "y": null,
    "m": null,
    "mo": "Boeing 767-332",
    "o": null,
    "st": "L2J",
    "ml": false
  },
  "683890": {
    "i": "683890",
    "r": "UP-EC041",
    "it": "EC30",
    "y": null,
    "m": null,
    "mo": "",
    "o": null,
    "st": "H1T",
    "ml": false
  },
  "680008": {
    "i": "680008",
    "r": "A5-JSW",
    "it": "A319",
    "y": null,
    "m": null,
    "mo": "Airbus A319-115",
    "o": null,
    "st": "L2J",
    "ml": false
  },
  "683327": {
    "i": "683327",
    "r": "UP-B3735",
    "it": "B738",
    "y": null,
    "m": null,
    "mo": "",
    "o": null,
    "st": "L2J",
    "ml": false
  },
  "68220d": {
    "i": "68220d",
    "r": "JU-1015",
    "it": "B738",
    "y": null,
    "m": null,
    "mo": "Boeing 737-8SH",
    "o": null,
    "st": "L2J",
    "ml": false
  },
  "682608": {
    "i": "682608",
    "r": "JU-3010",
    "it": "C172",
    "y": null,
    "m": null,
    "mo": "",
    "o": null,
    "st": "L1P",
    "ml": false
  },
  "682b62": {
    "i": "682b62",
    "r": "JU-9999",
    "it": "C208",
    "y": null,
    "m": null,
    "mo": "",
    "o": null,
    "st": "L1T",
    "ml": false
  },
  "6831e7": {
    "i": "6831e7",
    "r": "UP-B5704",
    "it": "B752",
    "y": null,
    "m": null,
    "mo": "",
    "o": null,
    "st": "L2J",
    "ml": false
  },
  "683227": {
    "i": "683227",
    "r": "UP-AW908",
    "it": "A139",
    "y": null,
    "m": null,
    "mo": "AgustaWestland AW-139",
    "o": null,
    "st": "H2T",
    "ml": false
  },
  "683249": {
    "i": "683249",
    "r": "35001",
    "it": "B350",
    "y": null,
    "m": null,
    "mo": "Textron Aviation King Air B350",
    "o": null,
    "st": "L2T",
    "ml": true
  },
  "68326c": {
    "i": "68326c",
    "r": "UP-B3723",
    "it": "B735",
    "y": null,
    "m": null,
    "mo": "Boeing 737-522",
    "o": null,
    "st": "L2J",
    "ml": false
  },
  "68332a": {
    "i": "68332a",
    "r": "UP-B3738",
    "it": "B39M",
    "y": null,
    "m": null,
    "mo": "",
    "o": null,
    "st": "L2J",
    "ml": false
  },
  "68322e": {
    "i": "68322e",
    "r": "UP-A2101",
    "it": "A321",
    "y": null,
    "m": null,
    "mo": "Airbus ACJ321 211SL",
    "o": null,
    "st": "L2J",
    "ml": false
  },
  "683286": {
    "i": "683286",
    "r": "UP-A2002",
    "it": "A20N",
    "y": null,
    "m": null,
    "mo": "Airbus A320-251N",
    "o": null,
    "st": "L2J",
    "ml": false
  },
  "683262": {
    "i": "683262",
    "r": "UP-EM008",
    "it": "E135",
    "y": null,
    "m": null,
    "mo": "Embraer ERJ-135",
    "o": null,
    "st": "L2J",
    "ml": false
  },
  "683300": {
    "i": "683300",
    "r": "UP-EM022",
    "it": "E55P",
    "y": null,
    "m": null,
    "mo": "",
    "o": null,
    "st": "L2J",
    "ml": false
  },
  "683291": {
    "i": "683291",
    "r": "UP-CL602",
    "it": "CL60",
    "y": null,
    "m": null,
    "mo": "Bombardier Challenger 604",
    "o": null,
    "st": "L2J",
    "ml": false
  },
  "6831d7": {
    "i": "6831d7",
    "r": "UP-EM007",
    "it": "E35L",
    "y": null,
    "m": null,
    "mo": "Embraer ERJ-135",
    "o": null,
    "st": "L2J",
    "ml": false
  },
  "68329f": {
    "i": "68329f",
    "r": "UP-PC002",
    "it": "PC24",
    "y": null,
    "m": null,
    "mo": "",
    "o": null,
    "st": "L2J",
    "ml": false
  },
  "6831f8": {
    "i": "6831f8",
    "r": "UP-C8505",
    "it": "CRJ2",
    "y": null,
    "m": null,
    "mo": "Canadair Regional-Jet-850",
    "o": null,
    "st": "L2J",
    "ml": false
  },
  "6832a4": {
    "i": "6832a4",
    "r": "UP-C6003",
    "it": "CRJ2",
    "y": null,
    "m": null,
    "mo": "",
    "o": null,
    "st": "L2J",
    "ml": false
  },
  "683299": {
    "i": "683299",
    "r": "UP-EM021",
    "it": "E35L",
    "y": null,
    "m": null,
    "mo": "Embraer Legacy 650",
    "o": null,
    "st": "L2J",
    "ml": false
  },
  "683037": {
    "i": "683037",
    "r": "UP-B5701",
    "it": "B752",
    "y": null,
    "m": null,
    "mo": "BOEING 757-2M6",
    "o": "Government of Kazakhstan",
    "st": "L2J",
    "ml": true
  },
  "6831ed": {
    "i": "6831ed",
    "r": "74008",
    "it": "AN72",
    "y": null,
    "m": "ANTONOV",
    "mo": "AN-74 TK-200",
    "o": "Kazakhstan Border Guards",
    "st": "L2J",
    "ml": true
  },
  "683305": {
    "i": "683305",
    "r": "41 RED",
    "it": "L410",
    "y": null,
    "m": "LET",
    "mo": "L-410 Turbolet",
    "o": null,
    "st": "L2T",
    "ml": true
  },
  "683306": {
    "i": "683306",
    "r": "42 RED",
    "it": "L410",
    "y": null,
    "m": "LET",
    "mo": "L-410 Turbolet",
    "o": null,
    "st": "L2T",
    "ml": true
  },
  "683d90": {
    "i": "683d90",
    "r": "XB-NWD",
    "it": "CL60",
    "y": null,
    "m": "BOMBARDIER",
    "mo": "CL-600 Challenger",
    "o": "Miscode - Government of MEXICO",
    "st": "L2J",
    "ml": true
  },
  "6830a5": {
    "i": "6830a5",
    "r": "UP-A2001",
    "it": "A320",
    "y": null,
    "m": "AIRBUS",
    "mo": "ACJ320 214X",
    "o": "Government of Kazakhstan",
    "st": "L2J",
    "ml": true
  },
  "683d00": {
    "i": "683d00",
    "r": "5215",
    "it": "B350",
    "y": null,
    "m": "BEECHCRAFT",
    "mo": "Super King Air 350",
    "o": "Miscode - MEXICO",
    "st": "L2T",
    "ml": true
  },
  "68324f": {
    "i": "68324f",
    "r": "21",
    "it": "A400",
    "y": null,
    "m": "AIRBUS",
    "mo": "A-400M",
    "o": null,
    "st": "L4T",
    "ml": true
  },
  "6823c0": {
    "i": "6823c0",
    "r": "JU-1700",
    "it": "CRJ7",
    "y": null,
    "m": "BOMBARDIER",
    "mo": "Regional Jet CRJ-700",
    "o": null,
    "st": "L2J",
    "ml": false
  },
  "68324d": {
    "i": "68324d",
    "r": "35003",
    "it": "B350",
    "y": null,
    "m": "BEECHCRAFT",
    "mo": "Super King Air 350",
    "o": null,
    "st": "L2T",
    "ml": true
  },
  "683251": {
    "i": "683251",
    "r": "29502",
    "it": "C295",
    "y": null,
    "m": "CASA",
    "mo": "C-295",
    "o": null,
    "st": "L2T",
    "ml": true
  },
  "683250": {
    "i": "683250",
    "r": "09",
    "it": "C295",
    "y": null,
    "m": "CASA",
    "mo": "C-295",
    "o": null,
    "st": "L2T",
    "ml": true
  },
  "681000": {
    "i": "681000",
    "r": "V6-06FM",
    "it": "P68",
    "y": null,
    "m": "PARTENAVIA",
    "mo": "P-68 Observer",
    "o": null,
    "st": "L2P",
    "ml": false
  },
  "6832b2": {
    "i": "6832b2",
    "r": "UP-B3743",
    "it": "B38M",
    "y": null,
    "m": "BOEING",
    "mo": "737 MAX 8",
    "o": null,
    "st": "L2J",
    "ml": false
  },
  "6830ed": {
    "i": "6830ed",
    "r": "UP-A3001",
    "it": "A332",
    "y": null,
    "m": null,
    "mo": "AIRBUS A330 243",
    "o": "Government of Kazakhstan",
    "st": "L2J",
    "ml": true
  }
}