{
  "70c081": {
    "i": "70c081",
    "r": "428",
    "it": "PC9",
    "y": null,
    "m": null,
    "mo": "",
    "o": null,
    "st": "L1T",
    "ml": true
  },
  "70207c": {
    "i": "70207c",
    "r": "S2-AIO",
    "it": "B738",
    "y": null,
    "m": null,
    "mo": "Boeing 737NG 86N/W",
    "o": null,
    "st": "L2J",
    "ml": false
  },
  "702096": {
    "i": "702096",
    "r": "S2-AIQ",
    "it": "A119",
    "y": null,
    "m": null,
    "mo": "",
    "o": null,
    "st": "H1T",
    "ml": false
  },
  "702702": {
    "i": "702702",
    "r": "S2-AKJ",
    "it": "AT76",
    "y": null,
    "m": null,
    "mo": "Atr ATR 72-600",
    "o": null,
    "st": "L2T",
    "ml": false
  },
  "702c1f": {
    "i": "702c1f",
    "r": "S3-ACB",
    "it": "AN32",
    "y": null,
    "m": null,
    "mo": "Antonov An-32",
    "o": null,
    "st": "L2T",
    "ml": false
  },
  "704009": {
    "i": "704009",
    "r": "XY-ALJ",
    "it": "A320",
    "y": null,
    "m": null,
    "mo": "Airbus A320-214",
    "o": null,
    "st": "L2J",
    "ml": false
  },
  "70472a": {
    "i": "70472a",
    "r": "XY-AMA",
    "it": "AT76",
    "y": null,
    "m": null,
    "mo": "Atr ATR 72-600",
    "o": null,
    "st": "L2T",
    "ml": false
  },
  "7061f6": {
    "i": "7061f6",
    "r": "KAF327",
    "it": "C30J",
    "y": null,
    "m": null,
    "mo": "",
    "o": null,
    "st": "L4T",
    "ml": true
  },
  "70620c": {
    "i": "70620c",
    "r": "9K-CAK",
    "it": "A320",
    "y": null,
    "m": null,
    "mo": "Airbus A320-214",
    "o": null,
    "st": "L2J",
    "ml": false
  },
  "70aea5": {
    "i": "70aea5",
    "r": "9N-AJH",
    "it": "D228",
    "y": null,
    "m": null,
    "mo": "",
    "o": null,
    "st": "L2T",
    "ml": false
  },
  "70e089": {
    "i": "70e089",
    "r": "XU-730",
    "it": "A20N",
    "y": null,
    "m": null,
    "mo": "",
    "o": null,
    "st": "L2J",
    "ml": false
  },
  "70e08f": {
    "i": "70e08f",
    "r": "XU-238",
    "it": "AT75",
    "y": null,
    "m": null,
    "mo": "",
    "o": null,
    "st": "L2T",
    "ml": false
  },
  "7020a2": {
    "i": "7020a2",
    "r": "S2-AKK",
    "it": "AT76",
    "y": null,
    "m": null,
    "mo": "Atr ATR 72-600",
    "o": null,
    "st": "L2T",
    "ml": false
  },
  "70400c": {
    "i": "70400c",
    "r": "XY-ALK",
    "it": "A319",
    "y": null,
    "m": null,
    "mo": "Airbus A319-115",
    "o": null,
    "st": "L2J",
    "ml": false
  },
  "70472b": {
    "i": "70472b",
    "r": "XY-AMF",
    "it": "AT76",
    "y": null,
    "m": null,
    "mo": "Atr ATR 72-600",
    "o": null,
    "st": "L2T",
    "ml": false
  },
  "706056": {
    "i": "706056",
    "r": "9K-AOC",
    "it": "B77W",
    "y": null,
    "m": null,
    "mo": "Boeing 777-300",
    "o": null,
    "st": "L2J",
    "ml": false
  },
  "708013": {
    "i": "708013",
    "r": "RDPL-34173",
    "it": "AT75",
    "y": null,
    "m": null,
    "mo": "Avions de Transport Regional ATR 72 500",
    "o": null,
    "st": "L2T",
    "ml": false
  },
  "70a96a": {
    "i": "70a96a",
    "r": "9N-AHR",
    "it": "D228",
    "y": null,
    "m": null,
    "mo": "",
    "o": null,
    "st": "L2T",
    "ml": false
  },
  "70c0a0": {
    "i": "70c0a0",
    "r": "A4O-CF",
    "it": "A139",
    "y": null,
    "m": null,
    "mo": "AgustaWestland AW.139",
    "o": null,
    "st": "H2T",
    "ml": false
  },
  "70c0bc": {
    "i": "70c0bc",
    "r": "A4O-ED",
    "it": "E75S",
    "y": null,
    "m": null,
    "mo": "Embraer Emb-175-200LR",
    "o": null,
    "st": "L2J",
    "ml": false
  },
  "70c0f6": {
    "i": "70c0f6",
    "r": "A4O-SE",
    "it": "B789",
    "y": null,
    "m": null,
    "mo": "Boeing 787-9",
    "o": null,
    "st": "L2J",
    "ml": false
  },
  "70c127": {
    "i": "70c127",
    "r": "A4O-MBH",
    "it": "EC45",
    "y": null,
    "m": null,
    "mo": "",
    "o": null,
    "st": "H2T",
    "ml": false
  },
  "700002": {
    "i": "700002",
    "r": "YA-PIC",
    "it": "B734",
    "y": null,
    "m": null,
    "mo": "Boeing 737-4Y0",
    "o": null,
    "st": "L2J",
    "ml": false
  },
  "7020a5": {
    "i": "7020a5",
    "r": "S2-AKE",
    "it": "DH8D",
    "y": null,
    "m": null,
    "mo": "",
    "o": null,
    "st": "L2T",
    "ml": false
  },
  "706004": {
    "i": "706004",
    "r": "9K-AKA",
    "it": "A320",
    "y": null,
    "m": null,
    "mo": "Airbus A320 212",
    "o": null,
    "st": "L2J",
    "ml": false
  },
  "706065": {
    "i": "706065",
    "r": "9K-AKN",
    "it": "A20N",
    "y": null,
    "m": null,
    "mo": "Airbus A320-251N",
    "o": null,
    "st": "L2J",
    "ml": false
  },
  "706263": {
    "i": "706263",
    "r": "KAF609",
    "it": "EC25",
    "y": null,
    "m": null,
    "mo": "",
    "o": null,
    "st": "H2T",
    "ml": true
  },
  "70c080": {
    "i": "70c080",
    "r": "427",
    "it": "PC9",
    "y": null,
    "m": null,
    "mo": "",
    "o": null,
    "st": "L1T",
    "ml": true
  },
  "70c090": {
    "i": "70c090",
    "r": "902",
    "it": "C295",
    "y": null,
    "m": null,
    "mo": "CASA C-295 M",
    "o": null,
    "st": "L2T",
    "ml": true
  },
  "70c0ac": {
    "i": "70c0ac",
    "r": "A4O-DF",
    "it": "A332",
    "y": null,
    "m": null,
    "mo": "Airbus A330-243",
    "o": null,
    "st": "L2J",
    "ml": false
  },
  "70c124": {
    "i": "70c124",
    "r": "A4O-SK",
    "it": "B789",
    "y": null,
    "m": null,
    "mo": "",
    "o": null,
    "st": "L2J",
    "ml": false
  },
  "70206d": {
    "i": "70206d",
    "r": "S2-AHH",
    "it": "AT75",
    "y": null,
    "m": null,
    "mo": "Avions de Transport Regional ATR 72 500",
    "o": null,
    "st": "L2T",
    "ml": false
  },
  "702c04": {
    "i": "702c04",
    "r": "S3-AGD",
    "it": "C130",
    "y": null,
    "m": null,
    "mo": "",
    "o": null,
    "st": "L4T",
    "ml": true
  },
  "704280": {
    "i": "704280",
    "r": "0009",
    "it": "AT75",
    "y": null,
    "m": null,
    "mo": "Avions de Transport Regional ATR 72 500",
    "o": null,
    "st": "L2T",
    "ml": true
  },
  "708163": {
    "i": "708163",
    "r": "RDPL-34163",
    "it": "AT75",
    "y": null,
    "m": null,
    "mo": "",
    "o": null,
    "st": "L2T",
    "ml": false
  },
  "70c0a6": {
    "i": "70c0a6",
    "r": "A4O-DC",
    "it": "A332",
    "y": null,
    "m": null,
    "mo": "Airbus A330-243",
    "o": null,
    "st": "L2J",
    "ml": false
  },
  "70e084": {
    "i": "70e084",
    "r": "XU-725",
    "it": "A320",
    "y": null,
    "m": null,
    "mo": "",
    "o": null,
    "st": "L2J",
    "ml": false
  },
  "702c25": {
    "i": "702c25",
    "r": "99-5479",
    "it": "C30J",
    "y": null,
    "m": null,
    "mo": "",
    "o": null,
    "st": "L4T",
    "ml": true
  },
  "70400d": {
    "i": "70400d",
    "r": "XY-ALL",
    "it": "A320",
    "y": null,
    "m": null,
    "mo": "",
    "o": null,
    "st": "L2J",
    "ml": false
  },
  "706059": {
    "i": "706059",
    "r": "9K-AOF",
    "it": "B77W",
    "y": null,
    "m": null,
    "mo": "Boeing 777-300",
    "o": null,
    "st": "L2J",
    "ml": false
  },
  "70605c": {
    "i": "70605c",
    "r": "9K-AOJ",
    "it": "B77W",
    "y": null,
    "m": null,
    "mo": "Boeing 777-300",
    "o": null,
    "st": "L2J",
    "ml": false
  },
  "70606a": {
    "i": "70606a",
    "r": "9K-AKQ",
    "it": "A20N",
    "y": null,
    "m": null,
    "mo": "",
    "o": null,
    "st": "L2J",
    "ml": false
  },
  "706267": {
    "i": "706267",
    "r": "KAF613",
    "it": "EC25",
    "y": null,
    "m": null,
    "mo": "",
    "o": null,
    "st": "H2T",
    "ml": true
  },
  "70aa66": {
    "i": "70aa66",
    "r": "9N-ALN",
    "it": "AT75",
    "y": null,
    "m": null,
    "mo": "",
    "o": null,
    "st": "L2T",
    "ml": false
  },
  "70c08b": {
    "i": "70c08b",
    "r": "558",
    "it": "GLF4",
    "y": null,
    "m": null,
    "mo": "Gulfstream Aerospace GIV",
    "o": null,
    "st": "L2J",
    "ml": true
  },
  "70c08c": {
    "i": "70c08c",
    "r": "557",
    "it": "GLF4",
    "y": null,
    "m": null,
    "mo": "GIV",
    "o": null,
    "st": "L2J",
    "ml": true
  },
  "70c0b2": {
    "i": "70c0b2",
    "r": "A4O-CX",
    "it": "E75S",
    "y": null,
    "m": null,
    "mo": "Embraer Emb-175-200LR",
    "o": null,
    "st": "L2J",
    "ml": false
  },
  "70c0b5": {
    "i": "70c0b5",
    "r": "A4O-CG",
    "it": "A139",
    "y": null,
    "m": null,
    "mo": "AgustaWestland AW.139",
    "o": null,
    "st": "H2T",
    "ml": false
  },
  "70c0c9": {
    "i": "70c0c9",
    "r": "A4O-BY",
    "it": "B739",
    "y": null,
    "m": null,
    "mo": "Boeing 737-91M",
    "o": null,
    "st": "L2J",
    "ml": false
  },
  "70c0f5": {
    "i": "70c0f5",
    "r": "A4O-OVC",
    "it": "A320",
    "y": null,
    "m": null,
    "mo": "Airbus A320-214",
    "o": null,
    "st": "L2J",
    "ml": false
  },
  "70c126": {
    "i": "70c126",
    "r": "A4O-OXA",
    "it": "A21N",
    "y": null,
    "m": null,
    "mo": "",
    "o": null,
    "st": "L2J",
    "ml": false
  },
  "70c135": {
    "i": "70c135",
    "r": "A4O-OXD",
    "it": "A21N",
    "y": null,
    "m": null,
    "mo": "A321-253N",
    "o": null,
    "st": "L2J",
    "ml": false
  },
  "70e06a": {
    "i": "70e06a",
    "r": "XU-358",
    "it": "AS50",
    "y": null,
    "m": null,
    "mo": "",
    "o": null,
    "st": "H1T",
    "ml": false
  },
  "70e06d": {
    "i": "70e06d",
    "r": "XU-762",
    "it": "A320",
    "y": null,
    "m": null,
    "mo": "",
    "o": null,
    "st": "L2J",
    "ml": false
  },
  "70e081": {
    "i": "70e081",
    "r": "XU-913",
    "it": "FUSI",
    "y": null,
    "m": null,
    "mo": "",
    "o": null,
    "st": "L1P",
    "ml": false
  },
  "702058": {
    "i": "702058",
    "r": "S2-AGV",
    "it": "DH8D",
    "y": null,
    "m": null,
    "mo": "Bombardier DHC-8 402",
    "o": null,
    "st": "L2T",
    "ml": false
  },
  "70208d": {
    "i": "70208d",
    "r": "S2-AJW",
    "it": "DH8D",
    "y": null,
    "m": null,
    "mo": "Bombardier DHC-8 402",
    "o": null,
    "st": "L2T",
    "ml": false
  },
  "704e87": {
    "i": "704e87",
    "r": "XY-AJJ",
    "it": "AT76",
    "y": null,
    "m": null,
    "mo": "Atr ATR 72-600",
    "o": null,
    "st": "L2T",
    "ml": false
  },
  "70606f": {
    "i": "70606f",
    "r": "9K-AKT",
    "it": "A20N",
    "y": null,
    "m": null,
    "mo": "",
    "o": null,
    "st": "L2J",
    "ml": false
  },
  "7061f7": {
    "i": "7061f7",
    "r": "KAF328",
    "it": "C30J",
    "y": null,
    "m": null,
    "mo": "",
    "o": null,
    "st": "L4T",
    "ml": true
  },
  "706216": {
    "i": "706216",
    "r": "KAF343",
    "it": "C17",
    "y": null,
    "m": null,
    "mo": "Boeing C-17A Globemaster III",
    "o": null,
    "st": "L4J",
    "ml": true
  },
  "70626f": {
    "i": "70626f",
    "r": "KAF621",
    "it": "EC25",
    "y": null,
    "m": null,
    "mo": "",
    "o": null,
    "st": "H2T",
    "ml": true
  },
  "70a8e7": {
    "i": "70a8e7",
    "r": "9N-AOM",
    "it": "DH8D",
    "y": null,
    "m": null,
    "mo": "",
    "o": null,
    "st": "L2T",
    "ml": false
  },
  "70a8ee": {
    "i": "70a8ee",
    "r": "9N-AOC",
    "it": "AT75",
    "y": null,
    "m": null,
    "mo": "",
    "o": null,
    "st": "L2T",
    "ml": false
  },
  "70a9ac": {
    "i": "70a9ac",
    "r": "9N-ANI",
    "it": "AT75",
    "y": null,
    "m": null,
    "mo": "Atr ATR 72-212A",
    "o": null,
    "st": "L2T",
    "ml": false
  },
  "70aa71": {
    "i": "70aa71",
    "r": "9N-ALZ",
    "it": "A332",
    "y": null,
    "m": null,
    "mo": "Airbus A330-243",
    "o": null,
    "st": "L2J",
    "ml": false
  },
  "70c078": {
    "i": "70c078",
    "r": "501",
    "it": "C130",
    "y": null,
    "m": null,
    "mo": "Lockheed C-130H Hercules",
    "o": null,
    "st": "L4T",
    "ml": true
  },
  "70c07a": {
    "i": "70c07a",
    "r": "503",
    "it": "C130",
    "y": null,
    "m": null,
    "mo": "Lockheed C-130H Hercules",
    "o": null,
    "st": "L4T",
    "ml": true
  },
  "70c07c": {
    "i": "70c07c",
    "r": "555",
    "it": "A320",
    "y": null,
    "m": null,
    "mo": "Airbus ACJ320 214X",
    "o": null,
    "st": "L2J",
    "ml": true
  },
  "70c0bd": {
    "i": "70c0bd",
    "r": "A4O-CJ",
    "it": "A139",
    "y": null,
    "m": null,
    "mo": "AgustaWestland AW.139",
    "o": null,
    "st": "H2T",
    "ml": false
  },
  "70c0c7": {
    "i": "70c0c7",
    "r": "A4O-BW",
    "it": "B738",
    "y": null,
    "m": null,
    "mo": "Boeing 737-81M",
    "o": null,
    "st": "L2J",
    "ml": false
  },
  "70c10b": {
    "i": "70c10b",
    "r": "A4O-OVF",
    "it": "A20N",
    "y": null,
    "m": null,
    "mo": "Airbus A320-251N",
    "o": null,
    "st": "L2J",
    "ml": false
  },
  "70203c": {
    "i": "70203c",
    "r": "S2-AEK",
    "it": "P180",
    "y": null,
    "m": null,
    "mo": "Piaggio P-180 Avanti II",
    "o": null,
    "st": "L2T",
    "ml": false
  },
  "702c20": {
    "i": "702c20",
    "r": "S3-ACD",
    "it": "AN32",
    "y": null,
    "m": null,
    "mo": "Antonov An-32 B",
    "o": null,
    "st": "L2T",
    "ml": true
  },
  "704017": {
    "i": "704017",
    "r": "XY-ALV",
    "it": "B738",
    "y": null,
    "m": null,
    "mo": "",
    "o": null,
    "st": "L2J",
    "ml": false
  },
  "70604e": {
    "i": "70604e",
    "r": "9K-APB",
    "it": "A332",
    "y": null,
    "m": null,
    "mo": "Airbus A330-243",
    "o": null,
    "st": "L2J",
    "ml": false
  },
  "70622e": {
    "i": "70622e",
    "r": "881",
    "it": "F18S",
    "y": null,
    "m": null,
    "mo": "",
    "o": null,
    "st": "L2J",
    "ml": true
  },
  "70625d": {
    "i": "70625d",
    "r": "KAF603",
    "it": "EC25",
    "y": null,
    "m": null,
    "mo": "",
    "o": null,
    "st": "H2T",
    "ml": true
  },
  "70626b": {
    "i": "70626b",
    "r": "KAF617",
    "it": "EC25",
    "y": null,
    "m": null,
    "mo": "",
    "o": null,
    "st": "H2T",
    "ml": true
  },
  "7062bd": {
    "i": "7062bd",
    "r": "KMOI-06",
    "it": "AS65",
    "y": null,
    "m": null,
    "mo": "",
    "o": null,
    "st": "H2T",
    "ml": false
  },
  "70aa67": {
    "i": "70aa67",
    "r": "9N-ALM",
    "it": "A320",
    "y": null,
    "m": null,
    "mo": "Airbus A320-214",
    "o": null,
    "st": "L2J",
    "ml": false
  },
  "70c07b": {
    "i": "70c07b",
    "r": "554",
    "it": "A320",
    "y": null,
    "m": null,
    "mo": "Airbus ACJ320 214X",
    "o": null,
    "st": "L2J",
    "ml": true
  },
  "70c08f": {
    "i": "70c08f",
    "r": "901",
    "it": "C295",
    "y": null,
    "m": null,
    "mo": "CASA C-295 M",
    "o": null,
    "st": "L2T",
    "ml": true
  },
  "70c093": {
    "i": "70c093",
    "r": "911",
    "it": "C295",
    "y": null,
    "m": null,
    "mo": "CASA C-295 MPA",
    "o": null,
    "st": "L2T",
    "ml": true
  },
  "70c0cc": {
    "i": "70c0cc",
    "r": "A4O-BT",
    "it": "B739",
    "y": null,
    "m": null,
    "mo": "Boeing 737-91M",
    "o": null,
    "st": "L2J",
    "ml": false
  },
  "702049": {
    "i": "702049",
    "r": "S2-AGB",
    "it": "B407",
    "y": null,
    "m": null,
    "mo": "Bell 407-GX",
    "o": null,
    "st": "H1T",
    "ml": false
  },
  "702054": {
    "i": "702054",
    "r": "S2-AIA",
    "it": "B407",
    "y": null,
    "m": null,
    "mo": "Bell 407-GX",
    "o": null,
    "st": "H1T",
    "ml": false
  },
  "70205a": {
    "i": "70205a",
    "r": "S2-AHL",
    "it": "B772",
    "y": null,
    "m": null,
    "mo": "Boeing 777 266ER",
    "o": null,
    "st": "L2J",
    "ml": false
  },
  "702064": {
    "i": "702064",
    "r": "S2-AGR",
    "it": "DH8D",
    "y": null,
    "m": null,
    "mo": "Bombardier DHC-8 402 NG",
    "o": null,
    "st": "L2T",
    "ml": false
  },
  "702086": {
    "i": "702086",
    "r": "S2-AJS",
    "it": "B788",
    "y": null,
    "m": null,
    "mo": "Boeing 787-8",
    "o": null,
    "st": "L2J",
    "ml": false
  },
  "702093": {
    "i": "702093",
    "r": "S2-AEW",
    "it": "B738",
    "y": null,
    "m": null,
    "mo": "Boeing 737-8HO",
    "o": null,
    "st": "L2J",
    "ml": false
  },
  "7020b4": {
    "i": "7020b4",
    "r": "S2-AJH",
    "it": "B738",
    "y": null,
    "m": null,
    "mo": "",
    "o": null,
    "st": "L2J",
    "ml": false
  },
  "702c48": {
    "i": "702c48",
    "r": "S3-BRN",
    "it": "B407",
    "y": null,
    "m": null,
    "mo": "",
    "o": null,
    "st": "H1T",
    "ml": false
  },
  "702c49": {
    "i": "702c49",
    "r": "S3-BRR",
    "it": "C295",
    "y": null,
    "m": null,
    "mo": "",
    "o": null,
    "st": "L2T",
    "ml": true
  },
  "702c87": {
    "i": "702c87",
    "r": "415",
    "it": "MI8",
    "y": null,
    "m": null,
    "mo": "",
    "o": null,
    "st": "H2T",
    "ml": true
  },
  "706025": {
    "i": "706025",
    "r": "9K-AKE",
    "it": "A320",
    "y": null,
    "m": null,
    "mo": "Airbus A320-214",
    "o": null,
    "st": "L2J",
    "ml": false
  },
  "706262": {
    "i": "706262",
    "r": "KAF608",
    "it": "EC25",
    "y": null,
    "m": null,
    "mo": "",
    "o": null,
    "st": "H2T",
    "ml": true
  },
  "70626a": {
    "i": "70626a",
    "r": "KAF616",
    "it": "EC25",
    "y": null,
    "m": null,
    "mo": "",
    "o": null,
    "st": "H2T",
    "ml": true
  },
  "70a975": {
    "i": "70a975",
    "r": "9N-AHY",
    "it": "JS41",
    "y": null,
    "m": null,
    "mo": "",
    "o": null,
    "st": "L2T",
    "ml": false
  },
  "70c096": {
    "i": "70c096",
    "r": "910",
    "it": "C295",
    "y": null,
    "m": null,
    "mo": "CASA C-295 MPA",
    "o": null,
    "st": "L2T",
    "ml": true
  },
  "70c0f9": {
    "i": "70c0f9",
    "r": "A4O-SF",
    "it": "B789",
    "y": null,
    "m": null,
    "mo": "Boeing 787-9",
    "o": null,
    "st": "L2J",
    "ml": false
  },
  "70c0ff": {
    "i": "70c0ff",
    "r": "A4O-OVD",
    "it": "A20N",
    "y": null,
    "m": null,
    "mo": "",
    "o": null,
    "st": "L2J",
    "ml": false
  },
  "70c102": {
    "i": "70c102",
    "r": "A4O-MH",
    "it": "B38M",
    "y": null,
    "m": null,
    "mo": "Boeing 737MAX 8",
    "o": null,
    "st": "L2J",
    "ml": false
  },
  "70e029": {
    "i": "70e029",
    "r": "XU-236",
    "it": "AT75",
    "y": null,
    "m": null,
    "mo": "Atr ATR 72-212A",
    "o": null,
    "st": "L2T",
    "ml": false
  },
  "70e093": {
    "i": "70e093",
    "r": "XU-239",
    "it": "AT75",
    "y": null,
    "m": null,
    "mo": "",
    "o": null,
    "st": "L2T",
    "ml": false
  },
  "70000b": {
    "i": "70000b",
    "r": "YA-KML",
    "it": "B733",
    "y": null,
    "m": null,
    "mo": "Boeing 737-3H4",
    "o": null,
    "st": "L2J",
    "ml": false
  },
  "7000a1": {
    "i": "7000a1",
    "r": "YA-FGF",
    "it": "A310",
    "y": null,
    "m": null,
    "mo": "Airbus A310-304",
    "o": null,
    "st": "L2J",
    "ml": false
  },
  "70204d": {
    "i": "70204d",
    "r": "S2-AHD",
    "it": "B737",
    "y": null,
    "m": null,
    "mo": "Boeing 737NG 7K5/W",
    "o": null,
    "st": "L2J",
    "ml": false
  },
  "702084": {
    "i": "702084",
    "r": "S2-AID",
    "it": "R66",
    "y": null,
    "m": null,
    "mo": "Robinson R66",
    "o": null,
    "st": "H1T",
    "ml": false
  },
  "7020b0": {
    "i": "7020b0",
    "r": "S2-AGY",
    "it": "R66",
    "y": null,
    "m": null,
    "mo": "",
    "o": null,
    "st": "H1T",
    "ml": false
  },
  "702c32": {
    "i": "702c32",
    "r": "314-03",
    "it": "D228",
    "y": null,
    "m": null,
    "mo": "",
    "o": null,
    "st": "L2T",
    "ml": true
  },
  "704126": {
    "i": "704126",
    "r": "XY-AJY",
    "it": "AT76",
    "y": null,
    "m": null,
    "mo": "Atr ATR 72-600",
    "o": null,
    "st": "L2T",
    "ml": false
  },
  "706269": {
    "i": "706269",
    "r": "KAF615",
    "it": "EC25",
    "y": null,
    "m": null,
    "mo": "",
    "o": null,
    "st": "H2T",
    "ml": true
  },
  "70626e": {
    "i": "70626e",
    "r": "KAF620",
    "it": "EC25",
    "y": null,
    "m": null,
    "mo": "",
    "o": null,
    "st": "H2T",
    "ml": true
  },
  "70a8fe": {
    "i": "70a8fe",
    "r": "9N-AOK",
    "it": "DH8D",
    "y": null,
    "m": null,
    "mo": "DHC-8-402",
    "o": null,
    "st": "L2T",
    "ml": false
  },
  "70a9b2": {
    "i": "70a9b2",
    "r": "9N-AND",
    "it": "L410",
    "y": null,
    "m": null,
    "mo": "",
    "o": null,
    "st": "L2T",
    "ml": false
  },
  "70a9f2": {
    "i": "70a9f2",
    "r": "9N-AMD",
    "it": "AT75",
    "y": null,
    "m": null,
    "mo": "Atr ATR 72-212A",
    "o": null,
    "st": "L2T",
    "ml": false
  },
  "70e02b": {
    "i": "70e02b",
    "r": "XU-350",
    "it": "A321",
    "y": null,
    "m": null,
    "mo": "Airbus A321-231",
    "o": null,
    "st": "L2J",
    "ml": false
  },
  "70e033": {
    "i": "70e033",
    "r": "XU-112",
    "it": "A320",
    "y": null,
    "m": null,
    "mo": "Airbus A320 214",
    "o": null,
    "st": "L2J",
    "ml": false
  },
  "702075": {
    "i": "702075",
    "r": "S2-AJA",
    "it": "B738",
    "y": null,
    "m": null,
    "mo": "",
    "o": null,
    "st": "L2J",
    "ml": false
  },
  "702088": {
    "i": "702088",
    "r": "S2-AGM",
    "it": "R66",
    "y": null,
    "m": null,
    "mo": "",
    "o": null,
    "st": "H1T",
    "ml": false
  },
  "702c2a": {
    "i": "702c2a",
    "r": "BH296",
    "it": "B212",
    "y": null,
    "m": null,
    "mo": "Bell 212",
    "o": null,
    "st": "H2T",
    "ml": true
  },
  "704457": {
    "i": "704457",
    "r": "XY-AGU",
    "it": "A319",
    "y": null,
    "m": null,
    "mo": "Airbus A319-111",
    "o": null,
    "st": "L2J",
    "ml": false
  },
  "704f80": {
    "i": "704f80",
    "r": "002",
    "it": "F70",
    "y": null,
    "m": null,
    "mo": "",
    "o": null,
    "st": "L2J",
    "ml": true
  },
  "706133": {
    "i": "706133",
    "r": "9K-CAR",
    "it": "A320",
    "y": null,
    "m": null,
    "mo": "",
    "o": null,
    "st": "L2J",
    "ml": false
  },
  "706212": {
    "i": "706212",
    "r": "9K-CBB",
    "it": "A20N",
    "y": null,
    "m": null,
    "mo": "Airbus A320-251N",
    "o": null,
    "st": "L2J",
    "ml": false
  },
  "708025": {
    "i": "708025",
    "r": "RDPL-34223",
    "it": "A320",
    "y": null,
    "m": null,
    "mo": "Airbus A320-214",
    "o": null,
    "st": "L2J",
    "ml": false
  },
  "70a9a5": {
    "i": "70a9a5",
    "r": "9N-ANH",
    "it": "AT75",
    "y": null,
    "m": null,
    "mo": "",
    "o": null,
    "st": "L2T",
    "ml": false
  },
  "70a9ae": {
    "i": "70a9ae",
    "r": "9N-ANC",
    "it": "AT75",
    "y": null,
    "m": null,
    "mo": "",
    "o": null,
    "st": "L2T",
    "ml": false
  },
  "70aa6f": {
    "i": "70aa6f",
    "r": "9N-ALV",
    "it": "A320",
    "y": null,
    "m": null,
    "mo": "Airbus A320-214",
    "o": null,
    "st": "L2J",
    "ml": false
  },
  "70afb9": {
    "i": "70afb9",
    "r": "9N-AKW",
    "it": "A320",
    "y": null,
    "m": null,
    "mo": "Airbus A320-233",
    "o": null,
    "st": "L2J",
    "ml": false
  },
  "70c092": {
    "i": "70c092",
    "r": "904",
    "it": "C295",
    "y": null,
    "m": null,
    "mo": "CASA C-295 M",
    "o": null,
    "st": "L2T",
    "ml": true
  },
  "70c0e1": {
    "i": "70c0e1",
    "r": "A4O-BAE",
    "it": "B738",
    "y": null,
    "m": null,
    "mo": "Boeing 737-800",
    "o": null,
    "st": "L2J",
    "ml": false
  },
  "70c13e": {
    "i": "70c13e",
    "r": "A4O-OXG",
    "it": "A21N",
    "y": null,
    "m": null,
    "mo": "",
    "o": null,
    "st": "L2J",
    "ml": false
  },
  "70e057": {
    "i": "70e057",
    "r": "XU-993",
    "it": "A320",
    "y": null,
    "m": null,
    "mo": "Airbus A320 214",
    "o": null,
    "st": "L2J",
    "ml": false
  },
  "70e06f": {
    "i": "70e06f",
    "r": "XU-137",
    "it": "B505",
    "y": null,
    "m": null,
    "mo": "",
    "o": null,
    "st": "H1T",
    "ml": false
  },
  "70001d": {
    "i": "70001d",
    "r": "YA-KMC",
    "it": "B733",
    "y": null,
    "m": null,
    "mo": "Boeing 737-3H4",
    "o": null,
    "st": "L2J",
    "ml": false
  },
  "70208f": {
    "i": "70208f",
    "r": "S2-AGP",
    "it": "B429",
    "y": null,
    "m": null,
    "mo": "Bell Helicopters 429",
    "o": null,
    "st": "H2T",
    "ml": false
  },
  "702099": {
    "i": "702099",
    "r": "S2-AKI",
    "it": "AT76",
    "y": null,
    "m": null,
    "mo": "Atr ATR 72-600",
    "o": null,
    "st": "L2T",
    "ml": false
  },
  "70209b": {
    "i": "70209b",
    "r": "S2-AJV",
    "it": "B788",
    "y": null,
    "m": null,
    "mo": "Boeing 787-8",
    "o": null,
    "st": "L2J",
    "ml": false
  },
  "702c6a": {
    "i": "702c6a",
    "r": "414",
    "it": "MI8",
    "y": null,
    "m": null,
    "mo": "",
    "o": null,
    "st": "H2T",
    "ml": true
  },
  "704015": {
    "i": "704015",
    "r": "XY-ALT",
    "it": "A320",
    "y": null,
    "m": null,
    "mo": "",
    "o": null,
    "st": "L2J",
    "ml": false
  },
  "704b22": {
    "i": "704b22",
    "r": "XY-AJP",
    "it": "AT76",
    "y": null,
    "m": null,
    "mo": "Atr ATR 72-600",
    "o": null,
    "st": "L2T",
    "ml": false
  },
  "706058": {
    "i": "706058",
    "r": "9K-AOE",
    "it": "B77W",
    "y": null,
    "m": null,
    "mo": "Boeing 777-300",
    "o": null,
    "st": "L2J",
    "ml": false
  },
  "70605d": {
    "i": "70605d",
    "r": "9K-AOK",
    "it": "B77W",
    "y": null,
    "m": null,
    "mo": "Boeing 777-300",
    "o": null,
    "st": "L2J",
    "ml": false
  },
  "706066": {
    "i": "706066",
    "r": "9K-APF",
    "it": "A338",
    "y": null,
    "m": null,
    "mo": "",
    "o": null,
    "st": "L2J",
    "ml": false
  },
  "7061f5": {
    "i": "7061f5",
    "r": "KAF326",
    "it": "C30J",
    "y": null,
    "m": null,
    "mo": "",
    "o": null,
    "st": "L4T",
    "ml": true
  },
  "706217": {
    "i": "706217",
    "r": "KAF342",
    "it": "C17",
    "y": null,
    "m": null,
    "mo": "",
    "o": null,
    "st": "L4J",
    "ml": true
  },
  "706266": {
    "i": "706266",
    "r": "KAF612",
    "it": "EC25",
    "y": null,
    "m": null,
    "mo": "",
    "o": null,
    "st": "H2T",
    "ml": true
  },
  "708029": {
    "i": "708029",
    "r": "RDPL-34228",
    "it": "AT76",
    "y": null,
    "m": null,
    "mo": "Atr ATR 72-600",
    "o": null,
    "st": "L2T",
    "ml": false
  },
  "708a9a": {
    "i": "708a9a",
    "r": "RDPL-34154",
    "it": "MI8",
    "y": null,
    "m": null,
    "mo": "",
    "o": null,
    "st": "H2T",
    "ml": false
  },
  "70aebe": {
    "i": "70aebe",
    "r": "9N-AJK",
    "it": "A319",
    "y": null,
    "m": null,
    "mo": "Airbus A319-115",
    "o": null,
    "st": "L2J",
    "ml": false
  },
  "70c095": {
    "i": "70c095",
    "r": "913",
    "it": "C295",
    "y": null,
    "m": null,
    "mo": "CASA C-295 MPA",
    "o": null,
    "st": "L2T",
    "ml": false
  },
  "70c0fe": {
    "i": "70c0fe",
    "r": "A4O-SH",
    "it": "B789",
    "y": null,
    "m": null,
    "mo": "Boeing 787-9",
    "o": null,
    "st": "L2J",
    "ml": false
  },
  "70c10c": {
    "i": "70c10c",
    "r": "A4O-OVG",
    "it": "A20N",
    "y": null,
    "m": null,
    "mo": "Airbus A320-251N",
    "o": null,
    "st": "L2J",
    "ml": false
  },
  "70c10e": {
    "i": "70c10e",
    "r": "A4O-OVI",
    "it": "A20N",
    "y": null,
    "m": null,
    "mo": "Airbus A320-251N",
    "o": null,
    "st": "L2J",
    "ml": false
  },
  "70c13d": {
    "i": "70c13d",
    "r": "A4O-OXF",
    "it": "A21N",
    "y": null,
    "m": null,
    "mo": "",
    "o": null,
    "st": "L2J",
    "ml": false
  },
  "70000e": {
    "i": "70000e",
    "r": "YA-KMN",
    "it": "B733",
    "y": null,
    "m": null,
    "mo": "Boeing 737-3Z0",
    "o": null,
    "st": "L2J",
    "ml": false
  },
  "70209a": {
    "i": "70209a",
    "r": "S2-AJU",
    "it": "B788",
    "y": null,
    "m": null,
    "mo": "Boeing 787-8",
    "o": null,
    "st": "L2J",
    "ml": false
  },
  "704125": {
    "i": "704125",
    "r": "XY-AJN",
    "it": "AT75",
    "y": null,
    "m": null,
    "mo": "Avions de Transport Regional ATR 72 500",
    "o": null,
    "st": "L2T",
    "ml": false
  },
  "704946": {
    "i": "704946",
    "r": "XY-AGR",
    "it": "A319",
    "y": null,
    "m": null,
    "mo": "Airbus A319 112",
    "o": null,
    "st": "L2J",
    "ml": false
  },
  "704f81": {
    "i": "704f81",
    "r": "003",
    "it": "F70",
    "y": null,
    "m": null,
    "mo": "",
    "o": null,
    "st": "L2J",
    "ml": true
  },
  "706010": {
    "i": "706010",
    "r": "9K-ADE",
    "it": "B744",
    "y": null,
    "m": null,
    "mo": "Boeing 747 469 SCD",
    "o": null,
    "st": "L4J",
    "ml": false
  },
  "70612f": {
    "i": "70612f",
    "r": "9K-CBH",
    "it": "A20N",
    "y": null,
    "m": null,
    "mo": "Airbus A320-251N",
    "o": null,
    "st": "L2J",
    "ml": false
  },
  "70a8f0": {
    "i": "70a8f0",
    "r": "9N-AOE",
    "it": "AS50",
    "y": null,
    "m": null,
    "mo": "",
    "o": null,
    "st": "H1T",
    "ml": false
  },
  "70a9e6": {
    "i": "70a9e6",
    "r": "9N-AMN",
    "it": "AT75",
    "y": null,
    "m": null,
    "mo": "Atr ATR 72-212A",
    "o": null,
    "st": "L2T",
    "ml": false
  },
  "70a9f6": {
    "i": "70a9f6",
    "r": "9N-AMF",
    "it": "AT75",
    "y": null,
    "m": null,
    "mo": "Atr ATR 72-212A",
    "o": null,
    "st": "L2T",
    "ml": false
  },
  "70ab21": {
    "i": "70ab21",
    "r": "9N-AIT",
    "it": "AT43",
    "y": null,
    "m": null,
    "mo": "Avions de Transport Regional ATR 42 320",
    "o": null,
    "st": "L2T",
    "ml": false
  },
  "70ac30": {
    "i": "70ac30",
    "r": "9N-AEE",
    "it": "B190",
    "y": null,
    "m": null,
    "mo": "",
    "o": null,
    "st": "L2T",
    "ml": false
  },
  "70c0b0": {
    "i": "70c0b0",
    "r": "A4O-EB",
    "it": "E75S",
    "y": null,
    "m": null,
    "mo": "Embraer Emb-175-200LR",
    "o": null,
    "st": "L2J",
    "ml": false
  },
  "70e052": {
    "i": "70e052",
    "r": "XU-996",
    "it": "A320",
    "y": null,
    "m": null,
    "mo": "Airbus A320-214",
    "o": null,
    "st": "L2J",
    "ml": false
  },
  "70e070": {
    "i": "70e070",
    "r": "XU-797",
    "it": "A319",
    "y": null,
    "m": null,
    "mo": "Airbus A319-112",
    "o": null,
    "st": "L2J",
    "ml": false
  },
  "70e072": {
    "i": "70e072",
    "r": "XU-901",
    "it": "A320",
    "y": null,
    "m": null,
    "mo": "Airbus A320-232",
    "o": null,
    "st": "L2J",
    "ml": false
  },
  "70e07e": {
    "i": "70e07e",
    "r": "XU-719",
    "it": "A320",
    "y": null,
    "m": null,
    "mo": "Airbus A320-214",
    "o": null,
    "st": "L2J",
    "ml": false
  },
  "70e083": {
    "i": "70e083",
    "r": "XU-726",
    "it": "A320",
    "y": null,
    "m": null,
    "mo": "",
    "o": null,
    "st": "L2J",
    "ml": false
  },
  "700007": {
    "i": "700007",
    "r": "YA-CAV",
    "it": "A310",
    "y": null,
    "m": null,
    "mo": "Airbus A310-304",
    "o": null,
    "st": "L2J",
    "ml": false
  },
  "7020bd": {
    "i": "7020bd",
    "r": "S2-ALA",
    "it": "A333",
    "y": null,
    "m": null,
    "mo": "",
    "o": null,
    "st": "L2J",
    "ml": false
  },
  "702c3b": {
    "i": "702c3b",
    "r": "BH131",
    "it": "B212",
    "y": null,
    "m": null,
    "mo": "",
    "o": null,
    "st": "H2T",
    "ml": true
  },
  "702c47": {
    "i": "702c47",
    "r": "S3-BRA",
    "it": "B407",
    "y": null,
    "m": null,
    "mo": "",
    "o": null,
    "st": "H1T",
    "ml": false
  },
  "704002": {
    "i": "704002",
    "r": "XY-AML",
    "it": "AT76",
    "y": null,
    "m": null,
    "mo": "Atr ATR 72-600",
    "o": null,
    "st": "L2T",
    "ml": false
  },
  "704012": {
    "i": "704012",
    "r": "XY-ALP",
    "it": "E190",
    "y": null,
    "m": null,
    "mo": "Embraer Emb-190-100LR",
    "o": null,
    "st": "L2J",
    "ml": false
  },
  "706265": {
    "i": "706265",
    "r": "KAF611",
    "it": "EC25",
    "y": null,
    "m": null,
    "mo": "",
    "o": null,
    "st": "H2T",
    "ml": true
  },
  "70e073": {
    "i": "70e073",
    "r": "XU-145",
    "it": "EC45",
    "y": null,
    "m": null,
    "mo": "",
    "o": null,
    "st": "H2T",
    "ml": false
  },
  "700024": {
    "i": "700024",
    "r": "YA-KMU",
    "it": "A343",
    "y": null,
    "m": null,
    "mo": "Airbus A340-313X",
    "o": null,
    "st": "L4J",
    "ml": false
  },
  "70203f": {
    "i": "70203f",
    "r": "S2-AFP",
    "it": "B77W",
    "y": null,
    "m": null,
    "mo": "Boeing 777-3E9",
    "o": null,
    "st": "L2J",
    "ml": false
  },
  "702087": {
    "i": "702087",
    "r": "S2-AJT",
    "it": "B788",
    "y": null,
    "m": null,
    "mo": "Boeing 787-8",
    "o": null,
    "st": "L2J",
    "ml": false
  },
  "7020a6": {
    "i": "7020a6",
    "r": "S2-AKF",
    "it": "DH8D",
    "y": null,
    "m": null,
    "mo": "",
    "o": null,
    "st": "L2T",
    "ml": false
  },
  "70602b": {
    "i": "70602b",
    "r": "9K-AKK",
    "it": "A320",
    "y": null,
    "m": null,
    "mo": "Airbus A320-214",
    "o": null,
    "st": "L2J",
    "ml": false
  },
  "706070": {
    "i": "706070",
    "r": "9K-APJ",
    "it": "A339",
    "y": null,
    "m": null,
    "mo": "",
    "o": null,
    "st": "L2J",
    "ml": false
  },
  "706202": {
    "i": "706202",
    "r": "9K-CAO",
    "it": "A320",
    "y": null,
    "m": null,
    "mo": "Airbus A320-214",
    "o": null,
    "st": "L2J",
    "ml": false
  },
  "70c0c3": {
    "i": "70c0c3",
    "r": "A4O-BQ",
    "it": "B738",
    "y": null,
    "m": null,
    "mo": "Boeing 737-81M",
    "o": null,
    "st": "L2J",
    "ml": false
  },
  "70c0f8": {
    "i": "70c0f8",
    "r": "A4O-MB",
    "it": "B38M",
    "y": null,
    "m": null,
    "mo": "Boeing 737MAX 8",
    "o": null,
    "st": "L2J",
    "ml": false
  },
  "70c107": {
    "i": "70c107",
    "r": "A4O-ML",
    "it": "B38M",
    "y": null,
    "m": null,
    "mo": "Boeing 737MAX 8",
    "o": null,
    "st": "L2J",
    "ml": false
  },
  "70c13c": {
    "i": "70c13c",
    "r": "A4O-OXE",
    "it": "A21N",
    "y": null,
    "m": null,
    "mo": "Airbus A321 251NSL",
    "o": null,
    "st": "L2J",
    "ml": false
  },
  "70e028": {
    "i": "70e028",
    "r": "XU-235",
    "it": "AT75",
    "y": null,
    "m": null,
    "mo": "",
    "o": null,
    "st": "L2T",
    "ml": false
  },
  "700929": {
    "i": "700929",
    "r": "YA22345",
    "it": "C208",
    "y": null,
    "m": null,
    "mo": "Cessna 208 B",
    "o": null,
    "st": "L1T",
    "ml": false
  },
  "70207b": {
    "i": "70207b",
    "r": "S2-AIN",
    "it": "R66",
    "y": null,
    "m": null,
    "mo": "",
    "o": null,
    "st": "H1T",
    "ml": false
  },
  "7020b2": {
    "i": "7020b2",
    "r": "S2-AJG",
    "it": "B738",
    "y": null,
    "m": null,
    "mo": "",
    "o": null,
    "st": "L2J",
    "ml": false
  },
  "702c31": {
    "i": "702c31",
    "r": "314-02",
    "it": "D228",
    "y": null,
    "m": null,
    "mo": "RUAG Do 228 212 NG",
    "o": null,
    "st": "L2T",
    "ml": true
  },
  "704003": {
    "i": "704003",
    "r": "XY-AMM",
    "it": "AT76",
    "y": null,
    "m": null,
    "mo": "Atr ATR 72-600",
    "o": null,
    "st": "L2T",
    "ml": false
  },
  "704011": {
    "i": "704011",
    "r": "XY-ALO",
    "it": "E190",
    "y": null,
    "m": null,
    "mo": "",
    "o": null,
    "st": "L2J",
    "ml": false
  },
  "704e85": {
    "i": "704e85",
    "r": "XY-AJD",
    "it": "AT75",
    "y": null,
    "m": null,
    "mo": "Avions de Transport Regional ATR 72 500",
    "o": null,
    "st": "L2T",
    "ml": false
  },
  "70801c": {
    "i": "70801c",
    "r": "RDPL-34199",
    "it": "A320",
    "y": null,
    "m": null,
    "mo": "Airbus A320-214",
    "o": null,
    "st": "L2J",
    "ml": false
  },
  "70a8eb": {
    "i": "70a8eb",
    "r": "9N-AOG",
    "it": "AT75",
    "y": null,
    "m": null,
    "mo": "",
    "o": null,
    "st": "L2T",
    "ml": false
  },
  "70a9f3": {
    "i": "70a9f3",
    "r": "9N-AMB",
    "it": "CRJ7",
    "y": null,
    "m": null,
    "mo": "Bombardier CRJ 700 701ER",
    "o": null,
    "st": "L2J",
    "ml": false
  },
  "70ab30": {
    "i": "70ab30",
    "r": "9N-AIE",
    "it": "D228",
    "y": null,
    "m": null,
    "mo": "",
    "o": null,
    "st": "L2T",
    "ml": false
  },
  "70c08d": {
    "i": "70c08d",
    "r": "505",
    "it": "C30J",
    "y": null,
    "m": null,
    "mo": "Lockheed C-130J-30 Hercules",
    "o": null,
    "st": "L4T",
    "ml": true
  },
  "70c0fc": {
    "i": "70c0fc",
    "r": "A4O-ME",
    "it": "B38M",
    "y": null,
    "m": null,
    "mo": "Boeing 737MAX 8",
    "o": null,
    "st": "L2J",
    "ml": false
  },
  "700011": {
    "i": "700011",
    "r": "YA-KME",
    "it": "A343",
    "y": null,
    "m": null,
    "mo": "Airbus A340-313X",
    "o": null,
    "st": "L4J",
    "ml": false
  },
  "702034": {
    "i": "702034",
    "r": "S2-AFM",
    "it": "B738",
    "y": null,
    "m": null,
    "mo": "Boeing 737NG 83N/W",
    "o": null,
    "st": "L2J",
    "ml": false
  },
  "70204c": {
    "i": "70204c",
    "r": "S2-AHC",
    "it": "B737",
    "y": null,
    "m": null,
    "mo": "Boeing 737NG 7V3/W",
    "o": null,
    "st": "L2J",
    "ml": false
  },
  "702090": {
    "i": "702090",
    "r": "S2-AGI",
    "it": "R66",
    "y": null,
    "m": null,
    "mo": "",
    "o": null,
    "st": "H1T",
    "ml": false
  },
  "702c01": {
    "i": "702c01",
    "r": "S3-AGA",
    "it": "C130",
    "y": null,
    "m": null,
    "mo": "Lockheed C-130B Hercules",
    "o": null,
    "st": "L4T",
    "ml": false
  },
  "702c30": {
    "i": "702c30",
    "r": "314-01",
    "it": "D228",
    "y": null,
    "m": null,
    "mo": "RUAG Do 228 212 NG",
    "o": null,
    "st": "L2T",
    "ml": true
  },
  "706016": {
    "i": "706016",
    "r": "9K-AND",
    "it": "A343",
    "y": null,
    "m": null,
    "mo": "Airbus A340 313",
    "o": null,
    "st": "L4J",
    "ml": false
  },
  "706026": {
    "i": "706026",
    "r": "9K-AKF",
    "it": "A320",
    "y": null,
    "m": null,
    "mo": "Airbus A320-214",
    "o": null,
    "st": "L2J",
    "ml": false
  },
  "706051": {
    "i": "706051",
    "r": "9K-APE",
    "it": "A332",
    "y": null,
    "m": null,
    "mo": "Airbus A330-243",
    "o": null,
    "st": "L2J",
    "ml": false
  },
  "70605a": {
    "i": "70605a",
    "r": "9K-AOH",
    "it": "B77W",
    "y": null,
    "m": null,
    "mo": "Boeing 777-300",
    "o": null,
    "st": "L2J",
    "ml": false
  },
  "706064": {
    "i": "706064",
    "r": "9K-AKM",
    "it": "A20N",
    "y": null,
    "m": null,
    "mo": "Airbus A320-251N",
    "o": null,
    "st": "L2J",
    "ml": false
  },
  "706130": {
    "i": "706130",
    "r": "9K-CBI",
    "it": "A20N",
    "y": null,
    "m": null,
    "mo": "",
    "o": null,
    "st": "L2J",
    "ml": false
  },
  "706261": {
    "i": "706261",
    "r": "KAF607",
    "it": "EC25",
    "y": null,
    "m": null,
    "mo": "",
    "o": null,
    "st": "H2T",
    "ml": true
  },
  "706268": {
    "i": "706268",
    "r": "KAF614",
    "it": "EC25",
    "y": null,
    "m": null,
    "mo": "",
    "o": null,
    "st": "H2T",
    "ml": true
  },
  "70a8f6": {
    "i": "70a8f6",
    "r": "9N-AOF",
    "it": "AT75",
    "y": null,
    "m": null,
    "mo": "",
    "o": null,
    "st": "L2T",
    "ml": false
  },
  "70a9a9": {
    "i": "70a9a9",
    "r": "9N-ANL",
    "it": "AS50",
    "y": null,
    "m": null,
    "mo": "",
    "o": null,
    "st": "H1T",
    "ml": false
  },
  "70a9f1": {
    "i": "70a9f1",
    "r": "9N-AMZ",
    "it": "AT75",
    "y": null,
    "m": null,
    "mo": "",
    "o": null,
    "st": "L2T",
    "ml": false
  },
  "70c1fa": {
    "i": "70c1fa",
    "r": "OL-SDB",
    "it": "B752",
    "y": null,
    "m": null,
    "mo": "",
    "o": null,
    "st": "L2J",
    "ml": false
  },
  "70e060": {
    "i": "70e060",
    "r": "XU-505",
    "it": "B505",
    "y": null,
    "m": null,
    "mo": "",
    "o": null,
    "st": "H1T",
    "ml": false
  },
  "70e08c": {
    "i": "70e08c",
    "r": "XU-819",
    "it": "A320",
    "y": null,
    "m": null,
    "mo": "",
    "o": null,
    "st": "L2J",
    "ml": false
  },
  "700001": {
    "i": "700001",
    "r": "YA-KAA",
    "it": "A343",
    "y": null,
    "m": null,
    "mo": "",
    "o": null,
    "st": "L4J",
    "ml": false
  },
  "7020a3": {
    "i": "7020a3",
    "r": "S2-AKL",
    "it": "AT76",
    "y": null,
    "m": null,
    "mo": "Atr ATR 72-600",
    "o": null,
    "st": "L2T",
    "ml": false
  },
  "702c02": {
    "i": "702c02",
    "r": "S3-AGB",
    "it": "C130",
    "y": null,
    "m": null,
    "mo": "",
    "o": null,
    "st": "L4T",
    "ml": true
  },
  "70412b": {
    "i": "70412b",
    "r": "XY-AMK",
    "it": "AT76",
    "y": null,
    "m": null,
    "mo": "Atr ATR 72-600",
    "o": null,
    "st": "L2T",
    "ml": false
  },
  "706014": {
    "i": "706014",
    "r": "9K-ANB",
    "it": "A343",
    "y": null,
    "m": null,
    "mo": "Airbus A340 313",
    "o": null,
    "st": "L4J",
    "ml": false
  },
  "70606c": {
    "i": "70606c",
    "r": "9K-AKR",
    "it": "A20N",
    "y": null,
    "m": null,
    "mo": "",
    "o": null,
    "st": "L2J",
    "ml": false
  },
  "70625f": {
    "i": "70625f",
    "r": "KAF605",
    "it": "EC25",
    "y": null,
    "m": null,
    "mo": "",
    "o": null,
    "st": "H2T",
    "ml": true
  },
  "70c04a": {
    "i": "70c04a",
    "r": "A4O-BR",
    "it": "B738",
    "y": null,
    "m": null,
    "mo": "Boeing 737NG 81M/W",
    "o": null,
    "st": "L2J",
    "ml": false
  },
  "70c125": {
    "i": "70c125",
    "r": "A4O-SL",
    "it": "B789",
    "y": null,
    "m": null,
    "mo": "",
    "o": null,
    "st": "L2J",
    "ml": false
  },
  "70e048": {
    "i": "70e048",
    "r": "XU-353",
    "it": "A320",
    "y": null,
    "m": null,
    "mo": "Airbus A320-232",
    "o": null,
    "st": "L2J",
    "ml": false
  },
  "70001b": {
    "i": "70001b",
    "r": "YA-WTA",
    "it": "A343",
    "y": null,
    "m": null,
    "mo": "Airbus A340-313X",
    "o": null,
    "st": "L4J",
    "ml": false
  },
  "702092": {
    "i": "702092",
    "r": "S2-AEQ",
    "it": "B738",
    "y": null,
    "m": null,
    "mo": "Boeing 737-8HO",
    "o": null,
    "st": "L2J",
    "ml": false
  },
  "7020ae": {
    "i": "7020ae",
    "r": "S2-STB",
    "it": "AT76",
    "y": null,
    "m": null,
    "mo": "",
    "o": null,
    "st": "L2T",
    "ml": false
  },
  "704018": {
    "i": "704018",
    "r": "XY-AMU",
    "it": "AT75",
    "y": null,
    "m": null,
    "mo": "Atr ATR 72-600",
    "o": null,
    "st": "L2T",
    "ml": false
  },
  "70606b": {
    "i": "70606b",
    "r": "9K-APH",
    "it": "A338",
    "y": null,
    "m": null,
    "mo": "",
    "o": null,
    "st": "L2J",
    "ml": false
  },
  "70620a": {
    "i": "70620a",
    "r": "9K-CAI",
    "it": "A320",
    "y": null,
    "m": null,
    "mo": "Airbus A320-214",
    "o": null,
    "st": "L2J",
    "ml": false
  },
  "70a9b4": {
    "i": "70a9b4",
    "r": "9N-ANS",
    "it": "DH8D",
    "y": null,
    "m": null,
    "mo": "Bombardier DHC-8-Q-402",
    "o": null,
    "st": "L2T",
    "ml": false
  },
  "70aa63": {
    "i": "70aa63",
    "r": "9N-ALO",
    "it": "DHC6",
    "y": null,
    "m": null,
    "mo": "",
    "o": null,
    "st": "L2T",
    "ml": false
  },
  "70aa79": {
    "i": "70aa79",
    "r": "9N-ALW",
    "it": "A320",
    "y": null,
    "m": null,
    "mo": "Airbus A320-214",
    "o": null,
    "st": "L2J",
    "ml": false
  },
  "70ac21": {
    "i": "70ac21",
    "r": "9N-AET",
    "it": "DHC6",
    "y": null,
    "m": null,
    "mo": "",
    "o": null,
    "st": "L2T",
    "ml": false
  },
  "70c091": {
    "i": "70c091",
    "r": "903",
    "it": "C295",
    "y": null,
    "m": null,
    "mo": "CASA C-295 M",
    "o": null,
    "st": "L2T",
    "ml": true
  },
  "70c0c5": {
    "i": "70c0c5",
    "r": "A4O-DI",
    "it": "A333",
    "y": null,
    "m": null,
    "mo": "Airbus A330-343E",
    "o": null,
    "st": "L2J",
    "ml": false
  },
  "70e03b": {
    "i": "70e03b",
    "r": "XU-706",
    "it": "A320",
    "y": null,
    "m": null,
    "mo": "Airbus A320-214",
    "o": null,
    "st": "L2J",
    "ml": false
  },
  "70e05f": {
    "i": "70e05f",
    "r": "XU-961",
    "it": "A321",
    "y": null,
    "m": null,
    "mo": "Airbus A321-231",
    "o": null,
    "st": "L2J",
    "ml": false
  },
  "70e064": {
    "i": "70e064",
    "r": "XU-878",
    "it": "A319",
    "y": null,
    "m": null,
    "mo": "Airbus A319-111",
    "o": null,
    "st": "L2J",
    "ml": false
  },
  "70e085": {
    "i": "70e085",
    "r": "XU-727",
    "it": "A320",
    "y": null,
    "m": null,
    "mo": "",
    "o": null,
    "st": "L2J",
    "ml": false
  },
  "7000a3": {
    "i": "7000a3",
    "r": "YA-FGG",
    "it": "A310",
    "y": null,
    "m": null,
    "mo": "",
    "o": null,
    "st": "L2J",
    "ml": false
  },
  "702041": {
    "i": "702041",
    "r": "S2-AHS",
    "it": "H25B",
    "y": null,
    "m": null,
    "mo": "British Aerospace 125 800B",
    "o": null,
    "st": "L2J",
    "ml": false
  },
  "702c46": {
    "i": "702c46",
    "r": "S3-BRT",
    "it": "C295",
    "y": null,
    "m": null,
    "mo": "",
    "o": null,
    "st": "L2T",
    "ml": true
  },
  "704728": {
    "i": "704728",
    "r": "XY-AJT",
    "it": "AT75",
    "y": null,
    "m": null,
    "mo": "Avions de Transport Regional ATR 72 500",
    "o": null,
    "st": "L2T",
    "ml": false
  },
  "706137": {
    "i": "706137",
    "r": "9K-CAW",
    "it": "A320",
    "y": null,
    "m": null,
    "mo": "Airbus A320-214",
    "o": null,
    "st": "L2J",
    "ml": false
  },
  "70620d": {
    "i": "70620d",
    "r": "9K-CAL",
    "it": "A320",
    "y": null,
    "m": null,
    "mo": "Airbus A320-214",
    "o": null,
    "st": "L2J",
    "ml": false
  },
  "70801f": {
    "i": "70801f",
    "r": "RDPL-34262",
    "it": "MA60",
    "y": null,
    "m": null,
    "mo": "",
    "o": null,
    "st": "L2T",
    "ml": false
  },
  "708026": {
    "i": "708026",
    "r": "RDPL-34224",
    "it": "A320",
    "y": null,
    "m": null,
    "mo": "Airbus A320-214",
    "o": null,
    "st": "L2J",
    "ml": false
  },
  "708a99": {
    "i": "708a99",
    "r": "RDPL-34153",
    "it": "MI8",
    "y": null,
    "m": null,
    "mo": "",
    "o": null,
    "st": "H2T",
    "ml": false
  },
  "70c0c4": {
    "i": "70c0c4",
    "r": "A4O-DH",
    "it": "A333",
    "y": null,
    "m": null,
    "mo": "Airbus A330-343E",
    "o": null,
    "st": "L2J",
    "ml": false
  },
  "70c0f7": {
    "i": "70c0f7",
    "r": "A4O-MA",
    "it": "B38M",
    "y": null,
    "m": null,
    "mo": "Boeing 737MAX 8",
    "o": null,
    "st": "L2J",
    "ml": false
  },
  "70c100": {
    "i": "70c100",
    "r": "A4O-MF",
    "it": "B38M",
    "y": null,
    "m": null,
    "mo": "Boeing 737MAX 8",
    "o": null,
    "st": "L2J",
    "ml": false
  },
  "70c105": {
    "i": "70c105",
    "r": "A4O-SI",
    "it": "B789",
    "y": null,
    "m": null,
    "mo": "Boeing 787-9",
    "o": null,
    "st": "L2J",
    "ml": false
  },
  "70c12f": {
    "i": "70c12f",
    "r": "A4O-HC",
    "it": "EC45",
    "y": null,
    "m": null,
    "mo": "",
    "o": null,
    "st": "H2T",
    "ml": false
  },
  "70e034": {
    "i": "70e034",
    "r": "XU-113",
    "it": "A320",
    "y": null,
    "m": null,
    "mo": "Airbus A320 214",
    "o": null,
    "st": "L2J",
    "ml": false
  },
  "702076": {
    "i": "702076",
    "r": "S2-AJB",
    "it": "B738",
    "y": null,
    "m": null,
    "mo": "Boeing 737-8Q8",
    "o": null,
    "st": "L2J",
    "ml": false
  },
  "702089": {
    "i": "702089",
    "r": "S2-AIW",
    "it": "R66",
    "y": null,
    "m": null,
    "mo": "Robinson R66",
    "o": null,
    "st": "H1T",
    "ml": false
  },
  "70209f": {
    "i": "70209f",
    "r": "S2-AJY",
    "it": "B789",
    "y": null,
    "m": null,
    "mo": "Boeing 787-9",
    "o": null,
    "st": "L2J",
    "ml": false
  },
  "7020af": {
    "i": "7020af",
    "r": "S2-AJR",
    "it": "R66",
    "y": null,
    "m": null,
    "mo": "",
    "o": null,
    "st": "H1T",
    "ml": false
  },
  "702c66": {
    "i": "702c66",
    "r": "205",
    "it": "MI8",
    "y": null,
    "m": null,
    "mo": "",
    "o": null,
    "st": "H2T",
    "ml": true
  },
  "702c67": {
    "i": "702c67",
    "r": "216",
    "it": "MI8",
    "y": null,
    "m": null,
    "mo": "",
    "o": null,
    "st": "H2T",
    "ml": true
  },
  "702c88": {
    "i": "702c88",
    "r": "748",
    "it": "MI8",
    "y": null,
    "m": null,
    "mo": "",
    "o": null,
    "st": "H2T",
    "ml": true
  },
  "704014": {
    "i": "704014",
    "r": "XY-ALR",
    "it": "A320",
    "y": null,
    "m": null,
    "mo": "",
    "o": null,
    "st": "L2J",
    "ml": false
  },
  "7043e1": {
    "i": "7043e1",
    "r": "XY-AGP",
    "it": "E190",
    "y": null,
    "m": null,
    "mo": "Embraer EMB-190 AR",
    "o": null,
    "st": "L2J",
    "ml": false
  },
  "70602a": {
    "i": "70602a",
    "r": "9K-AKJ",
    "it": "A320",
    "y": null,
    "m": null,
    "mo": "Airbus A320-214",
    "o": null,
    "st": "L2J",
    "ml": false
  },
  "706057": {
    "i": "706057",
    "r": "9K-AOD",
    "it": "B77W",
    "y": null,
    "m": null,
    "mo": "Boeing 777-300",
    "o": null,
    "st": "L2J",
    "ml": false
  },
  "706068": {
    "i": "706068",
    "r": "9K-AKO",
    "it": "A20N",
    "y": null,
    "m": null,
    "mo": "",
    "o": null,
    "st": "L2J",
    "ml": false
  },
  "70a8e9": {
    "i": "70a8e9",
    "r": "9N-AOL",
    "it": "DH8D",
    "y": null,
    "m": null,
    "mo": "DHC-8-402",
    "o": null,
    "st": "L2T",
    "ml": false
  },
  "70a9b9": {
    "i": "70a9b9",
    "r": "9N-ANW",
    "it": "AT75",
    "y": null,
    "m": null,
    "mo": "",
    "o": null,
    "st": "L2T",
    "ml": false
  },
  "70c09a": {
    "i": "70c09a",
    "r": "A4O-BU",
    "it": "B738",
    "y": null,
    "m": null,
    "mo": "Boeing 737-81M",
    "o": null,
    "st": "L2J",
    "ml": false
  },
  "70c0a3": {
    "i": "70c0a3",
    "r": "A4O-HE",
    "it": "EC25",
    "y": null,
    "m": null,
    "mo": "Eurocopter EC225 LP",
    "o": null,
    "st": "H2T",
    "ml": false
  },
  "70c0af": {
    "i": "70c0af",
    "r": "A4O-EA",
    "it": "E75S",
    "y": null,
    "m": null,
    "mo": "Embraer Emb-175-200LR",
    "o": null,
    "st": "L2J",
    "ml": false
  },
  "70c101": {
    "i": "70c101",
    "r": "A4O-MG",
    "it": "B38M",
    "y": null,
    "m": null,
    "mo": "Boeing 737MAX 8",
    "o": null,
    "st": "L2J",
    "ml": false
  },
  "70c134": {
    "i": "70c134",
    "r": "A4O-OXC",
    "it": "A21N",
    "y": null,
    "m": null,
    "mo": "A321-253N",
    "o": null,
    "st": "L2J",
    "ml": false
  },
  "70e01b": {
    "i": "70e01b",
    "r": "XU-098",
    "it": "EC35",
    "y": null,
    "m": null,
    "mo": "Eurocopter EC135 P2+",
    "o": null,
    "st": "H2T",
    "ml": false
  },
  "704016": {
    "i": "704016",
    "r": "XY-ALU",
    "it": "E190",
    "y": null,
    "m": null,
    "mo": "",
    "o": null,
    "st": "L2J",
    "ml": false
  },
  "70000a": {
    "i": "70000a",
    "r": "YA-KMK",
    "it": "B733",
    "y": null,
    "m": null,
    "mo": "Boeing 737-3H4",
    "o": null,
    "st": "L2J",
    "ml": false
  },
  "702085": {
    "i": "702085",
    "r": "S2-AJK",
    "it": "AT75",
    "y": null,
    "m": null,
    "mo": "Avions de Transport Regional ATR 72 500",
    "o": null,
    "st": "L2T",
    "ml": false
  },
  "7020ab": {
    "i": "7020ab",
    "r": "S2-AJE",
    "it": "B738",
    "y": null,
    "m": null,
    "mo": "",
    "o": null,
    "st": "L2J",
    "ml": false
  },
  "7020bb": {
    "i": "7020bb",
    "r": "S2-MKM",
    "it": "B407",
    "y": null,
    "m": null,
    "mo": "",
    "o": null,
    "st": "H1T",
    "ml": false
  },
  "7020be": {
    "i": "7020be",
    "r": "S2-ALB",
    "it": "A333",
    "y": null,
    "m": null,
    "mo": "",
    "o": null,
    "st": "L2J",
    "ml": false
  },
  "704729": {
    "i": "704729",
    "r": "XY-AJW",
    "it": "AT76",
    "y": null,
    "m": null,
    "mo": "Atr ATR 72-600",
    "o": null,
    "st": "L2T",
    "ml": false
  },
  "70604d": {
    "i": "70604d",
    "r": "9K-APA",
    "it": "A332",
    "y": null,
    "m": null,
    "mo": "Airbus A330-243",
    "o": null,
    "st": "L2J",
    "ml": false
  },
  "706134": {
    "i": "706134",
    "r": "9K-CAS",
    "it": "A320",
    "y": null,
    "m": null,
    "mo": "",
    "o": null,
    "st": "L2J",
    "ml": false
  },
  "70a04c": {
    "i": "70a04c",
    "r": "NA-058",
    "it": "A139",
    "y": null,
    "m": null,
    "mo": "",
    "o": null,
    "st": "H2T",
    "ml": false
  },
  "70c0a4": {
    "i": "70c0a4",
    "r": "A4O-DA",
    "it": "A332",
    "y": null,
    "m": null,
    "mo": "Airbus A330-243",
    "o": null,
    "st": "L2J",
    "ml": false
  },
  "70c0fa": {
    "i": "70c0fa",
    "r": "A4O-MC",
    "it": "B38M",
    "y": null,
    "m": null,
    "mo": "Boeing 737MAX 8",
    "o": null,
    "st": "L2J",
    "ml": false
  },
  "70c12c": {
    "i": "70c12c",
    "r": "A4O-OOB",
    "it": "DA42",
    "y": null,
    "m": null,
    "mo": "",
    "o": null,
    "st": "L2P",
    "ml": false
  },
  "7020a9": {
    "i": "7020a9",
    "r": "S2-AKO",
    "it": "AT76",
    "y": null,
    "m": null,
    "mo": "",
    "o": null,
    "st": "L2T",
    "ml": false
  },
  "7020b8": {
    "i": "7020b8",
    "r": "S2-AKP",
    "it": "AT76",
    "y": null,
    "m": null,
    "mo": "",
    "o": null,
    "st": "L2T",
    "ml": false
  },
  "7020bc": {
    "i": "7020bc",
    "r": "S2-AKQ",
    "it": "AT76",
    "y": null,
    "m": null,
    "mo": "",
    "o": null,
    "st": "L2T",
    "ml": false
  },
  "702c26": {
    "i": "702c26",
    "r": "99-5482",
    "it": "C30J",
    "y": null,
    "m": null,
    "mo": "",
    "o": null,
    "st": "L4T",
    "ml": true
  },
  "70606e": {
    "i": "70606e",
    "r": "9K-AKS",
    "it": "A20N",
    "y": null,
    "m": null,
    "mo": "",
    "o": null,
    "st": "L2J",
    "ml": false
  },
  "70626c": {
    "i": "70626c",
    "r": "KAF618",
    "it": "EC25",
    "y": null,
    "m": null,
    "mo": "",
    "o": null,
    "st": "H2T",
    "ml": true
  },
  "70801b": {
    "i": "70801b",
    "r": "RDPL-34188",
    "it": "A320",
    "y": null,
    "m": null,
    "mo": "Airbus A320-214",
    "o": null,
    "st": "L2J",
    "ml": false
  },
  "708022": {
    "i": "708022",
    "r": "RDPL-34222",
    "it": "AT76",
    "y": null,
    "m": null,
    "mo": "Atr ATR 72-600",
    "o": null,
    "st": "L2T",
    "ml": false
  },
  "70a9bd": {
    "i": "70a9bd",
    "r": "9N-ANQ",
    "it": "AT75",
    "y": null,
    "m": null,
    "mo": "",
    "o": null,
    "st": "L2T",
    "ml": false
  },
  "70c0ad": {
    "i": "70c0ad",
    "r": "A4O-DG",
    "it": "A332",
    "y": null,
    "m": null,
    "mo": "Airbus A330-243",
    "o": null,
    "st": "L2J",
    "ml": false
  },
  "70e077": {
    "i": "70e077",
    "r": "XU-903",
    "it": "A320",
    "y": null,
    "m": null,
    "mo": "Airbus A320-214",
    "o": null,
    "st": "L2J",
    "ml": false
  },
  "700015": {
    "i": "700015",
    "r": "YA-KMH",
    "it": "A343",
    "y": null,
    "m": null,
    "mo": "Airbus A340-313X",
    "o": null,
    "st": "L4J",
    "ml": false
  },
  "700025": {
    "i": "700025",
    "r": "YA-KMJ",
    "it": "B733",
    "y": null,
    "m": null,
    "mo": "Boeing 737-3H4",
    "o": null,
    "st": "L2J",
    "ml": false
  },
  "70202f": {
    "i": "70202f",
    "r": "S2-AEU",
    "it": "MD83",
    "y": null,
    "m": null,
    "mo": "McDonnell Douglas DC-9 83",
    "o": null,
    "st": "L2J",
    "ml": false
  },
  "702082": {
    "i": "702082",
    "r": "S2-AJD",
    "it": "B738",
    "y": null,
    "m": null,
    "mo": "Boeing 737-8Q8",
    "o": null,
    "st": "L2J",
    "ml": false
  },
  "702c68": {
    "i": "702c68",
    "r": "219",
    "it": "MI8",
    "y": null,
    "m": null,
    "mo": "",
    "o": null,
    "st": "H2T",
    "ml": true
  },
  "706027": {
    "i": "706027",
    "r": "9K-AKG",
    "it": "A320",
    "y": null,
    "m": null,
    "mo": "Airbus A320-214",
    "o": null,
    "st": "L2J",
    "ml": false
  },
  "70605f": {
    "i": "70605f",
    "r": "9K-AOM",
    "it": "B77W",
    "y": null,
    "m": null,
    "mo": "Boeing 777-300",
    "o": null,
    "st": "L2J",
    "ml": false
  },
  "706069": {
    "i": "706069",
    "r": "9K-AKP",
    "it": "A20N",
    "y": null,
    "m": null,
    "mo": "",
    "o": null,
    "st": "L2J",
    "ml": false
  },
  "70606d": {
    "i": "70606d",
    "r": "9K-API",
    "it": "A338",
    "y": null,
    "m": null,
    "mo": "",
    "o": null,
    "st": "L2J",
    "ml": false
  },
  "70612e": {
    "i": "70612e",
    "r": "9K-CBF",
    "it": "A20N",
    "y": null,
    "m": null,
    "mo": "Airbus A320-251N",
    "o": null,
    "st": "L2J",
    "ml": false
  },
  "706132": {
    "i": "706132",
    "r": "9K-CBK",
    "it": "A20N",
    "y": null,
    "m": null,
    "mo": "",
    "o": null,
    "st": "L2J",
    "ml": false
  },
  "70620e": {
    "i": "70620e",
    "r": "9K-CAM",
    "it": "A320",
    "y": null,
    "m": null,
    "mo": "Airbus A320-214",
    "o": null,
    "st": "L2J",
    "ml": false
  },
  "70626d": {
    "i": "70626d",
    "r": "KAF619",
    "it": "EC25",
    "y": null,
    "m": null,
    "mo": "",
    "o": null,
    "st": "H2T",
    "ml": true
  },
  "708014": {
    "i": "708014",
    "r": "RDPL-34174",
    "it": "AT75",
    "y": null,
    "m": null,
    "mo": "Avions de Transport Regional ATR 72 500",
    "o": null,
    "st": "L2T",
    "ml": false
  },
  "70a9fc": {
    "i": "70a9fc",
    "r": "9N-AMU",
    "it": "AT75",
    "y": null,
    "m": null,
    "mo": "Atr ATR 72-212A",
    "o": null,
    "st": "L2T",
    "ml": false
  },
  "70aea9": {
    "i": "70aea9",
    "r": "9N-AJL",
    "it": "AT75",
    "y": null,
    "m": null,
    "mo": "",
    "o": null,
    "st": "L2T",
    "ml": false
  },
  "70204a": {
    "i": "70204a",
    "r": "S2-AHM",
    "it": "B77W",
    "y": null,
    "m": null,
    "mo": "Boeing 777-3E9",
    "o": null,
    "st": "L2J",
    "ml": false
  },
  "70204b": {
    "i": "70204b",
    "r": "S2-AHN",
    "it": "B77W",
    "y": null,
    "m": null,
    "mo": "Boeing 777-3E9",
    "o": null,
    "st": "L2J",
    "ml": false
  },
  "702066": {
    "i": "702066",
    "r": "S2-AHO",
    "it": "B738",
    "y": null,
    "m": null,
    "mo": "Boeing 737-8E9",
    "o": null,
    "st": "L2J",
    "ml": false
  },
  "702067": {
    "i": "702067",
    "r": "S2-AHV",
    "it": "B738",
    "y": null,
    "m": null,
    "mo": "Boeing 737-8E9",
    "o": null,
    "st": "L2J",
    "ml": false
  },
  "70206c": {
    "i": "70206c",
    "r": "S2-AHF",
    "it": "AT75",
    "y": null,
    "m": null,
    "mo": "Avions de Transport Regional ATR 72 500",
    "o": null,
    "st": "L2T",
    "ml": false
  },
  "702097": {
    "i": "702097",
    "r": "S2-AKG",
    "it": "AT76",
    "y": null,
    "m": null,
    "mo": "Atr ATR 72-600",
    "o": null,
    "st": "L2T",
    "ml": false
  },
  "7020b9": {
    "i": "7020b9",
    "r": "S2-MKT",
    "it": "B505",
    "y": null,
    "m": null,
    "mo": "",
    "o": null,
    "st": "H1T",
    "ml": false
  },
  "706005": {
    "i": "706005",
    "r": "9K-AKB",
    "it": "A320",
    "y": null,
    "m": null,
    "mo": "Airbus A320 212",
    "o": null,
    "st": "L2J",
    "ml": false
  },
  "706017": {
    "i": "706017",
    "r": "9K-AOA",
    "it": "B772",
    "y": null,
    "m": null,
    "mo": "Boeing 777 269ER",
    "o": null,
    "st": "L2J",
    "ml": false
  },
  "70612d": {
    "i": "70612d",
    "r": "9K-CBG",
    "it": "A20N",
    "y": null,
    "m": null,
    "mo": "Airbus A320-251N",
    "o": null,
    "st": "L2J",
    "ml": false
  },
  "706136": {
    "i": "706136",
    "r": "9K-CAV",
    "it": "A320",
    "y": null,
    "m": null,
    "mo": "",
    "o": null,
    "st": "L2J",
    "ml": false
  },
  "706213": {
    "i": "706213",
    "r": "9K-CBC",
    "it": "A20N",
    "y": null,
    "m": null,
    "mo": "Airbus A320-251N",
    "o": null,
    "st": "L2J",
    "ml": false
  },
  "706264": {
    "i": "706264",
    "r": "KAF610",
    "it": "EC25",
    "y": null,
    "m": null,
    "mo": "",
    "o": null,
    "st": "H2T",
    "ml": true
  },
  "708028": {
    "i": "708028",
    "r": "RDPL-34225",
    "it": "AT76",
    "y": null,
    "m": null,
    "mo": "Atr ATR 72-600",
    "o": null,
    "st": "L2T",
    "ml": false
  },
  "70a9f5": {
    "i": "70a9f5",
    "r": "9N-AMY",
    "it": "AT75",
    "y": null,
    "m": null,
    "mo": "Avions de Transport Regional ATR 72 500",
    "o": null,
    "st": "L2T",
    "ml": false
  },
  "70afb7": {
    "i": "70afb7",
    "r": "9N-AKX",
    "it": "A320",
    "y": null,
    "m": null,
    "mo": "Airbus A320-233",
    "o": null,
    "st": "L2J",
    "ml": false
  },
  "70c0b3": {
    "i": "70c0b3",
    "r": "A4O-AD",
    "it": "GLF5",
    "y": null,
    "m": null,
    "mo": "Gulfstream 5",
    "o": null,
    "st": "L2J",
    "ml": false
  },
  "70e069": {
    "i": "70e069",
    "r": "XU-928",
    "it": "A320",
    "y": null,
    "m": null,
    "mo": "Airbus A320 214",
    "o": null,
    "st": "L2J",
    "ml": false
  },
  "70e06e": {
    "i": "70e06e",
    "r": "XU-763",
    "it": "A320",
    "y": null,
    "m": null,
    "mo": "",
    "o": null,
    "st": "L2J",
    "ml": false
  },
  "70205e": {
    "i": "70205e",
    "r": "S2-AGA",
    "it": "AN26",
    "y": null,
    "m": null,
    "mo": "Antonov An-26 B",
    "o": null,
    "st": "L2T",
    "ml": false
  },
  "70207d": {
    "i": "70207d",
    "r": "S2-AIC",
    "it": "B429",
    "y": null,
    "m": null,
    "mo": "Bell Helicopters 429",
    "o": null,
    "st": "H2T",
    "ml": false
  },
  "702c0b": {
    "i": "702c0b",
    "r": "S3-AVC",
    "it": "L410",
    "y": null,
    "m": null,
    "mo": "",
    "o": null,
    "st": "L2T",
    "ml": true
  },
  "704010": {
    "i": "704010",
    "r": "XY-ALN",
    "it": "A319",
    "y": null,
    "m": null,
    "mo": "Airbus A319-111",
    "o": null,
    "st": "L2J",
    "ml": false
  },
  "706210": {
    "i": "706210",
    "r": "9K-CAQ",
    "it": "A20N",
    "y": null,
    "m": null,
    "mo": "Airbus A320-251N",
    "o": null,
    "st": "L2J",
    "ml": false
  },
  "70aa61": {
    "i": "70aa61",
    "r": "9N-ALT",
    "it": "B407",
    "y": null,
    "m": null,
    "mo": "",
    "o": null,
    "st": "H1T",
    "ml": false
  },
  "70c0cb": {
    "i": "70c0cb",
    "r": "A4O-BK",
    "it": "B739",
    "y": null,
    "m": null,
    "mo": "Boeing 737-91M",
    "o": null,
    "st": "L2J",
    "ml": false
  },
  "70001c": {
    "i": "70001c",
    "r": "YA-KMM",
    "it": "B733",
    "y": null,
    "m": null,
    "mo": "",
    "o": null,
    "st": "L2J",
    "ml": false
  },
  "702047": {
    "i": "702047",
    "r": "S2-AGK",
    "it": "E145",
    "y": null,
    "m": null,
    "mo": "Embraer ERJ-145",
    "o": null,
    "st": "L2J",
    "ml": false
  },
  "70209e": {
    "i": "70209e",
    "r": "S2-AJX",
    "it": "B789",
    "y": null,
    "m": null,
    "mo": "Boeing 787-9",
    "o": null,
    "st": "L2J",
    "ml": false
  },
  "704008": {
    "i": "704008",
    "r": "XY-AMR",
    "it": "AT76",
    "y": null,
    "m": null,
    "mo": "Atr ATR 72-600",
    "o": null,
    "st": "L2T",
    "ml": false
  },
  "706067": {
    "i": "706067",
    "r": "9K-APG",
    "it": "A338",
    "y": null,
    "m": null,
    "mo": "",
    "o": null,
    "st": "L2J",
    "ml": false
  },
  "706135": {
    "i": "706135",
    "r": "9K-CAT",
    "it": "A320",
    "y": null,
    "m": null,
    "mo": "",
    "o": null,
    "st": "L2J",
    "ml": false
  },
  "706260": {
    "i": "706260",
    "r": "KAF606",
    "it": "EC25",
    "y": null,
    "m": null,
    "mo": "",
    "o": null,
    "st": "H2T",
    "ml": true
  },
  "708a9f": {
    "i": "708a9f",
    "r": "RDPL-34159",
    "it": "AT75",
    "y": null,
    "m": null,
    "mo": "",
    "o": null,
    "st": "L2T",
    "ml": false
  },
  "70c12d": {
    "i": "70c12d",
    "r": "A4O-HA",
    "it": "EC45",
    "y": null,
    "m": null,
    "mo": "",
    "o": null,
    "st": "H2T",
    "ml": false
  },
  "702033": {
    "i": "702033",
    "r": "S2-AFL",
    "it": "B738",
    "y": null,
    "m": null,
    "mo": "Boeing 737NG 83N/W",
    "o": null,
    "st": "L2J",
    "ml": false
  },
  "702063": {
    "i": "702063",
    "r": "S2-AGQ",
    "it": "DH8D",
    "y": null,
    "m": null,
    "mo": "Bombardier DHC-8 402 NG",
    "o": null,
    "st": "L2T",
    "ml": false
  },
  "702083": {
    "i": "702083",
    "r": "S2-AGX",
    "it": "DH8D",
    "y": null,
    "m": null,
    "mo": "Bombardier DHC-8 402",
    "o": null,
    "st": "L2T",
    "ml": false
  },
  "702098": {
    "i": "702098",
    "r": "S2-AKH",
    "it": "AT76",
    "y": null,
    "m": null,
    "mo": "Atr ATR 72-600",
    "o": null,
    "st": "L2T",
    "ml": false
  },
  "7020a4": {
    "i": "7020a4",
    "r": "S2-AKD",
    "it": "DH8D",
    "y": null,
    "m": null,
    "mo": "",
    "o": null,
    "st": "L2T",
    "ml": false
  },
  "70400f": {
    "i": "70400f",
    "r": "XY-AFT",
    "it": "A139",
    "y": null,
    "m": null,
    "mo": "",
    "o": null,
    "st": "H2T",
    "ml": false
  },
  "706060": {
    "i": "706060",
    "r": "9K-AKL",
    "it": "A20N",
    "y": null,
    "m": null,
    "mo": "Airbus A320-251N",
    "o": null,
    "st": "L2J",
    "ml": false
  },
  "70612c": {
    "i": "70612c",
    "r": "9K-CBE",
    "it": "A20N",
    "y": null,
    "m": null,
    "mo": "Airbus A320-251N",
    "o": null,
    "st": "L2J",
    "ml": false
  },
  "70625c": {
    "i": "70625c",
    "r": "KAF602",
    "it": "EC25",
    "y": null,
    "m": null,
    "mo": "",
    "o": null,
    "st": "H2T",
    "ml": true
  },
  "7062bc": {
    "i": "7062bc",
    "r": "KMOI-05",
    "it": "EC25",
    "y": null,
    "m": null,
    "mo": "",
    "o": null,
    "st": "H2T",
    "ml": false
  },
  "70ac2f": {
    "i": "70ac2f",
    "r": "9N-AEV",
    "it": "DHC6",
    "y": null,
    "m": null,
    "mo": "De Havilland Canada DHC-6-300",
    "o": null,
    "st": "L2T",
    "ml": false
  },
  "70c079": {
    "i": "70c079",
    "r": "502",
    "it": "C130",
    "y": null,
    "m": null,
    "mo": "Lockheed C-130H Hercules",
    "o": null,
    "st": "L4T",
    "ml": true
  },
  "70c0d6": {
    "i": "70c0d6",
    "r": "168",
    "it": "HAWK",
    "y": null,
    "m": null,
    "mo": "British Aerospace Hawk Mk.166",
    "o": null,
    "st": "L1J",
    "ml": true
  },
  "70c0ee": {
    "i": "70c0ee",
    "r": "A4O-SC",
    "it": "B789",
    "y": null,
    "m": null,
    "mo": "Boeing 787-9",
    "o": null,
    "st": "L2J",
    "ml": false
  },
  "70c0f1": {
    "i": "70c0f1",
    "r": "A4O-BAG",
    "it": "B738",
    "y": null,
    "m": null,
    "mo": "Boeing 737-800",
    "o": null,
    "st": "L2J",
    "ml": false
  },
  "70e041": {
    "i": "70e041",
    "r": "XU-237",
    "it": "AT75",
    "y": null,
    "m": null,
    "mo": "Atr ATR 72-212A",
    "o": null,
    "st": "L2T",
    "ml": false
  },
  "700000": {
    "i": "700000",
    "r": "YA-PIB",
    "it": "B734",
    "y": null,
    "m": null,
    "mo": "Boeing 737-4Y0",
    "o": null,
    "st": "L2J",
    "ml": false
  },
  "702030": {
    "i": "702030",
    "r": "S2-AEV",
    "it": "P180",
    "y": null,
    "m": null,
    "mo": "Piaggio P-180 Avanti II",
    "o": null,
    "st": "L2T",
    "ml": false
  },
  "7020ac": {
    "i": "7020ac",
    "r": "S2-AJF",
    "it": "B738",
    "y": null,
    "m": null,
    "mo": "",
    "o": null,
    "st": "L2J",
    "ml": false
  },
  "7020b5": {
    "i": "7020b5",
    "r": "S2-AKM",
    "it": "AT76",
    "y": null,
    "m": null,
    "mo": "",
    "o": null,
    "st": "L2T",
    "ml": false
  },
  "702c1e": {
    "i": "702c1e",
    "r": "S3-ACA",
    "it": "AN32",
    "y": null,
    "m": null,
    "mo": "Antonov An-32",
    "o": null,
    "st": "L2T",
    "ml": false
  },
  "704b21": {
    "i": "704b21",
    "r": "XY-AJO",
    "it": "AT76",
    "y": null,
    "m": null,
    "mo": "Atr ATR 72-600",
    "o": null,
    "st": "L2T",
    "ml": false
  },
  "706270": {
    "i": "706270",
    "r": "KAF622",
    "it": "EC25",
    "y": null,
    "m": null,
    "mo": "",
    "o": null,
    "st": "H2T",
    "ml": true
  },
  "706271": {
    "i": "706271",
    "r": "KAF623",
    "it": "EC25",
    "y": null,
    "m": null,
    "mo": "",
    "o": null,
    "st": "H2T",
    "ml": true
  },
  "708021": {
    "i": "708021",
    "r": "RDPL-34024",
    "it": "MA60",
    "y": null,
    "m": null,
    "mo": "Xian MA60",
    "o": null,
    "st": "L2T",
    "ml": false
  },
  "70a062": {
    "i": "70a062",
    "r": "9N-ACB",
    "it": "B752",
    "y": null,
    "m": null,
    "mo": "Boeing 757 2F8C",
    "o": null,
    "st": "L2J",
    "ml": false
  },
  "70a8e5": {
    "i": "70a8e5",
    "r": "9N-AOH",
    "it": "AT75",
    "y": null,
    "m": null,
    "mo": "",
    "o": null,
    "st": "L2T",
    "ml": false
  },
  "70ae27": {
    "i": "70ae27",
    "r": "9N-RAM",
    "it": "A139",
    "y": null,
    "m": null,
    "mo": "AgustaWestland 139",
    "o": null,
    "st": "H2T",
    "ml": false
  },
  "70c0ca": {
    "i": "70c0ca",
    "r": "A4O-BZ",
    "it": "B739",
    "y": null,
    "m": null,
    "mo": "Boeing 737-91M",
    "o": null,
    "st": "L2J",
    "ml": false
  },
  "70c104": {
    "i": "70c104",
    "r": "A4O-MJ",
    "it": "B38M",
    "y": null,
    "m": null,
    "mo": "Boeing 737MAX 8",
    "o": null,
    "st": "L2J",
    "ml": false
  },
  "70e053": {
    "i": "70e053",
    "r": "XU-995",
    "it": "A320",
    "y": null,
    "m": null,
    "mo": "Airbus A320-214",
    "o": null,
    "st": "L2J",
    "ml": false
  },
  "70e065": {
    "i": "70e065",
    "r": "XU-787",
    "it": "A319",
    "y": null,
    "m": null,
    "mo": "Airbus A319-111",
    "o": null,
    "st": "L2J",
    "ml": false
  },
  "70e071": {
    "i": "70e071",
    "r": "XU-761",
    "it": "A320",
    "y": null,
    "m": null,
    "mo": "Airbus A320-214",
    "o": null,
    "st": "L2J",
    "ml": false
  },
  "70e08d": {
    "i": "70e08d",
    "r": "XU-818",
    "it": "A320",
    "y": null,
    "m": null,
    "mo": "",
    "o": null,
    "st": "L2J",
    "ml": false
  },
  "70206a": {
    "i": "70206a",
    "r": "S2-AHG",
    "it": "AT75",
    "y": null,
    "m": null,
    "mo": "Avions de Transport Regional ATR 72 500",
    "o": null,
    "st": "L2T",
    "ml": false
  },
  "702c6e": {
    "i": "702c6e",
    "r": "S3-AGJ",
    "it": "C30J",
    "y": null,
    "m": null,
    "mo": "",
    "o": null,
    "st": "L4T",
    "ml": true
  },
  "706006": {
    "i": "706006",
    "r": "9K-AKC",
    "it": "A320",
    "y": null,
    "m": null,
    "mo": "Airbus A320 212",
    "o": null,
    "st": "L2J",
    "ml": false
  },
  "70605e": {
    "i": "70605e",
    "r": "9K-AOL",
    "it": "B77W",
    "y": null,
    "m": null,
    "mo": "Boeing 777-300",
    "o": null,
    "st": "L2J",
    "ml": false
  },
  "70620b": {
    "i": "70620b",
    "r": "9K-CAJ",
    "it": "A320",
    "y": null,
    "m": null,
    "mo": "Airbus A320-214",
    "o": null,
    "st": "L2J",
    "ml": false
  },
  "70620f": {
    "i": "70620f",
    "r": "9K-CAN",
    "it": "A320",
    "y": null,
    "m": null,
    "mo": "Airbus A320-214",
    "o": null,
    "st": "L2J",
    "ml": false
  },
  "70625b": {
    "i": "70625b",
    "r": "KAF601",
    "it": "EC25",
    "y": null,
    "m": null,
    "mo": "",
    "o": null,
    "st": "H2T",
    "ml": true
  },
  "708017": {
    "i": "708017",
    "r": "RDPL-34176",
    "it": "AT75",
    "y": null,
    "m": null,
    "mo": "Avions de Transport Regional ATR 72 500",
    "o": null,
    "st": "L2T",
    "ml": false
  },
  "70a96f": {
    "i": "70a96f",
    "r": "9N-AHV",
    "it": "JS41",
    "y": null,
    "m": null,
    "mo": "",
    "o": null,
    "st": "L2T",
    "ml": false
  },
  "70c076": {
    "i": "70c076",
    "r": "552",
    "it": "BA11",
    "y": null,
    "m": null,
    "mo": "",
    "o": null,
    "st": "L2J",
    "ml": true
  },
  "70c084": {
    "i": "70c084",
    "r": "431",
    "it": "PC9",
    "y": null,
    "m": null,
    "mo": "",
    "o": null,
    "st": "L1T",
    "ml": false
  },
  "70c0b9": {
    "i": "70c0b9",
    "r": "A4O-EC",
    "it": "E75S",
    "y": null,
    "m": null,
    "mo": "Embraer Emb-175-200LR",
    "o": null,
    "st": "L2J",
    "ml": false
  },
  "70c0c6": {
    "i": "70c0c6",
    "r": "A4O-DJ",
    "it": "A333",
    "y": null,
    "m": null,
    "mo": "Airbus A330-343E",
    "o": null,
    "st": "L2J",
    "ml": false
  },
  "70c0de": {
    "i": "70c0de",
    "r": "A4O-BAA",
    "it": "B738",
    "y": null,
    "m": null,
    "mo": "Boeing 737-81M",
    "o": null,
    "st": "L2J",
    "ml": false
  },
  "70c0e0": {
    "i": "70c0e0",
    "r": "A4O-BAC",
    "it": "B738",
    "y": null,
    "m": null,
    "mo": "",
    "o": null,
    "st": "L2J",
    "ml": false
  },
  "70c0fd": {
    "i": "70c0fd",
    "r": "A4O-SG",
    "it": "B789",
    "y": null,
    "m": null,
    "mo": "Boeing 787-9",
    "o": null,
    "st": "L2J",
    "ml": false
  },
  "70c10a": {
    "i": "70c10a",
    "r": "A4O-OVE",
    "it": "A20N",
    "y": null,
    "m": null,
    "mo": "Airbus A320-251N",
    "o": null,
    "st": "L2J",
    "ml": false
  },
  "70e087": {
    "i": "70e087",
    "r": "XU-729",
    "it": "A320",
    "y": null,
    "m": null,
    "mo": "",
    "o": null,
    "st": "L2J",
    "ml": false
  },
  "70201a": {
    "i": "70201a",
    "r": "S2-AED",
    "it": "PC12",
    "y": null,
    "m": null,
    "mo": "Pilatus PC-XII 45",
    "o": null,
    "st": "L1T",
    "ml": false
  },
  "7020b1": {
    "i": "7020b1",
    "r": "S2-STC",
    "it": "AT76",
    "y": null,
    "m": null,
    "mo": "",
    "o": null,
    "st": "L2T",
    "ml": false
  },
  "7020b3": {
    "i": "7020b3",
    "r": "S2-STA",
    "it": "AT76",
    "y": null,
    "m": null,
    "mo": "",
    "o": null,
    "st": "L2T",
    "ml": false
  },
  "702c65": {
    "i": "702c65",
    "r": "BH297",
    "it": "B212",
    "y": null,
    "m": null,
    "mo": "",
    "o": null,
    "st": "H2T",
    "ml": true
  },
  "704128": {
    "i": "704128",
    "r": "XY-AME",
    "it": "AT76",
    "y": null,
    "m": null,
    "mo": "Atr ATR 72-600",
    "o": null,
    "st": "L2T",
    "ml": false
  },
  "704129": {
    "i": "704129",
    "r": "XY-AMI",
    "it": "AT76",
    "y": null,
    "m": null,
    "mo": "Atr ATR 72-600",
    "o": null,
    "st": "L2T",
    "ml": false
  },
  "706028": {
    "i": "706028",
    "r": "9K-AKH",
    "it": "A320",
    "y": null,
    "m": null,
    "mo": "Airbus A320-214",
    "o": null,
    "st": "L2J",
    "ml": false
  },
  "70605b": {
    "i": "70605b",
    "r": "9K-AOI",
    "it": "B77W",
    "y": null,
    "m": null,
    "mo": "Boeing 777-300",
    "o": null,
    "st": "L2J",
    "ml": false
  },
  "70a9ad": {
    "i": "70a9ad",
    "r": "9N-ANP",
    "it": "AT75",
    "y": null,
    "m": null,
    "mo": "",
    "o": null,
    "st": "L2T",
    "ml": false
  },
  "70aa75": {
    "i": "70aa75",
    "r": "9N-ALY",
    "it": "A332",
    "y": null,
    "m": null,
    "mo": "Airbus A330-243",
    "o": null,
    "st": "L2J",
    "ml": false
  },
  "70c07e": {
    "i": "70c07e",
    "r": "556",
    "it": "A320",
    "y": null,
    "m": null,
    "mo": "Airbus ACJ320 214",
    "o": null,
    "st": "L2J",
    "ml": true
  },
  "70c0c1": {
    "i": "70c0c1",
    "r": "A4O-BL",
    "it": "B738",
    "y": null,
    "m": null,
    "mo": "Boeing 737-81M",
    "o": null,
    "st": "L2J",
    "ml": false
  },
  "70c0fb": {
    "i": "70c0fb",
    "r": "A4O-MD",
    "it": "B38M",
    "y": null,
    "m": null,
    "mo": "Boeing 737MAX 8",
    "o": null,
    "st": "L2J",
    "ml": false
  },
  "70c103": {
    "i": "70c103",
    "r": "A4O-MI",
    "it": "B38M",
    "y": null,
    "m": null,
    "mo": "",
    "o": null,
    "st": "L2J",
    "ml": false
  },
  "70c136": {
    "i": "70c136",
    "r": "A4O-OCA",
    "it": "A321",
    "y": null,
    "m": null,
    "mo": "",
    "o": null,
    "st": "L2J",
    "ml": false
  },
  "70e080": {
    "i": "70e080",
    "r": "XU-225",
    "it": "EC45",
    "y": null,
    "m": null,
    "mo": "",
    "o": null,
    "st": "H2T",
    "ml": false
  },
  "700003": {
    "i": "700003",
    "r": "YA-PID",
    "it": "B734",
    "y": null,
    "m": null,
    "mo": "Boeing 737-4Y0",
    "o": null,
    "st": "L2J",
    "ml": false
  },
  "700022": {
    "i": "700022",
    "r": "YA-KMT",
    "it": "A343",
    "y": null,
    "m": null,
    "mo": "Airbus A340 313X",
    "o": null,
    "st": "L4J",
    "ml": false
  },
  "70206b": {
    "i": "70206b",
    "r": "S2-ACU",
    "it": "C208",
    "y": null,
    "m": null,
    "mo": "Cessna 208-B",
    "o": null,
    "st": "L1T",
    "ml": false
  },
  "702079": {
    "i": "702079",
    "r": "S2-AIS",
    "it": "R66",
    "y": null,
    "m": null,
    "mo": "Robinson R66",
    "o": null,
    "st": "H1T",
    "ml": false
  },
  "704127": {
    "i": "704127",
    "r": "XY-AJZ",
    "it": "AT76",
    "y": null,
    "m": null,
    "mo": "Atr ATR 72-600",
    "o": null,
    "st": "L2T",
    "ml": false
  },
  "70412a": {
    "i": "70412a",
    "r": "XY-AMJ",
    "it": "AT76",
    "y": null,
    "m": null,
    "mo": "",
    "o": null,
    "st": "L2T",
    "ml": false
  },
  "706214": {
    "i": "706214",
    "r": "9K-CBD",
    "it": "A20N",
    "y": null,
    "m": null,
    "mo": "Airbus A320-251N",
    "o": null,
    "st": "L2J",
    "ml": false
  },
  "70625e": {
    "i": "70625e",
    "r": "KAF604",
    "it": "EC25",
    "y": null,
    "m": null,
    "mo": "",
    "o": null,
    "st": "H2T",
    "ml": true
  },
  "708016": {
    "i": "708016",
    "r": "RDPL-34175",
    "it": "AT75",
    "y": null,
    "m": null,
    "mo": "Avions de Transport Regional ATR 72 500",
    "o": null,
    "st": "L2T",
    "ml": false
  },
  "70c0ce": {
    "i": "70c0ce",
    "r": "A4O-SB",
    "it": "B788",
    "y": null,
    "m": null,
    "mo": "Boeing 787-8",
    "o": null,
    "st": "L2J",
    "ml": false
  },
  "70c0df": {
    "i": "70c0df",
    "r": "A4O-BAB",
    "it": "B738",
    "y": null,
    "m": null,
    "mo": "Boeing 737-81M",
    "o": null,
    "st": "L2J",
    "ml": false
  },
  "70c108": {
    "i": "70c108",
    "r": "A4O-MM",
    "it": "B38M",
    "y": null,
    "m": null,
    "mo": "Boeing 737MAX 8",
    "o": null,
    "st": "L2J",
    "ml": false
  },
  "70e049": {
    "i": "70e049",
    "r": "XU-356",
    "it": "A320",
    "y": null,
    "m": null,
    "mo": "Airbus A320-232",
    "o": null,
    "st": "L2J",
    "ml": false
  },
  "70e04d": {
    "i": "70e04d",
    "r": "XU-288",
    "it": "AS50",
    "y": null,
    "m": null,
    "mo": "",
    "o": null,
    "st": "H1T",
    "ml": false
  },
  "708ae5": {
    "i": "708ae5",
    "r": "RDPL-34229",
    "it": "AJ27",
    "y": null,
    "m": null,
    "mo": "",
    "o": null,
    "st": "L2J",
    "ml": false
  },
  "700017": {
    "i": "700017",
    "r": "YA-FGA",
    "it": "B735",
    "y": null,
    "m": null,
    "mo": "Boeing 737-53S",
    "o": null,
    "st": "L2J",
    "ml": false
  },
  "70203e": {
    "i": "70203e",
    "r": "S2-AFO",
    "it": "B77W",
    "y": null,
    "m": null,
    "mo": "Boeing 777-3E9",
    "o": null,
    "st": "L2J",
    "ml": false
  },
  "7041c1": {
    "i": "7041c1",
    "r": "XY-ALB",
    "it": "B738",
    "y": null,
    "m": null,
    "mo": "Boeing 737-86N",
    "o": null,
    "st": "L2J",
    "ml": false
  },
  "704458": {
    "i": "704458",
    "r": "XY-AGV",
    "it": "A319",
    "y": null,
    "m": null,
    "mo": "Airbus A319-111",
    "o": null,
    "st": "L2J",
    "ml": false
  },
  "704e86": {
    "i": "704e86",
    "r": "XY-AJE",
    "it": "AT76",
    "y": null,
    "m": null,
    "mo": "Atr ATR 72-600",
    "o": null,
    "st": "L2T",
    "ml": false
  },
  "706029": {
    "i": "706029",
    "r": "9K-AKI",
    "it": "A320",
    "y": null,
    "m": null,
    "mo": "Airbus A320-214",
    "o": null,
    "st": "L2J",
    "ml": false
  },
  "706131": {
    "i": "706131",
    "r": "9K-CBJ",
    "it": "A20N",
    "y": null,
    "m": null,
    "mo": "",
    "o": null,
    "st": "L2J",
    "ml": false
  },
  "706211": {
    "i": "706211",
    "r": "9K-CAP",
    "it": "A320",
    "y": null,
    "m": null,
    "mo": "Airbus A320-214",
    "o": null,
    "st": "L2J",
    "ml": false
  },
  "706272": {
    "i": "706272",
    "r": "KAF624",
    "it": "EC25",
    "y": null,
    "m": null,
    "mo": "",
    "o": null,
    "st": "H2T",
    "ml": true
  },
  "7062bf": {
    "i": "7062bf",
    "r": "KMOI-08",
    "it": "EC25",
    "y": null,
    "m": null,
    "mo": "Airbus Helicopters H225",
    "o": null,
    "st": "H2T",
    "ml": false
  },
  "70a9b0": {
    "i": "70a9b0",
    "r": "9N-ANE",
    "it": "DH8D",
    "y": null,
    "m": null,
    "mo": "DHC-8 402",
    "o": null,
    "st": "L2T",
    "ml": false
  },
  "70c106": {
    "i": "70c106",
    "r": "A4O-MK",
    "it": "B38M",
    "y": null,
    "m": null,
    "mo": "",
    "o": null,
    "st": "L2J",
    "ml": false
  },
  "70c10d": {
    "i": "70c10d",
    "r": "A4O-OVH",
    "it": "A20N",
    "y": null,
    "m": null,
    "mo": "Airbus A320-251N",
    "o": null,
    "st": "L2J",
    "ml": false
  },
  "70c122": {
    "i": "70c122",
    "r": "A4O-SJ",
    "it": "B789",
    "y": null,
    "m": null,
    "mo": "",
    "o": null,
    "st": "L2J",
    "ml": false
  },
  "70c128": {
    "i": "70c128",
    "r": "A4O-OXB",
    "it": "A21N",
    "y": null,
    "m": null,
    "mo": "",
    "o": null,
    "st": "L2J",
    "ml": false
  },
  "706024": {
    "i": "706024",
    "r": "9K-AKD",
    "it": "A320",
    "y": null,
    "m": null,
    "mo": "Airbus A320 212",
    "o": null,
    "st": "L2J",
    "ml": false
  },
  "706055": {
    "i": "706055",
    "r": "9K-GGD",
    "it": "GLF6",
    "y": null,
    "m": null,
    "mo": "Gulfstream 6",
    "o": null,
    "st": "L2J",
    "ml": false
  },
  "706203": {
    "i": "706203",
    "r": "9K-GGA",
    "it": "GLF6",
    "y": null,
    "m": null,
    "mo": "Gulfstream 6",
    "o": null,
    "st": "L2J",
    "ml": false
  },
  "706054": {
    "i": "706054",
    "r": "9K-GGC",
    "it": "GLF6",
    "y": null,
    "m": null,
    "mo": "Gulfstream 6",
    "o": null,
    "st": "L2J",
    "ml": false
  },
  "706053": {
    "i": "706053",
    "r": "9K-GGB",
    "it": "GLF6",
    "y": null,
    "m": null,
    "mo": "Gulfstream 6",
    "o": null,
    "st": "L2J",
    "ml": false
  },
  "706048": {
    "i": "706048",
    "r": "9K-GFA",
    "it": "GLF5",
    "y": null,
    "m": null,
    "mo": "Gulfstream 5",
    "o": null,
    "st": "L2J",
    "ml": false
  },
  "70c146": {
    "i": "70c146",
    "r": "A4O-SMH",
    "it": "EC45",
    "y": null,
    "m": "EUROCOPTER",
    "mo": "EC-145",
    "o": null,
    "st": "H2T",
    "ml": false
  },
  "70c0b4": {
    "i": "70c0b4",
    "r": "A4O-AE",
    "it": "GLF5",
    "y": null,
    "m": null,
    "mo": "GULFSTREAM 5",
    "o": "Oman Royal Flight",
    "st": "L2J",
    "ml": true
  },
  "70c04d": {
    "i": "70c04d",
    "r": "A4O-OMN",
    "it": "B744",
    "y": null,
    "m": null,
    "mo": "BOEING 747-430",
    "o": "Oman Royal Flight",
    "st": "L4J",
    "ml": true
  },
  "70c057": {
    "i": "70c057",
    "r": "A4O-AA",
    "it": "A320",
    "y": null,
    "m": null,
    "mo": "AIRBUS A320-232",
    "o": "Oman Royal Flight",
    "st": "L2J",
    "ml": true
  },
  "70c0b7": {
    "i": "70c0b7",
    "r": "A4O-HMS",
    "it": "B748",
    "y": null,
    "m": null,
    "mo": "BOEING 747 8H0 BBJ",
    "o": "Oman Royal Flight",
    "st": "L4J",
    "ml": true
  },
  "70c0ba": {
    "i": "70c0ba",
    "r": "A4O-AJ",
    "it": "A319",
    "y": null,
    "m": null,
    "mo": "AIRBUS A319-115CJ",
    "o": "Oman Royal Flight",
    "st": "L2J",
    "ml": true
  },
  "70c020": {
    "i": "70c020",
    "r": "A4O-SO",
    "it": "B74S",
    "y": null,
    "m": null,
    "mo": "BOEING 747 SP27",
    "o": "Oman Royal Flight",
    "st": "L4J",
    "ml": true
  },
  "702c0a": {
    "i": "702c0a",
    "r": "S3-AVB",
    "it": "L410",
    "y": null,
    "m": "LET",
    "mo": "L-410 Turbolet",
    "o": null,
    "st": "L2T",
    "ml": true
  },
  "702c09": {
    "i": "702c09",
    "r": "S3-AVA",
    "it": "L410",
    "y": null,
    "m": "LET",
    "mo": "L-410 Turbolet",
    "o": null,
    "st": "L2T",
    "ml": true
  },
  "70c07d": {
    "i": "70c07d",
    "r": "525",
    "it": "C30J",
    "y": null,
    "m": "LOCKHEED MARTIN",
    "mo": "C-130J Super Hercules",
    "o": null,
    "st": "L4T",
    "ml": true
  },
  "70c08e": {
    "i": "70c08e",
    "r": "506",
    "it": "C30J",
    "y": null,
    "m": "LOCKHEED MARTIN",
    "mo": "C-130J Super Hercules",
    "o": null,
    "st": "L4T",
    "ml": true
  },
  "70c139": {
    "i": "70c139",
    "r": "A4O-OAH",
    "it": "DA40",
    "y": null,
    "m": "DIAMOND",
    "mo": "DA-40",
    "o": null,
    "st": "L1P",
    "ml": false
  },
  "704282": {
    "i": "704282",
    "r": "0008",
    "it": "AT75",
    "y": null,
    "m": "ATR",
    "mo": "ATR-72-500",
    "o": null,
    "st": "L2T",
    "ml": true
  },
  "70c055": {
    "i": "70c055",
    "r": "A4O-CV",
    "it": "CN35",
    "y": null,
    "m": "CASA",
    "mo": "CN-235 Persuader",
    "o": "Government of Oman",
    "st": "L2T",
    "ml": true
  },
  "70a9b1": {
    "i": "70a9b1",
    "r": "9N-ANZ",
    "it": "AT75",
    "y": null,
    "m": "ATR",
    "mo": "ATR-72-500",
    "o": null,
    "st": "L2T",
    "ml": false
  },
  "702c22": {
    "i": "702c22",
    "r": "S3-AJF",
    "it": "A119",
    "y": null,
    "m": "AGUSTA",
    "mo": "AW-119 Koala",
    "o": null,
    "st": "H1T",
    "ml": true
  },
  "70c11c": {
    "i": "70c11c",
    "r": "A4O-MO",
    "it": "B38M",
    "y": null,
    "m": "BOEING",
    "mo": "737 MAX 8",
    "o": null,
    "st": "L2J",
    "ml": false
  },
  "708ac2": {
    "i": "708ac2",
    "r": "RPDL-34194",
    "it": "MI8",
    "y": null,
    "m": "MIL",
    "mo": "Mi-8/9/17/19/171/172",
    "o": null,
    "st": "H2T",
    "ml": false
  },
  "708020": {
    "i": "708020",
    "r": "RDPL-34022",
    "it": "MA60",
    "y": null,
    "m": "XIAN",
    "mo": "MA-600",
    "o": null,
    "st": "L2T",
    "ml": true
  },
  "70c12b": {
    "i": "70c12b",
    "r": "A4O-OOA",
    "it": "DA40",
    "y": null,
    "m": "DIAMOND",
    "mo": "DA-40",
    "o": null,
    "st": "L1P",
    "ml": false
  },
  "70c094": {
    "i": "70c094",
    "r": "912",
    "it": "C295",
    "y": null,
    "m": "CASA",
    "mo": "C-295",
    "o": null,
    "st": "L2T",
    "ml": true
  },
  "702c6d": {
    "i": "702c6d",
    "r": "99-5481",
    "it": "C30J",
    "y": null,
    "m": "LOCKHEED MARTIN",
    "mo": "C-130J Super Hercules",
    "o": null,
    "st": "L4T",
    "ml": true
  },
  "70c132": {
    "i": "70c132",
    "r": "A4O-OAD",
    "it": "DA42",
    "y": null,
    "m": "DIAMOND",
    "mo": "DA-42 Guardian",
    "o": null,
    "st": "L2P",
    "ml": false
  },
  "70c133": {
    "i": "70c133",
    "r": "A4O-OAF",
    "it": "DA40",
    "y": null,
    "m": "DIAMOND",
    "mo": "DA-40",
    "o": null,
    "st": "L1P",
    "ml": false
  },
  "70c138": {
    "i": "70c138",
    "r": "A4O-OAG",
    "it": "DA40",
    "y": null,
    "m": "DIAMOND",
    "mo": "DA-40",
    "o": null,
    "st": "L1P",
    "ml": false
  },
  "706047": {
    "i": "706047",
    "r": "9K-GEA",
    "it": "A319",
    "y": null,
    "m": "AIRBUS",
    "mo": "A-319",
    "o": "Government of Kuwait",
    "st": "L2J",
    "ml": true
  },
  "702c6c": {
    "i": "702c6c",
    "r": "99-5480",
    "it": "C30J",
    "y": null,
    "m": "LOCKHEED MARTIN",
    "mo": "C-130J Super Hercules",
    "o": null,
    "st": "L4T",
    "ml": true
  },
  "70c056": {
    "i": "70c056",
    "r": "A4O-CU",
    "it": "CN35",
    "y": null,
    "m": "CASA",
    "mo": "CN-235 Persuader",
    "o": "Government of Oman",
    "st": "L2T",
    "ml": true
  },
  "70c109": {
    "i": "70c109",
    "r": "A4O-MN",
    "it": "B38M",
    "y": null,
    "m": "BOEING",
    "mo": "737 MAX 8",
    "o": null,
    "st": "L2J",
    "ml": false
  },
  "70c131": {
    "i": "70c131",
    "r": "A4O-OAC",
    "it": "DA42",
    "y": null,
    "m": "DIAMOND",
    "mo": "DA-42 Guardian",
    "o": null,
    "st": "L2P",
    "ml": false
  },
  "70604a": {
    "i": "70604a",
    "r": "9K-GBB",
    "it": "A345",
    "y": null,
    "m": "AIRBUS",
    "mo": "A340-500",
    "o": "Government of Kuwait",
    "st": "L4J",
    "ml": true
  },
  "70002f": {
    "i": "70002f",
    "r": "1689",
    "it": "C130",
    "y": null,
    "m": "LOCKHEED",
    "mo": "C-130 Hercules",
    "o": null,
    "st": "L4T",
    "ml": true
  },
  "70c13a": {
    "i": "70c13a",
    "r": "A4O-OAI",
    "it": "DA40",
    "y": null,
    "m": "DIAMOND",
    "mo": "DA-40",
    "o": null,
    "st": "L1P",
    "ml": false
  },
  "70c11d": {
    "i": "70c11d",
    "r": "A4O-MP",
    "it": "B38M",
    "y": null,
    "m": "BOEING",
    "mo": "737 MAX 8",
    "o": null,
    "st": "L2J",
    "ml": false
  },
  "70604b": {
    "i": "70604b",
    "r": "9K-GAA",
    "it": "B748",
    "y": null,
    "m": "BOEING",
    "mo": "747-800",
    "o": "Government of Kuwait",
    "st": "L4J",
    "ml": true
  },
  "70604c": {
    "i": "70604c",
    "r": "9K-GCC",
    "it": "B737",
    "y": null,
    "m": "BOEING",
    "mo": "737-700",
    "o": "Government of Kuwait",
    "st": "L2J",
    "ml": true
  },
  "70c12e": {
    "i": "70c12e",
    "r": "A4O-HB",
    "it": "EC45",
    "y": null,
    "m": "EUROCOPTER",
    "mo": "EC-145",
    "o": "Royal Oman Police",
    "st": "H2T",
    "ml": true
  },
  "706049": {
    "i": "706049",
    "r": "9K-GBA",
    "it": "A345",
    "y": null,
    "m": "AIRBUS",
    "mo": "A340-500",
    "o": "Government of Kuwait",
    "st": "L4J",
    "ml": true
  },
  "706074": {
    "i": "706074",
    "r": "9K-AQA",
    "it": "A21N",
    "y": null,
    "m": "AIRBUS",
    "mo": "A321neo",
    "o": null,
    "st": "L2J",
    "ml": false
  },
  "70c12a": {
    "i": "70c12a",
    "r": "A4O-OAA",
    "it": "DA40",
    "y": null,
    "m": "DIAMOND",
    "mo": "DA-40",
    "o": null,
    "st": "L1P",
    "ml": false
  },
  "70c129": {
    "i": "70c129",
    "r": "A4O-OAE",
    "it": "DA40",
    "y": null,
    "m": "DIAMOND",
    "mo": "DA-40",
    "o": null,
    "st": "L1P",
    "ml": false
  }
}