{
  "728672": {
    "i": "728672",
    "r": "YI-ASR",
    "it": "B738",
    "y": null,
    "m": null,
    "mo": "Boeing 737-81Z",
    "o": null,
    "st": "L2J",
    "ml": false
  },
  "728001": {
    "i": "728001",
    "r": "YI-AQA",
    "it": "CRJ9",
    "y": null,
    "m": null,
    "mo": "Canadair Regional-Jet-900",
    "o": null,
    "st": "L2J",
    "ml": false
  },
  "72862c": {
    "i": "72862c",
    "r": "YI-AQL",
    "it": "B737",
    "y": null,
    "m": null,
    "mo": "Boeing 737-7BD",
    "o": null,
    "st": "L2J",
    "ml": false
  },
  "728662": {
    "i": "728662",
    "r": "YI-ASB",
    "it": "H25B",
    "y": null,
    "m": null,
    "mo": "Raytheon Aircraft Company 125 800XP",
    "o": null,
    "st": "L2J",
    "ml": false
  },
  "728675": {
    "i": "728675",
    "r": "YI-ASU",
    "it": "B738",
    "y": null,
    "m": null,
    "mo": "Boeing 737NG 81Z/W",
    "o": null,
    "st": "L2J",
    "ml": false
  },
  "728838": {
    "i": "728838",
    "r": "YI-BAX",
    "it": "B738",
    "y": null,
    "m": null,
    "mo": "",
    "o": null,
    "st": "L2J",
    "ml": false
  },
  "728132": {
    "i": "728132",
    "r": "YI-306",
    "it": "C30J",
    "y": null,
    "m": null,
    "mo": "Lockheed C-130J-30 Hercules",
    "o": null,
    "st": "L4T",
    "ml": true
  },
  "728639": {
    "i": "728639",
    "r": "YI-AQY",
    "it": "A332",
    "y": null,
    "m": null,
    "mo": "Airbus A330-202",
    "o": null,
    "st": "L2J",
    "ml": false
  },
  "728624": {
    "i": "728624",
    "r": "YI-AQD",
    "it": "CRJ9",
    "y": null,
    "m": null,
    "mo": "Bombardier CRJ 900 ER NG",
    "o": null,
    "st": "L2J",
    "ml": false
  },
  "728626": {
    "i": "728626",
    "r": "YI-AQF",
    "it": "CRJ9",
    "y": null,
    "m": null,
    "mo": "Bombardier CRJ 900 LR NG",
    "o": null,
    "st": "L2J",
    "ml": false
  },
  "728833": {
    "i": "728833",
    "r": "YI-BAS",
    "it": "B738",
    "y": null,
    "m": null,
    "mo": "Boeing 737-8GJ",
    "o": null,
    "st": "L2J",
    "ml": false
  },
  "728649": {
    "i": "728649",
    "r": "YI-ARI",
    "it": "BCS3",
    "y": null,
    "m": null,
    "mo": "",
    "o": null,
    "st": "L2J",
    "ml": false
  },
  "728827": {
    "i": "728827",
    "r": "YI-BAG",
    "it": "CRJ2",
    "y": null,
    "m": null,
    "mo": "Canadair Regional-Jet-200ER",
    "o": null,
    "st": "L2J",
    "ml": false
  },
  "727761": {
    "i": "727761",
    "r": "P-561",
    "it": "T154",
    "y": null,
    "m": null,
    "mo": "Tupolev Tu-154 B-2",
    "o": null,
    "st": "L3J",
    "ml": false
  },
  "728640": {
    "i": "728640",
    "r": "YI-ASE",
    "it": "B738",
    "y": null,
    "m": null,
    "mo": "",
    "o": null,
    "st": "L2J",
    "ml": false
  },
  "728678": {
    "i": "728678",
    "r": "YI-ASX",
    "it": "B38M",
    "y": null,
    "m": null,
    "mo": "",
    "o": null,
    "st": "L2J",
    "ml": false
  },
  "72882e": {
    "i": "72882e",
    "r": "YI-BAN",
    "it": "B737",
    "y": null,
    "m": null,
    "mo": "Boeing 737-73V",
    "o": null,
    "st": "L2J",
    "ml": false
  },
  "72882f": {
    "i": "72882f",
    "r": "YI-BAO",
    "it": "A109",
    "y": null,
    "m": null,
    "mo": "",
    "o": null,
    "st": "H2T",
    "ml": false
  },
  "7277a9": {
    "i": "7277a9",
    "r": "P-633",
    "it": "T204",
    "y": null,
    "m": null,
    "mo": "Tupolev Tu-204 100V",
    "o": null,
    "st": "L2J",
    "ml": false
  },
  "728828": {
    "i": "728828",
    "r": "YI-BAH",
    "it": "CRJ2",
    "y": null,
    "m": null,
    "mo": "Bombardier CRJ 200LR",
    "o": null,
    "st": "L2J",
    "ml": false
  },
  "728625": {
    "i": "728625",
    "r": "YI-AQE",
    "it": "CRJ9",
    "y": null,
    "m": null,
    "mo": "Bombardier CRJ 900 LR NG",
    "o": null,
    "st": "L2J",
    "ml": false
  },
  "728679": {
    "i": "728679",
    "r": "YI-ASY",
    "it": "B38M",
    "y": null,
    "m": null,
    "mo": "",
    "o": null,
    "st": "L2J",
    "ml": false
  },
  "728644": {
    "i": "728644",
    "r": "YI-ARD",
    "it": "A320",
    "y": null,
    "m": null,
    "mo": "Airbus A320 214",
    "o": null,
    "st": "L2J",
    "ml": false
  },
  "728648": {
    "i": "728648",
    "r": "YI-ARH",
    "it": "BCS3",
    "y": null,
    "m": null,
    "mo": "",
    "o": null,
    "st": "L2J",
    "ml": false
  },
  "72882a": {
    "i": "72882a",
    "r": "YI-BAJ",
    "it": "B190",
    "y": null,
    "m": null,
    "mo": "",
    "o": null,
    "st": "L2T",
    "ml": false
  },
  "728839": {
    "i": "728839",
    "r": "YI-BAY",
    "it": "B739",
    "y": null,
    "m": null,
    "mo": "",
    "o": null,
    "st": "L2J",
    "ml": false
  },
  "72866e": {
    "i": "72866e",
    "r": "YI-ASN",
    "it": "B38M",
    "y": null,
    "m": null,
    "mo": "",
    "o": null,
    "st": "L2J",
    "ml": false
  },
  "72867a": {
    "i": "72867a",
    "r": "YI-ASZ",
    "it": "B38M",
    "y": null,
    "m": null,
    "mo": "",
    "o": null,
    "st": "L2J",
    "ml": false
  },
  "72882b": {
    "i": "72882b",
    "r": "YI-BAK",
    "it": "CRJ2",
    "y": null,
    "m": null,
    "mo": "Canadair Regional-Jet-200ER",
    "o": null,
    "st": "L2J",
    "ml": false
  },
  "728832": {
    "i": "728832",
    "r": "YI-BAR",
    "it": "CRJ2",
    "y": null,
    "m": null,
    "mo": "",
    "o": null,
    "st": "L2J",
    "ml": false
  },
  "7277a8": {
    "i": "7277a8",
    "r": "P-632",
    "it": "T204",
    "y": null,
    "m": null,
    "mo": "Tupolev Tu-204 300",
    "o": null,
    "st": "L2J",
    "ml": false
  },
  "72863a": {
    "i": "72863a",
    "r": "YI-AQZ",
    "it": "B77L",
    "y": null,
    "m": null,
    "mo": "Boeing 777-29M",
    "o": null,
    "st": "L2J",
    "ml": false
  },
  "72866d": {
    "i": "72866d",
    "r": "YI-ASM",
    "it": "B38M",
    "y": null,
    "m": null,
    "mo": "",
    "o": null,
    "st": "L2J",
    "ml": false
  },
  "7284f2": {
    "i": "7284f2",
    "r": "YI-AGR",
    "it": "A321",
    "y": null,
    "m": null,
    "mo": "Airbus A321-231",
    "o": null,
    "st": "L2J",
    "ml": false
  },
  "728641": {
    "i": "728641",
    "r": "YI-ARA",
    "it": "A320",
    "y": null,
    "m": null,
    "mo": "Airbus A320-214",
    "o": null,
    "st": "L2J",
    "ml": false
  },
  "728645": {
    "i": "728645",
    "r": "YI-ARE",
    "it": "BCS3",
    "y": null,
    "m": null,
    "mo": "",
    "o": null,
    "st": "L2J",
    "ml": false
  },
  "728835": {
    "i": "728835",
    "r": "YI-BAU",
    "it": "B733",
    "y": null,
    "m": null,
    "mo": "",
    "o": null,
    "st": "L2J",
    "ml": false
  },
  "7278a5": {
    "i": "7278a5",
    "r": "P-883",
    "it": "IL62",
    "y": null,
    "m": null,
    "mo": "Ilyushin IL-62 M",
    "o": null,
    "st": "L4J",
    "ml": false
  },
  "728673": {
    "i": "728673",
    "r": "YI-ASS",
    "it": "B738",
    "y": null,
    "m": null,
    "mo": "Boeing 737-81Z",
    "o": null,
    "st": "L2J",
    "ml": false
  },
  "728668": {
    "i": "728668",
    "r": "YI-ASH",
    "it": "B738",
    "y": null,
    "m": null,
    "mo": "Boeing 737-81Z",
    "o": null,
    "st": "L2J",
    "ml": false
  },
  "72866a": {
    "i": "72866a",
    "r": "YI-ASJ",
    "it": "B738",
    "y": null,
    "m": null,
    "mo": "Boeing 737-81Z",
    "o": null,
    "st": "L2J",
    "ml": false
  },
  "72866b": {
    "i": "72866b",
    "r": "YI-ASK",
    "it": "B738",
    "y": null,
    "m": null,
    "mo": "Boeing 737-81Z",
    "o": null,
    "st": "L2J",
    "ml": false
  },
  "728131": {
    "i": "728131",
    "r": "YI-305",
    "it": "C30J",
    "y": null,
    "m": null,
    "mo": "Lockheed C-130J-30 Hercules",
    "o": null,
    "st": "L4T",
    "ml": true
  },
  "7284f3": {
    "i": "7284f3",
    "r": "YI-AGS",
    "it": "A321",
    "y": null,
    "m": null,
    "mo": "Airbus A321 231",
    "o": null,
    "st": "L2J",
    "ml": false
  },
  "728826": {
    "i": "728826",
    "r": "YI-BAF",
    "it": "B738",
    "y": null,
    "m": null,
    "mo": "Boeing 737-8EH",
    "o": null,
    "st": "L2J",
    "ml": false
  },
  "728843": {
    "i": "728843",
    "r": "YI-BBC",
    "it": "A321",
    "y": null,
    "m": null,
    "mo": "",
    "o": null,
    "st": "L2J",
    "ml": false
  },
  "728676": {
    "i": "728676",
    "r": "YI-ASV",
    "it": "B738",
    "y": null,
    "m": null,
    "mo": "Boeing 737-800",
    "o": null,
    "st": "L2J",
    "ml": false
  },
  "728836": {
    "i": "728836",
    "r": "YI-BAV",
    "it": "B738",
    "y": null,
    "m": null,
    "mo": "",
    "o": null,
    "st": "L2J",
    "ml": false
  },
  "728666": {
    "i": "728666",
    "r": "YI-ASF",
    "it": "B738",
    "y": null,
    "m": null,
    "mo": "Boeing 737-81Z",
    "o": null,
    "st": "L2J",
    "ml": false
  },
  "72883a": {
    "i": "72883a",
    "r": "YI-BAZ",
    "it": "B739",
    "y": null,
    "m": null,
    "mo": "",
    "o": null,
    "st": "L2J",
    "ml": false
  },
  "728647": {
    "i": "728647",
    "r": "YI-ARG",
    "it": "BCS3",
    "y": null,
    "m": null,
    "mo": "",
    "o": null,
    "st": "L2J",
    "ml": false
  },
  "728661": {
    "i": "728661",
    "r": "YI-ASA",
    "it": "B744",
    "y": null,
    "m": null,
    "mo": "Boeing 747-4H6",
    "o": null,
    "st": "L4J",
    "ml": false
  },
  "728837": {
    "i": "728837",
    "r": "YI-BAW",
    "it": "B738",
    "y": null,
    "m": null,
    "mo": "",
    "o": null,
    "st": "L2J",
    "ml": false
  },
  "728667": {
    "i": "728667",
    "r": "YI-ASG",
    "it": "B738",
    "y": null,
    "m": null,
    "mo": "Boeing 737-81Z",
    "o": null,
    "st": "L2J",
    "ml": false
  },
  "728834": {
    "i": "728834",
    "r": "YI-BAT",
    "it": "B739",
    "y": null,
    "m": null,
    "mo": "Boeing 737-9GPER(WL)",
    "o": null,
    "st": "L2J",
    "ml": false
  },
  "728683": {
    "i": "728683",
    "r": "YI-ATC",
    "it": "B788",
    "y": null,
    "m": null,
    "mo": "",
    "o": null,
    "st": "L2J",
    "ml": false
  },
  "7277d0": {
    "i": "7277d0",
    "r": "P-672",
    "it": "A148",
    "y": null,
    "m": null,
    "mo": "Antonov An-148 100B",
    "o": null,
    "st": "L2J",
    "ml": false
  },
  "7278a1": {
    "i": "7278a1",
    "r": "P-881",
    "it": "IL62",
    "y": null,
    "m": null,
    "mo": "Ilyushin IL-62 M",
    "o": null,
    "st": "L4J",
    "ml": false
  },
  "728646": {
    "i": "728646",
    "r": "YI-ARF",
    "it": "BCS3",
    "y": null,
    "m": null,
    "mo": "",
    "o": null,
    "st": "L2J",
    "ml": false
  },
  "728669": {
    "i": "728669",
    "r": "YI-ASI",
    "it": "B738",
    "y": null,
    "m": null,
    "mo": "Boeing 737NG 81Z/W",
    "o": null,
    "st": "L2J",
    "ml": false
  },
  "728674": {
    "i": "728674",
    "r": "YI-AST",
    "it": "B738",
    "y": null,
    "m": null,
    "mo": "Boeing 737-81Z",
    "o": null,
    "st": "L2J",
    "ml": false
  },
  "728633": {
    "i": "728633",
    "r": "YI-AQS",
    "it": "B734",
    "y": null,
    "m": null,
    "mo": "Boeing 737-48E",
    "o": null,
    "st": "L2J",
    "ml": false
  },
  "728671": {
    "i": "728671",
    "r": "YI-ASQ",
    "it": "B738",
    "y": null,
    "m": null,
    "mo": "Boeing 737-81Z",
    "o": null,
    "st": "L2J",
    "ml": false
  },
  "728841": {
    "i": "728841",
    "r": "YI-BBA",
    "it": "A321",
    "y": null,
    "m": null,
    "mo": "",
    "o": null,
    "st": "L2J",
    "ml": false
  },
  "728002": {
    "i": "728002",
    "r": "YI-AQB",
    "it": "CRJ9",
    "y": null,
    "m": null,
    "mo": "Bombardier CRJ 900 ER NG",
    "o": null,
    "st": "L2J",
    "ml": false
  },
  "728825": {
    "i": "728825",
    "r": "YI-BAE",
    "it": "CRJ9",
    "y": null,
    "m": null,
    "mo": "",
    "o": null,
    "st": "L2J",
    "ml": false
  },
  "728130": {
    "i": "728130",
    "r": "YI-304",
    "it": "C30J",
    "y": null,
    "m": null,
    "mo": "Lockheed C-130J-30 Hercules",
    "o": null,
    "st": "L4T",
    "ml": true
  },
  "728684": {
    "i": "728684",
    "r": "YI-ATD",
    "it": "B788",
    "y": null,
    "m": null,
    "mo": "",
    "o": null,
    "st": "L2J",
    "ml": false
  },
  "7277cf": {
    "i": "7277cf",
    "r": "P-671",
    "it": "A148",
    "y": null,
    "m": null,
    "mo": "Antonov An-148 100V",
    "o": null,
    "st": "L2J",
    "ml": false
  },
  "728677": {
    "i": "728677",
    "r": "YI-ASW",
    "it": "B738",
    "y": null,
    "m": null,
    "mo": "Boeing 737-800",
    "o": null,
    "st": "L2J",
    "ml": false
  },
  "72785d": {
    "i": "72785d",
    "r": "P-813",
    "it": "T134",
    "y": null,
    "m": null,
    "mo": "Tupolev Tu-134 B-3",
    "o": null,
    "st": "L2J",
    "ml": false
  },
  "728642": {
    "i": "728642",
    "r": "YI-ARB",
    "it": "A320",
    "y": null,
    "m": null,
    "mo": "Airbus A320-214",
    "o": null,
    "st": "L2J",
    "ml": false
  },
  "72866c": {
    "i": "72866c",
    "r": "YI-ASL",
    "it": "B38M",
    "y": null,
    "m": null,
    "mo": "",
    "o": null,
    "st": "L2J",
    "ml": false
  },
  "728829": {
    "i": "728829",
    "r": "YI-BAI",
    "it": "CRJ2",
    "y": null,
    "m": null,
    "mo": "CRJ 200LR",
    "o": null,
    "st": "L2J",
    "ml": false
  },
  "728520": {
    "i": "728520",
    "r": "YI-520",
    "it": "EC25",
    "y": null,
    "m": "EUROCOPTER",
    "mo": "EC-225 Super Puma",
    "o": null,
    "st": "H2T",
    "ml": true
  },
  "728521": {
    "i": "728521",
    "r": "YI-521",
    "it": "EC25",
    "y": null,
    "m": "EUROCOPTER",
    "mo": "EC-225 Super Puma",
    "o": null,
    "st": "H2T",
    "ml": true
  },
  "728135": {
    "i": "728135",
    "r": "YI-309",
    "it": "C30J",
    "y": null,
    "m": "LOCKHEED MARTIN",
    "mo": "C-130J Super Hercules",
    "o": null,
    "st": "L4T",
    "ml": true
  },
  "728522": {
    "i": "728522",
    "r": "YI-522",
    "it": "EC25",
    "y": null,
    "m": "EUROCOPTER",
    "mo": "EC-225 Super Puma",
    "o": null,
    "st": "H2T",
    "ml": true
  }
}