{
  "740735": {
    "i": "740735",
    "r": "JY-AYU",
    "it": "A320",
    "y": null,
    "m": null,
    "mo": "Airbus A320-232",
    "o": null,
    "st": "L2J",
    "ml": false
  },
  "748007": {
    "i": "748007",
    "r": "OD-ZEE",
    "it": "L101",
    "y": null,
    "m": null,
    "mo": "Lockheed L1011 Tristar 500",
    "o": null,
    "st": "L3J",
    "ml": false
  },
  "740443": {
    "i": "740443",
    "r": "JY-ABC",
    "it": "E35L",
    "y": null,
    "m": null,
    "mo": "Embraer ERJ-135",
    "o": null,
    "st": "L2J",
    "ml": false
  },
  "740742": {
    "i": "740742",
    "r": "JY-AZB",
    "it": "A320",
    "y": null,
    "m": null,
    "mo": "",
    "o": null,
    "st": "L2J",
    "ml": false
  },
  "740825": {
    "i": "740825",
    "r": "JY-BAE",
    "it": "B788",
    "y": null,
    "m": null,
    "mo": "Boeing 787 8",
    "o": null,
    "st": "L2J",
    "ml": false
  },
  "7415a2": {
    "i": "7415a2",
    "r": "JY-EMB",
    "it": "E190",
    "y": null,
    "m": null,
    "mo": "Embraer EMB-195 AR",
    "o": null,
    "st": "L2J",
    "ml": false
  },
  "748060": {
    "i": "748060",
    "r": "OD-AAA",
    "it": "C172",
    "y": null,
    "m": null,
    "mo": "Cessna 172S",
    "o": null,
    "st": "L1P",
    "ml": false
  },
  "740732": {
    "i": "740732",
    "r": "JY-AYR",
    "it": "A320",
    "y": null,
    "m": null,
    "mo": "Airbus A320-232",
    "o": null,
    "st": "L2J",
    "ml": false
  },
  "742831": {
    "i": "742831",
    "r": "JY-JAQ",
    "it": "B734",
    "y": null,
    "m": null,
    "mo": "Boeing 737 46J",
    "o": null,
    "st": "L2J",
    "ml": false
  },
  "743395": {
    "i": "743395",
    "r": "2561",
    "it": "AT8T",
    "y": null,
    "m": null,
    "mo": "",
    "o": null,
    "st": "L1T",
    "ml": true
  },
  "74483a": {
    "i": "74483a",
    "r": "JY-RAZ",
    "it": "A321",
    "y": null,
    "m": null,
    "mo": "Airbus A321-231(P2F)",
    "o": null,
    "st": "L2J",
    "ml": false
  },
  "748018": {
    "i": "748018",
    "r": "OD-MRS",
    "it": "A320",
    "y": null,
    "m": null,
    "mo": "Airbus A320-232",
    "o": null,
    "st": "L2J",
    "ml": false
  },
  "7406e4": {
    "i": "7406e4",
    "r": "JY-AWD",
    "it": "H25B",
    "y": null,
    "m": null,
    "mo": "British Aerospace 125-800XP",
    "o": null,
    "st": "L2J",
    "ml": false
  },
  "740d29": {
    "i": "740d29",
    "r": "JY-CII",
    "it": "E35L",
    "y": null,
    "m": null,
    "mo": "Embraer ERJ-135",
    "o": null,
    "st": "L2J",
    "ml": false
  },
  "742827": {
    "i": "742827",
    "r": "JY-JAG",
    "it": "B762",
    "y": null,
    "m": null,
    "mo": "Boeing 767-204",
    "o": null,
    "st": "L2J",
    "ml": false
  },
  "748026": {
    "i": "748026",
    "r": "OD-MRL",
    "it": "A320",
    "y": null,
    "m": null,
    "mo": "Airbus A320-232",
    "o": null,
    "st": "L2J",
    "ml": false
  },
  "748053": {
    "i": "748053",
    "r": "OD-CXL",
    "it": "E550",
    "y": null,
    "m": null,
    "mo": "Embraer Legacy 500",
    "o": null,
    "st": "L2J",
    "ml": false
  },
  "742830": {
    "i": "742830",
    "r": "JY-JAP",
    "it": "B734",
    "y": null,
    "m": null,
    "mo": "Boeing 737 46B",
    "o": null,
    "st": "L2J",
    "ml": false
  },
  "742834": {
    "i": "742834",
    "r": "JY-JAT",
    "it": "A320",
    "y": null,
    "m": null,
    "mo": "Airbus A320-211",
    "o": null,
    "st": "L2J",
    "ml": false
  },
  "74082c": {
    "i": "74082c",
    "r": "JY-BAL",
    "it": "BDOG",
    "y": null,
    "m": null,
    "mo": "Scottish Aviation Bulldog 125",
    "o": null,
    "st": "L1P",
    "ml": false
  },
  "7434c6": {
    "i": "7434c6",
    "r": "543",
    "it": "B505",
    "y": null,
    "m": null,
    "mo": "",
    "o": null,
    "st": "H1T",
    "ml": true
  },
  "748015": {
    "i": "748015",
    "r": "OD-EAS",
    "it": "H25B",
    "y": null,
    "m": null,
    "mo": "Raytheon Aircraft Company 125 800XP",
    "o": null,
    "st": "L2J",
    "ml": false
  },
  "740734": {
    "i": "740734",
    "r": "JY-AYT",
    "it": "A321",
    "y": null,
    "m": null,
    "mo": "Airbus A321-231",
    "o": null,
    "st": "L2J",
    "ml": false
  },
  "7415a1": {
    "i": "7415a1",
    "r": "JY-EMA",
    "it": "E195",
    "y": null,
    "m": null,
    "mo": "Embraer Emb-195-200LR",
    "o": null,
    "st": "L2J",
    "ml": false
  },
  "742ac2": {
    "i": "742ac2",
    "r": "JY-JVB",
    "it": "A332",
    "y": null,
    "m": null,
    "mo": "Airbus A330-203",
    "o": null,
    "st": "L2J",
    "ml": false
  },
  "7434c5": {
    "i": "7434c5",
    "r": "542",
    "it": "B505",
    "y": null,
    "m": null,
    "mo": "",
    "o": null,
    "st": "H1T",
    "ml": true
  },
  "748014": {
    "i": "748014",
    "r": "OD-AMR",
    "it": "CRJ2",
    "y": null,
    "m": null,
    "mo": "Bombardier CRJ 200ER",
    "o": null,
    "st": "L2J",
    "ml": false
  },
  "742838": {
    "i": "742838",
    "r": "JY-JAX",
    "it": "B733",
    "y": null,
    "m": null,
    "mo": "Boeing 737-322",
    "o": null,
    "st": "L2J",
    "ml": false
  },
  "744958": {
    "i": "744958",
    "r": "JY-RJX",
    "it": "P28A",
    "y": null,
    "m": null,
    "mo": "Piper PA-28 161 Warrior III",
    "o": null,
    "st": "L1P",
    "ml": false
  },
  "748713": {
    "i": "748713",
    "r": "L713",
    "it": "TUCA",
    "y": null,
    "m": null,
    "mo": "Embraer A-29B Super Tucano",
    "o": null,
    "st": "L1T",
    "ml": false
  },
  "740826": {
    "i": "740826",
    "r": "JY-BAF",
    "it": "B788",
    "y": null,
    "m": null,
    "mo": "Boeing 787-8",
    "o": null,
    "st": "L2J",
    "ml": false
  },
  "7434c1": {
    "i": "7434c1",
    "r": "1541",
    "it": "C208",
    "y": null,
    "m": null,
    "mo": "",
    "o": null,
    "st": "L1T",
    "ml": true
  },
  "74494d": {
    "i": "74494d",
    "r": "JY-RJM",
    "it": "PA44",
    "y": null,
    "m": null,
    "mo": "Piper PA-44 180T Turbo Seminole",
    "o": null,
    "st": "L2P",
    "ml": false
  },
  "74358b": {
    "i": "74358b",
    "r": "1174",
    "it": "PC21",
    "y": null,
    "m": null,
    "mo": "Pilatus PC-21",
    "o": null,
    "st": "L1T",
    "ml": true
  },
  "748027": {
    "i": "748027",
    "r": "OD-MRN",
    "it": "A320",
    "y": null,
    "m": null,
    "mo": "Airbus A320-232",
    "o": null,
    "st": "L2J",
    "ml": false
  },
  "748050": {
    "i": "748050",
    "r": "OD-CXJ",
    "it": "E550",
    "y": null,
    "m": null,
    "mo": "Embraer Legacy 500",
    "o": null,
    "st": "L2J",
    "ml": false
  },
  "740723": {
    "i": "740723",
    "r": "JY-AYC",
    "it": "A319",
    "y": null,
    "m": null,
    "mo": "Airbus A319-115",
    "o": null,
    "st": "L2J",
    "ml": false
  },
  "740823": {
    "i": "740823",
    "r": "JY-BAC",
    "it": "B788",
    "y": null,
    "m": null,
    "mo": "Boeing 787-8",
    "o": null,
    "st": "L2J",
    "ml": false
  },
  "743587": {
    "i": "743587",
    "r": "1170",
    "it": "PC21",
    "y": null,
    "m": null,
    "mo": "Pilatus PC-21",
    "o": null,
    "st": "L1T",
    "ml": true
  },
  "740737": {
    "i": "740737",
    "r": "JY-AYW",
    "it": "A320",
    "y": null,
    "m": null,
    "mo": "Airbus A320-232",
    "o": null,
    "st": "L2J",
    "ml": false
  },
  "743581": {
    "i": "743581",
    "r": "RJAF-361",
    "it": "IL76",
    "y": null,
    "m": null,
    "mo": "",
    "o": null,
    "st": "L4J",
    "ml": true
  },
  "744957": {
    "i": "744957",
    "r": "JY-RJW",
    "it": "P28A",
    "y": null,
    "m": null,
    "mo": "Piper PA-28 161 Warrior III",
    "o": null,
    "st": "L1P",
    "ml": false
  },
  "740743": {
    "i": "740743",
    "r": "JY-AZC",
    "it": "A320",
    "y": null,
    "m": null,
    "mo": "Airbus A320-232",
    "o": null,
    "st": "L2J",
    "ml": false
  },
  "7415a3": {
    "i": "7415a3",
    "r": "JY-EMC",
    "it": "E75S",
    "y": null,
    "m": null,
    "mo": "Embraer Emb-175-200LR",
    "o": null,
    "st": "L2J",
    "ml": false
  },
  "744a61": {
    "i": "744a61",
    "r": "JY-RSA",
    "it": "A139",
    "y": null,
    "m": null,
    "mo": "AgustaWestland AW.139",
    "o": null,
    "st": "H2T",
    "ml": false
  },
  "748012": {
    "i": "748012",
    "r": "OD-TSW",
    "it": "H25B",
    "y": null,
    "m": null,
    "mo": "Raytheon Aircraft Company 125 800XP",
    "o": null,
    "st": "L2J",
    "ml": false
  },
  "748061": {
    "i": "748061",
    "r": "OD-AAB",
    "it": "C172",
    "y": null,
    "m": null,
    "mo": "Cessna C-172 Skyhawk",
    "o": null,
    "st": "L1P",
    "ml": false
  },
  "743591": {
    "i": "743591",
    "r": "462",
    "it": "G120",
    "y": null,
    "m": null,
    "mo": "Grob G-120 TP-A",
    "o": null,
    "st": "L1P",
    "ml": true
  },
  "74494b": {
    "i": "74494b",
    "r": "JY-RJK",
    "it": "PA44",
    "y": null,
    "m": null,
    "mo": "Piper PA-44-180",
    "o": null,
    "st": "L2P",
    "ml": false
  },
  "748017": {
    "i": "748017",
    "r": "OD-MEA",
    "it": "A332",
    "y": null,
    "m": null,
    "mo": "Airbus A330-243",
    "o": null,
    "st": "L2J",
    "ml": false
  },
  "748021": {
    "i": "748021",
    "r": "OD-MEC",
    "it": "A332",
    "y": null,
    "m": null,
    "mo": "Airbus A330-243",
    "o": null,
    "st": "L2J",
    "ml": false
  },
  "748049": {
    "i": "748049",
    "r": "OD-EKF",
    "it": "H25B",
    "y": null,
    "m": null,
    "mo": "Raytheon Aircraft Company 125 800XP",
    "o": null,
    "st": "L2J",
    "ml": false
  },
  "742ac1": {
    "i": "742ac1",
    "r": "JY-JVA",
    "it": "A332",
    "y": null,
    "m": null,
    "mo": "Airbus A330-243",
    "o": null,
    "st": "L2J",
    "ml": false
  },
  "748019": {
    "i": "748019",
    "r": "OD-MEB",
    "it": "A332",
    "y": null,
    "m": null,
    "mo": "Airbus A330-243",
    "o": null,
    "st": "L2J",
    "ml": false
  },
  "744824": {
    "i": "744824",
    "r": "JY-RAD",
    "it": "A20N",
    "y": null,
    "m": null,
    "mo": "",
    "o": null,
    "st": "L2J",
    "ml": false
  },
  "74494e": {
    "i": "74494e",
    "r": "JY-RJN",
    "it": "P28A",
    "y": null,
    "m": null,
    "mo": "Piper PA-28 161 Warrior III",
    "o": null,
    "st": "L1P",
    "ml": false
  },
  "748058": {
    "i": "748058",
    "r": "OD-BWM",
    "it": "P06T",
    "y": null,
    "m": null,
    "mo": "Tecnam P.2006T",
    "o": null,
    "st": "L2P",
    "ml": false
  },
  "748059": {
    "i": "748059",
    "r": "OD-BWT",
    "it": "P208",
    "y": null,
    "m": null,
    "mo": "Tecnam P-2008T",
    "o": null,
    "st": "L1P",
    "ml": false
  },
  "740822": {
    "i": "740822",
    "r": "JY-BAB",
    "it": "B788",
    "y": null,
    "m": null,
    "mo": "Boeing 787-8",
    "o": null,
    "st": "L2J",
    "ml": false
  },
  "743594": {
    "i": "743594",
    "r": "1179",
    "it": "PC21",
    "y": null,
    "m": null,
    "mo": "",
    "o": null,
    "st": "L1T",
    "ml": true
  },
  "74072e": {
    "i": "74072e",
    "r": "JY-AYN",
    "it": "A319",
    "y": null,
    "m": null,
    "mo": "Airbus A319-132",
    "o": null,
    "st": "L2J",
    "ml": false
  },
  "740821": {
    "i": "740821",
    "r": "JY-BAA",
    "it": "B788",
    "y": null,
    "m": null,
    "mo": "Boeing 787 8",
    "o": null,
    "st": "L2J",
    "ml": false
  },
  "7415a4": {
    "i": "7415a4",
    "r": "JY-EMD",
    "it": "E75S",
    "y": null,
    "m": null,
    "mo": "Embraer EMB-175 LR",
    "o": null,
    "st": "L2J",
    "ml": false
  },
  "742839": {
    "i": "742839",
    "r": "JY-JAY",
    "it": "B733",
    "y": null,
    "m": null,
    "mo": "Boeing 737-3S3",
    "o": null,
    "st": "L2J",
    "ml": false
  },
  "74368c": {
    "i": "74368c",
    "r": "2552",
    "it": "AT8T",
    "y": null,
    "m": null,
    "mo": "Air Tractor AT-802",
    "o": null,
    "st": "L1T",
    "ml": true
  },
  "744826": {
    "i": "744826",
    "r": "JY-RAF",
    "it": "A20N",
    "y": null,
    "m": null,
    "mo": "",
    "o": null,
    "st": "L2J",
    "ml": false
  },
  "744de2": {
    "i": "744de2",
    "r": "JY-SOB",
    "it": "B733",
    "y": null,
    "m": null,
    "mo": "Boeing 737 33V",
    "o": null,
    "st": "L2J",
    "ml": false
  },
  "748028": {
    "i": "748028",
    "r": "OD-MRO",
    "it": "A320",
    "y": null,
    "m": null,
    "mo": "Airbus A320-232",
    "o": null,
    "st": "L2J",
    "ml": false
  },
  "748010": {
    "i": "748010",
    "r": "OD-BOY",
    "it": "H25A",
    "y": null,
    "m": null,
    "mo": "British Aerospace 125 700B",
    "o": null,
    "st": "L2J",
    "ml": false
  },
  "748039": {
    "i": "748039",
    "r": "OD-MAF",
    "it": "H25B",
    "y": null,
    "m": null,
    "mo": "British Aerospace 125-800XP",
    "o": null,
    "st": "L2J",
    "ml": false
  },
  "74358d": {
    "i": "74358d",
    "r": "1176",
    "it": "PC21",
    "y": null,
    "m": null,
    "mo": "Pilatus PC-21",
    "o": null,
    "st": "L1T",
    "ml": true
  },
  "7448a2": {
    "i": "7448a2",
    "r": "JY-REB",
    "it": "E295",
    "y": null,
    "m": null,
    "mo": "",
    "o": null,
    "st": "L2J",
    "ml": false
  },
  "748016": {
    "i": "748016",
    "r": "OD-MRT",
    "it": "A320",
    "y": null,
    "m": null,
    "mo": "Airbus A320-232",
    "o": null,
    "st": "L2J",
    "ml": false
  },
  "740731": {
    "i": "740731",
    "r": "JY-AYQ",
    "it": "A320",
    "y": null,
    "m": null,
    "mo": "Airbus A320-232",
    "o": null,
    "st": "L2J",
    "ml": false
  },
  "740739": {
    "i": "740739",
    "r": "JY-AYY",
    "it": "A319",
    "y": null,
    "m": null,
    "mo": "Airbus A319 111",
    "o": null,
    "st": "L2J",
    "ml": false
  },
  "744a62": {
    "i": "744a62",
    "r": "EMS-1",
    "it": "A139",
    "y": null,
    "m": null,
    "mo": "",
    "o": null,
    "st": "H2T",
    "ml": true
  },
  "748047": {
    "i": "748047",
    "r": "OD-TOM",
    "it": "C182",
    "y": null,
    "m": null,
    "mo": "Cessna T182T Turbo Skylane",
    "o": null,
    "st": "L1P",
    "ml": false
  },
  "748063": {
    "i": "748063",
    "r": "OD-M10",
    "it": "A21N",
    "y": null,
    "m": null,
    "mo": "",
    "o": null,
    "st": "L2J",
    "ml": false
  },
  "742823": {
    "i": "742823",
    "r": "JY-JAC",
    "it": "A320",
    "y": null,
    "m": null,
    "mo": "Airbus A320 211",
    "o": null,
    "st": "L2J",
    "ml": false
  },
  "743589": {
    "i": "743589",
    "r": "1172",
    "it": "PC21",
    "y": null,
    "m": null,
    "mo": "Pilatus PC-21",
    "o": null,
    "st": "L1T",
    "ml": true
  },
  "748020": {
    "i": "748020",
    "r": "OD-MRR",
    "it": "A320",
    "y": null,
    "m": null,
    "mo": "Airbus A320-232",
    "o": null,
    "st": "L2J",
    "ml": false
  },
  "740733": {
    "i": "740733",
    "r": "JY-AYS",
    "it": "A320",
    "y": null,
    "m": null,
    "mo": "Airbus A320 232",
    "o": null,
    "st": "L2J",
    "ml": false
  },
  "740741": {
    "i": "740741",
    "r": "JY-AZA",
    "it": "A320",
    "y": null,
    "m": null,
    "mo": "Airbus A320-214",
    "o": null,
    "st": "L2J",
    "ml": false
  },
  "7434c3": {
    "i": "7434c3",
    "r": "540",
    "it": "B505",
    "y": null,
    "m": null,
    "mo": "",
    "o": null,
    "st": "H1T",
    "ml": true
  },
  "743582": {
    "i": "743582",
    "r": "RJF01",
    "it": "E300",
    "y": null,
    "m": null,
    "mo": "Extra EA.330 LX",
    "o": null,
    "st": "L1P",
    "ml": true
  },
  "74358a": {
    "i": "74358a",
    "r": "1173",
    "it": "PC21",
    "y": null,
    "m": null,
    "mo": "Pilatus PC-21",
    "o": null,
    "st": "L1T",
    "ml": true
  },
  "743593": {
    "i": "743593",
    "r": "1178",
    "it": "PC21",
    "y": null,
    "m": null,
    "mo": "",
    "o": null,
    "st": "L1T",
    "ml": true
  },
  "743595": {
    "i": "743595",
    "r": "1180",
    "it": "PC21",
    "y": null,
    "m": null,
    "mo": "",
    "o": null,
    "st": "L1T",
    "ml": true
  },
  "748025": {
    "i": "748025",
    "r": "OD-MRM",
    "it": "A320",
    "y": null,
    "m": null,
    "mo": "Airbus A320-232",
    "o": null,
    "st": "L2J",
    "ml": false
  },
  "740736": {
    "i": "740736",
    "r": "JY-AYV",
    "it": "A321",
    "y": null,
    "m": null,
    "mo": "Airbus A321-231",
    "o": null,
    "st": "L2J",
    "ml": false
  },
  "74282c": {
    "i": "74282c",
    "r": "JY-JAL",
    "it": "B762",
    "y": null,
    "m": null,
    "mo": "Boeing 767-204",
    "o": null,
    "st": "L2J",
    "ml": false
  },
  "7434c2": {
    "i": "7434c2",
    "r": "1540",
    "it": "C208",
    "y": null,
    "m": null,
    "mo": "",
    "o": null,
    "st": "L1T",
    "ml": true
  },
  "744949": {
    "i": "744949",
    "r": "JY-RJI",
    "it": "P28A",
    "y": null,
    "m": null,
    "mo": "Piper PA-28 161 Warrior III",
    "o": null,
    "st": "L1P",
    "ml": false
  },
  "744959": {
    "i": "744959",
    "r": "JY-RJY",
    "it": "P28A",
    "y": null,
    "m": null,
    "mo": "Piper PA-28 161 Warrior III",
    "o": null,
    "st": "L1P",
    "ml": false
  },
  "748013": {
    "i": "748013",
    "r": "OD-MAS",
    "it": "H25B",
    "y": null,
    "m": null,
    "mo": "British Aerospace 125 700A",
    "o": null,
    "st": "L2J",
    "ml": false
  },
  "748715": {
    "i": "748715",
    "r": "L715",
    "it": "TUCA",
    "y": null,
    "m": null,
    "mo": "Embraer A-29B Super Tucano",
    "o": null,
    "st": "L1T",
    "ml": false
  },
  "7434c8": {
    "i": "7434c8",
    "r": "1538",
    "it": "C208",
    "y": null,
    "m": null,
    "mo": "",
    "o": null,
    "st": "L1T",
    "ml": true
  },
  "744822": {
    "i": "744822",
    "r": "JY-RAB",
    "it": "A20N",
    "y": null,
    "m": null,
    "mo": "",
    "o": null,
    "st": "L2J",
    "ml": false
  },
  "74494f": {
    "i": "74494f",
    "r": "JY-RJO",
    "it": "P28A",
    "y": null,
    "m": null,
    "mo": "Piper PA-28 161 Warrior III",
    "o": null,
    "st": "L1P",
    "ml": false
  },
  "744de1": {
    "i": "744de1",
    "r": "JY-SOA",
    "it": "B733",
    "y": null,
    "m": null,
    "mo": "Boeing 737-33V",
    "o": null,
    "st": "L2J",
    "ml": false
  },
  "7404f1": {
    "i": "7404f1",
    "r": "JY-AGQ",
    "it": "A310",
    "y": null,
    "m": null,
    "mo": "Airbus A310-304F",
    "o": null,
    "st": "L2J",
    "ml": false
  },
  "740827": {
    "i": "740827",
    "r": "JY-BAG",
    "it": "B788",
    "y": null,
    "m": null,
    "mo": "Boeing 787-8",
    "o": null,
    "st": "L2J",
    "ml": false
  },
  "7434c4": {
    "i": "7434c4",
    "r": "541",
    "it": "B505",
    "y": null,
    "m": null,
    "mo": "",
    "o": null,
    "st": "H1T",
    "ml": true
  },
  "743588": {
    "i": "743588",
    "r": "1171",
    "it": "PC21",
    "y": null,
    "m": null,
    "mo": "Pilatus PC-21",
    "o": null,
    "st": "L1T",
    "ml": true
  },
  "743597": {
    "i": "743597",
    "r": "355",
    "it": "M28",
    "y": null,
    "m": null,
    "mo": "PZL M-28 Skytruck",
    "o": null,
    "st": "L2T",
    "ml": true
  },
  "740828": {
    "i": "740828",
    "r": "JY-BAH",
    "it": "B788",
    "y": null,
    "m": null,
    "mo": "Boeing 787-8",
    "o": null,
    "st": "L2J",
    "ml": false
  },
  "74358c": {
    "i": "74358c",
    "r": "1175",
    "it": "PC21",
    "y": null,
    "m": null,
    "mo": "Pilatus PC-21",
    "o": null,
    "st": "L1T",
    "ml": true
  },
  "743598": {
    "i": "743598",
    "r": "356",
    "it": "M28",
    "y": null,
    "m": null,
    "mo": "PZL M-28 Skytruck",
    "o": null,
    "st": "L2T",
    "ml": true
  },
  "748051": {
    "i": "748051",
    "r": "OD-MEE",
    "it": "A332",
    "y": null,
    "m": null,
    "mo": "Airbus A330-243",
    "o": null,
    "st": "L2J",
    "ml": false
  },
  "74073a": {
    "i": "74073a",
    "r": "JY-AYZ",
    "it": "A319",
    "y": null,
    "m": null,
    "mo": "Airbus A319-111",
    "o": null,
    "st": "L2J",
    "ml": false
  },
  "743596": {
    "i": "743596",
    "r": "2560",
    "it": "AT8T",
    "y": null,
    "m": null,
    "mo": "",
    "o": null,
    "st": "L1T",
    "ml": true
  },
  "740730": {
    "i": "740730",
    "r": "JY-AYP",
    "it": "A319",
    "y": null,
    "m": null,
    "mo": "Airbus A319-132",
    "o": null,
    "st": "L2J",
    "ml": false
  },
  "744825": {
    "i": "744825",
    "r": "JY-RAE",
    "it": "A20N",
    "y": null,
    "m": null,
    "mo": "",
    "o": null,
    "st": "L2J",
    "ml": false
  },
  "744a63": {
    "i": "744a63",
    "r": "EMS-2",
    "it": "A139",
    "y": null,
    "m": null,
    "mo": "",
    "o": null,
    "st": "H2T",
    "ml": true
  },
  "748714": {
    "i": "748714",
    "r": "L-714",
    "it": "E314",
    "y": null,
    "m": null,
    "mo": "Embraer EMB.314 Super Tucano A-29B",
    "o": null,
    "st": "L1T",
    "ml": false
  },
  "742824": {
    "i": "742824",
    "r": "JY-JAD",
    "it": "B733",
    "y": null,
    "m": null,
    "mo": "Boeing 737 322",
    "o": null,
    "st": "L2J",
    "ml": false
  },
  "743592": {
    "i": "743592",
    "r": "1177",
    "it": "PC21",
    "y": null,
    "m": null,
    "mo": "",
    "o": null,
    "st": "L1T",
    "ml": true
  },
  "74459a": {
    "i": "74459a",
    "r": "JY-RJZ",
    "it": "P28A",
    "y": null,
    "m": null,
    "mo": "Piper PA-28-161 Warrior III",
    "o": null,
    "st": "L1P",
    "ml": false
  },
  "748032": {
    "i": "748032",
    "r": "OD-MIG",
    "it": "H25B",
    "y": null,
    "m": null,
    "mo": "Hawker Beechcraft Corp Hawker 900XP",
    "o": null,
    "st": "L2J",
    "ml": false
  },
  "748036": {
    "i": "748036",
    "r": "OD-MIK",
    "it": "F900",
    "y": null,
    "m": null,
    "mo": "Dassault Falcon 900DX",
    "o": null,
    "st": "L3J",
    "ml": false
  },
  "743599": {
    "i": "743599",
    "r": "RJAF-360",
    "it": "IL76",
    "y": null,
    "m": null,
    "mo": "",
    "o": null,
    "st": "L4J",
    "ml": true
  },
  "744821": {
    "i": "744821",
    "r": "JY-RAA",
    "it": "A20N",
    "y": null,
    "m": null,
    "mo": "",
    "o": null,
    "st": "L2J",
    "ml": false
  },
  "7448a1": {
    "i": "7448a1",
    "r": "JY-REA",
    "it": "E295",
    "y": null,
    "m": null,
    "mo": "",
    "o": null,
    "st": "L2J",
    "ml": false
  },
  "748052": {
    "i": "748052",
    "r": "OD-PMS",
    "it": "C172",
    "y": null,
    "m": null,
    "mo": "Cessna 172S Skyhawk SP",
    "o": null,
    "st": "L1P",
    "ml": false
  },
  "740744": {
    "i": "740744",
    "r": "JY-AZD",
    "it": "A320",
    "y": null,
    "m": null,
    "mo": "",
    "o": null,
    "st": "L2J",
    "ml": false
  },
  "7434c7": {
    "i": "7434c7",
    "r": "544",
    "it": "B505",
    "y": null,
    "m": null,
    "mo": "",
    "o": null,
    "st": "H1T",
    "ml": true
  },
  "7436ac": {
    "i": "7436ac",
    "r": "2551",
    "it": "AT8T",
    "y": null,
    "m": null,
    "mo": "",
    "o": null,
    "st": "L1T",
    "ml": true
  },
  "7448a5": {
    "i": "7448a5",
    "r": "JY-REE",
    "it": "E290",
    "y": null,
    "m": "EMBRAER",
    "mo": "ERJ-190-300",
    "o": null,
    "st": "L2J",
    "ml": false
  },
  "7448a4": {
    "i": "7448a4",
    "r": "JY-RED",
    "it": "E290",
    "y": null,
    "m": "EMBRAER",
    "mo": "ERJ-190-300",
    "o": null,
    "st": "L2J",
    "ml": false
  },
  "7448a3": {
    "i": "7448a3",
    "r": "JY-REC",
    "it": "E290",
    "y": null,
    "m": "EMBRAER",
    "mo": "ERJ-190-300",
    "o": null,
    "st": "L2J",
    "ml": false
  },
  "7448a6": {
    "i": "7448a6",
    "r": "JY-REF",
    "it": "E295",
    "y": null,
    "m": "EMBRAER",
    "mo": "ERJ-190-400",
    "o": null,
    "st": "L2J",
    "ml": false
  }
}