{
  "760909": {
    "i": "760909",
    "r": "AP-BHI",
    "it": "AT45",
    "y": null,
    "m": null,
    "mo": "Avions de Transport Regional ATR 42 500",
    "o": null,
    "st": "L2T",
    "ml": false
  },
  "760927": {
    "i": "760927",
    "r": "AP-BIG",
    "it": "B105",
    "y": null,
    "m": null,
    "mo": "MBB Bo.105 DBS-4",
    "o": null,
    "st": "H2T",
    "ml": false
  },
  "76cc67": {
    "i": "76cc67",
    "r": "9V-SCG",
    "it": "B78X",
    "y": null,
    "m": null,
    "mo": "Boeing 787-10",
    "o": null,
    "st": "L2J",
    "ml": false
  },
  "76cd0b": {
    "i": "76cd0b",
    "r": "9V-SHK",
    "it": "A359",
    "y": null,
    "m": null,
    "mo": "Airbus A350-941",
    "o": null,
    "st": "L2J",
    "ml": false
  },
  "76cd10": {
    "i": "76cd10",
    "r": "9V-SHP",
    "it": "A359",
    "y": null,
    "m": null,
    "mo": "Airbus A350 941",
    "o": null,
    "st": "L2J",
    "ml": false
  },
  "76e313": {
    "i": "76e313",
    "r": "764",
    "it": "A332",
    "y": null,
    "m": null,
    "mo": "Airbus A330 243MRTT",
    "o": null,
    "st": "L2J",
    "ml": true
  },
  "76e4c6": {
    "i": "76e4c6",
    "r": "9V-YFF",
    "it": "DA40",
    "y": null,
    "m": null,
    "mo": "Diamond Aircraft Diamond Star DA40",
    "o": null,
    "st": "L1P",
    "ml": false
  },
  "76e722": {
    "i": "76e722",
    "r": "9102",
    "it": "PC21",
    "y": null,
    "m": null,
    "mo": "Pilatus PC-21",
    "o": null,
    "st": "L1T",
    "ml": true
  },
  "76e727": {
    "i": "76e727",
    "r": "9107",
    "it": "PC21",
    "y": null,
    "m": null,
    "mo": "Pilatus PC-21",
    "o": null,
    "st": "L1T",
    "ml": true
  },
  "760823": {
    "i": "760823",
    "r": "AP-BAC",
    "it": "C150",
    "y": null,
    "m": null,
    "mo": "Cessna 150M",
    "o": null,
    "st": "L1P",
    "ml": false
  },
  "7608ec": {
    "i": "7608ec",
    "r": "AP-BGL",
    "it": "B772",
    "y": null,
    "m": null,
    "mo": "Boeing 777-240",
    "o": null,
    "st": "L2J",
    "ml": false
  },
  "76090d": {
    "i": "76090d",
    "r": "AP-BHM",
    "it": "AT45",
    "y": null,
    "m": null,
    "mo": "Avions de Transport Regional ATR 42 500",
    "o": null,
    "st": "L2T",
    "ml": false
  },
  "7609e2": {
    "i": "7609e2",
    "r": "AP-BOB",
    "it": "A320",
    "y": null,
    "m": null,
    "mo": "A320 233",
    "o": null,
    "st": "L2J",
    "ml": false
  },
  "760a06": {
    "i": "760a06",
    "r": "AP-BPF",
    "it": "A320",
    "y": null,
    "m": null,
    "mo": "",
    "o": null,
    "st": "L2J",
    "ml": false
  },
  "76103f": {
    "i": "76103f",
    "r": "4159",
    "it": "C130",
    "y": null,
    "m": null,
    "mo": "Lockheed C-130E Hercules",
    "o": null,
    "st": "L4T",
    "ml": true
  },
  "769104": {
    "i": "769104",
    "r": "9V-DHD",
    "it": "B77L",
    "y": null,
    "m": null,
    "mo": "",
    "o": null,
    "st": "L2J",
    "ml": false
  },
  "76b4f0": {
    "i": "76b4f0",
    "r": "9V-MGP",
    "it": "B738",
    "y": null,
    "m": null,
    "mo": "Boeing 737-8SA",
    "o": null,
    "st": "L2J",
    "ml": false
  },
  "76cd48": {
    "i": "76cd48",
    "r": "9V-SJH",
    "it": "A359",
    "y": null,
    "m": null,
    "mo": "",
    "o": null,
    "st": "L2J",
    "ml": false
  },
  "76cd7a": {
    "i": "76cd7a",
    "r": "9V-SKZ",
    "it": "A388",
    "y": null,
    "m": null,
    "mo": "Airbus A380-841",
    "o": null,
    "st": "L4J",
    "ml": false
  },
  "76cef4": {
    "i": "76cef4",
    "r": "9V-SWT",
    "it": "B77W",
    "y": null,
    "m": null,
    "mo": "Boeing 777-312",
    "o": null,
    "st": "L2J",
    "ml": false
  },
  "76d248": {
    "i": "76d248",
    "r": "9V-TRH",
    "it": "A320",
    "y": null,
    "m": null,
    "mo": "Airbus A320-232",
    "o": null,
    "st": "L2J",
    "ml": false
  },
  "76e72e": {
    "i": "76e72e",
    "r": "9114",
    "it": "PC21",
    "y": null,
    "m": null,
    "mo": "Pilatus PC-21",
    "o": null,
    "st": "L1T",
    "ml": true
  },
  "7600e9": {
    "i": "7600e9",
    "r": "0233",
    "it": "C560",
    "y": null,
    "m": null,
    "mo": "Cessna Citation V",
    "o": null,
    "st": "L2J",
    "ml": true
  },
  "7608ee": {
    "i": "7608ee",
    "r": "AP-BGN",
    "it": "A310",
    "y": null,
    "m": null,
    "mo": "Airbus A310 324",
    "o": null,
    "st": "L2J",
    "ml": false
  },
  "7608f8": {
    "i": "7608f8",
    "r": "AP-BGX",
    "it": "MI8",
    "y": null,
    "m": null,
    "mo": "Mil Mi-17",
    "o": null,
    "st": "H2T",
    "ml": false
  },
  "766832": {
    "i": "766832",
    "r": "AP-ZAR",
    "it": "ULAC",
    "y": null,
    "m": null,
    "mo": "Quad City Challenger",
    "o": null,
    "st": "L0-",
    "ml": false
  },
  "76aa70": {
    "i": "76aa70",
    "r": "9V-JSP",
    "it": "A320",
    "y": null,
    "m": null,
    "mo": "Airbus A320-232",
    "o": null,
    "st": "L2J",
    "ml": false
  },
  "76b4e2": {
    "i": "76b4e2",
    "r": "9V-MGB",
    "it": "B738",
    "y": null,
    "m": null,
    "mo": "Boeing 737-8SA",
    "o": null,
    "st": "L2J",
    "ml": false
  },
  "76b4ee": {
    "i": "76b4ee",
    "r": "9V-MGN",
    "it": "B738",
    "y": null,
    "m": null,
    "mo": "Boeing 737-8SA",
    "o": null,
    "st": "L2J",
    "ml": false
  },
  "76cd42": {
    "i": "76cd42",
    "r": "9V-SJB",
    "it": "A359",
    "y": null,
    "m": null,
    "mo": "Airbus A350 941",
    "o": null,
    "st": "L2J",
    "ml": false
  },
  "76cd72": {
    "i": "76cd72",
    "r": "9V-SKR",
    "it": "A388",
    "y": null,
    "m": null,
    "mo": "Airbus A380 841",
    "o": null,
    "st": "L4J",
    "ml": false
  },
  "76cd74": {
    "i": "76cd74",
    "r": "9V-SKT",
    "it": "A388",
    "y": null,
    "m": null,
    "mo": "Airbus A380-841",
    "o": null,
    "st": "L4J",
    "ml": false
  },
  "76cdb4": {
    "i": "76cdb4",
    "r": "9V-SMT",
    "it": "A359",
    "y": null,
    "m": null,
    "mo": "Airbus A350-941",
    "o": null,
    "st": "L2J",
    "ml": false
  },
  "76cef1": {
    "i": "76cef1",
    "r": "9V-SWQ",
    "it": "B77W",
    "y": null,
    "m": null,
    "mo": "Boeing 777-312",
    "o": null,
    "st": "L2J",
    "ml": false
  },
  "76d03a": {
    "i": "76d03a",
    "r": "9V-TAZ",
    "it": "A320",
    "y": null,
    "m": null,
    "mo": "Airbus A320-232",
    "o": null,
    "st": "L2J",
    "ml": false
  },
  "76d245": {
    "i": "76d245",
    "r": "9V-TRE",
    "it": "A320",
    "y": null,
    "m": null,
    "mo": "Airbus A320-232",
    "o": null,
    "st": "L2J",
    "ml": false
  },
  "76e305": {
    "i": "76e305",
    "r": "720",
    "it": "C130",
    "y": null,
    "m": null,
    "mo": "",
    "o": null,
    "st": "L4T",
    "ml": true
  },
  "76e30a": {
    "i": "76e30a",
    "r": "731",
    "it": "C130",
    "y": null,
    "m": null,
    "mo": "Lockheed C-130H Hercules",
    "o": null,
    "st": "L4T",
    "ml": true
  },
  "76e4cc": {
    "i": "76e4cc",
    "r": "9V-YFL",
    "it": "DA40",
    "y": null,
    "m": null,
    "mo": "Diamond Aircraft Diamond Star DA40",
    "o": null,
    "st": "L1P",
    "ml": false
  },
  "76e723": {
    "i": "76e723",
    "r": "9103",
    "it": "PC21",
    "y": null,
    "m": null,
    "mo": "Pilatus PC-21",
    "o": null,
    "st": "L1T",
    "ml": true
  },
  "7608ef": {
    "i": "7608ef",
    "r": "AP-BGO",
    "it": "A310",
    "y": null,
    "m": null,
    "mo": "Airbus A310 324",
    "o": null,
    "st": "L2J",
    "ml": false
  },
  "760957": {
    "i": "760957",
    "r": "AP-BJW",
    "it": "C152",
    "y": null,
    "m": null,
    "mo": "Cessna 152",
    "o": null,
    "st": "L1P",
    "ml": false
  },
  "7609a7": {
    "i": "7609a7",
    "r": "AP-BMG",
    "it": "B772",
    "y": null,
    "m": null,
    "mo": "Boeing 777-2Q8",
    "o": null,
    "st": "L2J",
    "ml": false
  },
  "7609ae": {
    "i": "7609ae",
    "r": "AP-BMN",
    "it": "A321",
    "y": null,
    "m": null,
    "mo": "Airbus A321-211",
    "o": null,
    "st": "L2J",
    "ml": false
  },
  "763a68": {
    "i": "763a68",
    "r": "AP-NSH",
    "it": "G280",
    "y": null,
    "m": null,
    "mo": "",
    "o": null,
    "st": "L2J",
    "ml": false
  },
  "7689f3": {
    "i": "7689f3",
    "r": "9V-BOS",
    "it": "DA40",
    "y": null,
    "m": null,
    "mo": "",
    "o": null,
    "st": "L1P",
    "ml": false
  },
  "76aa61": {
    "i": "76aa61",
    "r": "9V-JSA",
    "it": "A320",
    "y": null,
    "m": null,
    "mo": "Airbus A320 232",
    "o": null,
    "st": "L2J",
    "ml": false
  },
  "76aa69": {
    "i": "76aa69",
    "r": "9V-JSI",
    "it": "A320",
    "y": null,
    "m": null,
    "mo": "Airbus A320-232",
    "o": null,
    "st": "L2J",
    "ml": false
  },
  "76b449": {
    "i": "76b449",
    "r": "9V-MBI",
    "it": "B38M",
    "y": null,
    "m": null,
    "mo": "",
    "o": null,
    "st": "L2J",
    "ml": false
  },
  "76b4eb": {
    "i": "76b4eb",
    "r": "9V-MGK",
    "it": "B738",
    "y": null,
    "m": null,
    "mo": "Boeing 737-8SA",
    "o": null,
    "st": "L2J",
    "ml": false
  },
  "76cce1": {
    "i": "76cce1",
    "r": "9V-SGA",
    "it": "A359",
    "y": null,
    "m": null,
    "mo": "Airbus A350-941 ULR",
    "o": null,
    "st": "L2J",
    "ml": false
  },
  "76cd02": {
    "i": "76cd02",
    "r": "9V-SHB",
    "it": "A359",
    "y": null,
    "m": null,
    "mo": "Airbus A350-941",
    "o": null,
    "st": "L2J",
    "ml": false
  },
  "76ce51": {
    "i": "76ce51",
    "r": "9V-SRQ",
    "it": "B772",
    "y": null,
    "m": null,
    "mo": "Boeing 777 212ER",
    "o": null,
    "st": "L2J",
    "ml": false
  },
  "76d035": {
    "i": "76d035",
    "r": "9V-TAU",
    "it": "A320",
    "y": null,
    "m": null,
    "mo": "Airbus A320-232",
    "o": null,
    "st": "L2J",
    "ml": false
  },
  "76d24d": {
    "i": "76d24d",
    "r": "9V-TRM",
    "it": "A320",
    "y": null,
    "m": null,
    "mo": "Airbus A320-232",
    "o": null,
    "st": "L2J",
    "ml": false
  },
  "76e4ce": {
    "i": "76e4ce",
    "r": "9V-YFN",
    "it": "DA40",
    "y": null,
    "m": null,
    "mo": "Diamond Aircraft Diamond Star DA40",
    "o": null,
    "st": "L1P",
    "ml": false
  },
  "7609e5": {
    "i": "7609e5",
    "r": "AP-BOE",
    "it": "A21N",
    "y": null,
    "m": null,
    "mo": "",
    "o": null,
    "st": "L2J",
    "ml": false
  },
  "76b450": {
    "i": "76b450",
    "r": "9V-MBP",
    "it": "B38M",
    "y": null,
    "m": null,
    "mo": "",
    "o": null,
    "st": "L2J",
    "ml": false
  },
  "76cc65": {
    "i": "76cc65",
    "r": "9V-SCE",
    "it": "B78X",
    "y": null,
    "m": null,
    "mo": "Boeing 787-10",
    "o": null,
    "st": "L2J",
    "ml": false
  },
  "76cccd": {
    "i": "76cccd",
    "r": "9V-SFM",
    "it": "B744",
    "y": null,
    "m": null,
    "mo": "Boeing 747-412F",
    "o": null,
    "st": "L4J",
    "ml": false
  },
  "76d24e": {
    "i": "76d24e",
    "r": "9V-TRN",
    "it": "A320",
    "y": null,
    "m": null,
    "mo": "Airbus A320-232",
    "o": null,
    "st": "L2J",
    "ml": false
  },
  "76d255": {
    "i": "76d255",
    "r": "9V-TRU",
    "it": "A320",
    "y": null,
    "m": null,
    "mo": "Airbus A320-232",
    "o": null,
    "st": "L2J",
    "ml": false
  },
  "76e30d": {
    "i": "76e30d",
    "r": "734",
    "it": "C130",
    "y": null,
    "m": null,
    "mo": "Lockheed KC-130H Hercules",
    "o": null,
    "st": "L4T",
    "ml": true
  },
  "76e728": {
    "i": "76e728",
    "r": "9108",
    "it": "PC21",
    "y": null,
    "m": null,
    "mo": "Pilatus PC-21",
    "o": null,
    "st": "L1T",
    "ml": true
  },
  "76070a": {
    "i": "76070a",
    "r": "AP-AXJ",
    "it": "GLID",
    "y": null,
    "m": null,
    "mo": "Slingsby T.31 B Tandem Tutor",
    "o": null,
    "st": "L0-",
    "ml": false
  },
  "760908": {
    "i": "760908",
    "r": "AP-BHH",
    "it": "AT45",
    "y": null,
    "m": null,
    "mo": "Avions de Transport Regional ATR 42 500",
    "o": null,
    "st": "L2T",
    "ml": false
  },
  "7609b6": {
    "i": "7609b6",
    "r": "AP-BMV",
    "it": "A320",
    "y": null,
    "m": null,
    "mo": "",
    "o": null,
    "st": "L2J",
    "ml": false
  },
  "764104": {
    "i": "764104",
    "r": "V-4104",
    "it": "E50P",
    "y": null,
    "m": null,
    "mo": "",
    "o": null,
    "st": "L2J",
    "ml": true
  },
  "769105": {
    "i": "769105",
    "r": "9V-DHE",
    "it": "B77L",
    "y": null,
    "m": null,
    "mo": "",
    "o": null,
    "st": "L2J",
    "ml": false
  },
  "76bcce": {
    "i": "76bcce",
    "r": "9V-OFN",
    "it": "B788",
    "y": null,
    "m": null,
    "mo": "",
    "o": null,
    "st": "L2J",
    "ml": false
  },
  "76cc64": {
    "i": "76cc64",
    "r": "9V-SCD",
    "it": "B78X",
    "y": null,
    "m": null,
    "mo": "Boeing 787-10",
    "o": null,
    "st": "L2J",
    "ml": false
  },
  "76cc75": {
    "i": "76cc75",
    "r": "9V-SCU",
    "it": "B78X",
    "y": null,
    "m": null,
    "mo": "",
    "o": null,
    "st": "L2J",
    "ml": false
  },
  "76ccce": {
    "i": "76ccce",
    "r": "9V-SFN",
    "it": "B744",
    "y": null,
    "m": null,
    "mo": "Boeing 747-412F",
    "o": null,
    "st": "L4J",
    "ml": false
  },
  "76cce3": {
    "i": "76cce3",
    "r": "9V-SGC",
    "it": "A359",
    "y": null,
    "m": null,
    "mo": "Airbus A350-941 ULR",
    "o": null,
    "st": "L2J",
    "ml": false
  },
  "76cd0c": {
    "i": "76cd0c",
    "r": "9V-SHL",
    "it": "A359",
    "y": null,
    "m": null,
    "mo": "Airbus A350-941",
    "o": null,
    "st": "L2J",
    "ml": false
  },
  "76cda6": {
    "i": "76cda6",
    "r": "9V-SMF",
    "it": "A359",
    "y": null,
    "m": null,
    "mo": "Airbus A350-941",
    "o": null,
    "st": "L2J",
    "ml": false
  },
  "76cef7": {
    "i": "76cef7",
    "r": "9V-SWW",
    "it": "B77W",
    "y": null,
    "m": null,
    "mo": "Boeing 777-312",
    "o": null,
    "st": "L2J",
    "ml": false
  },
  "76d254": {
    "i": "76d254",
    "r": "9V-TRT",
    "it": "A320",
    "y": null,
    "m": null,
    "mo": "Airbus A320-232",
    "o": null,
    "st": "L2J",
    "ml": false
  },
  "76d257": {
    "i": "76d257",
    "r": "9V-TRW",
    "it": "A320",
    "y": null,
    "m": null,
    "mo": "Airbus A320-232",
    "o": null,
    "st": "L2J",
    "ml": false
  },
  "76e72f": {
    "i": "76e72f",
    "r": "9115",
    "it": "PC21",
    "y": null,
    "m": null,
    "mo": "Pilatus PC-21",
    "o": null,
    "st": "L1T",
    "ml": true
  },
  "760924": {
    "i": "760924",
    "r": "AP-BID",
    "it": "B77W",
    "y": null,
    "m": null,
    "mo": "Boeing 777-340",
    "o": null,
    "st": "L2J",
    "ml": false
  },
  "760983": {
    "i": "760983",
    "r": "AP-BLC",
    "it": "A320",
    "y": null,
    "m": null,
    "mo": "Airbus A320-214",
    "o": null,
    "st": "L2J",
    "ml": false
  },
  "761c2b": {
    "i": "761c2b",
    "r": "AP-GAK",
    "it": "CL60",
    "y": null,
    "m": null,
    "mo": "Canadair CL604 Challenger",
    "o": null,
    "st": "L2J",
    "ml": false
  },
  "76350d": {
    "i": "76350d",
    "r": "AP-MHM",
    "it": "BE20",
    "y": null,
    "m": null,
    "mo": "Raytheon Aircraft Company King Air B200",
    "o": null,
    "st": "L2T",
    "ml": false
  },
  "76684a": {
    "i": "76684a",
    "r": "AP-ZBJ",
    "it": "C162",
    "y": null,
    "m": null,
    "mo": "Cessna 162",
    "o": null,
    "st": "L1P",
    "ml": false
  },
  "76b445": {
    "i": "76b445",
    "r": "9V-MBE",
    "it": "B38M",
    "y": null,
    "m": null,
    "mo": "Boeing 737MAX 8",
    "o": null,
    "st": "L2J",
    "ml": false
  },
  "76b44d": {
    "i": "76b44d",
    "r": "9V-MBM",
    "it": "B38M",
    "y": null,
    "m": null,
    "mo": "",
    "o": null,
    "st": "L2J",
    "ml": false
  },
  "76b86a": {
    "i": "76b86a",
    "r": "9V-NCJ",
    "it": "A21N",
    "y": null,
    "m": null,
    "mo": "",
    "o": null,
    "st": "L2J",
    "ml": false
  },
  "76cc62": {
    "i": "76cc62",
    "r": "9V-SCB",
    "it": "B78X",
    "y": null,
    "m": null,
    "mo": "Boeing 787-10",
    "o": null,
    "st": "L2J",
    "ml": false
  },
  "76cc6f": {
    "i": "76cc6f",
    "r": "9V-SCO",
    "it": "B78X",
    "y": null,
    "m": null,
    "mo": "Boeing 787-10",
    "o": null,
    "st": "L2J",
    "ml": false
  },
  "76cd08": {
    "i": "76cd08",
    "r": "9V-SHH",
    "it": "A359",
    "y": null,
    "m": null,
    "mo": "",
    "o": null,
    "st": "L2J",
    "ml": false
  },
  "76cd0e": {
    "i": "76cd0e",
    "r": "9V-SHN",
    "it": "A359",
    "y": null,
    "m": null,
    "mo": "Airbus A350-941",
    "o": null,
    "st": "L2J",
    "ml": false
  },
  "76cd43": {
    "i": "76cd43",
    "r": "9V-SJC",
    "it": "A359",
    "y": null,
    "m": null,
    "mo": "",
    "o": null,
    "st": "L2J",
    "ml": false
  },
  "76cd47": {
    "i": "76cd47",
    "r": "9V-SJG",
    "it": "A359",
    "y": null,
    "m": null,
    "mo": "",
    "o": null,
    "st": "L2J",
    "ml": false
  },
  "76cd68": {
    "i": "76cd68",
    "r": "9V-SKH",
    "it": "A388",
    "y": null,
    "m": null,
    "mo": "Airbus A380-841",
    "o": null,
    "st": "L4J",
    "ml": false
  },
  "76cd6a": {
    "i": "76cd6a",
    "r": "9V-SKJ",
    "it": "A388",
    "y": null,
    "m": null,
    "mo": "Airbus A380-841",
    "o": null,
    "st": "L4J",
    "ml": false
  },
  "76cd6b": {
    "i": "76cd6b",
    "r": "9V-SKK",
    "it": "A388",
    "y": null,
    "m": null,
    "mo": "Airbus A380-841",
    "o": null,
    "st": "L4J",
    "ml": false
  },
  "76cef2": {
    "i": "76cef2",
    "r": "9V-SWR",
    "it": "B77W",
    "y": null,
    "m": null,
    "mo": "Boeing 777-312",
    "o": null,
    "st": "L2J",
    "ml": false
  },
  "76d02e": {
    "i": "76d02e",
    "r": "9V-TAN",
    "it": "A320",
    "y": null,
    "m": null,
    "mo": "Airbus A320-232",
    "o": null,
    "st": "L2J",
    "ml": false
  },
  "76d243": {
    "i": "76d243",
    "r": "9V-TRC",
    "it": "A320",
    "y": null,
    "m": null,
    "mo": "Airbus A320-232",
    "o": null,
    "st": "L2J",
    "ml": false
  },
  "76d256": {
    "i": "76d256",
    "r": "9V-TRV",
    "it": "A320",
    "y": null,
    "m": null,
    "mo": "Airbus A320-232",
    "o": null,
    "st": "L2J",
    "ml": false
  },
  "76e30c": {
    "i": "76e30c",
    "r": "733",
    "it": "C130",
    "y": null,
    "m": null,
    "mo": "Lockheed C-130H Hercules",
    "o": null,
    "st": "L4T",
    "ml": true
  },
  "76e733": {
    "i": "76e733",
    "r": "9119",
    "it": "PC21",
    "y": null,
    "m": null,
    "mo": "Pilatus PC-21",
    "o": null,
    "st": "L1T",
    "ml": true
  },
  "7608b1": {
    "i": "7608b1",
    "r": "AP-BEQ",
    "it": "A310",
    "y": null,
    "m": null,
    "mo": "Airbus A310 308",
    "o": null,
    "st": "L2J",
    "ml": false
  },
  "760912": {
    "i": "760912",
    "r": "AP-BHR",
    "it": "B105",
    "y": null,
    "m": null,
    "mo": "MBB Bo.105 DBS-4",
    "o": null,
    "st": "H2T",
    "ml": false
  },
  "760a90": {
    "i": "760a90",
    "r": "AP-BTP",
    "it": "A139",
    "y": null,
    "m": null,
    "mo": "AgustaWestland AW.139",
    "o": null,
    "st": "H2T",
    "ml": false
  },
  "762bf4": {
    "i": "762bf4",
    "r": "J-756",
    "it": "GLF4",
    "y": null,
    "m": null,
    "mo": "",
    "o": null,
    "st": "L2J",
    "ml": true
  },
  "766048": {
    "i": "766048",
    "r": "J-758",
    "it": "GLEX",
    "y": null,
    "m": null,
    "mo": "",
    "o": null,
    "st": "L2J",
    "ml": true
  },
  "76b444": {
    "i": "76b444",
    "r": "9V-MBD",
    "it": "B38M",
    "y": null,
    "m": null,
    "mo": "Boeing 737MAX 8",
    "o": null,
    "st": "L2J",
    "ml": false
  },
  "76b869": {
    "i": "76b869",
    "r": "9V-NCI",
    "it": "A21N",
    "y": null,
    "m": null,
    "mo": "",
    "o": null,
    "st": "L2J",
    "ml": false
  },
  "76bccb": {
    "i": "76bccb",
    "r": "9V-OFK",
    "it": "B788",
    "y": null,
    "m": null,
    "mo": "Boeing 787-8",
    "o": null,
    "st": "L2J",
    "ml": false
  },
  "76cc66": {
    "i": "76cc66",
    "r": "9V-SCF",
    "it": "B78X",
    "y": null,
    "m": null,
    "mo": "Boeing 787-10",
    "o": null,
    "st": "L2J",
    "ml": false
  },
  "76cd70": {
    "i": "76cd70",
    "r": "9V-SKP",
    "it": "A388",
    "y": null,
    "m": null,
    "mo": "Airbus A380-841",
    "o": null,
    "st": "L4J",
    "ml": false
  },
  "76cef6": {
    "i": "76cef6",
    "r": "9V-SWV",
    "it": "B77W",
    "y": null,
    "m": null,
    "mo": "Boeing 777-312",
    "o": null,
    "st": "L2J",
    "ml": false
  },
  "760825": {
    "i": "760825",
    "r": "AP-BAE",
    "it": "FU24",
    "y": null,
    "m": null,
    "mo": "Airparts NZ Fletcher FU-24 950",
    "o": null,
    "st": "L1P",
    "ml": false
  },
  "760850": {
    "i": "760850",
    "r": "AP-BBP",
    "it": "C172",
    "y": null,
    "m": null,
    "mo": "Cessna 172P Skyhawk",
    "o": null,
    "st": "L1P",
    "ml": false
  },
  "7609c6": {
    "i": "7609c6",
    "r": "AP-BNF",
    "it": "A332",
    "y": null,
    "m": null,
    "mo": "",
    "o": null,
    "st": "L2J",
    "ml": false
  },
  "760a07": {
    "i": "760a07",
    "r": "AP-BPG",
    "it": "A320",
    "y": null,
    "m": null,
    "mo": "",
    "o": null,
    "st": "L2J",
    "ml": false
  },
  "76b4ed": {
    "i": "76b4ed",
    "r": "9V-MGM",
    "it": "B738",
    "y": null,
    "m": null,
    "mo": "Boeing 737-8SA",
    "o": null,
    "st": "L2J",
    "ml": false
  },
  "76b862": {
    "i": "76b862",
    "r": "9V-NCB",
    "it": "A21N",
    "y": null,
    "m": null,
    "mo": "",
    "o": null,
    "st": "L2J",
    "ml": false
  },
  "76bcc2": {
    "i": "76bcc2",
    "r": "9V-OFB",
    "it": "B788",
    "y": null,
    "m": null,
    "mo": "Boeing 787-8",
    "o": null,
    "st": "L2J",
    "ml": false
  },
  "76bccd": {
    "i": "76bccd",
    "r": "9V-OFM",
    "it": "B788",
    "y": null,
    "m": null,
    "mo": "",
    "o": null,
    "st": "L2J",
    "ml": false
  },
  "76cc7a": {
    "i": "76cc7a",
    "r": "9V-SCZ",
    "it": "B78X",
    "y": null,
    "m": null,
    "mo": "",
    "o": null,
    "st": "L2J",
    "ml": false
  },
  "76cccb": {
    "i": "76cccb",
    "r": "9V-SFK",
    "it": "B744",
    "y": null,
    "m": null,
    "mo": "Boeing 747-412F",
    "o": null,
    "st": "L4J",
    "ml": false
  },
  "76cce4": {
    "i": "76cce4",
    "r": "9V-SGD",
    "it": "A359",
    "y": null,
    "m": null,
    "mo": "Airbus A350-941 ULR",
    "o": null,
    "st": "L2J",
    "ml": false
  },
  "76cd17": {
    "i": "76cd17",
    "r": "9V-SHW",
    "it": "A359",
    "y": null,
    "m": null,
    "mo": "",
    "o": null,
    "st": "L2J",
    "ml": false
  },
  "76cd19": {
    "i": "76cd19",
    "r": "9V-SHY",
    "it": "A359",
    "y": null,
    "m": null,
    "mo": "",
    "o": null,
    "st": "L2J",
    "ml": false
  },
  "76cda9": {
    "i": "76cda9",
    "r": "9V-SMI",
    "it": "A359",
    "y": null,
    "m": null,
    "mo": "Airbus A350-941",
    "o": null,
    "st": "L2J",
    "ml": false
  },
  "76cdc3": {
    "i": "76cdc3",
    "r": "9V-SNC",
    "it": "B77W",
    "y": null,
    "m": null,
    "mo": "Boeing 777-312",
    "o": null,
    "st": "L2J",
    "ml": false
  },
  "76ceea": {
    "i": "76ceea",
    "r": "9V-SWJ",
    "it": "B77W",
    "y": null,
    "m": null,
    "mo": "Boeing 777-312",
    "o": null,
    "st": "L2J",
    "ml": false
  },
  "76d021": {
    "i": "76d021",
    "r": "9V-TAA",
    "it": "A320",
    "y": null,
    "m": null,
    "mo": "",
    "o": null,
    "st": "L2J",
    "ml": false
  },
  "76d24f": {
    "i": "76d24f",
    "r": "9V-TRO",
    "it": "A320",
    "y": null,
    "m": null,
    "mo": "Airbus A320-232",
    "o": null,
    "st": "L2J",
    "ml": false
  },
  "76e30f": {
    "i": "76e30f",
    "r": "760",
    "it": "A332",
    "y": null,
    "m": null,
    "mo": "Airbus A330 243MRTT",
    "o": null,
    "st": "L2J",
    "ml": false
  },
  "76e314": {
    "i": "76e314",
    "r": "765",
    "it": "A332",
    "y": null,
    "m": null,
    "mo": "Airbus A330-243MRTT",
    "o": null,
    "st": "L2J",
    "ml": true
  },
  "76e721": {
    "i": "76e721",
    "r": "9101",
    "it": "PC21",
    "y": null,
    "m": null,
    "mo": "Pilatus PC-21",
    "o": null,
    "st": "L1T",
    "ml": true
  },
  "76e730": {
    "i": "76e730",
    "r": "9116",
    "it": "PC21",
    "y": null,
    "m": null,
    "mo": "Pilatus PC-21",
    "o": null,
    "st": "L1T",
    "ml": true
  },
  "7608eb": {
    "i": "7608eb",
    "r": "AP-BGK",
    "it": "B772",
    "y": null,
    "m": null,
    "mo": "Boeing 777-240",
    "o": null,
    "st": "L2J",
    "ml": false
  },
  "7608f1": {
    "i": "7608f1",
    "r": "AP-BGQ",
    "it": "A310",
    "y": null,
    "m": null,
    "mo": "Airbus A310 324",
    "o": null,
    "st": "L2J",
    "ml": false
  },
  "7609b8": {
    "i": "7609b8",
    "r": "AP-BMX",
    "it": "A320",
    "y": null,
    "m": null,
    "mo": "Airbus A320-214",
    "o": null,
    "st": "L2J",
    "ml": false
  },
  "7609f2": {
    "i": "7609f2",
    "r": "AP-BOR",
    "it": "A320",
    "y": null,
    "m": null,
    "mo": "",
    "o": null,
    "st": "L2J",
    "ml": false
  },
  "76cd0a": {
    "i": "76cd0a",
    "r": "9V-SHJ",
    "it": "A359",
    "y": null,
    "m": null,
    "mo": "Airbus A350-941",
    "o": null,
    "st": "L2J",
    "ml": false
  },
  "76cd0f": {
    "i": "76cd0f",
    "r": "9V-SHO",
    "it": "A359",
    "y": null,
    "m": null,
    "mo": "Airbus A350-941",
    "o": null,
    "st": "L2J",
    "ml": false
  },
  "76cd14": {
    "i": "76cd14",
    "r": "9V-SHT",
    "it": "A359",
    "y": null,
    "m": null,
    "mo": "Airbus A350 941",
    "o": null,
    "st": "L2J",
    "ml": false
  },
  "76cda2": {
    "i": "76cda2",
    "r": "9V-SMB",
    "it": "A359",
    "y": null,
    "m": null,
    "mo": "Airbus A350-941",
    "o": null,
    "st": "L2J",
    "ml": false
  },
  "76e309": {
    "i": "76e309",
    "r": "730",
    "it": "C130",
    "y": null,
    "m": null,
    "mo": "Lockheed C-130H Hercules",
    "o": null,
    "st": "L4T",
    "ml": true
  },
  "76e30e": {
    "i": "76e30e",
    "r": "735",
    "it": "C130",
    "y": null,
    "m": null,
    "mo": "Lockheed KC-130H Hercules",
    "o": null,
    "st": "L4T",
    "ml": true
  },
  "76e72c": {
    "i": "76e72c",
    "r": "9112",
    "it": "PC21",
    "y": null,
    "m": null,
    "mo": "Pilatus PC-21",
    "o": null,
    "st": "L1T",
    "ml": true
  },
  "7609ec": {
    "i": "7609ec",
    "r": "AP-BOL",
    "it": "A320",
    "y": null,
    "m": null,
    "mo": "",
    "o": null,
    "st": "L2J",
    "ml": false
  },
  "761725": {
    "i": "761725",
    "r": "75",
    "it": "C55B",
    "y": null,
    "m": null,
    "mo": "",
    "o": null,
    "st": "L2J",
    "ml": true
  },
  "76402c": {
    "i": "76402c",
    "r": "AP-PAL",
    "it": "BE40",
    "y": null,
    "m": null,
    "mo": "Hawker Beechcraft Corp Hawker 400XP",
    "o": null,
    "st": "L2J",
    "ml": false
  },
  "764102": {
    "i": "764102",
    "r": "V-4102",
    "it": "E50P",
    "y": null,
    "m": null,
    "mo": "",
    "o": null,
    "st": "L2J",
    "ml": true
  },
  "76b446": {
    "i": "76b446",
    "r": "9V-MBF",
    "it": "B38M",
    "y": null,
    "m": null,
    "mo": "Boeing 737MAX 8",
    "o": null,
    "st": "L2J",
    "ml": false
  },
  "76b447": {
    "i": "76b447",
    "r": "9V-MBG",
    "it": "B38M",
    "y": null,
    "m": null,
    "mo": "Boeing 737MAX 8",
    "o": null,
    "st": "L2J",
    "ml": false
  },
  "76b866": {
    "i": "76b866",
    "r": "9V-NCF",
    "it": "A21N",
    "y": null,
    "m": null,
    "mo": "",
    "o": null,
    "st": "L2J",
    "ml": false
  },
  "76bd47": {
    "i": "76bd47",
    "r": "9V-OJG",
    "it": "B789",
    "y": null,
    "m": null,
    "mo": "Boeing 787-9",
    "o": null,
    "st": "L2J",
    "ml": false
  },
  "76bd4a": {
    "i": "76bd4a",
    "r": "9V-OJJ",
    "it": "B789",
    "y": null,
    "m": null,
    "mo": "",
    "o": null,
    "st": "L2J",
    "ml": false
  },
  "76cc6c": {
    "i": "76cc6c",
    "r": "9V-SCL",
    "it": "B78X",
    "y": null,
    "m": null,
    "mo": "",
    "o": null,
    "st": "L2J",
    "ml": false
  },
  "76cc76": {
    "i": "76cc76",
    "r": "9V-SCV",
    "it": "B78X",
    "y": null,
    "m": null,
    "mo": "787-10 Dreamliner",
    "o": null,
    "st": "L2J",
    "ml": false
  },
  "76ccd0": {
    "i": "76ccd0",
    "r": "9V-SFP",
    "it": "B744",
    "y": null,
    "m": null,
    "mo": "Boeing 747-412F",
    "o": null,
    "st": "L4J",
    "ml": false
  },
  "76cce2": {
    "i": "76cce2",
    "r": "9V-SGB",
    "it": "A359",
    "y": null,
    "m": null,
    "mo": "Airbus A350-941 ULR",
    "o": null,
    "st": "L2J",
    "ml": false
  },
  "76cd01": {
    "i": "76cd01",
    "r": "9V-SHA",
    "it": "A359",
    "y": null,
    "m": null,
    "mo": "Airbus A350-941",
    "o": null,
    "st": "L2J",
    "ml": false
  },
  "76cdba": {
    "i": "76cdba",
    "r": "9V-SMZ",
    "it": "A359",
    "y": null,
    "m": null,
    "mo": "Airbus A350-941",
    "o": null,
    "st": "L2J",
    "ml": false
  },
  "76cee7": {
    "i": "76cee7",
    "r": "9V-SWG",
    "it": "B77W",
    "y": null,
    "m": null,
    "mo": "Boeing 777-312",
    "o": null,
    "st": "L2J",
    "ml": false
  },
  "76e306": {
    "i": "76e306",
    "r": "721",
    "it": "C130",
    "y": null,
    "m": null,
    "mo": "Lockheed KC-130B Hercules",
    "o": null,
    "st": "L4T",
    "ml": true
  },
  "76e4ca": {
    "i": "76e4ca",
    "r": "9V-YFJ",
    "it": "DA40",
    "y": null,
    "m": null,
    "mo": "Diamond Aircraft Diamond Star DA40",
    "o": null,
    "st": "L1P",
    "ml": false
  },
  "760978": {
    "i": "760978",
    "r": "AP-BKX",
    "it": "AT75",
    "y": null,
    "m": null,
    "mo": "Avions de Transport Regional ATR 72 500",
    "o": null,
    "st": "L2T",
    "ml": false
  },
  "760988": {
    "i": "760988",
    "r": "AP-BLH",
    "it": "A320",
    "y": null,
    "m": null,
    "mo": "Airbus A320 232",
    "o": null,
    "st": "L2J",
    "ml": false
  },
  "76cd0d": {
    "i": "76cd0d",
    "r": "9V-SHM",
    "it": "A359",
    "y": null,
    "m": null,
    "mo": "Airbus A350-941",
    "o": null,
    "st": "L2J",
    "ml": false
  },
  "76cd16": {
    "i": "76cd16",
    "r": "9V-SHV",
    "it": "A359",
    "y": null,
    "m": null,
    "mo": "Airbus A350 941",
    "o": null,
    "st": "L2J",
    "ml": false
  },
  "76cd49": {
    "i": "76cd49",
    "r": "9V-SJI",
    "it": "A359",
    "y": null,
    "m": null,
    "mo": "A350-941",
    "o": null,
    "st": "L2J",
    "ml": false
  },
  "76cdc2": {
    "i": "76cdc2",
    "r": "9V-SNB",
    "it": "B77W",
    "y": null,
    "m": null,
    "mo": "Boeing 777-312",
    "o": null,
    "st": "L2J",
    "ml": false
  },
  "76cee4": {
    "i": "76cee4",
    "r": "9V-SWD",
    "it": "B77W",
    "y": null,
    "m": null,
    "mo": "Boeing 777-312",
    "o": null,
    "st": "L2J",
    "ml": false
  },
  "76cee5": {
    "i": "76cee5",
    "r": "9V-SWE",
    "it": "B77W",
    "y": null,
    "m": null,
    "mo": "Boeing 777-312",
    "o": null,
    "st": "L2J",
    "ml": false
  },
  "76d249": {
    "i": "76d249",
    "r": "9V-TRI",
    "it": "A320",
    "y": null,
    "m": null,
    "mo": "Airbus A320-232",
    "o": null,
    "st": "L2J",
    "ml": false
  },
  "760916": {
    "i": "760916",
    "r": "AP-BHV",
    "it": "B77W",
    "y": null,
    "m": null,
    "mo": "Boeing 777-340",
    "o": null,
    "st": "L2J",
    "ml": false
  },
  "761052": {
    "i": "761052",
    "r": "4178",
    "it": "C130",
    "y": null,
    "m": null,
    "mo": "Lockheed C-130E Hercules",
    "o": null,
    "st": "L4T",
    "ml": true
  },
  "7624e3": {
    "i": "7624e3",
    "r": "AP-IGC",
    "it": "CL60",
    "y": null,
    "m": null,
    "mo": "Canadair Challenger",
    "o": null,
    "st": "L2J",
    "ml": false
  },
  "76aa78": {
    "i": "76aa78",
    "r": "9V-JSX",
    "it": "A320",
    "y": null,
    "m": null,
    "mo": "",
    "o": null,
    "st": "L2J",
    "ml": false
  },
  "76b442": {
    "i": "76b442",
    "r": "9V-MBB",
    "it": "B38M",
    "y": null,
    "m": null,
    "mo": "Boeing 737-8MAX",
    "o": null,
    "st": "L2J",
    "ml": false
  },
  "76b863": {
    "i": "76b863",
    "r": "9V-NCC",
    "it": "A21N",
    "y": null,
    "m": null,
    "mo": "",
    "o": null,
    "st": "L2J",
    "ml": false
  },
  "76bcc4": {
    "i": "76bcc4",
    "r": "9V-OFD",
    "it": "B788",
    "y": null,
    "m": null,
    "mo": "Boeing 787-8",
    "o": null,
    "st": "L2J",
    "ml": false
  },
  "76bccc": {
    "i": "76bccc",
    "r": "9V-OFL",
    "it": "B788",
    "y": null,
    "m": null,
    "mo": "",
    "o": null,
    "st": "L2J",
    "ml": false
  },
  "76bd43": {
    "i": "76bd43",
    "r": "9V-OJC",
    "it": "B789",
    "y": null,
    "m": null,
    "mo": "Boeing 787-9",
    "o": null,
    "st": "L2J",
    "ml": false
  },
  "76bd48": {
    "i": "76bd48",
    "r": "9V-OJH",
    "it": "B789",
    "y": null,
    "m": null,
    "mo": "Boeing 787-9",
    "o": null,
    "st": "L2J",
    "ml": false
  },
  "76cc69": {
    "i": "76cc69",
    "r": "9V-SCI",
    "it": "B78X",
    "y": null,
    "m": null,
    "mo": "Boeing 787-10",
    "o": null,
    "st": "L2J",
    "ml": false
  },
  "76cd09": {
    "i": "76cd09",
    "r": "9V-SHI",
    "it": "A359",
    "y": null,
    "m": null,
    "mo": "Airbus A350-941",
    "o": null,
    "st": "L2J",
    "ml": false
  },
  "76cd13": {
    "i": "76cd13",
    "r": "9V-SHS",
    "it": "A359",
    "y": null,
    "m": null,
    "mo": "Airbus A350 941",
    "o": null,
    "st": "L2J",
    "ml": false
  },
  "76e4cb": {
    "i": "76e4cb",
    "r": "9V-YFK",
    "it": "DA40",
    "y": null,
    "m": null,
    "mo": "Diamond Aircraft Diamond Star DA40",
    "o": null,
    "st": "L1P",
    "ml": false
  },
  "7609e1": {
    "i": "7609e1",
    "r": "AP-BOA",
    "it": "A320",
    "y": null,
    "m": null,
    "mo": "Airbus A320 232",
    "o": null,
    "st": "L2J",
    "ml": false
  },
  "762275": {
    "i": "762275",
    "r": "AP-HSU",
    "it": "CL60",
    "y": null,
    "m": null,
    "mo": "",
    "o": null,
    "st": "L2J",
    "ml": false
  },
  "763b2c": {
    "i": "763b2c",
    "r": "79",
    "it": "AT75",
    "y": null,
    "m": null,
    "mo": "ATR 72-500MPA (72-212A)",
    "o": null,
    "st": "L2T",
    "ml": true
  },
  "76b443": {
    "i": "76b443",
    "r": "9V-MBC",
    "it": "B38M",
    "y": null,
    "m": null,
    "mo": "Boeing 737-8MAX",
    "o": null,
    "st": "L2J",
    "ml": false
  },
  "76cd44": {
    "i": "76cd44",
    "r": "9V-SJD",
    "it": "A359",
    "y": null,
    "m": null,
    "mo": "",
    "o": null,
    "st": "L2J",
    "ml": false
  },
  "76cd62": {
    "i": "76cd62",
    "r": "9V-SKB",
    "it": "A388",
    "y": null,
    "m": null,
    "mo": "Airbus A380 841",
    "o": null,
    "st": "L4J",
    "ml": false
  },
  "76cd64": {
    "i": "76cd64",
    "r": "9V-SKD",
    "it": "A388",
    "y": null,
    "m": null,
    "mo": "Airbus A380 841",
    "o": null,
    "st": "L4J",
    "ml": false
  },
  "76cd75": {
    "i": "76cd75",
    "r": "9V-SKU",
    "it": "A388",
    "y": null,
    "m": null,
    "mo": "Airbus A380-841",
    "o": null,
    "st": "L4J",
    "ml": false
  },
  "76cdc1": {
    "i": "76cdc1",
    "r": "9V-SNA",
    "it": "B77W",
    "y": null,
    "m": null,
    "mo": "Boeing 777-312",
    "o": null,
    "st": "L2J",
    "ml": false
  },
  "76cef5": {
    "i": "76cef5",
    "r": "9V-SWU",
    "it": "B77W",
    "y": null,
    "m": null,
    "mo": "Boeing 777-312",
    "o": null,
    "st": "L2J",
    "ml": false
  },
  "76e310": {
    "i": "76e310",
    "r": "761",
    "it": "A332",
    "y": null,
    "m": null,
    "mo": "Airbus A330 243MRTT",
    "o": null,
    "st": "L2J",
    "ml": true
  },
  "76e72b": {
    "i": "76e72b",
    "r": "9111",
    "it": "PC21",
    "y": null,
    "m": null,
    "mo": "Pilatus PC-21",
    "o": null,
    "st": "L1T",
    "ml": true
  },
  "76092c": {
    "i": "76092c",
    "r": "AP-BIL",
    "it": "MI8",
    "y": null,
    "m": null,
    "mo": "Mil Mi-171 E",
    "o": null,
    "st": "H2T",
    "ml": false
  },
  "760997": {
    "i": "760997",
    "r": "AP-BLW",
    "it": "A320",
    "y": null,
    "m": null,
    "mo": "Airbus A320-214",
    "o": null,
    "st": "L2J",
    "ml": false
  },
  "7609ad": {
    "i": "7609ad",
    "r": "AP-BMM",
    "it": "A321",
    "y": null,
    "m": null,
    "mo": "Airbus A321-211",
    "o": null,
    "st": "L2J",
    "ml": false
  },
  "7609b4": {
    "i": "7609b4",
    "r": "AP-BMT",
    "it": "B733",
    "y": null,
    "m": null,
    "mo": "Boeing 737-3B3",
    "o": null,
    "st": "L2J",
    "ml": false
  },
  "76209a": {
    "i": "76209a",
    "r": "R09-001",
    "it": "IL76",
    "y": null,
    "m": null,
    "mo": "",
    "o": null,
    "st": "L4J",
    "ml": true
  },
  "76aa6c": {
    "i": "76aa6c",
    "r": "9V-JSL",
    "it": "A320",
    "y": null,
    "m": null,
    "mo": "Airbus A320-232",
    "o": null,
    "st": "L2J",
    "ml": false
  },
  "76bcc7": {
    "i": "76bcc7",
    "r": "9V-OFG",
    "it": "B788",
    "y": null,
    "m": null,
    "mo": "Boeing 787-8",
    "o": null,
    "st": "L2J",
    "ml": false
  },
  "76bd49": {
    "i": "76bd49",
    "r": "9V-OJI",
    "it": "B789",
    "y": null,
    "m": null,
    "mo": "Boeing 787-9",
    "o": null,
    "st": "L2J",
    "ml": false
  },
  "76cd61": {
    "i": "76cd61",
    "r": "9V-SKA",
    "it": "A388",
    "y": null,
    "m": null,
    "mo": "Airbus A380 841",
    "o": null,
    "st": "L4J",
    "ml": false
  },
  "76cd69": {
    "i": "76cd69",
    "r": "9V-SKI",
    "it": "A388",
    "y": null,
    "m": null,
    "mo": "Airbus A380-841",
    "o": null,
    "st": "L4J",
    "ml": false
  },
  "76cdaa": {
    "i": "76cdaa",
    "r": "9V-SMJ",
    "it": "A359",
    "y": null,
    "m": null,
    "mo": "Airbus A350-941",
    "o": null,
    "st": "L2J",
    "ml": false
  },
  "76d1c6": {
    "i": "76d1c6",
    "r": "9V-TNF",
    "it": "A20N",
    "y": null,
    "m": null,
    "mo": "",
    "o": null,
    "st": "L2J",
    "ml": false
  },
  "76e4c3": {
    "i": "76e4c3",
    "r": "9V-YFC",
    "it": "DA40",
    "y": null,
    "m": null,
    "mo": "Diamond Aircraft Diamond Star DA40",
    "o": null,
    "st": "L1P",
    "ml": false
  },
  "76e732": {
    "i": "76e732",
    "r": "9118",
    "it": "PC21",
    "y": null,
    "m": null,
    "mo": "Pilatus PC-21",
    "o": null,
    "st": "L1T",
    "ml": true
  },
  "7609d5": {
    "i": "7609d5",
    "r": "AP-BNU",
    "it": "A320",
    "y": null,
    "m": null,
    "mo": "Airbus A320-214",
    "o": null,
    "st": "L2J",
    "ml": false
  },
  "76b441": {
    "i": "76b441",
    "r": "9V-MBA",
    "it": "B38M",
    "y": null,
    "m": null,
    "mo": "Boeing 737MAX 8",
    "o": null,
    "st": "L2J",
    "ml": false
  },
  "76b4ec": {
    "i": "76b4ec",
    "r": "9V-MGL",
    "it": "B738",
    "y": null,
    "m": null,
    "mo": "Boeing 737-8SA",
    "o": null,
    "st": "L2J",
    "ml": false
  },
  "76cc72": {
    "i": "76cc72",
    "r": "9V-SCR",
    "it": "B78X",
    "y": null,
    "m": null,
    "mo": "",
    "o": null,
    "st": "L2J",
    "ml": false
  },
  "76cc73": {
    "i": "76cc73",
    "r": "9V-SCS",
    "it": "B78X",
    "y": null,
    "m": null,
    "mo": "",
    "o": null,
    "st": "L2J",
    "ml": false
  },
  "76cc74": {
    "i": "76cc74",
    "r": "9V-SCT",
    "it": "B78X",
    "y": null,
    "m": null,
    "mo": "",
    "o": null,
    "st": "L2J",
    "ml": false
  },
  "76cd06": {
    "i": "76cd06",
    "r": "9V-SHF",
    "it": "A359",
    "y": null,
    "m": null,
    "mo": "Airbus A350-941",
    "o": null,
    "st": "L2J",
    "ml": false
  },
  "76cdae": {
    "i": "76cdae",
    "r": "9V-SMN",
    "it": "A359",
    "y": null,
    "m": null,
    "mo": "Airbus A350-941",
    "o": null,
    "st": "L2J",
    "ml": false
  },
  "76cdaf": {
    "i": "76cdaf",
    "r": "9V-SMO",
    "it": "A359",
    "y": null,
    "m": null,
    "mo": "",
    "o": null,
    "st": "L2J",
    "ml": false
  },
  "76d1c1": {
    "i": "76d1c1",
    "r": "9V-TNA",
    "it": "A20N",
    "y": null,
    "m": null,
    "mo": "Airbus A320-271N",
    "o": null,
    "st": "L2J",
    "ml": false
  },
  "76d242": {
    "i": "76d242",
    "r": "9V-TRB",
    "it": "A319",
    "y": null,
    "m": null,
    "mo": "Airbus A319 132",
    "o": null,
    "st": "L2J",
    "ml": false
  },
  "76d253": {
    "i": "76d253",
    "r": "9V-TRS",
    "it": "A320",
    "y": null,
    "m": null,
    "mo": "Airbus A320-232",
    "o": null,
    "st": "L2J",
    "ml": false
  },
  "7608e4": {
    "i": "7608e4",
    "r": "AP-BGD",
    "it": "C82R",
    "y": null,
    "m": null,
    "mo": "Cessna R182 Skylane RG",
    "o": null,
    "st": "L1P",
    "ml": false
  },
  "760911": {
    "i": "760911",
    "r": "AP-BHQ",
    "it": "BE40",
    "y": null,
    "m": null,
    "mo": "Raytheon Aircraft Company 400 XP",
    "o": null,
    "st": "L2J",
    "ml": false
  },
  "760993": {
    "i": "760993",
    "r": "AP-BLS",
    "it": "A320",
    "y": null,
    "m": null,
    "mo": "Airbus A320-214",
    "o": null,
    "st": "L2J",
    "ml": false
  },
  "7609c7": {
    "i": "7609c7",
    "r": "AP-BNG",
    "it": "A332",
    "y": null,
    "m": null,
    "mo": "",
    "o": null,
    "st": "L2J",
    "ml": false
  },
  "7609d6": {
    "i": "7609d6",
    "r": "AP-BNV",
    "it": "A320",
    "y": null,
    "m": null,
    "mo": "Airbus A320-214",
    "o": null,
    "st": "L2J",
    "ml": false
  },
  "7609e3": {
    "i": "7609e3",
    "r": "AP-BOC",
    "it": "A320",
    "y": null,
    "m": null,
    "mo": "",
    "o": null,
    "st": "L2J",
    "ml": false
  },
  "7609e4": {
    "i": "7609e4",
    "r": "AP-BOD",
    "it": "A21N",
    "y": null,
    "m": null,
    "mo": "",
    "o": null,
    "st": "L2J",
    "ml": false
  },
  "761030": {
    "i": "761030",
    "r": "64144",
    "it": "C130",
    "y": null,
    "m": null,
    "mo": "Lockheed L-100 Hercules",
    "o": null,
    "st": "L4T",
    "ml": true
  },
  "761051": {
    "i": "761051",
    "r": "4177",
    "it": "C130",
    "y": null,
    "m": null,
    "mo": "Lockheed C-130E Hercules",
    "o": null,
    "st": "L4T",
    "ml": true
  },
  "76cd03": {
    "i": "76cd03",
    "r": "9V-SHC",
    "it": "A359",
    "y": null,
    "m": null,
    "mo": "Airbus A350-941",
    "o": null,
    "st": "L2J",
    "ml": false
  },
  "76cd73": {
    "i": "76cd73",
    "r": "9V-SKS",
    "it": "A388",
    "y": null,
    "m": null,
    "mo": "Airbus A380-841",
    "o": null,
    "st": "L4J",
    "ml": false
  },
  "76cd77": {
    "i": "76cd77",
    "r": "9V-SKW",
    "it": "A388",
    "y": null,
    "m": null,
    "mo": "Airbus A380-841",
    "o": null,
    "st": "L4J",
    "ml": false
  },
  "76d1c4": {
    "i": "76d1c4",
    "r": "9V-TND",
    "it": "A20N",
    "y": null,
    "m": null,
    "mo": "Airbus A320-271N",
    "o": null,
    "st": "L2J",
    "ml": false
  },
  "76e726": {
    "i": "76e726",
    "r": "9106",
    "it": "PC21",
    "y": null,
    "m": null,
    "mo": "Pilatus PC-21",
    "o": null,
    "st": "L1T",
    "ml": true
  },
  "76090f": {
    "i": "76090f",
    "r": "AP-BHO",
    "it": "AT45",
    "y": null,
    "m": null,
    "mo": "Avions de Transport Regional ATR 42 500",
    "o": null,
    "st": "L2T",
    "ml": false
  },
  "76091a": {
    "i": "76091a",
    "r": "AP-BHZ",
    "it": "F27",
    "y": null,
    "m": null,
    "mo": "Fokker F27 500",
    "o": null,
    "st": "L2T",
    "ml": false
  },
  "7609c1": {
    "i": "7609c1",
    "r": "AP-BNA",
    "it": "B738",
    "y": null,
    "m": null,
    "mo": "Boeing 737-800",
    "o": null,
    "st": "L2J",
    "ml": false
  },
  "761488": {
    "i": "761488",
    "r": "AP-EDH",
    "it": "A320",
    "y": null,
    "m": null,
    "mo": "Airbus A320-214",
    "o": null,
    "st": "L2J",
    "ml": false
  },
  "764103": {
    "i": "764103",
    "r": "V-4103",
    "it": "E50P",
    "y": null,
    "m": null,
    "mo": "",
    "o": null,
    "st": "L2J",
    "ml": true
  },
  "7654b0": {
    "i": "7654b0",
    "r": "AP-UEP",
    "it": "DHC6",
    "y": null,
    "m": null,
    "mo": "Viking Air DHC-6 Twin Otter 400",
    "o": null,
    "st": "L2T",
    "ml": false
  },
  "769102": {
    "i": "769102",
    "r": "9V-DHB",
    "it": "B77L",
    "y": null,
    "m": null,
    "mo": "",
    "o": null,
    "st": "L2J",
    "ml": false
  },
  "76b4e6": {
    "i": "76b4e6",
    "r": "9V-MGF",
    "it": "B738",
    "y": null,
    "m": null,
    "mo": "Boeing 737-8SA",
    "o": null,
    "st": "L2J",
    "ml": false
  },
  "76b868": {
    "i": "76b868",
    "r": "9V-NCH",
    "it": "A21N",
    "y": null,
    "m": null,
    "mo": "",
    "o": null,
    "st": "L2J",
    "ml": false
  },
  "76bd41": {
    "i": "76bd41",
    "r": "9V-OJA",
    "it": "B789",
    "y": null,
    "m": null,
    "mo": "Boeing 787-9",
    "o": null,
    "st": "L2J",
    "ml": false
  },
  "76bd45": {
    "i": "76bd45",
    "r": "9V-OJE",
    "it": "B789",
    "y": null,
    "m": null,
    "mo": "Boeing 787-9",
    "o": null,
    "st": "L2J",
    "ml": false
  },
  "76cc6e": {
    "i": "76cc6e",
    "r": "9V-SCN",
    "it": "B78X",
    "y": null,
    "m": null,
    "mo": "Boeing 787-10",
    "o": null,
    "st": "L2J",
    "ml": false
  },
  "76cd6e": {
    "i": "76cd6e",
    "r": "9V-SKN",
    "it": "A388",
    "y": null,
    "m": null,
    "mo": "Airbus A380-841",
    "o": null,
    "st": "L4J",
    "ml": false
  },
  "76cdb9": {
    "i": "76cdb9",
    "r": "9V-SMY",
    "it": "A359",
    "y": null,
    "m": null,
    "mo": "Airbus A350-941",
    "o": null,
    "st": "L2J",
    "ml": false
  },
  "76ceeb": {
    "i": "76ceeb",
    "r": "9V-SWK",
    "it": "B77W",
    "y": null,
    "m": null,
    "mo": "Boeing 777-312",
    "o": null,
    "st": "L2J",
    "ml": false
  },
  "76e30b": {
    "i": "76e30b",
    "r": "732",
    "it": "C130",
    "y": null,
    "m": null,
    "mo": "Lockheed C-130H Hercules",
    "o": null,
    "st": "L4T",
    "ml": true
  },
  "76e725": {
    "i": "76e725",
    "r": "9105",
    "it": "PC21",
    "y": null,
    "m": null,
    "mo": "Pilatus PC-21",
    "o": null,
    "st": "L1T",
    "ml": true
  },
  "760981": {
    "i": "760981",
    "r": "AP-BLA",
    "it": "A320",
    "y": null,
    "m": null,
    "mo": "Airbus A320-214",
    "o": null,
    "st": "L2J",
    "ml": false
  },
  "7609b5": {
    "i": "7609b5",
    "r": "AP-BMU",
    "it": "B733",
    "y": null,
    "m": null,
    "mo": "Boeing 737-3B3",
    "o": null,
    "st": "L2J",
    "ml": false
  },
  "7609ef": {
    "i": "7609ef",
    "r": "AP-BOO",
    "it": "A320",
    "y": null,
    "m": null,
    "mo": "",
    "o": null,
    "st": "L2J",
    "ml": false
  },
  "760c21": {
    "i": "760c21",
    "r": "AP-CAA",
    "it": "BE20",
    "y": null,
    "m": null,
    "mo": "Beech King Air B200",
    "o": null,
    "st": "L2T",
    "ml": false
  },
  "761047": {
    "i": "761047",
    "r": "4270",
    "it": "GLF4",
    "y": null,
    "m": null,
    "mo": "Gulfstream Aerospace G450",
    "o": null,
    "st": "L2J",
    "ml": true
  },
  "76b4e5": {
    "i": "76b4e5",
    "r": "9V-MGE",
    "it": "B738",
    "y": null,
    "m": null,
    "mo": "Boeing 737-8SA",
    "o": null,
    "st": "L2J",
    "ml": false
  },
  "76cc63": {
    "i": "76cc63",
    "r": "9V-SCC",
    "it": "B78X",
    "y": null,
    "m": null,
    "mo": "Boeing 787-10",
    "o": null,
    "st": "L2J",
    "ml": false
  },
  "76cc6b": {
    "i": "76cc6b",
    "r": "9V-SCK",
    "it": "B78X",
    "y": null,
    "m": null,
    "mo": "Boeing 787-10",
    "o": null,
    "st": "L2J",
    "ml": false
  },
  "76cc6d": {
    "i": "76cc6d",
    "r": "9V-SCM",
    "it": "B78X",
    "y": null,
    "m": null,
    "mo": "Boeing 787-10",
    "o": null,
    "st": "L2J",
    "ml": false
  },
  "76cd67": {
    "i": "76cd67",
    "r": "9V-SKG",
    "it": "A388",
    "y": null,
    "m": null,
    "mo": "Airbus A380-841",
    "o": null,
    "st": "L4J",
    "ml": false
  },
  "76cdb6": {
    "i": "76cdb6",
    "r": "9V-SMV",
    "it": "A359",
    "y": null,
    "m": null,
    "mo": "Airbus A350-941",
    "o": null,
    "st": "L2J",
    "ml": false
  },
  "76e303": {
    "i": "76e303",
    "r": "017",
    "it": "GLF5",
    "y": null,
    "m": null,
    "mo": "Gulfstream Aerospace G550 CAEW",
    "o": null,
    "st": "L2J",
    "ml": false
  },
  "7608cb": {
    "i": "7608cb",
    "r": "AP-BFK",
    "it": "F406",
    "y": null,
    "m": null,
    "mo": "Reims-Cessna F406 Caravan II",
    "o": null,
    "st": "L2T",
    "ml": false
  },
  "760910": {
    "i": "760910",
    "r": "AP-BHP",
    "it": "AT45",
    "y": null,
    "m": null,
    "mo": "Avions de Transport Regional ATR 42 500",
    "o": null,
    "st": "L2T",
    "ml": false
  },
  "76105d": {
    "i": "76105d",
    "r": "4189",
    "it": "C130",
    "y": null,
    "m": null,
    "mo": "Lockheed C-130E Hercules",
    "o": null,
    "st": "L4T",
    "ml": true
  },
  "764841": {
    "i": "764841",
    "r": "AP-RBA",
    "it": "BE40",
    "y": null,
    "m": null,
    "mo": "Hawker Beechcraft Corp Hawker 400XP",
    "o": null,
    "st": "L2J",
    "ml": false
  },
  "76aa66": {
    "i": "76aa66",
    "r": "9V-JSF",
    "it": "A320",
    "y": null,
    "m": null,
    "mo": "Airbus A320 232",
    "o": null,
    "st": "L2J",
    "ml": false
  },
  "76aa75": {
    "i": "76aa75",
    "r": "9V-JSU",
    "it": "A320",
    "y": null,
    "m": null,
    "mo": "Airbus A320 232SL",
    "o": null,
    "st": "L2J",
    "ml": false
  },
  "76aa79": {
    "i": "76aa79",
    "r": "9V-JSY",
    "it": "A320",
    "y": null,
    "m": null,
    "mo": "",
    "o": null,
    "st": "L2J",
    "ml": false
  },
  "76b865": {
    "i": "76b865",
    "r": "9V-NCE",
    "it": "A21N",
    "y": null,
    "m": null,
    "mo": "",
    "o": null,
    "st": "L2J",
    "ml": false
  },
  "76cdad": {
    "i": "76cdad",
    "r": "9V-SMM",
    "it": "A359",
    "y": null,
    "m": null,
    "mo": "Airbus A350-941",
    "o": null,
    "st": "L2J",
    "ml": false
  },
  "76d1c3": {
    "i": "76d1c3",
    "r": "9V-TNC",
    "it": "A20N",
    "y": null,
    "m": null,
    "mo": "Airbus A320-271N",
    "o": null,
    "st": "L2J",
    "ml": false
  },
  "76e4cf": {
    "i": "76e4cf",
    "r": "9V-YFO",
    "it": "DA40",
    "y": null,
    "m": null,
    "mo": "Diamond Aircraft Diamond Star DA40",
    "o": null,
    "st": "L1P",
    "ml": false
  },
  "760979": {
    "i": "760979",
    "r": "AP-BKY",
    "it": "AT75",
    "y": null,
    "m": null,
    "mo": "Avions de Transport Regional ATR 72 500",
    "o": null,
    "st": "L2T",
    "ml": false
  },
  "7609c3": {
    "i": "7609c3",
    "r": "AP-BNC",
    "it": "B738",
    "y": null,
    "m": null,
    "mo": "Boeing 737-8GJ",
    "o": null,
    "st": "L2J",
    "ml": false
  },
  "7609ee": {
    "i": "7609ee",
    "r": "AP-BON",
    "it": "A320",
    "y": null,
    "m": null,
    "mo": "Airbus A320-214",
    "o": null,
    "st": "L2J",
    "ml": false
  },
  "7609f0": {
    "i": "7609f0",
    "r": "AP-BOP",
    "it": "A320",
    "y": null,
    "m": null,
    "mo": "",
    "o": null,
    "st": "L2J",
    "ml": false
  },
  "76104b": {
    "i": "76104b",
    "r": "4171",
    "it": "C130",
    "y": null,
    "m": null,
    "mo": "Lockheed C-130E Hercules",
    "o": null,
    "st": "L4T",
    "ml": true
  },
  "761487": {
    "i": "761487",
    "r": "AP-EDG",
    "it": "A320",
    "y": null,
    "m": null,
    "mo": "Airbus A320-214",
    "o": null,
    "st": "L2J",
    "ml": false
  },
  "764185": {
    "i": "764185",
    "r": "AP-PLE",
    "it": "BE20",
    "y": null,
    "m": null,
    "mo": "Raytheon Aircraft Company King Air B200",
    "o": null,
    "st": "L2T",
    "ml": false
  },
  "76aa6d": {
    "i": "76aa6d",
    "r": "9V-JSM",
    "it": "A320",
    "y": null,
    "m": null,
    "mo": "Airbus A320-232",
    "o": null,
    "st": "L2J",
    "ml": false
  },
  "76b4ea": {
    "i": "76b4ea",
    "r": "9V-MGJ",
    "it": "B738",
    "y": null,
    "m": null,
    "mo": "Boeing 737-8SA",
    "o": null,
    "st": "L2J",
    "ml": false
  },
  "76ccc9": {
    "i": "76ccc9",
    "r": "9V-SFI",
    "it": "B744",
    "y": null,
    "m": null,
    "mo": "Boeing 747-412F",
    "o": null,
    "st": "L4J",
    "ml": false
  },
  "76cccc": {
    "i": "76cccc",
    "r": "9V-SFL",
    "it": "B744",
    "y": null,
    "m": null,
    "mo": "Boeing 747 412F",
    "o": null,
    "st": "L4J",
    "ml": false
  },
  "76cd11": {
    "i": "76cd11",
    "r": "9V-SHQ",
    "it": "A359",
    "y": null,
    "m": null,
    "mo": "Airbus A350 941",
    "o": null,
    "st": "L2J",
    "ml": false
  },
  "76cd6c": {
    "i": "76cd6c",
    "r": "9V-SKL",
    "it": "A388",
    "y": null,
    "m": null,
    "mo": "Airbus A380-841",
    "o": null,
    "st": "L4J",
    "ml": false
  },
  "76cda8": {
    "i": "76cda8",
    "r": "9V-SMH",
    "it": "A359",
    "y": null,
    "m": null,
    "mo": "Airbus A350-941",
    "o": null,
    "st": "L2J",
    "ml": false
  },
  "76cdb1": {
    "i": "76cdb1",
    "r": "9V-SMQ",
    "it": "A359",
    "y": null,
    "m": null,
    "mo": "Airbus A350-941",
    "o": null,
    "st": "L2J",
    "ml": false
  },
  "76d101": {
    "i": "76d101",
    "r": "9V-THA",
    "it": "E295",
    "y": null,
    "m": null,
    "mo": "",
    "o": null,
    "st": "L2J",
    "ml": false
  },
  "76e312": {
    "i": "76e312",
    "r": "763",
    "it": "A332",
    "y": null,
    "m": null,
    "mo": "Airbus A330-243MRTT",
    "o": null,
    "st": "L2J",
    "ml": true
  },
  "76e4c9": {
    "i": "76e4c9",
    "r": "9V-YFI",
    "it": "DA40",
    "y": null,
    "m": null,
    "mo": "Diamond Aircraft Diamond Star DA40",
    "o": null,
    "st": "L1P",
    "ml": false
  },
  "76e724": {
    "i": "76e724",
    "r": "9104",
    "it": "PC21",
    "y": null,
    "m": null,
    "mo": "Pilatus PC-21",
    "o": null,
    "st": "L1T",
    "ml": true
  },
  "760899": {
    "i": "760899",
    "r": "AP-BDY",
    "it": "C72R",
    "y": null,
    "m": null,
    "mo": "Cessna 172RG Cutlass RG",
    "o": null,
    "st": "L1P",
    "ml": false
  },
  "760994": {
    "i": "760994",
    "r": "AP-BLT",
    "it": "A320",
    "y": null,
    "m": null,
    "mo": "Airbus A320 214",
    "o": null,
    "st": "L2J",
    "ml": false
  },
  "7609b7": {
    "i": "7609b7",
    "r": "AP-BMW",
    "it": "A321",
    "y": null,
    "m": null,
    "mo": "Airbus A321-211",
    "o": null,
    "st": "L2J",
    "ml": false
  },
  "7609c5": {
    "i": "7609c5",
    "r": "AP-BNE",
    "it": "A332",
    "y": null,
    "m": null,
    "mo": "Airbus A330-202",
    "o": null,
    "st": "L2J",
    "ml": false
  },
  "7609da": {
    "i": "7609da",
    "r": "AP-BNZ",
    "it": "B733",
    "y": null,
    "m": null,
    "mo": "Boeing 737-3H4",
    "o": null,
    "st": "L2J",
    "ml": false
  },
  "7609eb": {
    "i": "7609eb",
    "r": "AP-BOK",
    "it": "A320",
    "y": null,
    "m": null,
    "mo": "",
    "o": null,
    "st": "L2J",
    "ml": false
  },
  "7618cc": {
    "i": "7618cc",
    "r": "AP-FFL",
    "it": "CL60",
    "y": null,
    "m": null,
    "mo": "Canadair Challenger",
    "o": null,
    "st": "L2J",
    "ml": false
  },
  "764101": {
    "i": "764101",
    "r": "V-4101",
    "it": "E50P",
    "y": null,
    "m": null,
    "mo": "",
    "o": null,
    "st": "L2J",
    "ml": true
  },
  "76aa6f": {
    "i": "76aa6f",
    "r": "9V-JSO",
    "it": "A320",
    "y": null,
    "m": null,
    "mo": "Airbus A320-232",
    "o": null,
    "st": "L2J",
    "ml": false
  },
  "76bcc1": {
    "i": "76bcc1",
    "r": "9V-OFA",
    "it": "B788",
    "y": null,
    "m": null,
    "mo": "Boeing 787-8",
    "o": null,
    "st": "L2J",
    "ml": false
  },
  "76bd42": {
    "i": "76bd42",
    "r": "9V-OJB",
    "it": "B789",
    "y": null,
    "m": null,
    "mo": "Boeing 787-9",
    "o": null,
    "st": "L2J",
    "ml": false
  },
  "76cc71": {
    "i": "76cc71",
    "r": "9V-SCQ",
    "it": "B78X",
    "y": null,
    "m": null,
    "mo": "Boeing 787 10",
    "o": null,
    "st": "L2J",
    "ml": false
  },
  "76d031": {
    "i": "76d031",
    "r": "9V-TAQ",
    "it": "A320",
    "y": null,
    "m": null,
    "mo": "Airbus A320-232",
    "o": null,
    "st": "L2J",
    "ml": false
  },
  "760996": {
    "i": "760996",
    "r": "AP-BLV",
    "it": "A320",
    "y": null,
    "m": null,
    "mo": "Airbus A320-214",
    "o": null,
    "st": "L2J",
    "ml": false
  },
  "760999": {
    "i": "760999",
    "r": "AP-BLY",
    "it": "A320",
    "y": null,
    "m": null,
    "mo": "Airbus A320-214",
    "o": null,
    "st": "L2J",
    "ml": false
  },
  "764c2a": {
    "i": "764c2a",
    "r": "AP-SAJ",
    "it": "EC30",
    "y": null,
    "m": null,
    "mo": "Eurocopter EC130 B4",
    "o": null,
    "st": "H1T",
    "ml": false
  },
  "766038": {
    "i": "766038",
    "r": "4483",
    "it": "C130",
    "y": null,
    "m": null,
    "mo": "",
    "o": null,
    "st": "L4T",
    "ml": true
  },
  "76aa76": {
    "i": "76aa76",
    "r": "9V-JSV",
    "it": "A320",
    "y": null,
    "m": null,
    "mo": "Airbus A320-232",
    "o": null,
    "st": "L2J",
    "ml": false
  },
  "76b44a": {
    "i": "76b44a",
    "r": "9V-MBJ",
    "it": "B38M",
    "y": null,
    "m": null,
    "mo": "Boeing 737MAX 8",
    "o": null,
    "st": "L2J",
    "ml": false
  },
  "76b4e4": {
    "i": "76b4e4",
    "r": "9V-MGD",
    "it": "B738",
    "y": null,
    "m": null,
    "mo": "Boeing 737-8SA",
    "o": null,
    "st": "L2J",
    "ml": false
  },
  "76cdb5": {
    "i": "76cdb5",
    "r": "9V-SMU",
    "it": "A359",
    "y": null,
    "m": null,
    "mo": "Airbus A350-941",
    "o": null,
    "st": "L2J",
    "ml": false
  },
  "76cee9": {
    "i": "76cee9",
    "r": "9V-SWI",
    "it": "B77W",
    "y": null,
    "m": null,
    "mo": "Boeing 777-312",
    "o": null,
    "st": "L2J",
    "ml": false
  },
  "76ceee": {
    "i": "76ceee",
    "r": "9V-SWN",
    "it": "B77W",
    "y": null,
    "m": null,
    "mo": "Boeing 777-312",
    "o": null,
    "st": "L2J",
    "ml": false
  },
  "76cf26": {
    "i": "76cf26",
    "r": "9V-SYF",
    "it": "B773",
    "y": null,
    "m": null,
    "mo": "Boeing 777-312",
    "o": null,
    "st": "L2J",
    "ml": false
  },
  "76d244": {
    "i": "76d244",
    "r": "9V-TRD",
    "it": "A320",
    "y": null,
    "m": null,
    "mo": "Airbus A320-232",
    "o": null,
    "st": "L2J",
    "ml": false
  },
  "76e4c7": {
    "i": "76e4c7",
    "r": "9V-YFG",
    "it": "DA40",
    "y": null,
    "m": null,
    "mo": "Diamond Aircraft Diamond Star DA40",
    "o": null,
    "st": "L1P",
    "ml": false
  },
  "76e4cd": {
    "i": "76e4cd",
    "r": "9V-YFM",
    "it": "DA40",
    "y": null,
    "m": null,
    "mo": "Diamond Aircraft Diamond Star DA40",
    "o": null,
    "st": "L1P",
    "ml": false
  },
  "76e72d": {
    "i": "76e72d",
    "r": "9113",
    "it": "PC21",
    "y": null,
    "m": null,
    "mo": "Pilatus PC-21",
    "o": null,
    "st": "L1T",
    "ml": true
  },
  "760917": {
    "i": "760917",
    "r": "AP-BHW",
    "it": "B77W",
    "y": null,
    "m": null,
    "mo": "Boeing 777-340",
    "o": null,
    "st": "L2J",
    "ml": false
  },
  "760976": {
    "i": "760976",
    "r": "AP-BKV",
    "it": "AT75",
    "y": null,
    "m": null,
    "mo": "Avions de Transport Regional ATR 72 500",
    "o": null,
    "st": "L2T",
    "ml": false
  },
  "760995": {
    "i": "760995",
    "r": "AP-BLU",
    "it": "A320",
    "y": null,
    "m": null,
    "mo": "Airbus A320-214",
    "o": null,
    "st": "L2J",
    "ml": false
  },
  "7609d7": {
    "i": "7609d7",
    "r": "AP-BNW",
    "it": "B733",
    "y": null,
    "m": null,
    "mo": "",
    "o": null,
    "st": "L2J",
    "ml": false
  },
  "7609f3": {
    "i": "7609f3",
    "r": "AP-BOS",
    "it": "A320",
    "y": null,
    "m": null,
    "mo": "",
    "o": null,
    "st": "L2J",
    "ml": false
  },
  "762af3": {
    "i": "762af3",
    "r": "J-755",
    "it": "GLF4",
    "y": null,
    "m": null,
    "mo": "",
    "o": null,
    "st": "L2J",
    "ml": true
  },
  "76b864": {
    "i": "76b864",
    "r": "9V-NCD",
    "it": "A21N",
    "y": null,
    "m": null,
    "mo": "",
    "o": null,
    "st": "L2J",
    "ml": false
  },
  "76cc77": {
    "i": "76cc77",
    "r": "9V-SCW",
    "it": "B78X",
    "y": null,
    "m": null,
    "mo": "787-10 Dreamliner",
    "o": null,
    "st": "L2J",
    "ml": false
  },
  "76cce6": {
    "i": "76cce6",
    "r": "9V-SGF",
    "it": "A359",
    "y": null,
    "m": null,
    "mo": "Airbus A350-941 ULR",
    "o": null,
    "st": "L2J",
    "ml": false
  },
  "76cd15": {
    "i": "76cd15",
    "r": "9V-SHU",
    "it": "A359",
    "y": null,
    "m": null,
    "mo": "Airbus A350 941",
    "o": null,
    "st": "L2J",
    "ml": false
  },
  "76cdac": {
    "i": "76cdac",
    "r": "9V-SML",
    "it": "A359",
    "y": null,
    "m": null,
    "mo": "Airbus A350-941",
    "o": null,
    "st": "L2J",
    "ml": false
  },
  "76ceef": {
    "i": "76ceef",
    "r": "9V-SWO",
    "it": "B77W",
    "y": null,
    "m": null,
    "mo": "Boeing 777-312",
    "o": null,
    "st": "L2J",
    "ml": false
  },
  "76cef0": {
    "i": "76cef0",
    "r": "9V-SWP",
    "it": "B77W",
    "y": null,
    "m": null,
    "mo": "Boeing 777-312",
    "o": null,
    "st": "L2J",
    "ml": false
  },
  "76d102": {
    "i": "76d102",
    "r": "9V-THB",
    "it": "E290",
    "y": null,
    "m": null,
    "mo": "",
    "o": null,
    "st": "L2J",
    "ml": false
  },
  "76d1c7": {
    "i": "76d1c7",
    "r": "9V-TNG",
    "it": "A20N",
    "y": null,
    "m": null,
    "mo": "",
    "o": null,
    "st": "L2J",
    "ml": false
  },
  "76e4c5": {
    "i": "76e4c5",
    "r": "9V-YFE",
    "it": "DA40",
    "y": null,
    "m": null,
    "mo": "Diamond Aircraft Diamond Star DA40",
    "o": null,
    "st": "L1P",
    "ml": false
  },
  "760913": {
    "i": "760913",
    "r": "AP-BHS",
    "it": "C402",
    "y": null,
    "m": null,
    "mo": "Cessna 402C",
    "o": null,
    "st": "L2P",
    "ml": false
  },
  "7609b0": {
    "i": "7609b0",
    "r": "AP-BMP",
    "it": "A321",
    "y": null,
    "m": null,
    "mo": "Airbus A321-211",
    "o": null,
    "st": "L2J",
    "ml": false
  },
  "7609e9": {
    "i": "7609e9",
    "r": "AP-BOI",
    "it": "B734",
    "y": null,
    "m": null,
    "mo": "",
    "o": null,
    "st": "L2J",
    "ml": false
  },
  "7609f6": {
    "i": "7609f6",
    "r": "AP-BOV",
    "it": "A320",
    "y": null,
    "m": null,
    "mo": "",
    "o": null,
    "st": "L2J",
    "ml": false
  },
  "762164": {
    "i": "762164",
    "r": "AP-HKD",
    "it": "CL60",
    "y": null,
    "m": null,
    "mo": "CL-600-2B16",
    "o": null,
    "st": "L2J",
    "ml": false
  },
  "766047": {
    "i": "766047",
    "r": "786-888",
    "it": "C68A",
    "y": null,
    "m": null,
    "mo": "",
    "o": null,
    "st": "L2J",
    "ml": true
  },
  "76b4e3": {
    "i": "76b4e3",
    "r": "9V-MGC",
    "it": "B738",
    "y": null,
    "m": null,
    "mo": "Boeing 737-8SA",
    "o": null,
    "st": "L2J",
    "ml": false
  },
  "76bcca": {
    "i": "76bcca",
    "r": "9V-OFJ",
    "it": "B788",
    "y": null,
    "m": null,
    "mo": "Boeing 787-8",
    "o": null,
    "st": "L2J",
    "ml": false
  },
  "76ccd1": {
    "i": "76ccd1",
    "r": "9V-SFQ",
    "it": "B744",
    "y": null,
    "m": null,
    "mo": "Boeing 747-412F",
    "o": null,
    "st": "L4J",
    "ml": false
  },
  "76cd12": {
    "i": "76cd12",
    "r": "9V-SHR",
    "it": "A359",
    "y": null,
    "m": null,
    "mo": "Airbus A350 941",
    "o": null,
    "st": "L2J",
    "ml": false
  },
  "76cd66": {
    "i": "76cd66",
    "r": "9V-SKF",
    "it": "A388",
    "y": null,
    "m": null,
    "mo": "Airbus A380-841",
    "o": null,
    "st": "L4J",
    "ml": false
  },
  "76cd76": {
    "i": "76cd76",
    "r": "9V-SKV",
    "it": "A388",
    "y": null,
    "m": null,
    "mo": "Airbus A380-841",
    "o": null,
    "st": "L4J",
    "ml": false
  },
  "76cda5": {
    "i": "76cda5",
    "r": "9V-SME",
    "it": "A359",
    "y": null,
    "m": null,
    "mo": "Airbus A350-941",
    "o": null,
    "st": "L2J",
    "ml": false
  },
  "76cee8": {
    "i": "76cee8",
    "r": "9V-SWH",
    "it": "B77W",
    "y": null,
    "m": null,
    "mo": "Boeing 777-312",
    "o": null,
    "st": "L2J",
    "ml": false
  },
  "76ceed": {
    "i": "76ceed",
    "r": "9V-SWM",
    "it": "B77W",
    "y": null,
    "m": null,
    "mo": "Boeing 777-312",
    "o": null,
    "st": "L2J",
    "ml": false
  },
  "76d036": {
    "i": "76d036",
    "r": "9V-TAV",
    "it": "A320",
    "y": null,
    "m": null,
    "mo": "Airbus A320-232",
    "o": null,
    "st": "L2J",
    "ml": false
  },
  "76e301": {
    "i": "76e301",
    "r": "010",
    "it": "GLF5",
    "y": null,
    "m": null,
    "mo": "Gulfstream Aerospace G550 CAEW",
    "o": null,
    "st": "L2J",
    "ml": true
  },
  "7609a8": {
    "i": "7609a8",
    "r": "AP-BMH",
    "it": "B772",
    "y": null,
    "m": null,
    "mo": "Boeing 777-2Q8",
    "o": null,
    "st": "L2J",
    "ml": false
  },
  "763987": {
    "i": "763987",
    "r": "4282",
    "it": "C130",
    "y": null,
    "m": null,
    "mo": "Lockheed C-130H Hercules",
    "o": null,
    "st": "L4T",
    "ml": true
  },
  "769103": {
    "i": "769103",
    "r": "9V-DHC",
    "it": "B77L",
    "y": null,
    "m": null,
    "mo": "",
    "o": null,
    "st": "L2J",
    "ml": false
  },
  "76aa71": {
    "i": "76aa71",
    "r": "9V-JSQ",
    "it": "A320",
    "y": null,
    "m": null,
    "mo": "Airbus A320-232",
    "o": null,
    "st": "L2J",
    "ml": false
  },
  "76b44c": {
    "i": "76b44c",
    "r": "9V-MBL",
    "it": "B38M",
    "y": null,
    "m": null,
    "mo": "",
    "o": null,
    "st": "L2J",
    "ml": false
  },
  "76b861": {
    "i": "76b861",
    "r": "9V-NCA",
    "it": "A21N",
    "y": null,
    "m": null,
    "mo": "",
    "o": null,
    "st": "L2J",
    "ml": false
  },
  "76bcc5": {
    "i": "76bcc5",
    "r": "9V-OFE",
    "it": "B788",
    "y": null,
    "m": null,
    "mo": "Boeing 787-8",
    "o": null,
    "st": "L2J",
    "ml": false
  },
  "76bcc8": {
    "i": "76bcc8",
    "r": "9V-OFH",
    "it": "B788",
    "y": null,
    "m": null,
    "mo": "Boeing 787-8",
    "o": null,
    "st": "L2J",
    "ml": false
  },
  "76cce7": {
    "i": "76cce7",
    "r": "9V-SGG",
    "it": "A359",
    "y": null,
    "m": null,
    "mo": "Airbus A350-941 ULR",
    "o": null,
    "st": "L2J",
    "ml": false
  },
  "76cd04": {
    "i": "76cd04",
    "r": "9V-SHD",
    "it": "A359",
    "y": null,
    "m": null,
    "mo": "Airbus A350-941",
    "o": null,
    "st": "L2J",
    "ml": false
  },
  "76cd41": {
    "i": "76cd41",
    "r": "9V-SJA",
    "it": "A359",
    "y": null,
    "m": null,
    "mo": "",
    "o": null,
    "st": "L2J",
    "ml": false
  },
  "76cd46": {
    "i": "76cd46",
    "r": "9V-SJF",
    "it": "A359",
    "y": null,
    "m": null,
    "mo": "",
    "o": null,
    "st": "L2J",
    "ml": false
  },
  "76ceec": {
    "i": "76ceec",
    "r": "9V-SWL",
    "it": "B77W",
    "y": null,
    "m": null,
    "mo": "Boeing 777-312",
    "o": null,
    "st": "L2J",
    "ml": false
  },
  "76d1c2": {
    "i": "76d1c2",
    "r": "9V-TNB",
    "it": "A20N",
    "y": null,
    "m": null,
    "mo": "Airbus A320-271N",
    "o": null,
    "st": "L2J",
    "ml": false
  },
  "76d251": {
    "i": "76d251",
    "r": "9V-TRQ",
    "it": "A320",
    "y": null,
    "m": null,
    "mo": "Airbus A320-232",
    "o": null,
    "st": "L2J",
    "ml": false
  },
  "76e729": {
    "i": "76e729",
    "r": "9109",
    "it": "PC21",
    "y": null,
    "m": null,
    "mo": "Pilatus PC-21",
    "o": null,
    "st": "L1T",
    "ml": true
  },
  "760962": {
    "i": "760962",
    "r": "AP-BKB",
    "it": "LJ60",
    "y": null,
    "m": null,
    "mo": "Bombardier Learjet 60 XR",
    "o": null,
    "st": "L2J",
    "ml": false
  },
  "760982": {
    "i": "760982",
    "r": "AP-BLB",
    "it": "A320",
    "y": null,
    "m": null,
    "mo": "Airbus A320-214",
    "o": null,
    "st": "L2J",
    "ml": false
  },
  "7609c4": {
    "i": "7609c4",
    "r": "AP-BND",
    "it": "B738",
    "y": null,
    "m": null,
    "mo": "Boeing 737-8GJ",
    "o": null,
    "st": "L2J",
    "ml": false
  },
  "7610d8": {
    "i": "7610d8",
    "r": "4153",
    "it": "C130",
    "y": null,
    "m": null,
    "mo": "Lockheed C-130E Hercules",
    "o": null,
    "st": "L4T",
    "ml": true
  },
  "761481": {
    "i": "761481",
    "r": "AP-EDA",
    "it": "A320",
    "y": null,
    "m": null,
    "mo": "",
    "o": null,
    "st": "L2J",
    "ml": false
  },
  "76b448": {
    "i": "76b448",
    "r": "9V-MBH",
    "it": "B38M",
    "y": null,
    "m": null,
    "mo": "Boeing 737MAX 8",
    "o": null,
    "st": "L2J",
    "ml": false
  },
  "76b4e8": {
    "i": "76b4e8",
    "r": "9V-MGH",
    "it": "B738",
    "y": null,
    "m": null,
    "mo": "Boeing 737-8SA",
    "o": null,
    "st": "L2J",
    "ml": false
  },
  "76bcc9": {
    "i": "76bcc9",
    "r": "9V-OFI",
    "it": "B788",
    "y": null,
    "m": null,
    "mo": "Boeing 787-8",
    "o": null,
    "st": "L2J",
    "ml": false
  },
  "76cc6a": {
    "i": "76cc6a",
    "r": "9V-SCJ",
    "it": "B78X",
    "y": null,
    "m": null,
    "mo": "Boeing 787-10",
    "o": null,
    "st": "L2J",
    "ml": false
  },
  "76cd07": {
    "i": "76cd07",
    "r": "9V-SHG",
    "it": "A359",
    "y": null,
    "m": null,
    "mo": "Airbus A350-941",
    "o": null,
    "st": "L2J",
    "ml": false
  },
  "76cdab": {
    "i": "76cdab",
    "r": "9V-SMK",
    "it": "A359",
    "y": null,
    "m": null,
    "mo": "Airbus A350-941",
    "o": null,
    "st": "L2J",
    "ml": false
  },
  "76cee6": {
    "i": "76cee6",
    "r": "9V-SWF",
    "it": "B77W",
    "y": null,
    "m": null,
    "mo": "Boeing 777-312",
    "o": null,
    "st": "L2J",
    "ml": false
  },
  "76d24b": {
    "i": "76d24b",
    "r": "9V-TRK",
    "it": "A320",
    "y": null,
    "m": null,
    "mo": "Airbus A320-232",
    "o": null,
    "st": "L2J",
    "ml": false
  },
  "76d250": {
    "i": "76d250",
    "r": "9V-TRP",
    "it": "A320",
    "y": null,
    "m": null,
    "mo": "Airbus A320-232",
    "o": null,
    "st": "L2J",
    "ml": false
  },
  "7608f9": {
    "i": "7608f9",
    "r": "AP-BGY",
    "it": "B77L",
    "y": null,
    "m": null,
    "mo": "Boeing 777-240",
    "o": null,
    "st": "L2J",
    "ml": false
  },
  "7608fa": {
    "i": "7608fa",
    "r": "AP-BGZ",
    "it": "B77L",
    "y": null,
    "m": null,
    "mo": "Boeing 777-240",
    "o": null,
    "st": "L2J",
    "ml": false
  },
  "760918": {
    "i": "760918",
    "r": "AP-BHX",
    "it": "B772",
    "y": null,
    "m": null,
    "mo": "Boeing 777-240",
    "o": null,
    "st": "L2J",
    "ml": false
  },
  "76bd46": {
    "i": "76bd46",
    "r": "9V-OJF",
    "it": "B789",
    "y": null,
    "m": null,
    "mo": "Boeing 787-9",
    "o": null,
    "st": "L2J",
    "ml": false
  },
  "76cd65": {
    "i": "76cd65",
    "r": "9V-SKE",
    "it": "A388",
    "y": null,
    "m": null,
    "mo": "Airbus A380 841",
    "o": null,
    "st": "L4J",
    "ml": false
  },
  "76cd71": {
    "i": "76cd71",
    "r": "9V-SKQ",
    "it": "A388",
    "y": null,
    "m": null,
    "mo": "Airbus A380-841",
    "o": null,
    "st": "L4J",
    "ml": false
  },
  "76ce50": {
    "i": "76ce50",
    "r": "9V-SRP",
    "it": "B772",
    "y": null,
    "m": null,
    "mo": "",
    "o": null,
    "st": "L2J",
    "ml": false
  },
  "76d258": {
    "i": "76d258",
    "r": "9V-TRX",
    "it": "A320",
    "y": null,
    "m": null,
    "mo": "Airbus A320-232",
    "o": null,
    "st": "L2J",
    "ml": false
  },
  "76e308": {
    "i": "76e308",
    "r": "725",
    "it": "C130",
    "y": null,
    "m": null,
    "mo": "Lockheed KC-130B Hercules",
    "o": null,
    "st": "L4T",
    "ml": true
  },
  "76e4c4": {
    "i": "76e4c4",
    "r": "9V-YFD",
    "it": "DA40",
    "y": null,
    "m": null,
    "mo": "Diamond Aircraft Diamond Star DA40",
    "o": null,
    "st": "L1P",
    "ml": false
  },
  "76e72a": {
    "i": "76e72a",
    "r": "9110",
    "it": "PC21",
    "y": null,
    "m": null,
    "mo": "Pilatus PC-21",
    "o": null,
    "st": "L1T",
    "ml": true
  },
  "760919": {
    "i": "760919",
    "r": "AP-BHY",
    "it": "LJ45",
    "y": null,
    "m": null,
    "mo": "Learjet 45",
    "o": null,
    "st": "L2J",
    "ml": false
  },
  "7609ed": {
    "i": "7609ed",
    "r": "AP-BOM",
    "it": "A320",
    "y": null,
    "m": null,
    "mo": "",
    "o": null,
    "st": "L2J",
    "ml": false
  },
  "76aa6a": {
    "i": "76aa6a",
    "r": "9V-JSJ",
    "it": "A320",
    "y": null,
    "m": null,
    "mo": "Airbus A320-232",
    "o": null,
    "st": "L2J",
    "ml": false
  },
  "76b44f": {
    "i": "76b44f",
    "r": "9V-MBO",
    "it": "B38M",
    "y": null,
    "m": null,
    "mo": "",
    "o": null,
    "st": "L2J",
    "ml": false
  },
  "76b4f1": {
    "i": "76b4f1",
    "r": "9V-MGQ",
    "it": "B738",
    "y": null,
    "m": null,
    "mo": "Boeing 737-800",
    "o": null,
    "st": "L2J",
    "ml": false
  },
  "76cd6d": {
    "i": "76cd6d",
    "r": "9V-SKM",
    "it": "A388",
    "y": null,
    "m": null,
    "mo": "Airbus A380-841",
    "o": null,
    "st": "L4J",
    "ml": false
  },
  "76ce69": {
    "i": "76ce69",
    "r": "9V-SSI",
    "it": "A333",
    "y": null,
    "m": null,
    "mo": "Airbus A330 343E",
    "o": null,
    "st": "L2J",
    "ml": false
  },
  "76cef3": {
    "i": "76cef3",
    "r": "9V-SWS",
    "it": "B77W",
    "y": null,
    "m": null,
    "mo": "Boeing 777-312",
    "o": null,
    "st": "L2J",
    "ml": false
  },
  "76e4c8": {
    "i": "76e4c8",
    "r": "9V-YFH",
    "it": "DA40",
    "y": null,
    "m": null,
    "mo": "Diamond Aircraft Diamond Star DA40",
    "o": null,
    "st": "L1P",
    "ml": false
  },
  "76082b": {
    "i": "76082b",
    "r": "AP-BAK",
    "it": "B742",
    "y": null,
    "m": null,
    "mo": "",
    "o": null,
    "st": "L4J",
    "ml": false
  },
  "760864": {
    "i": "760864",
    "r": "AP-BCD",
    "it": "B733",
    "y": null,
    "m": null,
    "mo": "Boeing 737 340",
    "o": null,
    "st": "L2J",
    "ml": false
  },
  "7608ea": {
    "i": "7608ea",
    "r": "AP-BGJ",
    "it": "B772",
    "y": null,
    "m": null,
    "mo": "Boeing 777-240",
    "o": null,
    "st": "L2J",
    "ml": false
  },
  "76aa68": {
    "i": "76aa68",
    "r": "9V-JSH",
    "it": "A320",
    "y": null,
    "m": null,
    "mo": "Airbus A320-232",
    "o": null,
    "st": "L2J",
    "ml": false
  },
  "76aa72": {
    "i": "76aa72",
    "r": "9V-JSR",
    "it": "A320",
    "y": null,
    "m": null,
    "mo": "Airbus A320-232",
    "o": null,
    "st": "L2J",
    "ml": false
  },
  "76b44b": {
    "i": "76b44b",
    "r": "9V-MBK",
    "it": "B38M",
    "y": null,
    "m": null,
    "mo": "Boeing 737MAX 8",
    "o": null,
    "st": "L2J",
    "ml": false
  },
  "76cd05": {
    "i": "76cd05",
    "r": "9V-SHE",
    "it": "A359",
    "y": null,
    "m": null,
    "mo": "Airbus A350-941",
    "o": null,
    "st": "L2J",
    "ml": false
  },
  "76cd45": {
    "i": "76cd45",
    "r": "9V-SJE",
    "it": "A359",
    "y": null,
    "m": null,
    "mo": "",
    "o": null,
    "st": "L2J",
    "ml": false
  },
  "76cd63": {
    "i": "76cd63",
    "r": "9V-SKC",
    "it": "A388",
    "y": null,
    "m": null,
    "mo": "Airbus A380 841",
    "o": null,
    "st": "L4J",
    "ml": false
  },
  "76cda1": {
    "i": "76cda1",
    "r": "9V-SMA",
    "it": "A359",
    "y": null,
    "m": null,
    "mo": "Airbus A350-941",
    "o": null,
    "st": "L2J",
    "ml": false
  },
  "76cda3": {
    "i": "76cda3",
    "r": "9V-SMC",
    "it": "A359",
    "y": null,
    "m": null,
    "mo": "Airbus A350-941",
    "o": null,
    "st": "L2J",
    "ml": false
  },
  "76cda4": {
    "i": "76cda4",
    "r": "9V-SMD",
    "it": "A359",
    "y": null,
    "m": null,
    "mo": "Airbus A350-941",
    "o": null,
    "st": "L2J",
    "ml": false
  },
  "76cdb0": {
    "i": "76cdb0",
    "r": "9V-SMP",
    "it": "A359",
    "y": null,
    "m": null,
    "mo": "Airbus A350-941",
    "o": null,
    "st": "L2J",
    "ml": false
  },
  "76cdb2": {
    "i": "76cdb2",
    "r": "9V-SMR",
    "it": "A359",
    "y": null,
    "m": null,
    "mo": "Airbus A350-941",
    "o": null,
    "st": "L2J",
    "ml": false
  },
  "76cef9": {
    "i": "76cef9",
    "r": "9V-SWY",
    "it": "B77W",
    "y": null,
    "m": null,
    "mo": "Boeing 777-312",
    "o": null,
    "st": "L2J",
    "ml": false
  },
  "76d1c5": {
    "i": "76d1c5",
    "r": "9V-TNE",
    "it": "A20N",
    "y": null,
    "m": null,
    "mo": "",
    "o": null,
    "st": "L2J",
    "ml": false
  },
  "76e307": {
    "i": "76e307",
    "r": "724",
    "it": "C130",
    "y": null,
    "m": null,
    "mo": "Lockheed KC-130B Hercules",
    "o": null,
    "st": "L4T",
    "ml": true
  },
  "76099a": {
    "i": "76099a",
    "r": "AP-BLZ",
    "it": "A320",
    "y": null,
    "m": null,
    "mo": "Airbus A320-216",
    "o": null,
    "st": "L2J",
    "ml": false
  },
  "7609a6": {
    "i": "7609a6",
    "r": "AP-BMF",
    "it": "B190",
    "y": null,
    "m": null,
    "mo": "Beech 1900 D",
    "o": null,
    "st": "L2T",
    "ml": false
  },
  "7609b9": {
    "i": "7609b9",
    "r": "AP-BMY",
    "it": "A320",
    "y": null,
    "m": null,
    "mo": "",
    "o": null,
    "st": "L2J",
    "ml": false
  },
  "7609c2": {
    "i": "7609c2",
    "r": "AP-BNB",
    "it": "B738",
    "y": null,
    "m": null,
    "mo": "Boeing 737-8JP",
    "o": null,
    "st": "L2J",
    "ml": false
  },
  "7609f1": {
    "i": "7609f1",
    "r": "AP-BOQ",
    "it": "A320",
    "y": null,
    "m": null,
    "mo": "",
    "o": null,
    "st": "L2J",
    "ml": false
  },
  "76aa6e": {
    "i": "76aa6e",
    "r": "9V-JSN",
    "it": "A320",
    "y": null,
    "m": null,
    "mo": "Airbus A320-232",
    "o": null,
    "st": "L2J",
    "ml": false
  },
  "76b44e": {
    "i": "76b44e",
    "r": "9V-MBN",
    "it": "B38M",
    "y": null,
    "m": null,
    "mo": "",
    "o": null,
    "st": "L2J",
    "ml": false
  },
  "76bcc3": {
    "i": "76bcc3",
    "r": "9V-OFC",
    "it": "B788",
    "y": null,
    "m": null,
    "mo": "Boeing 787 8",
    "o": null,
    "st": "L2J",
    "ml": false
  },
  "76cc61": {
    "i": "76cc61",
    "r": "9V-SCA",
    "it": "B78X",
    "y": null,
    "m": null,
    "mo": "Boeing 787-10",
    "o": null,
    "st": "L2J",
    "ml": false
  },
  "76cc68": {
    "i": "76cc68",
    "r": "9V-SCH",
    "it": "B78X",
    "y": null,
    "m": null,
    "mo": "Boeing 787-10",
    "o": null,
    "st": "L2J",
    "ml": false
  },
  "76cc70": {
    "i": "76cc70",
    "r": "9V-SCP",
    "it": "B78X",
    "y": null,
    "m": null,
    "mo": "",
    "o": null,
    "st": "L2J",
    "ml": false
  },
  "76cd79": {
    "i": "76cd79",
    "r": "9V-SKY",
    "it": "A388",
    "y": null,
    "m": null,
    "mo": "Airbus A380-841",
    "o": null,
    "st": "L4J",
    "ml": false
  },
  "76cda7": {
    "i": "76cda7",
    "r": "9V-SMG",
    "it": "A359",
    "y": null,
    "m": null,
    "mo": "Airbus A350-941",
    "o": null,
    "st": "L2J",
    "ml": false
  },
  "76cdb7": {
    "i": "76cdb7",
    "r": "9V-SMW",
    "it": "A359",
    "y": null,
    "m": null,
    "mo": "Airbus A350-941",
    "o": null,
    "st": "L2J",
    "ml": false
  },
  "76cefa": {
    "i": "76cefa",
    "r": "9V-SWZ",
    "it": "B77W",
    "y": null,
    "m": null,
    "mo": "Boeing 777-312",
    "o": null,
    "st": "L2J",
    "ml": false
  },
  "76e311": {
    "i": "76e311",
    "r": "762",
    "it": "A332",
    "y": null,
    "m": null,
    "mo": "Airbus A330 243MRTT",
    "o": null,
    "st": "L2J",
    "ml": true
  },
  "760303": {
    "i": "760303",
    "r": "303",
    "it": "B350",
    "y": null,
    "m": null,
    "mo": "Raytheon Aircraft Company King Air B350",
    "o": null,
    "st": "L2T",
    "ml": true
  },
  "760970": {
    "i": "760970",
    "r": "AP-BKP",
    "it": "LJ45",
    "y": null,
    "m": null,
    "mo": "Learjet 45",
    "o": null,
    "st": "L2J",
    "ml": false
  },
  "7609af": {
    "i": "7609af",
    "r": "AP-BMO",
    "it": "A321",
    "y": null,
    "m": null,
    "mo": "Airbus A321-211",
    "o": null,
    "st": "L2J",
    "ml": false
  },
  "7609b3": {
    "i": "7609b3",
    "r": "AP-BMS",
    "it": "B77W",
    "y": null,
    "m": null,
    "mo": "Boeing 777-3Q8",
    "o": null,
    "st": "L2J",
    "ml": false
  },
  "76166c": {
    "i": "76166c",
    "r": "AP-ESL",
    "it": "C25B",
    "y": null,
    "m": null,
    "mo": "Cessna 525",
    "o": null,
    "st": "L2J",
    "ml": false
  },
  "7642c3": {
    "i": "7642c3",
    "r": "AP-PVC",
    "it": "CL60",
    "y": null,
    "m": null,
    "mo": "",
    "o": null,
    "st": "L2J",
    "ml": false
  },
  "769101": {
    "i": "769101",
    "r": "9V-DHA",
    "it": "B77L",
    "y": null,
    "m": null,
    "mo": "",
    "o": null,
    "st": "L2J",
    "ml": false
  },
  "76aa6b": {
    "i": "76aa6b",
    "r": "9V-JSK",
    "it": "A320",
    "y": null,
    "m": null,
    "mo": "Airbus A320-232",
    "o": null,
    "st": "L2J",
    "ml": false
  },
  "76bd44": {
    "i": "76bd44",
    "r": "9V-OJD",
    "it": "B789",
    "y": null,
    "m": null,
    "mo": "Boeing 787-9",
    "o": null,
    "st": "L2J",
    "ml": false
  },
  "76cccf": {
    "i": "76cccf",
    "r": "9V-SFO",
    "it": "B744",
    "y": null,
    "m": null,
    "mo": "Boeing 747-412F",
    "o": null,
    "st": "L4J",
    "ml": false
  },
  "76cce5": {
    "i": "76cce5",
    "r": "9V-SGE",
    "it": "A359",
    "y": null,
    "m": null,
    "mo": "Airbus A350-941 ULR",
    "o": null,
    "st": "L2J",
    "ml": false
  },
  "76cdb3": {
    "i": "76cdb3",
    "r": "9V-SMS",
    "it": "A359",
    "y": null,
    "m": null,
    "mo": "Airbus A350-941",
    "o": null,
    "st": "L2J",
    "ml": false
  },
  "76cec7": {
    "i": "76cec7",
    "r": "9V-SVG",
    "it": "B772",
    "y": null,
    "m": null,
    "mo": "Boeing 777 212ER",
    "o": null,
    "st": "L2J",
    "ml": false
  },
  "76cee2": {
    "i": "76cee2",
    "r": "9V-SWB",
    "it": "B77W",
    "y": null,
    "m": null,
    "mo": "Boeing 777-312",
    "o": null,
    "st": "L2J",
    "ml": false
  },
  "76d24c": {
    "i": "76d24c",
    "r": "9V-TRL",
    "it": "A320",
    "y": null,
    "m": null,
    "mo": "Airbus A320-232",
    "o": null,
    "st": "L2J",
    "ml": false
  },
  "76e731": {
    "i": "76e731",
    "r": "9117",
    "it": "PC21",
    "y": null,
    "m": null,
    "mo": "Pilatus PC-21",
    "o": null,
    "st": "L1T",
    "ml": true
  },
  "766021": {
    "i": "766021",
    "r": "PA-9834",
    "it": "GL5T",
    "y": null,
    "m": null,
    "mo": "",
    "o": null,
    "st": "L2J",
    "ml": true
  },
  "76cc79": {
    "i": "76cc79",
    "r": "9V-SCY",
    "it": "B78X",
    "y": null,
    "m": "BOEING",
    "mo": "787-10 Dreamliner",
    "o": null,
    "st": "L2J",
    "ml": false
  },
  "7609fa": {
    "i": "7609fa",
    "r": "AP-BOZ",
    "it": "A320",
    "y": null,
    "m": "AIRBUS",
    "mo": "A-320",
    "o": null,
    "st": "L2J",
    "ml": false
  },
  "76cc81": {
    "i": "76cc81",
    "r": "9V-SDA",
    "it": "B78X",
    "y": null,
    "m": "BOEING",
    "mo": "787-10 Dreamliner",
    "o": null,
    "st": "L2J",
    "ml": false
  },
  "76d103": {
    "i": "76d103",
    "r": "9V-THC",
    "it": "E290",
    "y": null,
    "m": "EMBRAER",
    "mo": "ERJ-190-300",
    "o": null,
    "st": "L2J",
    "ml": false
  },
  "76e302": {
    "i": "76e302",
    "r": "016",
    "it": "GLF5",
    "y": null,
    "m": "GULFSTREAM",
    "mo": "5",
    "o": null,
    "st": "L2J",
    "ml": true
  },
  "76d104": {
    "i": "76d104",
    "r": "9V-THD",
    "it": "E290",
    "y": null,
    "m": "EMBRAER",
    "mo": "ERJ-190-300",
    "o": null,
    "st": "L2J",
    "ml": false
  },
  "76602a": {
    "i": "76602a",
    "r": "A-1102",
    "it": "A319",
    "y": null,
    "m": "AIRBUS",
    "mo": "A-319",
    "o": null,
    "st": "L2J",
    "ml": true
  },
  "76d106": {
    "i": "76d106",
    "r": "9V-THF",
    "it": "E290",
    "y": null,
    "m": "EMBRAER",
    "mo": "ERJ-190-300",
    "o": null,
    "st": "L2J",
    "ml": false
  },
  "760a05": {
    "i": "760a05",
    "r": "AP-BPE",
    "it": "A320",
    "y": null,
    "m": "AIRBUS",
    "mo": "A-320",
    "o": null,
    "st": "L2J",
    "ml": false
  },
  "76898c": {
    "i": "76898c",
    "r": "9V-BLL",
    "it": "C172",
    "y": null,
    "m": "CESSNA",
    "mo": "172 Skyhawk",
    "o": null,
    "st": "L1P",
    "ml": false
  },
  "76b452": {
    "i": "76b452",
    "r": "9V-MBR",
    "it": "B38M",
    "y": null,
    "m": "BOEING",
    "mo": "737 MAX 8",
    "o": null,
    "st": "L2J",
    "ml": false
  },
  "766035": {
    "i": "766035",
    "r": "4476",
    "it": "C130",
    "y": null,
    "m": "LOCKHEED",
    "mo": "C-130 Hercules",
    "o": null,
    "st": "L4T",
    "ml": true
  },
  "76b451": {
    "i": "76b451",
    "r": "9V-MBQ",
    "it": "B38M",
    "y": null,
    "m": "BOEING",
    "mo": "737 MAX 8",
    "o": null,
    "st": "L2J",
    "ml": false
  },
  "76b86b": {
    "i": "76b86b",
    "r": "9V-NCK",
    "it": "A21N",
    "y": null,
    "m": "AIRBUS",
    "mo": "A321neo",
    "o": null,
    "st": "L2J",
    "ml": false
  },
  "76b454": {
    "i": "76b454",
    "r": "9V-MBT",
    "it": "B38M",
    "y": null,
    "m": "BOEING",
    "mo": "737 MAX 8",
    "o": null,
    "st": "L2J",
    "ml": false
  }
}