{
  "7705c1": {
    "i": "7705c1",
    "r": "4R-ANA",
    "it": "A20N",
    "y": null,
    "m": null,
    "mo": "Airbus A320-251N",
    "o": null,
    "st": "L2J",
    "ml": false
  },
  "77170e": {
    "i": "77170e",
    "r": "4R-EXN",
    "it": "A320",
    "y": null,
    "m": null,
    "mo": "",
    "o": null,
    "st": "L2J",
    "ml": false
  },
  "773500": {
    "i": "773500",
    "r": "4R-ALA",
    "it": "A332",
    "y": null,
    "m": null,
    "mo": "Airbus A330-243",
    "o": null,
    "st": "L2J",
    "ml": false
  },
  "778681": {
    "i": "778681",
    "r": "YK-ATA",
    "it": "IL76",
    "y": null,
    "m": null,
    "mo": "Ilyushin IL-76-T",
    "o": null,
    "st": "L4J",
    "ml": false
  },
  "77058d": {
    "i": "77058d",
    "r": "4R-ALM",
    "it": "A333",
    "y": null,
    "m": null,
    "mo": "Airbus A330-343E",
    "o": null,
    "st": "L2J",
    "ml": false
  },
  "770593": {
    "i": "770593",
    "r": "4R-ALS",
    "it": "A332",
    "y": null,
    "m": null,
    "mo": "Airbus A330-243",
    "o": null,
    "st": "L2J",
    "ml": false
  },
  "77170c": {
    "i": "77170c",
    "r": "4R-EXO",
    "it": "C208",
    "y": null,
    "m": null,
    "mo": "Cessna 208-B",
    "o": null,
    "st": "L1T",
    "ml": false
  },
  "778567": {
    "i": "778567",
    "r": "YK-AKG",
    "it": "A320",
    "y": null,
    "m": null,
    "mo": "",
    "o": null,
    "st": "L2J",
    "ml": false
  },
  "778827": {
    "i": "778827",
    "r": "YK-BAG",
    "it": "A320",
    "y": null,
    "m": null,
    "mo": "Airbus A320-211",
    "o": null,
    "st": "L2J",
    "ml": false
  },
  "773600": {
    "i": "773600",
    "r": "4R-ALB",
    "it": "A332",
    "y": null,
    "m": null,
    "mo": "Airbus A330-243",
    "o": null,
    "st": "L2J",
    "ml": false
  },
  "770594": {
    "i": "770594",
    "r": "4R-ALT",
    "it": "A333",
    "y": null,
    "m": null,
    "mo": "",
    "o": null,
    "st": "L2J",
    "ml": false
  },
  "778822": {
    "i": "778822",
    "r": "YK-BAB",
    "it": "A320",
    "y": null,
    "m": null,
    "mo": "Airbus A320 211",
    "o": null,
    "st": "L2J",
    "ml": false
  },
  "778825": {
    "i": "778825",
    "r": "YK-BAE",
    "it": "A320",
    "y": null,
    "m": null,
    "mo": "Airbus A320-231",
    "o": null,
    "st": "L2J",
    "ml": false
  },
  "7705c6": {
    "i": "7705c6",
    "r": "4R-ANF",
    "it": "A21N",
    "y": null,
    "m": null,
    "mo": "Airbus A321-251N",
    "o": null,
    "st": "L2J",
    "ml": false
  },
  "773800": {
    "i": "773800",
    "r": "4R-ALD",
    "it": "A332",
    "y": null,
    "m": null,
    "mo": "Airbus A330 243",
    "o": null,
    "st": "L2J",
    "ml": false
  },
  "7705c3": {
    "i": "7705c3",
    "r": "4R-ANC",
    "it": "A21N",
    "y": null,
    "m": null,
    "mo": "Airbus A321-251N",
    "o": null,
    "st": "L2J",
    "ml": false
  },
  "778742": {
    "i": "778742",
    "r": "YK-AZB",
    "it": "A343",
    "y": null,
    "m": null,
    "mo": "",
    "o": null,
    "st": "L4J",
    "ml": false
  },
  "778821": {
    "i": "778821",
    "r": "YK-BAA",
    "it": "A320",
    "y": null,
    "m": null,
    "mo": "Airbus A320-211",
    "o": null,
    "st": "L2J",
    "ml": false
  },
  "77170a": {
    "i": "77170a",
    "r": "4R-EXJ",
    "it": "DC86",
    "y": null,
    "m": null,
    "mo": "Douglas DC-8 63CF",
    "o": null,
    "st": "L4J",
    "ml": false
  },
  "778684": {
    "i": "778684",
    "r": "YK-ATD",
    "it": "IL76",
    "y": null,
    "m": null,
    "mo": "Ilyushin IL-76 T",
    "o": null,
    "st": "L4J",
    "ml": false
  },
  "77058f": {
    "i": "77058f",
    "r": "4R-ALO",
    "it": "A333",
    "y": null,
    "m": null,
    "mo": "Airbus A330-343E",
    "o": null,
    "st": "L2J",
    "ml": false
  },
  "770665": {
    "i": "770665",
    "r": "4R-ASK",
    "it": "R66",
    "y": null,
    "m": null,
    "mo": "",
    "o": null,
    "st": "H1T",
    "ml": false
  },
  "778682": {
    "i": "778682",
    "r": "YK-ATB",
    "it": "IL76",
    "y": null,
    "m": null,
    "mo": "Ilyushin IL-76-M",
    "o": null,
    "st": "L4J",
    "ml": false
  },
  "778741": {
    "i": "778741",
    "r": "YK-AZA",
    "it": "A343",
    "y": null,
    "m": null,
    "mo": "Airbus A340-313X",
    "o": null,
    "st": "L4J",
    "ml": false
  },
  "778823": {
    "i": "778823",
    "r": "YK-BAC",
    "it": "A320",
    "y": null,
    "m": null,
    "mo": "Airbus A320-212",
    "o": null,
    "st": "L2J",
    "ml": false
  },
  "77044d": {
    "i": "77044d",
    "r": "4R-ABM",
    "it": "A320",
    "y": null,
    "m": null,
    "mo": "Airbus A320-214",
    "o": null,
    "st": "L2J",
    "ml": false
  },
  "777e0d": {
    "i": "777e0d",
    "r": "SCM-860",
    "it": "AN32",
    "y": null,
    "m": null,
    "mo": "",
    "o": null,
    "st": "L2T",
    "ml": true
  },
  "770588": {
    "i": "770588",
    "r": "4R-ALH",
    "it": "A332",
    "y": null,
    "m": null,
    "mo": "Airbus A330-243",
    "o": null,
    "st": "L2J",
    "ml": false
  },
  "778566": {
    "i": "778566",
    "r": "YK-AKF",
    "it": "A320",
    "y": null,
    "m": null,
    "mo": "Airbus A320-232",
    "o": null,
    "st": "L2J",
    "ml": false
  },
  "777e0b": {
    "i": "777e0b",
    "r": "SCM-863",
    "it": "AN32",
    "y": null,
    "m": null,
    "mo": "",
    "o": null,
    "st": "L2T",
    "ml": true
  },
  "77044c": {
    "i": "77044c",
    "r": "4R-ABL",
    "it": "A320",
    "y": null,
    "m": null,
    "mo": "Airbus A320-232",
    "o": null,
    "st": "L2J",
    "ml": false
  },
  "770453": {
    "i": "770453",
    "r": "4R-ABS",
    "it": "A320",
    "y": null,
    "m": null,
    "mo": "Airbus A320-232",
    "o": null,
    "st": "L2J",
    "ml": false
  },
  "7705c5": {
    "i": "7705c5",
    "r": "4R-ANE",
    "it": "A21N",
    "y": null,
    "m": null,
    "mo": "Airbus A321-251N",
    "o": null,
    "st": "L2J",
    "ml": false
  },
  "778568": {
    "i": "778568",
    "r": "YK-AKA",
    "it": "A320",
    "y": null,
    "m": null,
    "mo": "",
    "o": null,
    "st": "L2J",
    "ml": false
  },
  "778725": {
    "i": "778725",
    "r": "YK-AYE",
    "it": "T134",
    "y": null,
    "m": null,
    "mo": "Tupolev Tu-134 B-3",
    "o": null,
    "st": "L2J",
    "ml": false
  },
  "77044e": {
    "i": "77044e",
    "r": "4R-ABN",
    "it": "A320",
    "y": null,
    "m": null,
    "mo": "Airbus A320-214",
    "o": null,
    "st": "L2J",
    "ml": false
  },
  "773700": {
    "i": "773700",
    "r": "4R-ALC",
    "it": "A332",
    "y": null,
    "m": null,
    "mo": "Airbus A330-243",
    "o": null,
    "st": "L2J",
    "ml": false
  },
  "778722": {
    "i": "778722",
    "r": "YK-AYB",
    "it": "T134",
    "y": null,
    "m": null,
    "mo": "Tupolev Tu-134 B-3",
    "o": null,
    "st": "L2J",
    "ml": false
  },
  "7705c2": {
    "i": "7705c2",
    "r": "4R-ANB",
    "it": "A20N",
    "y": null,
    "m": null,
    "mo": "Airbus A320-251N",
    "o": null,
    "st": "L2J",
    "ml": false
  },
  "770591": {
    "i": "770591",
    "r": "4R-ALQ",
    "it": "A333",
    "y": null,
    "m": null,
    "mo": "Airbus A330-343E",
    "o": null,
    "st": "L2J",
    "ml": false
  },
  "77044f": {
    "i": "77044f",
    "r": "4R-ABO",
    "it": "A320",
    "y": null,
    "m": null,
    "mo": "Airbus A320-214",
    "o": null,
    "st": "L2J",
    "ml": false
  },
  "777e0f": {
    "i": "777e0f",
    "r": "SCL-3128",
    "it": "Y12",
    "y": null,
    "m": null,
    "mo": "",
    "o": null,
    "st": "L2T",
    "ml": true
  },
  "77058c": {
    "i": "77058c",
    "r": "4R-ALL",
    "it": "A333",
    "y": null,
    "m": null,
    "mo": "Airbus A330-343E",
    "o": null,
    "st": "L2J",
    "ml": false
  },
  "77058e": {
    "i": "77058e",
    "r": "4R-ALN",
    "it": "A333",
    "y": null,
    "m": null,
    "mo": "Airbus A330-343E",
    "o": null,
    "st": "L2J",
    "ml": false
  },
  "77181f": {
    "i": "77181f",
    "r": "4R-EXR",
    "it": "A320",
    "y": null,
    "m": null,
    "mo": "",
    "o": null,
    "st": "L2J",
    "ml": false
  },
  "777777": {
    "i": "777777",
    "r": "EC-GA8",
    "it": "ELA7",
    "y": null,
    "m": null,
    "mo": "ELA Aviaci\u00c3\u00b3n ELA 07 Gyrocopter R100",
    "o": null,
    "st": "G1P",
    "ml": false
  },
  "7705c4": {
    "i": "7705c4",
    "r": "4R-AND",
    "it": "A21N",
    "y": null,
    "m": null,
    "mo": "Airbus A321-251N",
    "o": null,
    "st": "L2J",
    "ml": false
  },
  "77170d": {
    "i": "77170d",
    "r": "4R-EXS",
    "it": "A320",
    "y": null,
    "m": null,
    "mo": "",
    "o": null,
    "st": "L2J",
    "ml": false
  },
  "770590": {
    "i": "770590",
    "r": "4R-ALP",
    "it": "A333",
    "y": null,
    "m": null,
    "mo": "Airbus A330-343E",
    "o": null,
    "st": "L2J",
    "ml": false
  },
  "770451": {
    "i": "770451",
    "r": "4R-ABQ",
    "it": "A321",
    "y": null,
    "m": null,
    "mo": "Airbus A321-231",
    "o": null,
    "st": "L2J",
    "ml": false
  },
  "770592": {
    "i": "770592",
    "r": "4R-ALR",
    "it": "A333",
    "y": null,
    "m": null,
    "mo": "Airbus A330-343E",
    "o": null,
    "st": "L2J",
    "ml": false
  },
  "773645": {
    "i": "773645",
    "r": "4R-MRE",
    "it": "A320",
    "y": null,
    "m": null,
    "mo": "Airbus A320-232",
    "o": null,
    "st": "L2J",
    "ml": false
  },
  "778564": {
    "i": "778564",
    "r": "YK-AKD",
    "it": "A320",
    "y": null,
    "m": null,
    "mo": "Airbus A320-232",
    "o": null,
    "st": "L2J",
    "ml": false
  },
  "770454": {
    "i": "770454",
    "r": "4R-ABT",
    "it": "A320",
    "y": null,
    "m": "AIRBUS",
    "mo": "A-320",
    "o": null,
    "st": "L2J",
    "ml": false
  }
}