{
  "79a036": {
    "i": "79a036",
    "r": "B-2209",
    "it": "A320",
    "y": null,
    "m": null,
    "mo": "Airbus A320-214",
    "o": null,
    "st": "L2J",
    "ml": false
  },
  "79a060": {
    "i": "79a060",
    "r": "B-6011",
    "it": "A320",
    "y": null,
    "m": null,
    "mo": "Airbus A320-214",
    "o": null,
    "st": "L2J",
    "ml": false
  },
  "79c23c": {
    "i": "79c23c",
    "r": "21041",
    "it": "IL76",
    "y": null,
    "m": null,
    "mo": "",
    "o": null,
    "st": "L4J",
    "ml": true
  },
  "798024": {
    "i": "798024",
    "r": "B-2220",
    "it": "A320",
    "y": null,
    "m": null,
    "mo": "Airbus A320-214",
    "o": null,
    "st": "L2J",
    "ml": false
  },
  "798038": {
    "i": "798038",
    "r": "B-6037",
    "it": "A319",
    "y": null,
    "m": null,
    "mo": "Airbus A319-115",
    "o": null,
    "st": "L2J",
    "ml": false
  },
  "79a01d": {
    "i": "79a01d",
    "r": "B-2369",
    "it": "A320",
    "y": null,
    "m": null,
    "mo": "Airbus A320-232",
    "o": null,
    "st": "L2J",
    "ml": false
  },
  "79a034": {
    "i": "79a034",
    "r": "B-2207",
    "it": "A320",
    "y": null,
    "m": null,
    "mo": "Airbus A320-214",
    "o": null,
    "st": "L2J",
    "ml": false
  },
  "79a044": {
    "i": "79a044",
    "r": "B-2282",
    "it": "A321",
    "y": null,
    "m": null,
    "mo": "Airbus A321-231",
    "o": null,
    "st": "L2J",
    "ml": false
  },
  "79a046": {
    "i": "79a046",
    "r": "B-2228",
    "it": "A320",
    "y": null,
    "m": null,
    "mo": "Airbus A320-214",
    "o": null,
    "st": "L2J",
    "ml": false
  },
  "79a04c": {
    "i": "79a04c",
    "r": "B-6002",
    "it": "A320",
    "y": null,
    "m": null,
    "mo": "Airbus A320-214",
    "o": null,
    "st": "L2J",
    "ml": false
  },
  "79a00e": {
    "i": "79a00e",
    "r": "B-2353",
    "it": "A320",
    "y": null,
    "m": null,
    "mo": "Airbus A320-232",
    "o": null,
    "st": "L2J",
    "ml": false
  },
  "79a035": {
    "i": "79a035",
    "r": "B-2208",
    "it": "A320",
    "y": null,
    "m": null,
    "mo": "Airbus A320-214",
    "o": null,
    "st": "L2J",
    "ml": false
  },
  "79a04b": {
    "i": "79a04b",
    "r": "B-6001",
    "it": "A320",
    "y": null,
    "m": null,
    "mo": "Airbus A320-214",
    "o": null,
    "st": "L2J",
    "ml": false
  },
  "79a019": {
    "i": "79a019",
    "r": "B-2365",
    "it": "A320",
    "y": null,
    "m": null,
    "mo": "Airbus A320-232",
    "o": null,
    "st": "L2J",
    "ml": false
  },
  "79a053": {
    "i": "79a053",
    "r": "B-2284",
    "it": "A321",
    "y": null,
    "m": null,
    "mo": "Airbus A321-231",
    "o": null,
    "st": "L2J",
    "ml": false
  },
  "79a06d": {
    "i": "79a06d",
    "r": "B-2408",
    "it": "A320",
    "y": null,
    "m": null,
    "mo": "Airbus A320-214",
    "o": null,
    "st": "L2J",
    "ml": false
  },
  "79a02e": {
    "i": "79a02e",
    "r": "B-2393",
    "it": "A320",
    "y": null,
    "m": null,
    "mo": "Airbus A320-232",
    "o": null,
    "st": "L2J",
    "ml": false
  },
  "79a06e": {
    "i": "79a06e",
    "r": "B-6056",
    "it": "A332",
    "y": null,
    "m": null,
    "mo": "Airbus A330-243",
    "o": null,
    "st": "L2J",
    "ml": false
  },
  "79a025": {
    "i": "79a025",
    "r": "B-2378",
    "it": "A320",
    "y": null,
    "m": null,
    "mo": "Airbus A320-214",
    "o": null,
    "st": "L2J",
    "ml": false
  },
  "79a040": {
    "i": "79a040",
    "r": "B-2212",
    "it": "A320",
    "y": null,
    "m": null,
    "mo": "Airbus A320 214",
    "o": null,
    "st": "L2J",
    "ml": false
  },
  "798005": {
    "i": "798005",
    "r": "B-2317",
    "it": "A306",
    "y": null,
    "m": null,
    "mo": "Airbus A300 B4-605RF",
    "o": null,
    "st": "L2J",
    "ml": false
  },
  "79a01a": {
    "i": "79a01a",
    "r": "B-2366",
    "it": "A320",
    "y": null,
    "m": null,
    "mo": "Airbus A320-232",
    "o": null,
    "st": "L2J",
    "ml": false
  },
  "79a022": {
    "i": "79a022",
    "r": "B-2375",
    "it": "A320",
    "y": null,
    "m": null,
    "mo": "Airbus A320-214",
    "o": null,
    "st": "L2J",
    "ml": false
  },
  "79a043": {
    "i": "79a043",
    "r": "B-2281",
    "it": "A321",
    "y": null,
    "m": null,
    "mo": "Airbus A321-231",
    "o": null,
    "st": "L2J",
    "ml": false
  },
  "79a062": {
    "i": "79a062",
    "r": "B-6013",
    "it": "A320",
    "y": null,
    "m": null,
    "mo": "Airbus A320-214",
    "o": null,
    "st": "L2J",
    "ml": false
  },
  "79193a": {
    "i": "79193a",
    "r": "30073",
    "it": "AN12",
    "y": null,
    "m": null,
    "mo": "Shaanxi KJ-500",
    "o": null,
    "st": "L4T",
    "ml": true
  },
  "798025": {
    "i": "798025",
    "r": "B-2221",
    "it": "A320",
    "y": null,
    "m": null,
    "mo": "Airbus A320-212",
    "o": null,
    "st": "L2J",
    "ml": false
  },
  "798039": {
    "i": "798039",
    "r": "B-6038",
    "it": "A319",
    "y": null,
    "m": null,
    "mo": "Airbus A319-115",
    "o": null,
    "st": "L2J",
    "ml": false
  },
  "79a042": {
    "i": "79a042",
    "r": "B-2280",
    "it": "A321",
    "y": null,
    "m": null,
    "mo": "Airbus A321-231",
    "o": null,
    "st": "L2J",
    "ml": false
  },
  "79a070": {
    "i": "79a070",
    "r": "B-6058",
    "it": "A332",
    "y": null,
    "m": null,
    "mo": "Airbus A330-243",
    "o": null,
    "st": "L2J",
    "ml": false
  },
  "79819f": {
    "i": "79819f",
    "r": "B-4091",
    "it": "A319",
    "y": null,
    "m": null,
    "mo": "Airbus A319-115",
    "o": null,
    "st": "L2J",
    "ml": false
  },
  "79a05e": {
    "i": "79a05e",
    "r": "B-6009",
    "it": "A320",
    "y": null,
    "m": null,
    "mo": "Airbus A320-214",
    "o": null,
    "st": "L2J",
    "ml": false
  },
  "79a04e": {
    "i": "79a04e",
    "r": "B-6005",
    "it": "A320",
    "y": null,
    "m": null,
    "mo": "Airbus A320-214",
    "o": null,
    "st": "L2J",
    "ml": false
  },
  "79a050": {
    "i": "79a050",
    "r": "B-6007",
    "it": "A320",
    "y": null,
    "m": null,
    "mo": "Airbus A320-214",
    "o": null,
    "st": "L2J",
    "ml": false
  },
  "79a059": {
    "i": "79a059",
    "r": "B-2288",
    "it": "A321",
    "y": null,
    "m": null,
    "mo": "Airbus A321-231",
    "o": null,
    "st": "L2J",
    "ml": false
  },
  "79a076": {
    "i": "79a076",
    "r": "B-2415",
    "it": "A320",
    "y": null,
    "m": null,
    "mo": "Airbus A320-214",
    "o": null,
    "st": "L2J",
    "ml": false
  },
  "798023": {
    "i": "798023",
    "r": "B-2219",
    "it": "A320",
    "y": null,
    "m": null,
    "mo": "Airbus A320-214",
    "o": null,
    "st": "L2J",
    "ml": false
  },
  "79802f": {
    "i": "79802f",
    "r": "B-6022",
    "it": "A319",
    "y": null,
    "m": null,
    "mo": "Airbus A319-132",
    "o": null,
    "st": "L2J",
    "ml": false
  },
  "79a030": {
    "i": "79a030",
    "r": "B-2396",
    "it": "A320",
    "y": null,
    "m": null,
    "mo": "Airbus A320-232",
    "o": null,
    "st": "L2J",
    "ml": false
  },
  "79a05f": {
    "i": "79a05f",
    "r": "B-6010",
    "it": "A320",
    "y": null,
    "m": null,
    "mo": "Airbus A320-214",
    "o": null,
    "st": "L2J",
    "ml": false
  },
  "79a077": {
    "i": "79a077",
    "r": "B-2291",
    "it": "A321",
    "y": null,
    "m": null,
    "mo": "Airbus A321-211",
    "o": null,
    "st": "L2J",
    "ml": false
  },
  "79c7d0": {
    "i": "79c7d0",
    "r": "B-4018",
    "it": "B733",
    "y": null,
    "m": null,
    "mo": "Boeing 737 33A",
    "o": null,
    "st": "L2J",
    "ml": false
  },
  "79803f": {
    "i": "79803f",
    "r": "B-6045",
    "it": "A319",
    "y": null,
    "m": null,
    "mo": "Airbus A319-133",
    "o": null,
    "st": "L2J",
    "ml": false
  },
  "79a072": {
    "i": "79a072",
    "r": "B-2410",
    "it": "A320",
    "y": null,
    "m": null,
    "mo": "Airbus A320-214",
    "o": null,
    "st": "L2J",
    "ml": false
  },
  "79a078": {
    "i": "79a078",
    "r": "B-2292",
    "it": "A321",
    "y": null,
    "m": null,
    "mo": "Airbus A321-211",
    "o": null,
    "st": "L2J",
    "ml": false
  },
  "798035": {
    "i": "798035",
    "r": "B-6034",
    "it": "A319",
    "y": null,
    "m": null,
    "mo": "Airbus A319-132",
    "o": null,
    "st": "L2J",
    "ml": false
  },
  "79a02c": {
    "i": "79a02c",
    "r": "B-2391",
    "it": "A320",
    "y": null,
    "m": null,
    "mo": "Airbus A320-232",
    "o": null,
    "st": "L2J",
    "ml": false
  },
  "79a06c": {
    "i": "79a06c",
    "r": "B-2406",
    "it": "A320",
    "y": null,
    "m": null,
    "mo": "Airbus A320-214",
    "o": null,
    "st": "L2J",
    "ml": false
  },
  "79141c": {
    "i": "79141c",
    "r": "21047",
    "it": "IL76",
    "y": null,
    "m": null,
    "mo": "",
    "o": null,
    "st": "L4J",
    "ml": true
  },
  "798031": {
    "i": "798031",
    "r": "B-6024",
    "it": "A319",
    "y": null,
    "m": null,
    "mo": "Airbus A319-132",
    "o": null,
    "st": "L2J",
    "ml": false
  },
  "79a013": {
    "i": "79a013",
    "r": "B-2358",
    "it": "A320",
    "y": null,
    "m": null,
    "mo": "Airbus A320-214",
    "o": null,
    "st": "L2J",
    "ml": false
  },
  "798012": {
    "i": "798012",
    "r": "B-2330",
    "it": "A306",
    "y": null,
    "m": null,
    "mo": "Airbus A300 B4-605RF",
    "o": null,
    "st": "L2J",
    "ml": false
  },
  "79a012": {
    "i": "79a012",
    "r": "B-2357",
    "it": "A320",
    "y": null,
    "m": null,
    "mo": "Airbus A320-214",
    "o": null,
    "st": "L2J",
    "ml": false
  },
  "79a04f": {
    "i": "79a04f",
    "r": "B-6006",
    "it": "A320",
    "y": null,
    "m": null,
    "mo": "Airbus A320-214",
    "o": null,
    "st": "L2J",
    "ml": false
  },
  "79a066": {
    "i": "79a066",
    "r": "B-2289",
    "it": "A321",
    "y": null,
    "m": null,
    "mo": "Airbus A321-211",
    "o": null,
    "st": "L2J",
    "ml": false
  },
  "791369": {
    "i": "791369",
    "r": "21046",
    "it": "IL76",
    "y": null,
    "m": null,
    "mo": "",
    "o": null,
    "st": "L4J",
    "ml": true
  },
  "798032": {
    "i": "798032",
    "r": "B-6031",
    "it": "A319",
    "y": null,
    "m": null,
    "mo": "Airbus A319-132",
    "o": null,
    "st": "L2J",
    "ml": false
  },
  "79a031": {
    "i": "79a031",
    "r": "B-2397",
    "it": "A320",
    "y": null,
    "m": null,
    "mo": "Airbus A320 233",
    "o": null,
    "st": "L2J",
    "ml": false
  },
  "79a073": {
    "i": "79a073",
    "r": "B-2411",
    "it": "A320",
    "y": null,
    "m": null,
    "mo": "Airbus A320-214",
    "o": null,
    "st": "L2J",
    "ml": false
  },
  "79a02d": {
    "i": "79a02d",
    "r": "B-2392",
    "it": "A320",
    "y": null,
    "m": null,
    "mo": "Airbus A320-232",
    "o": null,
    "st": "L2J",
    "ml": false
  },
  "79a058": {
    "i": "79a058",
    "r": "B-2287",
    "it": "A321",
    "y": null,
    "m": null,
    "mo": "Airbus A321-231",
    "o": null,
    "st": "L2J",
    "ml": false
  },
  "79800e": {
    "i": "79800e",
    "r": "B-2326",
    "it": "A306",
    "y": null,
    "m": null,
    "mo": "Airbus A300 B4-605R",
    "o": null,
    "st": "L2J",
    "ml": false
  },
  "798037": {
    "i": "798037",
    "r": "B-6036",
    "it": "A319",
    "y": null,
    "m": null,
    "mo": "Airbus A319-115",
    "o": null,
    "st": "L2J",
    "ml": false
  },
  "791cad": {
    "i": "791cad",
    "r": "30074",
    "it": "AN12",
    "y": null,
    "m": null,
    "mo": "",
    "o": null,
    "st": "L4T",
    "ml": true
  },
  "798036": {
    "i": "798036",
    "r": "B-6035",
    "it": "A319",
    "y": null,
    "m": null,
    "mo": "Airbus A319-115",
    "o": null,
    "st": "L2J",
    "ml": false
  },
  "79a01b": {
    "i": "79a01b",
    "r": "B-2367",
    "it": "A320",
    "y": null,
    "m": null,
    "mo": "Airbus A320-232",
    "o": null,
    "st": "L2J",
    "ml": false
  },
  "79c104": {
    "i": "79c104",
    "r": "21043",
    "it": "IL76",
    "y": null,
    "m": null,
    "mo": "Ilyushin IL-76-MD",
    "o": null,
    "st": "L4J",
    "ml": true
  },
  "798030": {
    "i": "798030",
    "r": "B-6023",
    "it": "A319",
    "y": null,
    "m": null,
    "mo": "Airbus A319-132",
    "o": null,
    "st": "L2J",
    "ml": false
  },
  "79a007": {
    "i": "79a007",
    "r": "B-2346",
    "it": "A320",
    "y": null,
    "m": null,
    "mo": "Airbus A320 233",
    "o": null,
    "st": "L2J",
    "ml": false
  },
  "79a045": {
    "i": "79a045",
    "r": "B-2283",
    "it": "A321",
    "y": null,
    "m": null,
    "mo": "Airbus A321-231",
    "o": null,
    "st": "L2J",
    "ml": false
  },
  "79a048": {
    "i": "79a048",
    "r": "B-2230",
    "it": "A320",
    "y": null,
    "m": null,
    "mo": "Airbus A320-214",
    "o": null,
    "st": "L2J",
    "ml": false
  },
  "79a061": {
    "i": "79a061",
    "r": "B-6012",
    "it": "A320",
    "y": null,
    "m": null,
    "mo": "Airbus A320-214",
    "o": null,
    "st": "L2J",
    "ml": false
  },
  "79a06f": {
    "i": "79a06f",
    "r": "B-6057",
    "it": "A332",
    "y": null,
    "m": null,
    "mo": "Airbus A330-243",
    "o": null,
    "st": "L2J",
    "ml": false
  },
  "791cf7": {
    "i": "791cf7",
    "r": "B-4662",
    "it": "CRJ7",
    "y": null,
    "m": null,
    "mo": "Bombardier CRJ 700 702ER NG",
    "o": null,
    "st": "L2J",
    "ml": false
  },
  "79a006": {
    "i": "79a006",
    "r": "B-2345",
    "it": "A320",
    "y": null,
    "m": null,
    "mo": "Airbus A320 233",
    "o": null,
    "st": "L2J",
    "ml": false
  },
  "79a03d": {
    "i": "79a03d",
    "r": "B-2336",
    "it": "A320",
    "y": null,
    "m": null,
    "mo": "Airbus A320-214",
    "o": null,
    "st": "L2J",
    "ml": false
  },
  "79a067": {
    "i": "79a067",
    "r": "B-2290",
    "it": "A321",
    "y": null,
    "m": null,
    "mo": "Airbus A321-211",
    "o": null,
    "st": "L2J",
    "ml": false
  },
  "79a054": {
    "i": "79a054",
    "r": "B-2285",
    "it": "A321",
    "y": null,
    "m": null,
    "mo": "Airbus A321-231",
    "o": null,
    "st": "L2J",
    "ml": false
  },
  "79803e": {
    "i": "79803e",
    "r": "B-6043",
    "it": "A319",
    "y": null,
    "m": null,
    "mo": "Airbus A319-133",
    "o": null,
    "st": "L2J",
    "ml": false
  },
  "79a020": {
    "i": "79a020",
    "r": "B-2372",
    "it": "A320",
    "y": null,
    "m": null,
    "mo": "Airbus A320-214",
    "o": null,
    "st": "L2J",
    "ml": false
  },
  "79a047": {
    "i": "79a047",
    "r": "B-2229",
    "it": "A320",
    "y": null,
    "m": null,
    "mo": "Airbus A320-214",
    "o": null,
    "st": "L2J",
    "ml": false
  },
  "79a04d": {
    "i": "79a04d",
    "r": "B-6003",
    "it": "A320",
    "y": null,
    "m": null,
    "mo": "Airbus A320-214",
    "o": null,
    "st": "L2J",
    "ml": false
  },
  "79a071": {
    "i": "79a071",
    "r": "B-6059",
    "it": "A332",
    "y": null,
    "m": null,
    "mo": "Airbus A330-243",
    "o": null,
    "st": "L2J",
    "ml": false
  },
  "798033": {
    "i": "798033",
    "r": "B-6032",
    "it": "A319",
    "y": null,
    "m": null,
    "mo": "Airbus A319-132",
    "o": null,
    "st": "L2J",
    "ml": false
  },
  "79a011": {
    "i": "79a011",
    "r": "B-2356",
    "it": "A320",
    "y": null,
    "m": null,
    "mo": "Airbus A320-214",
    "o": null,
    "st": "L2J",
    "ml": false
  },
  "79a051": {
    "i": "79a051",
    "r": "B-6008",
    "it": "A320",
    "y": null,
    "m": null,
    "mo": "Airbus A320-214",
    "o": null,
    "st": "L2J",
    "ml": false
  },
  "79a074": {
    "i": "79a074",
    "r": "B-2412",
    "it": "A320",
    "y": null,
    "m": null,
    "mo": "Airbus A320-214",
    "o": null,
    "st": "L2J",
    "ml": false
  },
  "79800d": {
    "i": "79800d",
    "r": "B-2325",
    "it": "A306",
    "y": null,
    "m": null,
    "mo": "Airbus A300 B4-605RF",
    "o": null,
    "st": "L2J",
    "ml": false
  },
  "798034": {
    "i": "798034",
    "r": "B-6033",
    "it": "A319",
    "y": null,
    "m": null,
    "mo": "Airbus A319-132",
    "o": null,
    "st": "L2J",
    "ml": false
  },
  "79a014": {
    "i": "79a014",
    "r": "B-2359",
    "it": "A320",
    "y": null,
    "m": null,
    "mo": "Airbus A320-214",
    "o": null,
    "st": "L2J",
    "ml": false
  },
  "79a075": {
    "i": "79a075",
    "r": "B-2413",
    "it": "A320",
    "y": null,
    "m": null,
    "mo": "Airbus A320-214",
    "o": null,
    "st": "L2J",
    "ml": false
  },
  "79a02f": {
    "i": "79a02f",
    "r": "B-2395",
    "it": "A320",
    "y": null,
    "m": null,
    "mo": "Airbus A320-232",
    "o": null,
    "st": "L2J",
    "ml": false
  },
  "798007": {
    "i": "798007",
    "r": "B-2319",
    "it": "A306",
    "y": null,
    "m": null,
    "mo": "Airbus A300 B4-622RF",
    "o": null,
    "st": "L2J",
    "ml": false
  },
  "79a03c": {
    "i": "79a03c",
    "r": "B-2335",
    "it": "A320",
    "y": null,
    "m": null,
    "mo": "Airbus A320-214",
    "o": null,
    "st": "L2J",
    "ml": false
  }
}