{
  "7a42a8": {
    "i": "7a42a8",
    "r": "789",
    "it": "Y20",
    "y": null,
    "m": null,
    "mo": "",
    "o": null,
    "st": "L4J",
    "ml": true
  },
  "7a4219": {
    "i": "7a4219",
    "r": "10153",
    "it": "ZZZZ",
    "y": null,
    "m": null,
    "mo": "Shaanxi Y-9",
    "o": null,
    "st": "-0-",
    "ml": true
  },
  "7a425c": {
    "i": "7a425c",
    "r": "11151",
    "it": "Y20",
    "y": null,
    "m": null,
    "mo": "Xian Y-20A",
    "o": null,
    "st": "L4J",
    "ml": true
  },
  "7a49df": {
    "i": "7a49df",
    "r": "LH905956",
    "it": "AS65",
    "y": null,
    "m": null,
    "mo": "",
    "o": null,
    "st": "H2T",
    "ml": true
  },
  "7a427e": {
    "i": "7a427e",
    "r": "53055",
    "it": "ZZZZ",
    "y": null,
    "m": null,
    "mo": "Shaanxi KJ-500",
    "o": null,
    "st": "-0-",
    "ml": true
  },
  "7a428c": {
    "i": "7a428c",
    "r": "20143",
    "it": "Y20",
    "y": null,
    "m": null,
    "mo": "",
    "o": null,
    "st": "L4J",
    "ml": true
  },
  "7a43ea": {
    "i": "7a43ea",
    "r": "20842",
    "it": "Y20",
    "y": null,
    "m": null,
    "mo": "",
    "o": null,
    "st": "L4J",
    "ml": true
  },
  "7a4450": {
    "i": "7a4450",
    "r": "20846",
    "it": "Y20",
    "y": null,
    "m": null,
    "mo": "",
    "o": null,
    "st": "L4J",
    "ml": true
  },
  "7a4252": {
    "i": "7a4252",
    "r": "10256",
    "it": "ZZZZ",
    "y": null,
    "m": null,
    "mo": "Shaanxi Y-9YL",
    "o": null,
    "st": "-0-",
    "ml": true
  },
  "7a4253": {
    "i": "7a4253",
    "r": "11058",
    "it": "Y20",
    "y": null,
    "m": null,
    "mo": "",
    "o": null,
    "st": "L4J",
    "ml": true
  },
  "7a427f": {
    "i": "7a427f",
    "r": "20047",
    "it": "Y20",
    "y": null,
    "m": null,
    "mo": "",
    "o": null,
    "st": "L4J",
    "ml": true
  },
  "7a429e": {
    "i": "7a429e",
    "r": "30174",
    "it": "AN12",
    "y": null,
    "m": null,
    "mo": "",
    "o": null,
    "st": "L4T",
    "ml": true
  },
  "7a4410": {
    "i": "7a4410",
    "r": "20240",
    "it": "Y20",
    "y": null,
    "m": null,
    "mo": "",
    "o": null,
    "st": "L4J",
    "ml": true
  },
  "7a4940": {
    "i": "7a4940",
    "r": "LH972123",
    "it": "WZ10",
    "y": null,
    "m": null,
    "mo": "",
    "o": null,
    "st": "H2T",
    "ml": true
  },
  "7a4248": {
    "i": "7a4248",
    "r": "11057",
    "it": "Y20",
    "y": null,
    "m": null,
    "mo": "",
    "o": null,
    "st": "L4J",
    "ml": true
  },
  "7a424e": {
    "i": "7a424e",
    "r": "10255",
    "it": "ZZZZ",
    "y": null,
    "m": null,
    "mo": "Shaanxi Y-9",
    "o": null,
    "st": "-0-",
    "ml": true
  },
  "7a42a3": {
    "i": "7a42a3",
    "r": "30079",
    "it": "AN12",
    "y": null,
    "m": null,
    "mo": "Shaanxi KJ-500",
    "o": null,
    "st": "L4T",
    "ml": true
  },
  "7a4411": {
    "i": "7a4411",
    "r": "20241",
    "it": "Y20",
    "y": null,
    "m": null,
    "mo": "",
    "o": null,
    "st": "L4J",
    "ml": true
  },
  "7a4445": {
    "i": "7a4445",
    "r": "11256",
    "it": "Y20",
    "y": null,
    "m": null,
    "mo": "",
    "o": null,
    "st": "L4J",
    "ml": true
  },
  "7a4943": {
    "i": "7a4943",
    "r": "LH972129",
    "it": "WZ10",
    "y": null,
    "m": null,
    "mo": "",
    "o": null,
    "st": "H2T",
    "ml": true
  },
  "7a496f": {
    "i": "7a496f",
    "r": "LH972263",
    "it": "H60",
    "y": null,
    "m": null,
    "mo": "",
    "o": null,
    "st": "H2T",
    "ml": true
  },
  "7a4284": {
    "i": "7a4284",
    "r": "20044",
    "it": "Y20",
    "y": null,
    "m": null,
    "mo": "",
    "o": null,
    "st": "L4J",
    "ml": true
  },
  "7a4285": {
    "i": "7a4285",
    "r": "20045",
    "it": "Y20",
    "y": null,
    "m": null,
    "mo": "",
    "o": null,
    "st": "L4J",
    "ml": true
  },
  "7a428d": {
    "i": "7a428d",
    "r": "20144",
    "it": "Y20",
    "y": null,
    "m": null,
    "mo": "",
    "o": null,
    "st": "L4J",
    "ml": true
  },
  "7a4403": {
    "i": "7a4403",
    "r": "11252",
    "it": "Y20",
    "y": null,
    "m": null,
    "mo": "",
    "o": null,
    "st": "L4J",
    "ml": true
  },
  "7a4942": {
    "i": "7a4942",
    "r": "LH972128",
    "it": "WZ10",
    "y": null,
    "m": null,
    "mo": "",
    "o": null,
    "st": "H2T",
    "ml": true
  },
  "7a49de": {
    "i": "7a49de",
    "r": "LH905955",
    "it": "AS65",
    "y": null,
    "m": null,
    "mo": "",
    "o": null,
    "st": "H2T",
    "ml": true
  },
  "7a41b1": {
    "i": "7a41b1",
    "r": "7410",
    "it": "ZZZZ",
    "y": null,
    "m": null,
    "mo": "Shaanxi Y-9FQ",
    "o": null,
    "st": "-0-",
    "ml": false
  },
  "7a4282": {
    "i": "7a4282",
    "r": "20042",
    "it": "Y20",
    "y": null,
    "m": null,
    "mo": "",
    "o": null,
    "st": "L4J",
    "ml": true
  },
  "7a494f": {
    "i": "7a494f",
    "r": "LH972705",
    "it": "MI8",
    "y": null,
    "m": null,
    "mo": "",
    "o": null,
    "st": "H2T",
    "ml": true
  },
  "7a428f": {
    "i": "7a428f",
    "r": "20841",
    "it": "Y20",
    "y": null,
    "m": null,
    "mo": "",
    "o": null,
    "st": "L4J",
    "ml": true
  },
  "7a42a7": {
    "i": "7a42a7",
    "r": "787",
    "it": "Y20",
    "y": null,
    "m": null,
    "mo": "",
    "o": null,
    "st": "L4J",
    "ml": true
  },
  "7a4400": {
    "i": "7a4400",
    "r": "20148",
    "it": "Y20",
    "y": null,
    "m": null,
    "mo": "",
    "o": null,
    "st": "L4J",
    "ml": true
  },
  "7a4416": {
    "i": "7a4416",
    "r": "20843",
    "it": "Y20",
    "y": null,
    "m": null,
    "mo": "",
    "o": null,
    "st": "L4J",
    "ml": true
  },
  "7a42b0": {
    "i": "7a42b0",
    "r": "7409",
    "it": "ZZZZ",
    "y": null,
    "m": null,
    "mo": "Shaanxi Y-9FQ",
    "o": null,
    "st": "-0-",
    "ml": false
  },
  "7a4418": {
    "i": "7a4418",
    "r": "20242",
    "it": "Y20",
    "y": null,
    "m": null,
    "mo": "",
    "o": null,
    "st": "L4J",
    "ml": true
  },
  "7a443f": {
    "i": "7a443f",
    "r": "20246",
    "it": "Y20",
    "y": null,
    "m": null,
    "mo": "",
    "o": null,
    "st": "L4J",
    "ml": true
  },
  "7a4893": {
    "i": "7a4893",
    "r": "LH951119",
    "it": "WZ10",
    "y": null,
    "m": null,
    "mo": "",
    "o": null,
    "st": "H2T",
    "ml": true
  },
  "7a491a": {
    "i": "7a491a",
    "r": "LH981127",
    "it": "WZ10",
    "y": null,
    "m": null,
    "mo": "",
    "o": null,
    "st": "H2T",
    "ml": true
  },
  "7a4934": {
    "i": "7a4934",
    "r": "LH972918",
    "it": "AS65",
    "y": null,
    "m": null,
    "mo": "",
    "o": null,
    "st": "H2T",
    "ml": true
  },
  "7a42b3": {
    "i": "7a42b3",
    "r": "7412",
    "it": "ZZZZ",
    "y": null,
    "m": null,
    "mo": "Shaanxi Y-9FQ",
    "o": null,
    "st": "-0-",
    "ml": false
  },
  "7a43ff": {
    "i": "7a43ff",
    "r": "20147",
    "it": "Y20",
    "y": null,
    "m": null,
    "mo": "",
    "o": null,
    "st": "L4J",
    "ml": true
  },
  "7a4402": {
    "i": "7a4402",
    "r": "11251",
    "it": "Y20",
    "y": null,
    "m": null,
    "mo": "",
    "o": null,
    "st": "L4J",
    "ml": true
  },
  "7a4218": {
    "i": "7a4218",
    "r": "10151",
    "it": "ZZZZ",
    "y": null,
    "m": null,
    "mo": "Shaanxi Y-9",
    "o": null,
    "st": "-0-",
    "ml": true
  },
  "7a427c": {
    "i": "7a427c",
    "r": "30270",
    "it": "ZZZZ",
    "y": null,
    "m": null,
    "mo": "Shaanxi KJ-500",
    "o": null,
    "st": "-0-",
    "ml": true
  },
  "7a427d": {
    "i": "7a427d",
    "r": "30370",
    "it": "ZZZZ",
    "y": null,
    "m": null,
    "mo": "Shaanxi KJ-500",
    "o": null,
    "st": "-0-",
    "ml": true
  },
  "7a42a2": {
    "i": "7a42a2",
    "r": "30078",
    "it": "ZZZZ",
    "y": null,
    "m": null,
    "mo": "Shaanxi KJ-500",
    "o": null,
    "st": "-0-",
    "ml": true
  },
  "7a4401": {
    "i": "7a4401",
    "r": "20149",
    "it": "Y20",
    "y": null,
    "m": null,
    "mo": "",
    "o": null,
    "st": "L4J",
    "ml": true
  },
  "7a493d": {
    "i": "7a493d",
    "r": "LH972116",
    "it": "WZ10",
    "y": null,
    "m": null,
    "mo": "",
    "o": null,
    "st": "H2T",
    "ml": true
  },
  "7a49d2": {
    "i": "7a49d2",
    "r": "LH905928",
    "it": "AS65",
    "y": null,
    "m": null,
    "mo": "",
    "o": null,
    "st": "H2T",
    "ml": true
  },
  "7a4246": {
    "i": "7a4246",
    "r": "11055",
    "it": "Y20",
    "y": null,
    "m": null,
    "mo": "",
    "o": null,
    "st": "L4J",
    "ml": true
  },
  "7a4419": {
    "i": "7a4419",
    "r": "20243",
    "it": "Y20",
    "y": null,
    "m": null,
    "mo": "",
    "o": null,
    "st": "L4J",
    "ml": true
  },
  "7a4896": {
    "i": "7a4896",
    "r": "LH951122",
    "it": "WZ10",
    "y": null,
    "m": null,
    "mo": "",
    "o": null,
    "st": "H2T",
    "ml": true
  },
  "7a495d": {
    "i": "7a495d",
    "r": "LH972750",
    "it": "MI8",
    "y": null,
    "m": null,
    "mo": "",
    "o": null,
    "st": "H2T",
    "ml": true
  },
  "7a49ee": {
    "i": "7a49ee",
    "r": "LH905909",
    "it": "AS65",
    "y": null,
    "m": null,
    "mo": "",
    "o": null,
    "st": "H2T",
    "ml": true
  },
  "7a429d": {
    "i": "7a429d",
    "r": "30178",
    "it": "ZZZZ",
    "y": null,
    "m": null,
    "mo": "Shaanxi KJ-500",
    "o": null,
    "st": "-0-",
    "ml": true
  },
  "7a429f": {
    "i": "7a429f",
    "r": "30171",
    "it": "AN12",
    "y": null,
    "m": null,
    "mo": "",
    "o": null,
    "st": "L4T",
    "ml": true
  },
  "7a492e": {
    "i": "7a492e",
    "r": "LH972916",
    "it": "AS65",
    "y": null,
    "m": null,
    "mo": "",
    "o": null,
    "st": "H2T",
    "ml": true
  },
  "7a4203": {
    "i": "7a4203",
    "r": "20643",
    "it": "IL76",
    "y": null,
    "m": null,
    "mo": "Ilyushin Il-78",
    "o": null,
    "st": "L4J",
    "ml": true
  },
  "7a4207": {
    "i": "7a4207",
    "r": "20550",
    "it": "IL76",
    "y": null,
    "m": null,
    "mo": "Ilyushin IL-76MD",
    "o": null,
    "st": "L4J",
    "ml": true
  },
  "7a4223": {
    "i": "7a4223",
    "r": "30271",
    "it": "ZZZZ",
    "y": null,
    "m": null,
    "mo": "Shaanxi KJ-500",
    "o": null,
    "st": "-0-",
    "ml": true
  },
  "7a4243": {
    "i": "7a4243",
    "r": "11051",
    "it": "Y20",
    "y": null,
    "m": null,
    "mo": "",
    "o": null,
    "st": "L4J",
    "ml": true
  },
  "7a4283": {
    "i": "7a4283",
    "r": "20043",
    "it": "Y20",
    "y": null,
    "m": null,
    "mo": "",
    "o": null,
    "st": "L4J",
    "ml": true
  },
  "7a448f": {
    "i": "7a448f",
    "r": "11550",
    "it": "Y20",
    "y": null,
    "m": null,
    "mo": "",
    "o": null,
    "st": "L4J",
    "ml": true
  },
  "7a4895": {
    "i": "7a4895",
    "r": "LH951121",
    "it": "WZ10",
    "y": null,
    "m": null,
    "mo": "",
    "o": null,
    "st": "H2T",
    "ml": true
  },
  "7a424d": {
    "i": "7a424d",
    "r": "10254",
    "it": "ZZZZ",
    "y": null,
    "m": null,
    "mo": "Shaanxi Y-9",
    "o": null,
    "st": "-0-",
    "ml": true
  },
  "7a4254": {
    "i": "7a4254",
    "r": "11059",
    "it": "Y20",
    "y": null,
    "m": null,
    "mo": "",
    "o": null,
    "st": "L4J",
    "ml": true
  },
  "7a431a": {
    "i": "7a431a",
    "r": "82011",
    "it": "AN12",
    "y": null,
    "m": null,
    "mo": "Shaanxi Y-8Q ASW",
    "o": null,
    "st": "L4T",
    "ml": true
  },
  "7a443a": {
    "i": "7a443a",
    "r": "31116",
    "it": "ZZZZ",
    "y": null,
    "m": null,
    "mo": "Shaanxi KJ-500A",
    "o": null,
    "st": "-0-",
    "ml": true
  },
  "7a49cf": {
    "i": "7a49cf",
    "r": "LH905921",
    "it": "AS65",
    "y": null,
    "m": null,
    "mo": "",
    "o": null,
    "st": "H2T",
    "ml": true
  },
  "7a4222": {
    "i": "7a4222",
    "r": "30071",
    "it": "AN12",
    "y": null,
    "m": null,
    "mo": "",
    "o": null,
    "st": "L4T",
    "ml": true
  },
  "7a4289": {
    "i": "7a4289",
    "r": "20141",
    "it": "Y20",
    "y": null,
    "m": null,
    "mo": "",
    "o": null,
    "st": "L4J",
    "ml": true
  },
  "7a43fa": {
    "i": "7a43fa",
    "r": "30211",
    "it": "ZZZZ",
    "y": null,
    "m": null,
    "mo": "",
    "o": null,
    "st": "-0-",
    "ml": true
  },
  "7a49c4": {
    "i": "7a49c4",
    "r": "LH905906",
    "it": "AS65",
    "y": null,
    "m": null,
    "mo": "",
    "o": null,
    "st": "H2T",
    "ml": true
  },
  "7a4221": {
    "i": "7a4221",
    "r": "21042",
    "it": "IL76",
    "y": null,
    "m": null,
    "mo": "Ilyushin IL-76 MD",
    "o": null,
    "st": "L4J",
    "ml": true
  },
  "7a4258": {
    "i": "7a4258",
    "r": "10150",
    "it": "ZZZZ",
    "y": null,
    "m": null,
    "mo": "Shaanxi Y-9",
    "o": null,
    "st": "-0-",
    "ml": true
  },
  "7a429b": {
    "i": "7a429b",
    "r": "30176",
    "it": "ZZZZ",
    "y": null,
    "m": null,
    "mo": "Shaanxi KJ-500",
    "o": null,
    "st": "-0-",
    "ml": true
  },
  "7a4455": {
    "i": "7a4455",
    "r": "20248",
    "it": "Y20",
    "y": null,
    "m": null,
    "mo": "",
    "o": null,
    "st": "L4J",
    "ml": true
  },
  "7a4937": {
    "i": "7a4937",
    "r": "LH972103",
    "it": "WZ10",
    "y": null,
    "m": null,
    "mo": "",
    "o": null,
    "st": "H2T",
    "ml": true
  },
  "7a426c": {
    "i": "7a426c",
    "r": "11157",
    "it": "Y20",
    "y": null,
    "m": null,
    "mo": "Xian Y-20A",
    "o": null,
    "st": "L4J",
    "ml": true
  },
  "7a445f": {
    "i": "7a445f",
    "r": "20849",
    "it": "Y20",
    "y": null,
    "m": null,
    "mo": "",
    "o": null,
    "st": "L4J",
    "ml": true
  },
  "7a4201": {
    "i": "7a4201",
    "r": "20641",
    "it": "IL76",
    "y": null,
    "m": null,
    "mo": "Ilyushin Il-78",
    "o": null,
    "st": "L4J",
    "ml": true
  },
  "7a4287": {
    "i": "7a4287",
    "r": "20049",
    "it": "Y20",
    "y": null,
    "m": null,
    "mo": "",
    "o": null,
    "st": "L4J",
    "ml": true
  },
  "7a42a6": {
    "i": "7a42a6",
    "r": "30077",
    "it": "ZZZZ",
    "y": null,
    "m": null,
    "mo": "Shaanxi KJ-500",
    "o": null,
    "st": "-0-",
    "ml": true
  },
  "7a49c3": {
    "i": "7a49c3",
    "r": "LH905905",
    "it": "AS65",
    "y": null,
    "m": null,
    "mo": "",
    "o": null,
    "st": "H2T",
    "ml": true
  },
  "7a49da": {
    "i": "7a49da",
    "r": "LH905939",
    "it": "AS65",
    "y": null,
    "m": null,
    "mo": "",
    "o": null,
    "st": "H2T",
    "ml": true
  },
  "7a43f2": {
    "i": "7a43f2",
    "r": "30477",
    "it": "ZZZZ",
    "y": null,
    "m": null,
    "mo": "",
    "o": null,
    "st": "-0-",
    "ml": true
  },
  "7a4948": {
    "i": "7a4948",
    "r": "LH972150",
    "it": "WZ10",
    "y": null,
    "m": null,
    "mo": "",
    "o": null,
    "st": "H2T",
    "ml": true
  },
  "7a426b": {
    "i": "7a426b",
    "r": "11156",
    "it": "Y20",
    "y": null,
    "m": null,
    "mo": "",
    "o": null,
    "st": "L4J",
    "ml": true
  },
  "7a42a0": {
    "i": "7a42a0",
    "r": "30173",
    "it": "ZZZZ",
    "y": null,
    "m": null,
    "mo": "",
    "o": null,
    "st": "-0-",
    "ml": true
  },
  "7a4440": {
    "i": "7a4440",
    "r": "20845",
    "it": "Y20",
    "y": null,
    "m": null,
    "mo": "",
    "o": null,
    "st": "L4J",
    "ml": true
  },
  "7a495a": {
    "i": "7a495a",
    "r": "LH972730",
    "it": "MI8",
    "y": null,
    "m": null,
    "mo": "",
    "o": null,
    "st": "H2T",
    "ml": true
  },
  "7a495b": {
    "i": "7a495b",
    "r": "LH972731",
    "it": "MI8",
    "y": null,
    "m": null,
    "mo": "",
    "o": null,
    "st": "H2T",
    "ml": true
  },
  "7a4226": {
    "i": "7a4226",
    "r": "B-4074",
    "it": "EC25",
    "y": null,
    "m": null,
    "mo": "",
    "o": null,
    "st": "H2T",
    "ml": true
  },
  "7a428a": {
    "i": "7a428a",
    "r": "20142",
    "it": "Y20",
    "y": null,
    "m": null,
    "mo": "",
    "o": null,
    "st": "L4J",
    "ml": true
  },
  "7a42b2": {
    "i": "7a42b2",
    "r": "7411",
    "it": "ZZZZ",
    "y": null,
    "m": null,
    "mo": "Shaanxi Y-9FQ",
    "o": null,
    "st": "-0-",
    "ml": true
  },
  "7a486d": {
    "i": "7a486d",
    "r": "LH981101",
    "it": "WZ10",
    "y": null,
    "m": null,
    "mo": "",
    "o": null,
    "st": "H2T",
    "ml": true
  },
  "7a4931": {
    "i": "7a4931",
    "r": "LH96930",
    "it": "AS65",
    "y": null,
    "m": null,
    "mo": "",
    "o": null,
    "st": "H2T",
    "ml": true
  },
  "7a4939": {
    "i": "7a4939",
    "r": "LH972106",
    "it": "WZ10",
    "y": null,
    "m": null,
    "mo": "",
    "o": null,
    "st": "H2T",
    "ml": true
  },
  "7aa30b": {
    "i": "7aa30b",
    "r": "B-4073",
    "it": "EC25",
    "y": null,
    "m": null,
    "mo": "",
    "o": null,
    "st": "H2T",
    "ml": true
  },
  "7a427b": {
    "i": "7a427b",
    "r": "30179",
    "it": "ZZZZ",
    "y": null,
    "m": null,
    "mo": "Shaanxi KJ-500",
    "o": null,
    "st": "-0-",
    "ml": true
  },
  "7a493c": {
    "i": "7a493c",
    "r": "LH972113",
    "it": "WZ10",
    "y": null,
    "m": null,
    "mo": "",
    "o": null,
    "st": "H2T",
    "ml": true
  },
  "7a4959": {
    "i": "7a4959",
    "r": "LH972725",
    "it": "MI8",
    "y": null,
    "m": null,
    "mo": "",
    "o": null,
    "st": "H2T",
    "ml": true
  },
  "7a4249": {
    "i": "7a4249",
    "r": "10251",
    "it": "ZZZZ",
    "y": null,
    "m": null,
    "mo": "Shaanxi Y-9",
    "o": null,
    "st": "-0-",
    "ml": true
  },
  "7a429c": {
    "i": "7a429c",
    "r": "30177",
    "it": "AN12",
    "y": null,
    "m": null,
    "mo": "Shaanxi KJ-500",
    "o": null,
    "st": "L4T",
    "ml": true
  },
  "7a42a4": {
    "i": "7a42a4",
    "r": "30075",
    "it": "AN12",
    "y": null,
    "m": null,
    "mo": "Shaanxi Y-8",
    "o": null,
    "st": "L4T",
    "ml": true
  },
  "7a4946": {
    "i": "7a4946",
    "r": "LH972136",
    "it": "WZ10",
    "y": null,
    "m": null,
    "mo": "",
    "o": null,
    "st": "H2T",
    "ml": true
  },
  "7aa759": {
    "i": "7aa759",
    "r": "B-4188",
    "it": "LJ35",
    "y": null,
    "m": null,
    "mo": "Gates Learjet 35 A",
    "o": null,
    "st": "L2J",
    "ml": false
  },
  "7a444f": {
    "i": "7a444f",
    "r": "20543",
    "it": "Y20",
    "y": null,
    "m": null,
    "mo": "",
    "o": null,
    "st": "L4J",
    "ml": true
  },
  "7a420c": {
    "i": "7a420c",
    "r": "21146",
    "it": "IL76",
    "y": null,
    "m": null,
    "mo": "",
    "o": null,
    "st": "L4J",
    "ml": true
  },
  "7a424f": {
    "i": "7a424f",
    "r": "10651",
    "it": "ZZZZ",
    "y": null,
    "m": null,
    "mo": "Shaanxi Y-9",
    "o": null,
    "st": "-0-",
    "ml": true
  },
  "7a425e": {
    "i": "7a425e",
    "r": "11153",
    "it": "Y20",
    "y": null,
    "m": null,
    "mo": "Xian Y-20 A",
    "o": null,
    "st": "L4J",
    "ml": true
  },
  "7a426d": {
    "i": "7a426d",
    "r": "11158",
    "it": "Y20",
    "y": null,
    "m": null,
    "mo": "",
    "o": null,
    "st": "L4J",
    "ml": true
  },
  "7a427a": {
    "i": "7a427a",
    "r": "B-4086",
    "it": "B738",
    "y": null,
    "m": null,
    "mo": "",
    "o": null,
    "st": "L2J",
    "ml": true
  },
  "7a43fe": {
    "i": "7a43fe",
    "r": "20146",
    "it": "Y20",
    "y": null,
    "m": null,
    "mo": "",
    "o": null,
    "st": "L4J",
    "ml": true
  },
  "7a4444": {
    "i": "7a4444",
    "r": "11255",
    "it": "Y20",
    "y": null,
    "m": null,
    "mo": "",
    "o": null,
    "st": "L4J",
    "ml": true
  },
  "7a4465": {
    "i": "7a4465",
    "r": "20647",
    "it": "Y20",
    "y": null,
    "m": null,
    "mo": "",
    "o": null,
    "st": "L4J",
    "ml": true
  },
  "7a4914": {
    "i": "7a4914",
    "r": "LH981115",
    "it": "WZ10",
    "y": null,
    "m": null,
    "mo": "",
    "o": null,
    "st": "H2T",
    "ml": true
  },
  "7a495c": {
    "i": "7a495c",
    "r": "LH972735",
    "it": "MI8",
    "y": null,
    "m": null,
    "mo": "",
    "o": null,
    "st": "H2T",
    "ml": true
  },
  "7a4280": {
    "i": "7a4280",
    "r": "20048",
    "it": "Y20",
    "y": null,
    "m": null,
    "mo": "",
    "o": null,
    "st": "L4J",
    "ml": true
  },
  "7a424b": {
    "i": "7a424b",
    "r": "10252",
    "it": "ZZZZ",
    "y": null,
    "m": null,
    "mo": "Shaanxi Y-9",
    "o": null,
    "st": "-0-",
    "ml": true
  },
  "7a426f": {
    "i": "7a426f",
    "r": "11250",
    "it": "Y20",
    "y": null,
    "m": null,
    "mo": "",
    "o": null,
    "st": "L4J",
    "ml": true
  },
  "7a429a": {
    "i": "7a429a",
    "r": "53053",
    "it": "AN12",
    "y": null,
    "m": null,
    "mo": "Shaanxi KJ-500",
    "o": null,
    "st": "L4T",
    "ml": true
  },
  "7a4417": {
    "i": "7a4417",
    "r": "20844",
    "it": "Y20",
    "y": null,
    "m": null,
    "mo": "",
    "o": null,
    "st": "L4J",
    "ml": true
  },
  "7a4431": {
    "i": "7a4431",
    "r": "B-4069",
    "it": "CRJ7",
    "y": null,
    "m": null,
    "mo": "",
    "o": null,
    "st": "L2J",
    "ml": true
  },
  "7a444d": {
    "i": "7a444d",
    "r": "20544",
    "it": "Y20",
    "y": null,
    "m": null,
    "mo": "",
    "o": null,
    "st": "L4J",
    "ml": true
  },
  "7a493a": {
    "i": "7a493a",
    "r": "LH972109",
    "it": "WZ10",
    "y": null,
    "m": null,
    "mo": "",
    "o": null,
    "st": "H2T",
    "ml": true
  },
  "7a4952": {
    "i": "7a4952",
    "r": "LH972710",
    "it": "MI8",
    "y": null,
    "m": null,
    "mo": "",
    "o": null,
    "st": "H2T",
    "ml": true
  },
  "7a49dc": {
    "i": "7a49dc",
    "r": "LH905951",
    "it": "AS65",
    "y": null,
    "m": null,
    "mo": "",
    "o": null,
    "st": "H2T",
    "ml": true
  },
  "7a4230": {
    "i": "7a4230",
    "r": "30072",
    "it": "AN12",
    "y": null,
    "m": null,
    "mo": "",
    "o": null,
    "st": "L4T",
    "ml": true
  },
  "7a4256": {
    "i": "7a4256",
    "r": "10655",
    "it": "ZZZZ",
    "y": null,
    "m": null,
    "mo": "Shaanxi Y-9",
    "o": null,
    "st": "-0-",
    "ml": true
  },
  "7a425b": {
    "i": "7a425b",
    "r": "11150",
    "it": "Y20",
    "y": null,
    "m": null,
    "mo": "",
    "o": null,
    "st": "L4J",
    "ml": true
  },
  "7a425f": {
    "i": "7a425f",
    "r": "11155",
    "it": "Y20",
    "y": null,
    "m": null,
    "mo": "Xian Y-20A",
    "o": null,
    "st": "L4J",
    "ml": true
  },
  "7a426e": {
    "i": "7a426e",
    "r": "11159",
    "it": "Y20",
    "y": null,
    "m": null,
    "mo": "",
    "o": null,
    "st": "L4J",
    "ml": true
  },
  "7a431c": {
    "i": "7a431c",
    "r": "82013",
    "it": "AN12",
    "y": null,
    "m": null,
    "mo": "Shaanxi KJ-500",
    "o": null,
    "st": "L4T",
    "ml": true
  },
  "7a48de": {
    "i": "7a48de",
    "r": "LH992119",
    "it": "WZ10",
    "y": null,
    "m": null,
    "mo": "",
    "o": null,
    "st": "H2T",
    "ml": true
  },
  "7a4262": {
    "i": "7a4262",
    "r": "30518",
    "it": "AN12",
    "y": null,
    "m": null,
    "mo": "",
    "o": null,
    "st": "L4T",
    "ml": true
  },
  "7a426a": {
    "i": "7a426a",
    "r": "10052",
    "it": "ZZZZ",
    "y": null,
    "m": null,
    "mo": "Shaanxi Y-9",
    "o": null,
    "st": "-0-",
    "ml": true
  },
  "7a4279": {
    "i": "7a4279",
    "r": "B-4085",
    "it": "B738",
    "y": null,
    "m": null,
    "mo": "",
    "o": null,
    "st": "L2J",
    "ml": false
  },
  "7a42b4": {
    "i": "7a42b4",
    "r": "7413",
    "it": "ZZZZ",
    "y": null,
    "m": null,
    "mo": "Shaanxi Y-9FQ",
    "o": null,
    "st": "-0-",
    "ml": false
  },
  "7a444e": {
    "i": "7a444e",
    "r": "20848",
    "it": "Y20",
    "y": null,
    "m": null,
    "mo": "",
    "o": null,
    "st": "L4J",
    "ml": true
  },
  "7a483a": {
    "i": "7a483a",
    "r": "LH962761",
    "it": "MI8",
    "y": null,
    "m": null,
    "mo": "",
    "o": null,
    "st": "H2T",
    "ml": true
  },
  "7a4923": {
    "i": "7a4923",
    "r": "LH921752",
    "it": "MI8",
    "y": null,
    "m": null,
    "mo": "",
    "o": null,
    "st": "H2T",
    "ml": true
  },
  "7a493f": {
    "i": "7a493f",
    "r": "LH972122",
    "it": "WZ10",
    "y": null,
    "m": null,
    "mo": "",
    "o": null,
    "st": "H2T",
    "ml": true
  },
  "7a4247": {
    "i": "7a4247",
    "r": "11056",
    "it": "Y20",
    "y": null,
    "m": null,
    "mo": "",
    "o": null,
    "st": "L4J",
    "ml": true
  },
  "7a449c": {
    "i": "7a449c",
    "r": "31212",
    "it": "ZZZZ",
    "y": null,
    "m": null,
    "mo": "",
    "o": null,
    "st": "-0-",
    "ml": true
  },
  "7a49d8": {
    "i": "7a49d8",
    "r": "LH905937",
    "it": "AS65",
    "y": null,
    "m": null,
    "mo": "",
    "o": null,
    "st": "H2T",
    "ml": true
  },
  "7a4215": {
    "i": "7a4215",
    "r": "10146",
    "it": "ZZZZ",
    "y": null,
    "m": null,
    "mo": "Shaanxi Y-9",
    "o": null,
    "st": "-0-",
    "ml": true
  },
  "7a4244": {
    "i": "7a4244",
    "r": "11052",
    "it": "Y20",
    "y": null,
    "m": null,
    "mo": "",
    "o": null,
    "st": "L4J",
    "ml": true
  },
  "7a4286": {
    "i": "7a4286",
    "r": "20046",
    "it": "Y20",
    "y": null,
    "m": null,
    "mo": "",
    "o": null,
    "st": "L4J",
    "ml": true
  },
  "7a428e": {
    "i": "7a428e",
    "r": "20145",
    "it": "Y20",
    "y": null,
    "m": null,
    "mo": "",
    "o": null,
    "st": "L4J",
    "ml": true
  },
  "7a42a1": {
    "i": "7a42a1",
    "r": "30170",
    "it": "ZZZZ",
    "y": null,
    "m": null,
    "mo": "Shaanxi KJ-500",
    "o": null,
    "st": "-0-",
    "ml": true
  },
  "7a442b": {
    "i": "7a442b",
    "r": "20244",
    "it": "Y20",
    "y": null,
    "m": null,
    "mo": "",
    "o": null,
    "st": "L4J",
    "ml": true
  },
  "7a4460": {
    "i": "7a4460",
    "r": "20940",
    "it": "Y20",
    "y": null,
    "m": null,
    "mo": "",
    "o": null,
    "st": "L4J",
    "ml": true
  },
  "7a4957": {
    "i": "7a4957",
    "r": "LH972719",
    "it": "MI8",
    "y": null,
    "m": null,
    "mo": "",
    "o": null,
    "st": "H2T",
    "ml": true
  },
  "7a4965": {
    "i": "7a4965",
    "r": "LH972226",
    "it": "H60",
    "y": null,
    "m": null,
    "mo": "",
    "o": null,
    "st": "H2T",
    "ml": true
  },
  "7a49bc": {
    "i": "7a49bc",
    "r": "LH921756",
    "it": "MI8",
    "y": null,
    "m": null,
    "mo": "",
    "o": null,
    "st": "H2T",
    "ml": false
  },
  "7a443e": {
    "i": "7a443e",
    "r": "20245",
    "it": "Y20",
    "y": null,
    "m": null,
    "mo": "",
    "o": null,
    "st": "L4J",
    "ml": true
  },
  "7a449b": {
    "i": "7a449b",
    "r": "31211",
    "it": "ZZZZ",
    "y": null,
    "m": null,
    "mo": "",
    "o": null,
    "st": "-0-",
    "ml": true
  },
  "7a4958": {
    "i": "7a4958",
    "r": "LH972723",
    "it": "MI8",
    "y": null,
    "m": null,
    "mo": "",
    "o": null,
    "st": "H2T",
    "ml": true
  },
  "7a4245": {
    "i": "7a4245",
    "r": "11053",
    "it": "Y20",
    "y": null,
    "m": null,
    "mo": "",
    "o": null,
    "st": "L4J",
    "ml": true
  },
  "7a424c": {
    "i": "7a424c",
    "r": "10253",
    "it": "ZZZZ",
    "y": null,
    "m": null,
    "mo": "Shaanxi Y-9",
    "o": null,
    "st": "-0-",
    "ml": true
  },
  "7a425a": {
    "i": "7a425a",
    "r": "10659",
    "it": "ZZZZ",
    "y": null,
    "m": null,
    "mo": "Shaanxi Y-9",
    "o": null,
    "st": "-0-",
    "ml": true
  },
  "7a425d": {
    "i": "7a425d",
    "r": "11152",
    "it": "Y20",
    "y": null,
    "m": null,
    "mo": "",
    "o": null,
    "st": "L4J",
    "ml": true
  },
  "7a4288": {
    "i": "7a4288",
    "r": "20140",
    "it": "Y20",
    "y": null,
    "m": null,
    "mo": "",
    "o": null,
    "st": "L4J",
    "ml": true
  },
  "7a492c": {
    "i": "7a492c",
    "r": "LH972900",
    "it": "AS65",
    "y": null,
    "m": null,
    "mo": "",
    "o": null,
    "st": "H2T",
    "ml": true
  },
  "7a493e": {
    "i": "7a493e",
    "r": "LH972120",
    "it": "WZ10",
    "y": null,
    "m": null,
    "mo": "",
    "o": null,
    "st": "H2T",
    "ml": true
  },
  "7a4265": {
    "i": "7a4265",
    "r": "31110",
    "it": "AN12",
    "y": null,
    "m": null,
    "mo": "",
    "o": null,
    "st": "L4T",
    "ml": true
  },
  "7a4281": {
    "i": "7a4281",
    "r": "20041",
    "it": "Y20",
    "y": null,
    "m": null,
    "mo": "Xian Y-20-A",
    "o": null,
    "st": "L4J",
    "ml": true
  },
  "7a431b": {
    "i": "7a431b",
    "r": "82018",
    "it": "AN12",
    "y": null,
    "m": null,
    "mo": "Shaanxi Y-8Q ASW",
    "o": null,
    "st": "L4T",
    "ml": true
  },
  "7a432d": {
    "i": "7a432d",
    "r": "82015",
    "it": "AN12",
    "y": null,
    "m": null,
    "mo": "Shaanxi Y-8Q ASW",
    "o": null,
    "st": "L4T",
    "ml": true
  },
  "7a48f9": {
    "i": "7a48f9",
    "r": "LH982809",
    "it": "FREL",
    "y": null,
    "m": null,
    "mo": "",
    "o": null,
    "st": "H3T",
    "ml": true
  },
  "7a4447": {
    "i": "7a4447",
    "r": null,
    "it": "AN12",
    "y": null,
    "m": "SHAANXI",
    "mo": "Y-8",
    "o": null,
    "st": "L4T",
    "ml": true
  },
  "7a4299": {
    "i": "7a4299",
    "r": "30471",
    "it": "AN12",
    "y": null,
    "m": "SHAANXI",
    "mo": "KJ-500",
    "o": null,
    "st": "L4T",
    "ml": true
  },
  "7a442c": {
    "i": "7a442c",
    "r": "1034",
    "it": "FFLO",
    "y": null,
    "m": null,
    "mo": null,
    "o": null,
    "st": "L1J",
    "ml": true
  },
  "7a442d": {
    "i": "7a442d",
    "r": "0225",
    "it": "FFLO",
    "y": null,
    "m": null,
    "mo": null,
    "o": null,
    "st": "L1J",
    "ml": true
  },
  "7a4298": {
    "i": "7a4298",
    "r": "30470",
    "it": "AN12",
    "y": null,
    "m": "ANTONOV",
    "mo": "An-12",
    "o": null,
    "st": "L4T",
    "ml": true
  },
  "7a43f0": {
    "i": "7a43f0",
    "r": "30475",
    "it": "AN12",
    "y": null,
    "m": "SHAANXI",
    "mo": "KJ-500",
    "o": null,
    "st": "L4T",
    "ml": true
  },
  "7a43ef": {
    "i": "7a43ef",
    "r": "30474",
    "it": "AN12",
    "y": null,
    "m": "SHAANXI",
    "mo": "KJ-500",
    "o": null,
    "st": "L4T",
    "ml": true
  },
  "7a43f1": {
    "i": "7a43f1",
    "r": "30476",
    "it": "AN12",
    "y": null,
    "m": "SHAANXI",
    "mo": "KJ-500",
    "o": null,
    "st": "L4T",
    "ml": true
  },
  "7a43ed": {
    "i": "7a43ed",
    "r": "30472",
    "it": "AN12",
    "y": null,
    "m": "SHAANXI",
    "mo": "KJ-500",
    "o": null,
    "st": "L4T",
    "ml": true
  },
  "7a433a": {
    "i": "7a433a",
    "r": null,
    "it": "AN12",
    "y": null,
    "m": "SHAANXI",
    "mo": "KJ-500",
    "o": null,
    "st": "L4T",
    "ml": true
  },
  "7a43ee": {
    "i": "7a43ee",
    "r": "30473",
    "it": "AN12",
    "y": null,
    "m": "SHAANXI",
    "mo": "KJ-500",
    "o": null,
    "st": "L2T",
    "ml": true
  }
}