{
  "7b7012": {
    "i": "7b7012",
    "r": "LH993759",
    "it": "MI8",
    "y": null,
    "m": null,
    "mo": "",
    "o": null,
    "st": "H2T",
    "ml": true
  },
  "7bb06d": {
    "i": "7bb06d",
    "r": "B-2572",
    "it": "B733",
    "y": null,
    "m": null,
    "mo": "Boeing 737 39P",
    "o": null,
    "st": "L2J",
    "ml": false
  },
  "7bb10a": {
    "i": "7bb10a",
    "r": "B-5082",
    "it": "B738",
    "y": null,
    "m": null,
    "mo": "Boeing 737NG 883",
    "o": null,
    "st": "L2J",
    "ml": false
  },
  "7b0949": {
    "i": "7b0949",
    "r": "B-4065",
    "it": "CRJ7",
    "y": null,
    "m": null,
    "mo": "Canadair Regional-Jet-700",
    "o": null,
    "st": "L2J",
    "ml": true
  },
  "7b1040": {
    "i": "7b1040",
    "r": "SERV",
    "it": "SERV",
    "y": null,
    "m": null,
    "mo": "",
    "o": null,
    "st": "V0-",
    "ml": false
  },
  "7bb026": {
    "i": "7bb026",
    "r": "B-2941",
    "it": "B733",
    "y": null,
    "m": null,
    "mo": "Boeing 737-31B",
    "o": null,
    "st": "L2J",
    "ml": false
  },
  "7bb077": {
    "i": "7bb077",
    "r": "B-2645",
    "it": "B738",
    "y": null,
    "m": null,
    "mo": "Boeing 737-89L",
    "o": null,
    "st": "L2J",
    "ml": false
  },
  "7bb081": {
    "i": "7bb081",
    "r": "B-2648",
    "it": "B738",
    "y": null,
    "m": null,
    "mo": "Boeing 737-89L",
    "o": null,
    "st": "L2J",
    "ml": false
  },
  "7bb099": {
    "i": "7bb099",
    "r": "B-2159",
    "it": "B738",
    "y": null,
    "m": null,
    "mo": "Boeing 737-84P",
    "o": null,
    "st": "L2J",
    "ml": false
  },
  "7bb0c3": {
    "i": "7bb0c3",
    "r": "B-5022",
    "it": "B738",
    "y": null,
    "m": null,
    "mo": "Boeing 737-81B",
    "o": null,
    "st": "L2J",
    "ml": false
  },
  "7bb060": {
    "i": "7bb060",
    "r": "B-2996",
    "it": "B733",
    "y": null,
    "m": null,
    "mo": "Boeing 737 35NF",
    "o": null,
    "st": "L2J",
    "ml": false
  },
  "7bb129": {
    "i": "7bb129",
    "r": "B-5102",
    "it": "B739",
    "y": null,
    "m": null,
    "mo": "Boeing 737-97L",
    "o": null,
    "st": "L2J",
    "ml": false
  },
  "7bd03d": {
    "i": "7bd03d",
    "r": "LH993162",
    "it": "WZ10",
    "y": null,
    "m": null,
    "mo": "",
    "o": null,
    "st": "H2T",
    "ml": true
  },
  "7bb03c": {
    "i": "7bb03c",
    "r": "B-2962",
    "it": "B733",
    "y": null,
    "m": null,
    "mo": "Boeing 737 35NF",
    "o": null,
    "st": "L2J",
    "ml": false
  },
  "7bb040": {
    "i": "7bb040",
    "r": "B-2966",
    "it": "B733",
    "y": null,
    "m": null,
    "mo": "Boeing 737-33A",
    "o": null,
    "st": "L2J",
    "ml": false
  },
  "7bb053": {
    "i": "7bb053",
    "r": "B-2983",
    "it": "B733",
    "y": null,
    "m": null,
    "mo": "Boeing 737-3W0",
    "o": null,
    "st": "L2J",
    "ml": false
  },
  "7bd032": {
    "i": "7bd032",
    "r": "LH993166",
    "it": "WZ10",
    "y": null,
    "m": null,
    "mo": "",
    "o": null,
    "st": "H2T",
    "ml": true
  },
  "7be036": {
    "i": "7be036",
    "r": "LH993729",
    "it": "MI8",
    "y": null,
    "m": null,
    "mo": "",
    "o": null,
    "st": "H2T",
    "ml": true
  },
  "7bb039": {
    "i": "7bb039",
    "r": "B-2959",
    "it": "B733",
    "y": null,
    "m": null,
    "mo": "Boeing 737 31B",
    "o": null,
    "st": "L2J",
    "ml": false
  },
  "7bb06f": {
    "i": "7bb06f",
    "r": "B-2574",
    "it": "B733",
    "y": null,
    "m": null,
    "mo": "Boeing 737-37K",
    "o": null,
    "st": "L2J",
    "ml": false
  },
  "7bb085": {
    "i": "7bb085",
    "r": "B-2913",
    "it": "B737",
    "y": null,
    "m": null,
    "mo": "Boeing 737-76D",
    "o": null,
    "st": "L2J",
    "ml": false
  },
  "7bb0c1": {
    "i": "7bb0c1",
    "r": "B-5020",
    "it": "B738",
    "y": null,
    "m": null,
    "mo": "Boeing 737-81B",
    "o": null,
    "st": "L2J",
    "ml": false
  },
  "7bb12d": {
    "i": "7bb12d",
    "r": "B-5109",
    "it": "B739",
    "y": null,
    "m": null,
    "mo": "Boeing 737-97L",
    "o": null,
    "st": "L2J",
    "ml": false
  },
  "7bb12e": {
    "i": "7bb12e",
    "r": "B-5115",
    "it": "B738",
    "y": null,
    "m": null,
    "mo": "Boeing 737-8FH",
    "o": null,
    "st": "L2J",
    "ml": false
  },
  "7bd014": {
    "i": "7bd014",
    "r": "B-2844",
    "it": "B752",
    "y": null,
    "m": null,
    "mo": "Boeing 757-2Z0",
    "o": null,
    "st": "L2J",
    "ml": false
  },
  "7bb138": {
    "i": "7bb138",
    "r": "B-5216",
    "it": "B737",
    "y": null,
    "m": null,
    "mo": "Boeing 737-75C",
    "o": null,
    "st": "L2J",
    "ml": false
  },
  "7bb0ac": {
    "i": "7bb0ac",
    "r": "B-2657",
    "it": "B738",
    "y": null,
    "m": null,
    "mo": "Boeing 737-89L",
    "o": null,
    "st": "L2J",
    "ml": false
  },
  "7bb153": {
    "i": "7bb153",
    "r": "LH993188",
    "it": "WZ10",
    "y": null,
    "m": null,
    "mo": "",
    "o": null,
    "st": "H2T",
    "ml": true
  },
  "7bd022": {
    "i": "7bd022",
    "r": "B-2859",
    "it": "B752",
    "y": null,
    "m": null,
    "mo": "Boeing 757-28S",
    "o": null,
    "st": "L2J",
    "ml": false
  },
  "7bd024": {
    "i": "7bd024",
    "r": "B-2813",
    "it": "B752",
    "y": null,
    "m": null,
    "mo": "Boeing 757 28S",
    "o": null,
    "st": "L2J",
    "ml": false
  },
  "7bd069": {
    "i": "7bd069",
    "r": "LH905915",
    "it": "AS65",
    "y": null,
    "m": null,
    "mo": "",
    "o": null,
    "st": "H2T",
    "ml": true
  },
  "7bb038": {
    "i": "7bb038",
    "r": "B-4020",
    "it": "B733",
    "y": null,
    "m": null,
    "mo": "Boeing 737 34N",
    "o": null,
    "st": "L2J",
    "ml": false
  },
  "7bb130": {
    "i": "7bb130",
    "r": "B-5111",
    "it": "B738",
    "y": null,
    "m": null,
    "mo": "Boeing 737-85N",
    "o": null,
    "st": "L2J",
    "ml": false
  },
  "7bb169": {
    "i": "7bb169",
    "r": "LH905936",
    "it": "AS65",
    "y": null,
    "m": null,
    "mo": "",
    "o": null,
    "st": "H2T",
    "ml": true
  },
  "7be048": {
    "i": "7be048",
    "r": "LH993726",
    "it": "MI8",
    "y": null,
    "m": null,
    "mo": "",
    "o": null,
    "st": "H2T",
    "ml": true
  },
  "7b1041": {
    "i": "7b1041",
    "r": "SERV",
    "it": "SERV",
    "y": null,
    "m": null,
    "mo": "",
    "o": null,
    "st": "V0-",
    "ml": false
  },
  "7bb108": {
    "i": "7bb108",
    "r": "B-2916",
    "it": "B737",
    "y": null,
    "m": null,
    "mo": "Boeing 737-71B",
    "o": null,
    "st": "L2J",
    "ml": false
  },
  "7bc037": {
    "i": "7bc037",
    "r": "LH993192",
    "it": "WZ10",
    "y": null,
    "m": null,
    "mo": "",
    "o": null,
    "st": "H2T",
    "ml": true
  },
  "7bb022": {
    "i": "7bb022",
    "r": "B-2942",
    "it": "B733",
    "y": null,
    "m": null,
    "mo": "Boeing 737 332F",
    "o": null,
    "st": "L2J",
    "ml": false
  },
  "7bb07b": {
    "i": "7bb07b",
    "r": "B-2503",
    "it": "B737",
    "y": null,
    "m": null,
    "mo": "Boeing 737-7W0",
    "o": null,
    "st": "L2J",
    "ml": false
  },
  "7bb0bf": {
    "i": "7bb0bf",
    "r": "B-2697",
    "it": "B738",
    "y": null,
    "m": null,
    "mo": "Boeing 737-81B",
    "o": null,
    "st": "L2J",
    "ml": false
  },
  "7bb0dd": {
    "i": "7bb0dd",
    "r": "B-5044",
    "it": "B737",
    "y": null,
    "m": null,
    "mo": "Boeing 737-79L",
    "o": null,
    "st": "L2J",
    "ml": false
  },
  "7bb0ff": {
    "i": "7bb0ff",
    "r": "B-2700",
    "it": "B737",
    "y": null,
    "m": null,
    "mo": "Boeing 737-79L",
    "o": null,
    "st": "L2J",
    "ml": false
  },
  "7bb152": {
    "i": "7bb152",
    "r": "LH993193",
    "it": "WZ10",
    "y": null,
    "m": null,
    "mo": "",
    "o": null,
    "st": "H2T",
    "ml": true
  },
  "7bd01f": {
    "i": "7bd01f",
    "r": "B-2856",
    "it": "B752",
    "y": null,
    "m": null,
    "mo": "Boeing 757-2Z0",
    "o": null,
    "st": "L2J",
    "ml": false
  },
  "7be024": {
    "i": "7be024",
    "r": "LH993136",
    "it": "WZ10",
    "y": null,
    "m": null,
    "mo": "",
    "o": null,
    "st": "H2T",
    "ml": true
  },
  "7be045": {
    "i": "7be045",
    "r": "LH993156",
    "it": "WZ10",
    "y": null,
    "m": null,
    "mo": "",
    "o": null,
    "st": "H2T",
    "ml": true
  },
  "7b005f": {
    "i": "7b005f",
    "r": "21048",
    "it": "IL76",
    "y": null,
    "m": null,
    "mo": "Ilyushin IL-76 MD",
    "o": null,
    "st": "L4J",
    "ml": true
  },
  "7b0eab": {
    "i": "7b0eab",
    "r": "B-4067",
    "it": "CRJ7",
    "y": null,
    "m": null,
    "mo": "Canadair Regional-Jet-700",
    "o": null,
    "st": "L2J",
    "ml": true
  },
  "7b7027": {
    "i": "7b7027",
    "r": "LH993137",
    "it": "WZ10",
    "y": null,
    "m": null,
    "mo": "",
    "o": null,
    "st": "H2T",
    "ml": true
  },
  "7bb0bc": {
    "i": "7bb0bc",
    "r": "B-2694",
    "it": "B738",
    "y": null,
    "m": null,
    "mo": "Boeing 737-81B",
    "o": null,
    "st": "L2J",
    "ml": false
  },
  "7bb0be": {
    "i": "7bb0be",
    "r": "B-2696",
    "it": "B738",
    "y": null,
    "m": null,
    "mo": "Boeing 737-81B",
    "o": null,
    "st": "L2J",
    "ml": false
  },
  "7bb109": {
    "i": "7bb109",
    "r": "B-2917",
    "it": "B737",
    "y": null,
    "m": null,
    "mo": "Boeing 737-71B",
    "o": null,
    "st": "L2J",
    "ml": false
  },
  "7bc010": {
    "i": "7bc010",
    "r": "LH993157",
    "it": "WZ10",
    "y": null,
    "m": null,
    "mo": "",
    "o": null,
    "st": "H2T",
    "ml": true
  },
  "7be02a": {
    "i": "7be02a",
    "r": "LH993106",
    "it": "WZ10",
    "y": null,
    "m": null,
    "mo": "",
    "o": null,
    "st": "H2T",
    "ml": true
  },
  "7bb15c": {
    "i": "7bb15c",
    "r": "LH993139",
    "it": "WZ10",
    "y": null,
    "m": null,
    "mo": "",
    "o": null,
    "st": "H2T",
    "ml": true
  },
  "7bb0e9": {
    "i": "7bb0e9",
    "r": "B-5068",
    "it": "B737",
    "y": null,
    "m": null,
    "mo": "Boeing 737-71B",
    "o": null,
    "st": "L2J",
    "ml": false
  },
  "7bb12f": {
    "i": "7bb12f",
    "r": "B-5116",
    "it": "B738",
    "y": null,
    "m": null,
    "mo": "Boeing 737-8FH",
    "o": null,
    "st": "L2J",
    "ml": false
  },
  "7bd015": {
    "i": "7bd015",
    "r": "B-2845",
    "it": "B752",
    "y": null,
    "m": null,
    "mo": "Boeing 757-2Z0",
    "o": null,
    "st": "L2J",
    "ml": false
  },
  "7be016": {
    "i": "7be016",
    "r": "LH981706",
    "it": "MI8",
    "y": null,
    "m": null,
    "mo": "",
    "o": null,
    "st": "H2T",
    "ml": true
  },
  "7bb0bb": {
    "i": "7bb0bb",
    "r": "B-2693",
    "it": "B738",
    "y": null,
    "m": null,
    "mo": "Boeing 737-81B",
    "o": null,
    "st": "L2J",
    "ml": false
  },
  "7bb0de": {
    "i": "7bb0de",
    "r": "B-5045",
    "it": "B737",
    "y": null,
    "m": null,
    "mo": "Boeing 737-79L",
    "o": null,
    "st": "L2J",
    "ml": false
  },
  "7bb13a": {
    "i": "7bb13a",
    "r": "B-5219",
    "it": "B737",
    "y": null,
    "m": null,
    "mo": "Boeing 737-75C",
    "o": null,
    "st": "L2J",
    "ml": false
  },
  "7bc007": {
    "i": "7bc007",
    "r": "B-2473",
    "it": "B744",
    "y": null,
    "m": null,
    "mo": "Boeing 747-41BF",
    "o": null,
    "st": "L4J",
    "ml": false
  },
  "7be04c": {
    "i": "7be04c",
    "r": "LH993733",
    "it": "MI8",
    "y": null,
    "m": null,
    "mo": "",
    "o": null,
    "st": "H2T",
    "ml": true
  },
  "7b059f": {
    "i": "7b059f",
    "r": "9231",
    "it": "AN12",
    "y": null,
    "m": null,
    "mo": "",
    "o": null,
    "st": "L4T",
    "ml": true
  },
  "7b704f": {
    "i": "7b704f",
    "r": "LH981103",
    "it": "WZ10",
    "y": null,
    "m": null,
    "mo": "",
    "o": null,
    "st": "H2T",
    "ml": true
  },
  "7bb107": {
    "i": "7bb107",
    "r": "B-2622",
    "it": "B737",
    "y": null,
    "m": null,
    "mo": "Boeing 737-71B",
    "o": null,
    "st": "L2J",
    "ml": false
  },
  "7bd00a": {
    "i": "7bd00a",
    "r": "B-2841",
    "it": "B752",
    "y": null,
    "m": null,
    "mo": "Boeing 757-2Z0",
    "o": null,
    "st": "L2J",
    "ml": false
  },
  "7bd025": {
    "i": "7bd025",
    "r": "B-2868",
    "it": "B752",
    "y": null,
    "m": null,
    "mo": "Boeing 757 25C",
    "o": null,
    "st": "L2J",
    "ml": false
  },
  "7bd026": {
    "i": "7bd026",
    "r": "B-2869",
    "it": "B752",
    "y": null,
    "m": null,
    "mo": "Boeing 757 25C",
    "o": null,
    "st": "L2J",
    "ml": false
  },
  "7be04e": {
    "i": "7be04e",
    "r": "LH993766",
    "it": "MI8",
    "y": null,
    "m": null,
    "mo": "",
    "o": null,
    "st": "H2T",
    "ml": true
  },
  "7b100b": {
    "i": "7b100b",
    "r": "SERV",
    "it": "SERV",
    "y": null,
    "m": null,
    "mo": "",
    "o": null,
    "st": "V0-",
    "ml": false
  },
  "7bb05d": {
    "i": "7bb05d",
    "r": "B-2993",
    "it": "B734",
    "y": null,
    "m": null,
    "mo": "Boeing 737-46Q",
    "o": null,
    "st": "L2J",
    "ml": false
  },
  "7bb131": {
    "i": "7bb131",
    "r": "B-5117",
    "it": "B738",
    "y": null,
    "m": null,
    "mo": "Boeing 737-85N",
    "o": null,
    "st": "L2J",
    "ml": false
  },
  "7bd005": {
    "i": "7bd005",
    "r": "B-2836",
    "it": "B752",
    "y": null,
    "m": null,
    "mo": "Boeing 757-2Z0",
    "o": null,
    "st": "L2J",
    "ml": false
  },
  "7bd023": {
    "i": "7bd023",
    "r": "B-2812",
    "it": "B752",
    "y": null,
    "m": null,
    "mo": "Boeing 757-28S",
    "o": null,
    "st": "L2J",
    "ml": false
  },
  "7be051": {
    "i": "7be051",
    "r": "LH907931",
    "it": "AS65",
    "y": null,
    "m": null,
    "mo": "",
    "o": null,
    "st": "H2T",
    "ml": true
  },
  "7b1004": {
    "i": "7b1004",
    "r": "SERV",
    "it": "SERV",
    "y": null,
    "m": null,
    "mo": "",
    "o": null,
    "st": "V0-",
    "ml": false
  },
  "7bb07a": {
    "i": "7bb07a",
    "r": "B-2502",
    "it": "B737",
    "y": null,
    "m": null,
    "mo": "Boeing 737-7W0",
    "o": null,
    "st": "L2J",
    "ml": false
  },
  "7bb097": {
    "i": "7bb097",
    "r": "B-2157",
    "it": "B738",
    "y": null,
    "m": null,
    "mo": "Boeing 737-84P",
    "o": null,
    "st": "L2J",
    "ml": false
  },
  "7bb0c5": {
    "i": "7bb0c5",
    "r": "B-5029",
    "it": "B737",
    "y": null,
    "m": null,
    "mo": "Boeing 737-75C",
    "o": null,
    "st": "L2J",
    "ml": false
  },
  "7bd009": {
    "i": "7bd009",
    "r": "B-2840",
    "it": "B752",
    "y": null,
    "m": null,
    "mo": "Boeing 757-2Z0",
    "o": null,
    "st": "L2J",
    "ml": false
  },
  "7b700a": {
    "i": "7b700a",
    "r": "LH993757",
    "it": "MI8",
    "y": null,
    "m": null,
    "mo": "",
    "o": null,
    "st": "H2T",
    "ml": true
  },
  "7bb0c2": {
    "i": "7bb0c2",
    "r": "B-5021",
    "it": "B738",
    "y": null,
    "m": null,
    "mo": "Boeing 737-81B",
    "o": null,
    "st": "L2J",
    "ml": false
  },
  "7bb17e": {
    "i": "7bb17e",
    "r": "LH910806",
    "it": "FREL",
    "y": null,
    "m": null,
    "mo": "",
    "o": null,
    "st": "H3T",
    "ml": true
  },
  "7bd001": {
    "i": "7bd001",
    "r": "B-2835",
    "it": "B752",
    "y": null,
    "m": null,
    "mo": "Boeing 757 236PCF",
    "o": null,
    "st": "L2J",
    "ml": false
  },
  "7bb054": {
    "i": "7bb054",
    "r": "B-2985",
    "it": "B733",
    "y": null,
    "m": null,
    "mo": "Boeing 737-3W0",
    "o": null,
    "st": "L2J",
    "ml": false
  },
  "7bb0dc": {
    "i": "7bb0dc",
    "r": "B-5043",
    "it": "B737",
    "y": null,
    "m": null,
    "mo": "Boeing 737-79L",
    "o": null,
    "st": "L2J",
    "ml": false
  },
  "7bb0ea": {
    "i": "7bb0ea",
    "r": "B-5069",
    "it": "B737",
    "y": null,
    "m": null,
    "mo": "Boeing 737-71B",
    "o": null,
    "st": "L2J",
    "ml": false
  },
  "7bb155": {
    "i": "7bb155",
    "r": "LH993107",
    "it": "WZ10",
    "y": null,
    "m": null,
    "mo": "",
    "o": null,
    "st": "H2T",
    "ml": true
  },
  "7bd01e": {
    "i": "7bd01e",
    "r": "B-2855",
    "it": "B752",
    "y": null,
    "m": null,
    "mo": "Boeing 757-2Z0",
    "o": null,
    "st": "L2J",
    "ml": false
  },
  "7be01f": {
    "i": "7be01f",
    "r": "LH993129",
    "it": "WZ10",
    "y": null,
    "m": null,
    "mo": "",
    "o": null,
    "st": "H2T",
    "ml": true
  },
  "7bb034": {
    "i": "7bb034",
    "r": "B-2956",
    "it": "B733",
    "y": null,
    "m": null,
    "mo": "Boeing 737-33A",
    "o": null,
    "st": "L2J",
    "ml": false
  },
  "7bb057": {
    "i": "7bb057",
    "r": "B-2988",
    "it": "B733",
    "y": null,
    "m": null,
    "mo": "Boeing 737-36R",
    "o": null,
    "st": "L2J",
    "ml": false
  },
  "7bb0e2": {
    "i": "7bb0e2",
    "r": "B-4025",
    "it": "B737",
    "y": null,
    "m": null,
    "mo": "Boeing 737-76D",
    "o": null,
    "st": "L2J",
    "ml": true
  },
  "7bb12b": {
    "i": "7bb12b",
    "r": "B-5105",
    "it": "B739",
    "y": null,
    "m": null,
    "mo": "Boeing 737-97L",
    "o": null,
    "st": "L2J",
    "ml": false
  },
  "7bc7b7": {
    "i": "7bc7b7",
    "r": "B-4090",
    "it": "A319",
    "y": null,
    "m": null,
    "mo": "Airbus A319-115",
    "o": null,
    "st": "L2J",
    "ml": true
  },
  "7bd003": {
    "i": "7bd003",
    "r": "B-2829",
    "it": "B752",
    "y": null,
    "m": null,
    "mo": "Boeing 757-25",
    "o": null,
    "st": "L2J",
    "ml": false
  },
  "7bd036": {
    "i": "7bd036",
    "r": "LH993709",
    "it": "MI8",
    "y": null,
    "m": null,
    "mo": "",
    "o": null,
    "st": "H2T",
    "ml": true
  },
  "7bd04c": {
    "i": "7bd04c",
    "r": "LH993115",
    "it": "WZ10",
    "y": null,
    "m": null,
    "mo": "",
    "o": null,
    "st": "H2T",
    "ml": true
  },
  "7be029": {
    "i": "7be029",
    "r": "LH993721",
    "it": "MI8",
    "y": null,
    "m": null,
    "mo": "",
    "o": null,
    "st": "H2T",
    "ml": true
  },
  "7bb042": {
    "i": "7bb042",
    "r": "B-2968",
    "it": "B733",
    "y": null,
    "m": null,
    "mo": "Boeing 737 35NF",
    "o": null,
    "st": "L2J",
    "ml": false
  },
  "7bb068": {
    "i": "7bb068",
    "r": "B-2501",
    "it": "B734",
    "y": null,
    "m": null,
    "mo": "Boeing 737 44PSF",
    "o": null,
    "st": "L2J",
    "ml": false
  },
  "7bb0b6": {
    "i": "7bb0b6",
    "r": "B-2684",
    "it": "B737",
    "y": null,
    "m": null,
    "mo": "Boeing 737-79P",
    "o": null,
    "st": "L2J",
    "ml": false
  },
  "7bb0db": {
    "i": "7bb0db",
    "r": "B-5042",
    "it": "B738",
    "y": null,
    "m": null,
    "mo": "Boeing 737-81B",
    "o": null,
    "st": "L2J",
    "ml": false
  },
  "7bb134": {
    "i": "7bb134",
    "r": "B-5205",
    "it": "B737",
    "y": null,
    "m": null,
    "mo": "Boeing 737-75N",
    "o": null,
    "st": "L2J",
    "ml": false
  },
  "7bb010": {
    "i": "7bb010",
    "r": "B-2924",
    "it": "B733",
    "y": null,
    "m": null,
    "mo": "Boeing 737-31B",
    "o": null,
    "st": "L2J",
    "ml": false
  },
  "7bb051": {
    "i": "7bb051",
    "r": "B-2981",
    "it": "B733",
    "y": null,
    "m": null,
    "mo": "Boeing 737-3W0",
    "o": null,
    "st": "L2J",
    "ml": false
  },
  "7bb084": {
    "i": "7bb084",
    "r": "B-2577",
    "it": "B737",
    "y": null,
    "m": null,
    "mo": "Boeing 737-76D",
    "o": null,
    "st": "L2J",
    "ml": false
  },
  "7bb0a4": {
    "i": "7bb0a4",
    "r": "B-2671",
    "it": "B738",
    "y": null,
    "m": null,
    "mo": "Boeing 737-89L",
    "o": null,
    "st": "L2J",
    "ml": false
  },
  "7bb0e6": {
    "i": "7bb0e6",
    "r": "B-5065",
    "it": "B733",
    "y": null,
    "m": null,
    "mo": "Boeing 737 36QF",
    "o": null,
    "st": "L2J",
    "ml": false
  },
  "7bd01d": {
    "i": "7bd01d",
    "r": "B-2853",
    "it": "B752",
    "y": null,
    "m": null,
    "mo": "Boeing 757-28S",
    "o": null,
    "st": "L2J",
    "ml": false
  },
  "7b7026": {
    "i": "7b7026",
    "r": "B-4068",
    "it": "CRJ7",
    "y": null,
    "m": null,
    "mo": "",
    "o": null,
    "st": "L2J",
    "ml": true
  },
  "7bb0fa": {
    "i": "7bb0fa",
    "r": "B-5089",
    "it": "B738",
    "y": null,
    "m": null,
    "mo": "Boeing 737-883",
    "o": null,
    "st": "L2J",
    "ml": false
  },
  "7bb036": {
    "i": "7bb036",
    "r": "B-2958",
    "it": "B733",
    "y": null,
    "m": null,
    "mo": "Boeing 737-3W0",
    "o": null,
    "st": "L2J",
    "ml": false
  },
  "7bb03b": {
    "i": "7bb03b",
    "r": "B-2961",
    "it": "B733",
    "y": null,
    "m": null,
    "mo": "Boeing 737-35H",
    "o": null,
    "st": "L2J",
    "ml": false
  },
  "7be903": {
    "i": "7be903",
    "r": "21049",
    "it": "IL76",
    "y": null,
    "m": null,
    "mo": "Ilyushin IL-76-MD",
    "o": null,
    "st": "L4J",
    "ml": true
  },
  "7b0a1b": {
    "i": "7b0a1b",
    "r": "B-4066",
    "it": "CRJ7",
    "y": null,
    "m": null,
    "mo": "Canadair Regional-Jet-700",
    "o": null,
    "st": "L2J",
    "ml": true
  },
  "7bb02a": {
    "i": "7bb02a",
    "r": "B-2949",
    "it": "B733",
    "y": null,
    "m": null,
    "mo": "",
    "o": null,
    "st": "L2J",
    "ml": false
  },
  "7bb043": {
    "i": "7bb043",
    "r": "B-2969",
    "it": "B733",
    "y": null,
    "m": null,
    "mo": "Boeing 737-36R",
    "o": null,
    "st": "L2J",
    "ml": false
  },
  "7bb0c0": {
    "i": "7bb0c0",
    "r": "B-2688",
    "it": "B738",
    "y": null,
    "m": null,
    "mo": "Boeing 737-86D",
    "o": null,
    "st": "L2J",
    "ml": false
  },
  "7bb03d": {
    "i": "7bb03d",
    "r": "B-2963",
    "it": "B733",
    "y": null,
    "m": null,
    "mo": "Boeing 737-3Q8",
    "o": null,
    "st": "L2J",
    "ml": false
  },
  "7bb0ae": {
    "i": "7bb0ae",
    "r": "B-2676",
    "it": "B738",
    "y": null,
    "m": null,
    "mo": "Boeing 737NG 84P/W",
    "o": null,
    "st": "L2J",
    "ml": false
  },
  "7bb0da": {
    "i": "7bb0da",
    "r": "B-5041",
    "it": "B738",
    "y": null,
    "m": null,
    "mo": "Boeing 737-81B",
    "o": null,
    "st": "L2J",
    "ml": false
  },
  "7bb0e8": {
    "i": "7bb0e8",
    "r": "B-5067",
    "it": "B738",
    "y": null,
    "m": null,
    "mo": "Boeing 737-81B",
    "o": null,
    "st": "L2J",
    "ml": false
  },
  "7bb0fb": {
    "i": "7bb0fb",
    "r": "B-5090",
    "it": "B738",
    "y": null,
    "m": null,
    "mo": "Boeing 737NG 883",
    "o": null,
    "st": "L2J",
    "ml": false
  },
  "7bb0fd": {
    "i": "7bb0fd",
    "r": "B-2612",
    "it": "B737",
    "y": null,
    "m": null,
    "mo": "Boeing 737-79L",
    "o": null,
    "st": "L2J",
    "ml": false
  },
  "7b1008": {
    "i": "7b1008",
    "r": "SERV",
    "it": "SERV",
    "y": null,
    "m": null,
    "mo": "",
    "o": null,
    "st": "V0-",
    "ml": false
  },
  "7b7eb7": {
    "i": "7b7eb7",
    "r": "B-4075",
    "it": "EC25",
    "y": null,
    "m": null,
    "mo": "Airbus Helicopters EC225 LP",
    "o": null,
    "st": "H2T",
    "ml": false
  },
  "7bb02d": {
    "i": "7bb02d",
    "r": "B-2951",
    "it": "B733",
    "y": null,
    "m": null,
    "mo": "Boeing 737-3Z0",
    "o": null,
    "st": "L2J",
    "ml": false
  },
  "7bb0b3": {
    "i": "7bb0b3",
    "r": "B-2681",
    "it": "B737",
    "y": null,
    "m": null,
    "mo": "Boeing 737-79P",
    "o": null,
    "st": "L2J",
    "ml": false
  },
  "7bb0eb": {
    "i": "7bb0eb",
    "r": "B-5070",
    "it": "B737",
    "y": null,
    "m": null,
    "mo": "Boeing 737-71B",
    "o": null,
    "st": "L2J",
    "ml": false
  },
  "7bba29": {
    "i": "7bba29",
    "r": "21140",
    "it": "IL76",
    "y": null,
    "m": null,
    "mo": "Ilyushin IL-76-MD",
    "o": null,
    "st": "L4J",
    "ml": true
  },
  "7bc009": {
    "i": "7bc009",
    "r": "B-2409",
    "it": "B744",
    "y": null,
    "m": null,
    "mo": "Boeing 747-412F",
    "o": null,
    "st": "L4J",
    "ml": false
  },
  "7bd008": {
    "i": "7bd008",
    "r": "B-2839",
    "it": "B752",
    "y": null,
    "m": null,
    "mo": "Boeing 757-2Z0",
    "o": null,
    "st": "L2J",
    "ml": false
  },
  "7b0b31": {
    "i": "7b0b31",
    "r": "B-4092",
    "it": "A319",
    "y": null,
    "m": null,
    "mo": "Airbus A319-115",
    "o": null,
    "st": "L2J",
    "ml": true
  },
  "7bd028": {
    "i": "7bd028",
    "r": "B-2862",
    "it": "B752",
    "y": null,
    "m": null,
    "mo": "Boeing 757 25C",
    "o": null,
    "st": "L2J",
    "ml": false
  },
  "7b1000": {
    "i": "7b1000",
    "r": "SERV",
    "it": "SERV",
    "y": null,
    "m": null,
    "mo": "",
    "o": null,
    "st": "V0-",
    "ml": false
  },
  "7bb0b4": {
    "i": "7bb0b4",
    "r": "B-2682",
    "it": "B737",
    "y": null,
    "m": null,
    "mo": "Boeing 737-79P",
    "o": null,
    "st": "L2J",
    "ml": false
  },
  "7bb132": {
    "i": "7bb132",
    "r": "B-5118",
    "it": "B738",
    "y": null,
    "m": null,
    "mo": "Boeing 737-85N",
    "o": null,
    "st": "L2J",
    "ml": false
  },
  "7bb136": {
    "i": "7bb136",
    "r": "B-5212",
    "it": "B737",
    "y": null,
    "m": null,
    "mo": "Boeing 737-75C",
    "o": null,
    "st": "L2J",
    "ml": false
  },
  "7bb137": {
    "i": "7bb137",
    "r": "B-5215",
    "it": "B737",
    "y": null,
    "m": null,
    "mo": "Boeing 737-75C",
    "o": null,
    "st": "L2J",
    "ml": false
  },
  "7bb181": {
    "i": "7bb181",
    "r": "LH993123",
    "it": "WZ10",
    "y": null,
    "m": null,
    "mo": "",
    "o": null,
    "st": "H2T",
    "ml": true
  },
  "7bb032": {
    "i": "7bb032",
    "r": "B-2954",
    "it": "B733",
    "y": null,
    "m": null,
    "mo": "Boeing 737-3J6",
    "o": null,
    "st": "L2J",
    "ml": false
  },
  "7bb071": {
    "i": "7bb071",
    "r": "B-2576",
    "it": "B734",
    "y": null,
    "m": null,
    "mo": "Boeing 737 44PSF",
    "o": null,
    "st": "L2J",
    "ml": false
  },
  "7bb0bd": {
    "i": "7bb0bd",
    "r": "B-2695",
    "it": "B738",
    "y": null,
    "m": null,
    "mo": "Boeing 737-81B",
    "o": null,
    "st": "L2J",
    "ml": false
  },
  "7bb0d9": {
    "i": "7bb0d9",
    "r": "B-5040",
    "it": "B738",
    "y": null,
    "m": null,
    "mo": "Boeing 737-81B",
    "o": null,
    "st": "L2J",
    "ml": false
  },
  "7bb104": {
    "i": "7bb104",
    "r": "B-2630",
    "it": "B733",
    "y": null,
    "m": null,
    "mo": "Boeing 737-36E",
    "o": null,
    "st": "L2J",
    "ml": false
  },
  "7bb126": {
    "i": "7bb126",
    "r": "B-2877",
    "it": "B733",
    "y": null,
    "m": null,
    "mo": "Boeing 737-33V",
    "o": null,
    "st": "L2J",
    "ml": false
  },
  "7bb139": {
    "i": "7bb139",
    "r": "B-5218",
    "it": "B737",
    "y": null,
    "m": null,
    "mo": "Boeing 737-75C",
    "o": null,
    "st": "L2J",
    "ml": false
  },
  "7bb172": {
    "i": "7bb172",
    "r": "LH993187",
    "it": "WZ10",
    "y": null,
    "m": null,
    "mo": "",
    "o": null,
    "st": "H2T",
    "ml": true
  },
  "7bd046": {
    "i": "7bd046",
    "r": "LH993122",
    "it": "WZ10",
    "y": null,
    "m": null,
    "mo": "",
    "o": null,
    "st": "H2T",
    "ml": true
  },
  "7bd066": {
    "i": "7bd066",
    "r": "LH993167",
    "it": "WZ10",
    "y": null,
    "m": null,
    "mo": "",
    "o": null,
    "st": "H2T",
    "ml": true
  },
  "7bb0b7": {
    "i": "7bb0b7",
    "r": "B-2685",
    "it": "B737",
    "y": null,
    "m": null,
    "mo": "Boeing 737-79P",
    "o": null,
    "st": "L2J",
    "ml": false
  },
  "7bb0fe": {
    "i": "7bb0fe",
    "r": "B-2613",
    "it": "B737",
    "y": null,
    "m": null,
    "mo": "Boeing 737-79L",
    "o": null,
    "st": "L2J",
    "ml": false
  },
  "7bb106": {
    "i": "7bb106",
    "r": "B-2620",
    "it": "B737",
    "y": null,
    "m": null,
    "mo": "Boeing 737-71B",
    "o": null,
    "st": "L2J",
    "ml": false
  },
  "7bc008": {
    "i": "7bc008",
    "r": "B-2461",
    "it": "B744",
    "y": null,
    "m": null,
    "mo": "Boeing 747-41BF",
    "o": null,
    "st": "L4J",
    "ml": false
  },
  "7bca5d": {
    "i": "7bca5d",
    "r": "30515",
    "it": "AN12",
    "y": null,
    "m": null,
    "mo": "Shaanxi Y-8 EW",
    "o": null,
    "st": "L4T",
    "ml": true
  },
  "7bd002": {
    "i": "7bd002",
    "r": "B-2828",
    "it": "B752",
    "y": null,
    "m": null,
    "mo": "Boeing 757-25C",
    "o": null,
    "st": "L2J",
    "ml": false
  },
  "7bd029": {
    "i": "7bd029",
    "r": "B-2866",
    "it": "B752",
    "y": null,
    "m": null,
    "mo": "Boeing 757 25C",
    "o": null,
    "st": "L2J",
    "ml": false
  },
  "7be059": {
    "i": "7be059",
    "r": "LH981728",
    "it": "MI8",
    "y": null,
    "m": null,
    "mo": "",
    "o": null,
    "st": "H2T",
    "ml": true
  },
  "7bb001": {
    "i": "7bb001",
    "r": "B-2908",
    "it": "B733",
    "y": null,
    "m": null,
    "mo": "Boeing 737 341F",
    "o": null,
    "st": "L2J",
    "ml": false
  },
  "7bb0e1": {
    "i": "7bb0e1",
    "r": "B-4026",
    "it": "B737",
    "y": null,
    "m": null,
    "mo": "",
    "o": null,
    "st": "L2J",
    "ml": true
  },
  "7bb133": {
    "i": "7bb133",
    "r": "B-5119",
    "it": "B738",
    "y": null,
    "m": null,
    "mo": "Boeing 737-85N",
    "o": null,
    "st": "L2J",
    "ml": false
  },
  "7bb135": {
    "i": "7bb135",
    "r": "B-5206",
    "it": "B737",
    "y": null,
    "m": null,
    "mo": "Boeing 737-75N",
    "o": null,
    "st": "L2J",
    "ml": false
  },
  "7bd01b": {
    "i": "7bd01b",
    "r": "B-2851",
    "it": "B752",
    "y": null,
    "m": null,
    "mo": "",
    "o": null,
    "st": "L2J",
    "ml": false
  },
  "7bd2fa": {
    "i": "7bd2fa",
    "r": "B-4185",
    "it": "LJ35",
    "y": null,
    "m": null,
    "mo": "Gates Learjet 36 A",
    "o": null,
    "st": "L2J",
    "ml": false
  },
  "7bb055": {
    "i": "7bb055",
    "r": "B-2986",
    "it": "B733",
    "y": null,
    "m": null,
    "mo": "Boeing 737 3W0SF",
    "o": null,
    "st": "L2J",
    "ml": false
  },
  "7bb0f9": {
    "i": "7bb0f9",
    "r": "B-5083",
    "it": "B738",
    "y": null,
    "m": null,
    "mo": "Boeing 737-883",
    "o": null,
    "st": "L2J",
    "ml": false
  },
  "7bb105": {
    "i": "7bb105",
    "r": "B-2169",
    "it": "B737",
    "y": null,
    "m": null,
    "mo": "Boeing 737-71B",
    "o": null,
    "st": "L2J",
    "ml": false
  },
  "7bb12a": {
    "i": "7bb12a",
    "r": "B-5103",
    "it": "B739",
    "y": null,
    "m": null,
    "mo": "Boeing 737-97L",
    "o": null,
    "st": "L2J",
    "ml": false
  },
  "7bb12c": {
    "i": "7bb12c",
    "r": "B-5106",
    "it": "B739",
    "y": null,
    "m": null,
    "mo": "Boeing 737-97L",
    "o": null,
    "st": "L2J",
    "ml": false
  },
  "7bc017": {
    "i": "7bc017",
    "r": "LH993152",
    "it": "WZ10",
    "y": null,
    "m": null,
    "mo": "",
    "o": null,
    "st": "H2T",
    "ml": true
  },
  "7bc006": {
    "i": "7bc006",
    "r": "B-2472",
    "it": "B744",
    "y": null,
    "m": null,
    "mo": "BOEING 747-4J6",
    "o": "Air China (Govt. VIP Plane)",
    "st": "L4J",
    "ml": true
  }
}