{
  "852037": {
    "i": "852037",
    "r": "JA357D",
    "it": "DA42",
    "y": null,
    "m": null,
    "mo": "Diamond Aircraft Twin Star DA42",
    "o": null,
    "st": "L2P",
    "ml": false
  },
  "852249": {
    "i": "852249",
    "r": "JA35UK",
    "it": "C172",
    "y": null,
    "m": null,
    "mo": "Cessna 172S Skyhawk SP",
    "o": null,
    "st": "L1P",
    "ml": false
  },
  "856b62": {
    "i": "856b62",
    "r": "JA4154",
    "it": "BE36",
    "y": null,
    "m": null,
    "mo": "Beech Bonanza A36",
    "o": null,
    "st": "L1P",
    "ml": false
  },
  "856e6a": {
    "i": "856e6a",
    "r": "JA4210",
    "it": "BE36",
    "y": null,
    "m": null,
    "mo": "Beech Bonanza A36",
    "o": null,
    "st": "L1P",
    "ml": false
  },
  "856e72": {
    "i": "856e72",
    "r": "JA4218",
    "it": "BE36",
    "y": null,
    "m": null,
    "mo": "Beech Bonanza A36",
    "o": null,
    "st": "L1P",
    "ml": false
  },
  "85c19d": {
    "i": "85c19d",
    "r": "JA505B",
    "it": "B505",
    "y": null,
    "m": null,
    "mo": "Bell Helicopters 505",
    "o": null,
    "st": "H1T",
    "ml": false
  },
  "85c55a": {
    "i": "85c55a",
    "r": "JA516J",
    "it": "C25A",
    "y": null,
    "m": null,
    "mo": "Cessna 525",
    "o": null,
    "st": "L2J",
    "ml": false
  },
  "85cd04": {
    "i": "85cd04",
    "r": "JA53AN",
    "it": "B738",
    "y": null,
    "m": null,
    "mo": "Boeing 737-881",
    "o": null,
    "st": "L2J",
    "ml": false
  },
  "85dee8": {
    "i": "85dee8",
    "r": "JA58AN",
    "it": "B738",
    "y": null,
    "m": null,
    "mo": "Boeing 737-881",
    "o": null,
    "st": "L2J",
    "ml": false
  },
  "850e7a": {
    "i": "850e7a",
    "r": "JA308J",
    "it": "B738",
    "y": null,
    "m": null,
    "mo": "Boeing 737-846",
    "o": null,
    "st": "L2J",
    "ml": false
  },
  "850ef4": {
    "i": "850ef4",
    "r": "JA30DA",
    "it": "MU30",
    "y": null,
    "m": null,
    "mo": "Mitsubishi MU-300 1",
    "o": null,
    "st": "L2J",
    "ml": false
  },
  "8511a6": {
    "i": "8511a6",
    "r": "JA315G",
    "it": "C208",
    "y": null,
    "m": null,
    "mo": "Cessna 208-B",
    "o": null,
    "st": "L1T",
    "ml": false
  },
  "8514d6": {
    "i": "8514d6",
    "r": "JA322J",
    "it": "B738",
    "y": null,
    "m": null,
    "mo": "Boeing 737-846",
    "o": null,
    "st": "L2J",
    "ml": false
  },
  "851848": {
    "i": "851848",
    "r": "JA331J",
    "it": "B738",
    "y": null,
    "m": null,
    "mo": "Boeing 737-846",
    "o": null,
    "st": "L2J",
    "ml": false
  },
  "851bba": {
    "i": "851bba",
    "r": "JA340J",
    "it": "B738",
    "y": null,
    "m": null,
    "mo": "Boeing 737-846",
    "o": null,
    "st": "L2J",
    "ml": false
  },
  "8567d3": {
    "i": "8567d3",
    "r": "JA4059",
    "it": "C172",
    "y": null,
    "m": null,
    "mo": "Cessna 172Q Cutlass",
    "o": null,
    "st": "L1P",
    "ml": false
  },
  "85694c": {
    "i": "85694c",
    "r": "JA40KA",
    "it": "C206",
    "y": null,
    "m": null,
    "mo": "Cessna T206H Turbo Stationair",
    "o": null,
    "st": "L1P",
    "ml": false
  },
  "857fa5": {
    "i": "857fa5",
    "r": "JA46UK",
    "it": "C172",
    "y": null,
    "m": null,
    "mo": "Textron Aviation 172S Skyhawk SP",
    "o": null,
    "st": "L1P",
    "ml": false
  },
  "85dd8f": {
    "i": "85dd8f",
    "r": "JA5807",
    "it": "BE58",
    "y": null,
    "m": null,
    "mo": "Beech Baron",
    "o": null,
    "st": "L2P",
    "ml": false
  },
  "85dd90": {
    "i": "85dd90",
    "r": "JA5808",
    "it": "BE58",
    "y": null,
    "m": null,
    "mo": "Beech Baron",
    "o": null,
    "st": "L2P",
    "ml": false
  },
  "850e37": {
    "i": "850e37",
    "r": "JA306K",
    "it": "B735",
    "y": null,
    "m": null,
    "mo": "Boeing 737-54K",
    "o": null,
    "st": "L2J",
    "ml": false
  },
  "851270": {
    "i": "851270",
    "r": "JA31CA",
    "it": "D228",
    "y": null,
    "m": null,
    "mo": "Dornier Do 228 212",
    "o": null,
    "st": "L2T",
    "ml": false
  },
  "851bdc": {
    "i": "851bdc",
    "r": "JA341J",
    "it": "B738",
    "y": null,
    "m": null,
    "mo": "Boeing 737-846",
    "o": null,
    "st": "L2J",
    "ml": false
  },
  "852009": {
    "i": "852009",
    "r": "JA3561",
    "it": "P28A",
    "y": null,
    "m": null,
    "mo": "Piper PA-28-140",
    "o": null,
    "st": "L1P",
    "ml": false
  },
  "8524cc": {
    "i": "8524cc",
    "r": "JA36HA",
    "it": "C172",
    "y": null,
    "m": null,
    "mo": "Cessna 172S Skyhawk SP",
    "o": null,
    "st": "L1P",
    "ml": false
  },
  "8568bc": {
    "i": "8568bc",
    "r": "JA40DA",
    "it": "DA40",
    "y": null,
    "m": null,
    "mo": "Diamond Star",
    "o": null,
    "st": "L1P",
    "ml": false
  },
  "856b80": {
    "i": "856b80",
    "r": "JA4160",
    "it": "BT36",
    "y": null,
    "m": null,
    "mo": "Beech Bonanza/Debonair",
    "o": null,
    "st": "L1P",
    "ml": false
  },
  "856e6d": {
    "i": "856e6d",
    "r": "JA4213",
    "it": "BT36",
    "y": null,
    "m": null,
    "mo": "",
    "o": null,
    "st": "L1P",
    "ml": false
  },
  "85c19e": {
    "i": "85c19e",
    "r": "JA505C",
    "it": "B505",
    "y": null,
    "m": null,
    "mo": "Bell Helicopters 505",
    "o": null,
    "st": "H1T",
    "ml": false
  },
  "85c5dc": {
    "i": "85c5dc",
    "r": "JA51AN",
    "it": "B738",
    "y": null,
    "m": null,
    "mo": "Boeing 737-881",
    "o": null,
    "st": "L2J",
    "ml": false
  },
  "85c8cc": {
    "i": "85c8cc",
    "r": "JA525J",
    "it": "C525",
    "y": null,
    "m": null,
    "mo": "Cessna 525",
    "o": null,
    "st": "L2J",
    "ml": false
  },
  "8511ec": {
    "i": "8511ec",
    "r": "JA317J",
    "it": "B738",
    "y": null,
    "m": null,
    "mo": "Boeing 737-846",
    "o": null,
    "st": "L2J",
    "ml": false
  },
  "8514f8": {
    "i": "8514f8",
    "r": "JA323J",
    "it": "B738",
    "y": null,
    "m": null,
    "mo": "Boeing 737-846",
    "o": null,
    "st": "L2J",
    "ml": false
  },
  "85186a": {
    "i": "85186a",
    "r": "JA332J",
    "it": "B738",
    "y": null,
    "m": null,
    "mo": "Boeing 737-846",
    "o": null,
    "st": "L2J",
    "ml": false
  },
  "852a1f": {
    "i": "852a1f",
    "r": "JA3815",
    "it": "BE36",
    "y": null,
    "m": null,
    "mo": "Beech Bonanza A36",
    "o": null,
    "st": "L1P",
    "ml": false
  },
  "856e8c": {
    "i": "856e8c",
    "r": "JA4220",
    "it": "BT36",
    "y": null,
    "m": null,
    "mo": "Beech Bonanza/Debonair",
    "o": null,
    "st": "L1P",
    "ml": false
  },
  "857d4c": {
    "i": "857d4c",
    "r": "JA465A",
    "it": "DH8D",
    "y": null,
    "m": null,
    "mo": "Bombardier DHC-8-Q-402NG",
    "o": null,
    "st": "L2T",
    "ml": false
  },
  "850dae": {
    "i": "850dae",
    "r": "JA302J",
    "it": "B738",
    "y": null,
    "m": null,
    "mo": "Boeing 737-846",
    "o": null,
    "st": "L2J",
    "ml": false
  },
  "851c9d": {
    "i": "851c9d",
    "r": "JA3477",
    "it": "C172",
    "y": null,
    "m": null,
    "mo": "Cessna 172K Skyhawk",
    "o": null,
    "st": "L1P",
    "ml": false
  },
  "85678e": {
    "i": "85678e",
    "r": "JA4038",
    "it": "PA46",
    "y": null,
    "m": null,
    "mo": "Piper PA-46-310P",
    "o": null,
    "st": "L1P",
    "ml": false
  },
  "85def8": {
    "i": "85def8",
    "r": "JA58BE",
    "it": "BE58",
    "y": null,
    "m": null,
    "mo": "Beech Baron",
    "o": null,
    "st": "L2P",
    "ml": false
  },
  "850e59": {
    "i": "850e59",
    "r": "JA307K",
    "it": "B735",
    "y": null,
    "m": null,
    "mo": "Boeing 737-54K",
    "o": null,
    "st": "L2J",
    "ml": false
  },
  "856b87": {
    "i": "856b87",
    "r": "JA4167",
    "it": "BE36",
    "y": null,
    "m": null,
    "mo": "Beech Bonanza A36",
    "o": null,
    "st": "L1P",
    "ml": false
  },
  "857c11": {
    "i": "857c11",
    "r": "JA45UK",
    "it": "C172",
    "y": null,
    "m": null,
    "mo": "Cessna 172S Skyhawk",
    "o": null,
    "st": "L1P",
    "ml": false
  },
  "8518ae": {
    "i": "8518ae",
    "r": "JA334J",
    "it": "B738",
    "y": null,
    "m": null,
    "mo": "Boeing 737-846",
    "o": null,
    "st": "L2J",
    "ml": false
  },
  "8529fc": {
    "i": "8529fc",
    "r": "JA3804",
    "it": "T206",
    "y": null,
    "m": null,
    "mo": "Cessna TU.206-G",
    "o": null,
    "st": "L1P",
    "ml": false
  },
  "856815": {
    "i": "856815",
    "r": "JA4077",
    "it": "PA46",
    "y": null,
    "m": null,
    "mo": "Piper PA-46 350P Malibu Mirage",
    "o": null,
    "st": "L1P",
    "ml": false
  },
  "857408": {
    "i": "857408",
    "r": "JA43KA",
    "it": "T206",
    "y": null,
    "m": null,
    "mo": "Cessna T.206-H",
    "o": null,
    "st": "L1P",
    "ml": false
  },
  "85779c": {
    "i": "85779c",
    "r": "JA44KA",
    "it": "T206",
    "y": null,
    "m": null,
    "mo": "Cessna T.206-H",
    "o": null,
    "st": "L1P",
    "ml": false
  },
  "85ddac": {
    "i": "85ddac",
    "r": "JA5812",
    "it": "BE58",
    "y": null,
    "m": null,
    "mo": "Beech Baron",
    "o": null,
    "st": "L2P",
    "ml": false
  },
  "85df87": {
    "i": "85df87",
    "r": "JA58HD",
    "it": "DISC",
    "y": null,
    "m": null,
    "mo": "Schempp-Hirth Discus 2 b",
    "o": null,
    "st": "L1P",
    "ml": false
  },
  "850e15": {
    "i": "850e15",
    "r": "JA305K",
    "it": "B735",
    "y": null,
    "m": null,
    "mo": "Boeing 737-54K",
    "o": null,
    "st": "L2J",
    "ml": false
  },
  "856a2d": {
    "i": "856a2d",
    "r": "JA40UK",
    "it": "C172",
    "y": null,
    "m": null,
    "mo": "Cessna 172S Skyhawk",
    "o": null,
    "st": "L1P",
    "ml": false
  },
  "856aff": {
    "i": "856aff",
    "r": "JA4127",
    "it": "PA46",
    "y": null,
    "m": null,
    "mo": "Piper PA-46 350P Malibu Mirage",
    "o": null,
    "st": "L1P",
    "ml": false
  },
  "85cbab": {
    "i": "85cbab",
    "r": "JA5307",
    "it": "BE58",
    "y": null,
    "m": null,
    "mo": "Beech Baron",
    "o": null,
    "st": "L2P",
    "ml": false
  },
  "85cbca": {
    "i": "85cbca",
    "r": "JA5314",
    "it": "BE58",
    "y": null,
    "m": null,
    "mo": "Beech Baron",
    "o": null,
    "st": "L2P",
    "ml": false
  },
  "85d680": {
    "i": "85d680",
    "r": "JA560Y",
    "it": "C560",
    "y": null,
    "m": null,
    "mo": "Cessna 560",
    "o": null,
    "st": "L2J",
    "ml": false
  },
  "85120e": {
    "i": "85120e",
    "r": "JA318J",
    "it": "B738",
    "y": null,
    "m": null,
    "mo": "Boeing 737-846",
    "o": null,
    "st": "L2J",
    "ml": false
  },
  "85207a": {
    "i": "85207a",
    "r": "JA359C",
    "it": "C25A",
    "y": null,
    "m": null,
    "mo": "Cessna 525",
    "o": null,
    "st": "L2J",
    "ml": false
  },
  "856b84": {
    "i": "856b84",
    "r": "JA4164",
    "it": "BE36",
    "y": null,
    "m": null,
    "mo": "Beech Bonanza A36",
    "o": null,
    "st": "L1P",
    "ml": false
  },
  "85d098": {
    "i": "85d098",
    "r": "JA54AN",
    "it": "B738",
    "y": null,
    "m": null,
    "mo": "Boeing 737-881",
    "o": null,
    "st": "L2J",
    "ml": false
  },
  "851230": {
    "i": "851230",
    "r": "JA319J",
    "it": "B738",
    "y": null,
    "m": null,
    "mo": "Boeing 737-846",
    "o": null,
    "st": "L2J",
    "ml": false
  },
  "8516ae": {
    "i": "8516ae",
    "r": "JA32KC",
    "it": "EC35",
    "y": null,
    "m": null,
    "mo": "Eurocopter EC135 T2",
    "o": null,
    "st": "H2T",
    "ml": false
  },
  "851cca": {
    "i": "851cca",
    "r": "JA348J",
    "it": "B738",
    "y": null,
    "m": null,
    "mo": "Boeing 737-846",
    "o": null,
    "st": "L2J",
    "ml": false
  },
  "8520c0": {
    "i": "8520c0",
    "r": "JA35CA",
    "it": "D228",
    "y": null,
    "m": null,
    "mo": "Dornier Do.228-212NG",
    "o": null,
    "st": "L2T",
    "ml": false
  },
  "8527e8": {
    "i": "8527e8",
    "r": "JA37CA",
    "it": "D228",
    "y": null,
    "m": null,
    "mo": "RUAG Do 228 212 NG",
    "o": null,
    "st": "L2T",
    "ml": false
  },
  "852dfc": {
    "i": "852dfc",
    "r": "JA393A",
    "it": "C172",
    "y": null,
    "m": null,
    "mo": "Cessna 172-S",
    "o": null,
    "st": "L1P",
    "ml": false
  },
  "856c54": {
    "i": "856c54",
    "r": "JA41DE",
    "it": "DA40",
    "y": null,
    "m": null,
    "mo": "Diamond Aircraft Diamond Star DA40 NG",
    "o": null,
    "st": "L1P",
    "ml": false
  },
  "858339": {
    "i": "858339",
    "r": "JA47UK",
    "it": "C172",
    "y": null,
    "m": null,
    "mo": "Textron Aviation 172S Skyhawk SP",
    "o": null,
    "st": "L1P",
    "ml": false
  },
  "85c253": {
    "i": "85c253",
    "r": "JA50AZ",
    "it": "BE58",
    "y": null,
    "m": null,
    "mo": "Textron Aviation Baron G58",
    "o": null,
    "st": "L2P",
    "ml": false
  },
  "85df6e": {
    "i": "85df6e",
    "r": "JA58GC",
    "it": "BE58",
    "y": null,
    "m": null,
    "mo": "Beech Baron",
    "o": null,
    "st": "L2P",
    "ml": false
  },
  "851120": {
    "i": "851120",
    "r": "JA311J",
    "it": "B738",
    "y": null,
    "m": null,
    "mo": "Boeing 737-846",
    "o": null,
    "st": "L2J",
    "ml": false
  },
  "8520fc": {
    "i": "8520fc",
    "r": "JA35EN",
    "it": "B350",
    "y": null,
    "m": null,
    "mo": "Raytheon Aircraft Company King Air B350",
    "o": null,
    "st": "L2T",
    "ml": false
  },
  "852a24": {
    "i": "852a24",
    "r": "JA381A",
    "it": "A388",
    "y": null,
    "m": null,
    "mo": "Airbus A380-841",
    "o": null,
    "st": "L4J",
    "ml": false
  },
  "852a46": {
    "i": "852a46",
    "r": "JA382A",
    "it": "A388",
    "y": null,
    "m": null,
    "mo": "Airbus A380-841",
    "o": null,
    "st": "L4J",
    "ml": false
  },
  "8576c4": {
    "i": "8576c4",
    "r": "JA44AA",
    "it": "R44",
    "y": null,
    "m": null,
    "mo": "Robinson R44 Clipper II",
    "o": null,
    "st": "H1P",
    "ml": false
  },
  "857ce6": {
    "i": "857ce6",
    "r": "JA462A",
    "it": "DH8D",
    "y": null,
    "m": null,
    "mo": "Bombardier DHC-8-Q-402NG",
    "o": null,
    "st": "L2T",
    "ml": false
  },
  "858a61": {
    "i": "858a61",
    "r": "JA49UK",
    "it": "C172",
    "y": null,
    "m": null,
    "mo": "Cessna 172-S",
    "o": null,
    "st": "L1P",
    "ml": false
  },
  "856e6c": {
    "i": "856e6c",
    "r": "JA4212",
    "it": "BE36",
    "y": null,
    "m": null,
    "mo": "Beech Bonanza A36",
    "o": null,
    "st": "L1P",
    "ml": false
  },
  "85c1a4": {
    "i": "85c1a4",
    "r": "JA505J",
    "it": "B505",
    "y": null,
    "m": null,
    "mo": "",
    "o": null,
    "st": "H1T",
    "ml": false
  },
  "85db54": {
    "i": "85db54",
    "r": "JA57AN",
    "it": "B738",
    "y": null,
    "m": null,
    "mo": "Boeing 737-881",
    "o": null,
    "st": "L2J",
    "ml": false
  },
  "8571a9": {
    "i": "8571a9",
    "r": "JA42XX",
    "it": "CC19",
    "y": null,
    "m": null,
    "mo": "",
    "o": null,
    "st": "L1P",
    "ml": false
  },
  "851c86": {
    "i": "851c86",
    "r": "JA346J",
    "it": "B738",
    "y": null,
    "m": null,
    "mo": "Boeing 737-846",
    "o": null,
    "st": "L2J",
    "ml": false
  },
  "851f49": {
    "i": "851f49",
    "r": "JA350D",
    "it": "AS50",
    "y": null,
    "m": null,
    "mo": "Eurocopter Squirrel AS.350 B3",
    "o": null,
    "st": "H1T",
    "ml": false
  },
  "85209f": {
    "i": "85209f",
    "r": "JA35AR",
    "it": "A169",
    "y": null,
    "m": null,
    "mo": "AgustaWestland 169",
    "o": null,
    "st": "H2T",
    "ml": false
  },
  "852138": {
    "i": "852138",
    "r": "JA35HA",
    "it": "C172",
    "y": null,
    "m": null,
    "mo": "Cessna 172S Skyhawk SP",
    "o": null,
    "st": "L1P",
    "ml": false
  },
  "85dd8e": {
    "i": "85dd8e",
    "r": "JA5806",
    "it": "BE58",
    "y": null,
    "m": null,
    "mo": "Beech Baron",
    "o": null,
    "st": "L2P",
    "ml": false
  },
  "850edc": {
    "i": "850edc",
    "r": "JA30CA",
    "it": "D228",
    "y": null,
    "m": null,
    "mo": "",
    "o": null,
    "st": "L2T",
    "ml": false
  },
  "851580": {
    "i": "851580",
    "r": "JA327J",
    "it": "B738",
    "y": null,
    "m": null,
    "mo": "Boeing 737-846",
    "o": null,
    "st": "L2J",
    "ml": false
  },
  "851895": {
    "i": "851895",
    "r": "JA333T",
    "it": "A109",
    "y": null,
    "m": null,
    "mo": "",
    "o": null,
    "st": "H2T",
    "ml": false
  },
  "851c9a": {
    "i": "851c9a",
    "r": "JA3474",
    "it": "SUBA",
    "y": null,
    "m": null,
    "mo": "Fuji FA-200 180 Aero Subaru",
    "o": null,
    "st": "L1P",
    "ml": false
  },
  "851d2c": {
    "i": "851d2c",
    "r": "JA34CA",
    "it": "D228",
    "y": null,
    "m": null,
    "mo": "Dornier Do.228-212NG",
    "o": null,
    "st": "L2T",
    "ml": false
  },
  "852a3d": {
    "i": "852a3d",
    "r": "JA3821",
    "it": "C172",
    "y": null,
    "m": null,
    "mo": "Cessna 172N Skyhawk",
    "o": null,
    "st": "L1P",
    "ml": false
  },
  "85c15a": {
    "i": "85c15a",
    "r": "JA503C",
    "it": "AS50",
    "y": null,
    "m": null,
    "mo": "Eurocopter AS.350-B3",
    "o": null,
    "st": "H1T",
    "ml": false
  },
  "850e36": {
    "i": "850e36",
    "r": "JA306J",
    "it": "B738",
    "y": null,
    "m": null,
    "mo": "Boeing 737-846",
    "o": null,
    "st": "L2J",
    "ml": false
  },
  "852a68": {
    "i": "852a68",
    "r": "JA383A",
    "it": "A388",
    "y": null,
    "m": null,
    "mo": "Airbus A380-841",
    "o": null,
    "st": "L4J",
    "ml": false
  },
  "852bf4": {
    "i": "852bf4",
    "r": "JA38HA",
    "it": "C172",
    "y": null,
    "m": null,
    "mo": "Cessna 172-S",
    "o": null,
    "st": "L1P",
    "ml": false
  },
  "857d08": {
    "i": "857d08",
    "r": "JA463A",
    "it": "DH8D",
    "y": null,
    "m": null,
    "mo": "Bombardier DHC-8-Q-402NG",
    "o": null,
    "st": "L2T",
    "ml": false
  },
  "85c1b1": {
    "i": "85c1b1",
    "r": "JA505X",
    "it": "B505",
    "y": null,
    "m": null,
    "mo": "Bell Helicopters 505",
    "o": null,
    "st": "H1T",
    "ml": false
  },
  "85c59c": {
    "i": "85c59c",
    "r": "JA518G",
    "it": "R44",
    "y": null,
    "m": null,
    "mo": "",
    "o": null,
    "st": "H1P",
    "ml": false
  },
  "85c789": {
    "i": "85c789",
    "r": "JA51UK",
    "it": "BE58",
    "y": null,
    "m": null,
    "mo": "Beech Baron",
    "o": null,
    "st": "L2P",
    "ml": false
  },
  "85c8c6": {
    "i": "85c8c6",
    "r": "JA525C",
    "it": "C25A",
    "y": null,
    "m": null,
    "mo": "Cessna 525",
    "o": null,
    "st": "L2J",
    "ml": false
  },
  "85ddab": {
    "i": "85ddab",
    "r": "JA5811",
    "it": "BE58",
    "y": null,
    "m": null,
    "mo": "Beech Baron",
    "o": null,
    "st": "L2P",
    "ml": false
  },
  "8515c4": {
    "i": "8515c4",
    "r": "JA329J",
    "it": "B738",
    "y": null,
    "m": null,
    "mo": "Boeing 737-846",
    "o": null,
    "st": "L2J",
    "ml": false
  },
  "85270e": {
    "i": "85270e",
    "r": "JA3750",
    "it": "SUBA",
    "y": null,
    "m": null,
    "mo": "Fuji FA-200 180 Aero Subaru",
    "o": null,
    "st": "L1P",
    "ml": false
  },
  "856b88": {
    "i": "856b88",
    "r": "JA4168",
    "it": "BE36",
    "y": null,
    "m": null,
    "mo": "Beech Bonanza A36",
    "o": null,
    "st": "L1P",
    "ml": false
  },
  "857196": {
    "i": "857196",
    "r": "JA42XC",
    "it": "CC19",
    "y": null,
    "m": null,
    "mo": "CubCrafters CC19 180",
    "o": null,
    "st": "L1P",
    "ml": false
  },
  "857ca2": {
    "i": "857ca2",
    "r": "JA460A",
    "it": "DH8D",
    "y": null,
    "m": null,
    "mo": "Bombardier DHC-8-Q-402NG",
    "o": null,
    "st": "L2T",
    "ml": false
  },
  "85c1c2": {
    "i": "85c1c2",
    "r": "JA506E",
    "it": "AS50",
    "y": null,
    "m": null,
    "mo": "Eurocopter AS.350-B3",
    "o": null,
    "st": "H1T",
    "ml": false
  },
  "85dd89": {
    "i": "85dd89",
    "r": "JA5801",
    "it": "BE58",
    "y": null,
    "m": null,
    "mo": "Beech Baron",
    "o": null,
    "st": "L2P",
    "ml": false
  },
  "85ddaa": {
    "i": "85ddaa",
    "r": "JA5810",
    "it": "BE58",
    "y": null,
    "m": null,
    "mo": "Beech Baron",
    "o": null,
    "st": "L2P",
    "ml": false
  },
  "8510fd": {
    "i": "8510fd",
    "r": "JA310H",
    "it": "AS50",
    "y": null,
    "m": null,
    "mo": "Eurocopter AS.350-B",
    "o": null,
    "st": "H1T",
    "ml": false
  },
  "85111a": {
    "i": "85111a",
    "r": "JA311C",
    "it": "A109",
    "y": null,
    "m": null,
    "mo": "Agusta A.109 E",
    "o": null,
    "st": "H2T",
    "ml": false
  },
  "851186": {
    "i": "851186",
    "r": "JA314J",
    "it": "B738",
    "y": null,
    "m": null,
    "mo": "Boeing 737-846",
    "o": null,
    "st": "L2J",
    "ml": false
  },
  "8511ca": {
    "i": "8511ca",
    "r": "JA316J",
    "it": "B738",
    "y": null,
    "m": null,
    "mo": "Boeing 737-846",
    "o": null,
    "st": "L2J",
    "ml": false
  },
  "8514b4": {
    "i": "8514b4",
    "r": "JA321J",
    "it": "B738",
    "y": null,
    "m": null,
    "mo": "Boeing 737-846",
    "o": null,
    "st": "L2J",
    "ml": false
  },
  "85178d": {
    "i": "85178d",
    "r": "JA32UK",
    "it": "C172",
    "y": null,
    "m": null,
    "mo": "Cessna 172S Skyhawk SP",
    "o": null,
    "st": "L1P",
    "ml": false
  },
  "851c9e": {
    "i": "851c9e",
    "r": "JA3478",
    "it": "SUBA",
    "y": null,
    "m": null,
    "mo": "Fuji FA-200 160 Aero Subaru",
    "o": null,
    "st": "L1P",
    "ml": false
  },
  "852dba": {
    "i": "852dba",
    "r": "JA391C",
    "it": "C25A",
    "y": null,
    "m": null,
    "mo": "Cessna 525",
    "o": null,
    "st": "L2J",
    "ml": false
  },
  "852dda": {
    "i": "852dda",
    "r": "JA392A",
    "it": "C172",
    "y": null,
    "m": null,
    "mo": "Cessna 172-S",
    "o": null,
    "st": "L1P",
    "ml": false
  },
  "85c86f": {
    "i": "85c86f",
    "r": "JA522T",
    "it": "R44",
    "y": null,
    "m": null,
    "mo": "Robinson R44",
    "o": null,
    "st": "H1P",
    "ml": false
  },
  "850df2": {
    "i": "850df2",
    "r": "JA304J",
    "it": "B738",
    "y": null,
    "m": null,
    "mo": "Boeing 737-846",
    "o": null,
    "st": "L2J",
    "ml": false
  },
  "851604": {
    "i": "851604",
    "r": "JA32CA",
    "it": "D228",
    "y": null,
    "m": null,
    "mo": "Dornier Do 228 212",
    "o": null,
    "st": "L2T",
    "ml": false
  },
  "851958": {
    "i": "851958",
    "r": "JA339J",
    "it": "B738",
    "y": null,
    "m": null,
    "mo": "Boeing 737-846",
    "o": null,
    "st": "L2J",
    "ml": false
  },
  "851ca8": {
    "i": "851ca8",
    "r": "JA347J",
    "it": "B738",
    "y": null,
    "m": null,
    "mo": "Boeing 737-846",
    "o": null,
    "st": "L2J",
    "ml": false
  },
  "8526e3": {
    "i": "8526e3",
    "r": "JA373R",
    "it": "PA46",
    "y": null,
    "m": null,
    "mo": "",
    "o": null,
    "st": "L1P",
    "ml": false
  },
  "852d8d": {
    "i": "852d8d",
    "r": "JA3901",
    "it": "P28A",
    "y": null,
    "m": null,
    "mo": "",
    "o": null,
    "st": "L1P",
    "ml": false
  },
  "852e40": {
    "i": "852e40",
    "r": "JA395A",
    "it": "C172",
    "y": null,
    "m": null,
    "mo": "Cessna 172-S",
    "o": null,
    "st": "L1P",
    "ml": false
  },
  "856b85": {
    "i": "856b85",
    "r": "JA4165",
    "it": "BT36",
    "y": null,
    "m": null,
    "mo": "Beech Bonanza/Debonair",
    "o": null,
    "st": "L1P",
    "ml": false
  },
  "85e27c": {
    "i": "85e27c",
    "r": "JA59AN",
    "it": "B738",
    "y": null,
    "m": null,
    "mo": "Boeing 737-881",
    "o": null,
    "st": "L2J",
    "ml": false
  },
  "85167c": {
    "i": "85167c",
    "r": "JA32HA",
    "it": "C172",
    "y": null,
    "m": null,
    "mo": "Cessna 172-S",
    "o": null,
    "st": "L1P",
    "ml": false
  },
  "8518f2": {
    "i": "8518f2",
    "r": "JA336J",
    "it": "B738",
    "y": null,
    "m": null,
    "mo": "Boeing 737-846",
    "o": null,
    "st": "L2J",
    "ml": false
  },
  "852442": {
    "i": "852442",
    "r": "JA36BG",
    "it": "BE36",
    "y": null,
    "m": null,
    "mo": "Beech Bonanza/Debonair",
    "o": null,
    "st": "L1P",
    "ml": false
  },
  "8526ea": {
    "i": "8526ea",
    "r": "JA373Y",
    "it": "B505",
    "y": null,
    "m": null,
    "mo": "Bell Helicopters 505",
    "o": null,
    "st": "H1T",
    "ml": false
  },
  "85d3cb": {
    "i": "85d3cb",
    "r": "JA557H",
    "it": "EC35",
    "y": null,
    "m": null,
    "mo": "Eurocopter EC135 T2+",
    "o": null,
    "st": "H2T",
    "ml": false
  },
  "85df6c": {
    "i": "85df6c",
    "r": "JA58GA",
    "it": "BE58",
    "y": null,
    "m": null,
    "mo": "Raytheon Aircraft Baron G58",
    "o": null,
    "st": "L2P",
    "ml": false
  },
  "850e14": {
    "i": "850e14",
    "r": "JA305J",
    "it": "B738",
    "y": null,
    "m": null,
    "mo": "Boeing 737-846",
    "o": null,
    "st": "L2J",
    "ml": false
  },
  "8513d8": {
    "i": "8513d8",
    "r": "JA31TA",
    "it": "A139",
    "y": null,
    "m": null,
    "mo": "AgustaWestland 139",
    "o": null,
    "st": "H2T",
    "ml": false
  },
  "851cec": {
    "i": "851cec",
    "r": "JA349J",
    "it": "B738",
    "y": null,
    "m": null,
    "mo": "Boeing 737-846",
    "o": null,
    "st": "L2J",
    "ml": false
  },
  "856b82": {
    "i": "856b82",
    "r": "JA4162",
    "it": "BT36",
    "y": null,
    "m": null,
    "mo": "Beech Bonanza/Debonair",
    "o": null,
    "st": "L1P",
    "ml": false
  },
  "856e6e": {
    "i": "856e6e",
    "r": "JA4214",
    "it": "BE36",
    "y": null,
    "m": null,
    "mo": "Beech Bonanza A36",
    "o": null,
    "st": "L1P",
    "ml": false
  },
  "85c8c4": {
    "i": "85c8c4",
    "r": "JA525A",
    "it": "C525",
    "y": null,
    "m": null,
    "mo": "",
    "o": null,
    "st": "L2J",
    "ml": false
  },
  "85d468": {
    "i": "85d468",
    "r": "JA55DA",
    "it": "DA42",
    "y": null,
    "m": null,
    "mo": "Diamond DA 42-NG",
    "o": null,
    "st": "L2P",
    "ml": false
  },
  "85ddad": {
    "i": "85ddad",
    "r": "JA5813",
    "it": "BE58",
    "y": null,
    "m": null,
    "mo": "Beech Baron",
    "o": null,
    "st": "L2P",
    "ml": false
  },
  "850ebb": {
    "i": "850ebb",
    "r": "JA30AR",
    "it": "B412",
    "y": null,
    "m": null,
    "mo": "Bell 412 EPI",
    "o": null,
    "st": "H2T",
    "ml": false
  },
  "8511a8": {
    "i": "8511a8",
    "r": "JA315J",
    "it": "B738",
    "y": null,
    "m": null,
    "mo": "Boeing 737-846",
    "o": null,
    "st": "L2J",
    "ml": false
  },
  "8515c0": {
    "i": "8515c0",
    "r": "JA329E",
    "it": "C172",
    "y": null,
    "m": null,
    "mo": "Cessna 172-S",
    "o": null,
    "st": "L1P",
    "ml": false
  },
  "852a45": {
    "i": "852a45",
    "r": "JA3829",
    "it": "P28A",
    "y": null,
    "m": null,
    "mo": "Piper PA-28-161",
    "o": null,
    "st": "L1P",
    "ml": false
  },
  "856e71": {
    "i": "856e71",
    "r": "JA4217",
    "it": "BE36",
    "y": null,
    "m": null,
    "mo": "Beech Bonanza A36",
    "o": null,
    "st": "L1P",
    "ml": false
  },
  "85dd91": {
    "i": "85dd91",
    "r": "JA5809",
    "it": "BE58",
    "y": null,
    "m": null,
    "mo": "Beech Baron",
    "o": null,
    "st": "L2P",
    "ml": false
  },
  "85188c": {
    "i": "85188c",
    "r": "JA333J",
    "it": "B738",
    "y": null,
    "m": null,
    "mo": "Boeing 737-846",
    "o": null,
    "st": "L2J",
    "ml": false
  },
  "851c42": {
    "i": "851c42",
    "r": "JA344J",
    "it": "B738",
    "y": null,
    "m": null,
    "mo": "Boeing 737-846",
    "o": null,
    "st": "L2J",
    "ml": false
  },
  "852e1e": {
    "i": "852e1e",
    "r": "JA394A",
    "it": "C172",
    "y": null,
    "m": null,
    "mo": "Cessna 172-S",
    "o": null,
    "st": "L1P",
    "ml": false
  },
  "856b81": {
    "i": "856b81",
    "r": "JA4161",
    "it": "BE36",
    "y": null,
    "m": null,
    "mo": "Beech Bonanza A36",
    "o": null,
    "st": "L1P",
    "ml": false
  },
  "850e9c": {
    "i": "850e9c",
    "r": "JA309J",
    "it": "B738",
    "y": null,
    "m": null,
    "mo": "Boeing 737-846",
    "o": null,
    "st": "L2J",
    "ml": false
  },
  "85124f": {
    "i": "85124f",
    "r": "JA31AR",
    "it": "A139",
    "y": null,
    "m": null,
    "mo": "AgustaWestland AW.139",
    "o": null,
    "st": "H2T",
    "ml": false
  },
  "851989": {
    "i": "851989",
    "r": "JA33BK",
    "it": "EC45",
    "y": null,
    "m": null,
    "mo": "MBB Kawasaki BK.117 C-2",
    "o": null,
    "st": "H2T",
    "ml": false
  },
  "851998": {
    "i": "851998",
    "r": "JA33CA",
    "it": "D228",
    "y": null,
    "m": null,
    "mo": "Dornier Do 228 212",
    "o": null,
    "st": "L2T",
    "ml": false
  },
  "852f88": {
    "i": "852f88",
    "r": "JA39HA",
    "it": "C172",
    "y": null,
    "m": null,
    "mo": "Cessna 172-S",
    "o": null,
    "st": "L1P",
    "ml": false
  },
  "856ba2": {
    "i": "856ba2",
    "r": "JA4170",
    "it": "BE36",
    "y": null,
    "m": null,
    "mo": "Beech Bonanza A36",
    "o": null,
    "st": "L1P",
    "ml": false
  },
  "857b30": {
    "i": "857b30",
    "r": "JA45KA",
    "it": "T206",
    "y": null,
    "m": null,
    "mo": "Cessna T.206-H",
    "o": null,
    "st": "L1P",
    "ml": false
  },
  "85c678": {
    "i": "85c678",
    "r": "JA51HA",
    "it": "BE58",
    "y": null,
    "m": null,
    "mo": "Beech Baron",
    "o": null,
    "st": "L2P",
    "ml": false
  },
  "85c9ac": {
    "i": "85c9ac",
    "r": "JA52DA",
    "it": "DA42",
    "y": null,
    "m": null,
    "mo": "Diamond Twin Star",
    "o": null,
    "st": "L2P",
    "ml": false
  },
  "85dd01": {
    "i": "85dd01",
    "r": "JA57UK",
    "it": "BE58",
    "y": null,
    "m": null,
    "mo": "Beech Baron",
    "o": null,
    "st": "L2P",
    "ml": false
  },
  "852860": {
    "i": "852860",
    "r": "JA37HA",
    "it": "C172",
    "y": null,
    "m": null,
    "mo": "Cessna 172-S",
    "o": null,
    "st": "L1P",
    "ml": false
  },
  "856b8a": {
    "i": "856b8a",
    "r": "JA416A",
    "it": "R66",
    "y": null,
    "m": null,
    "mo": "",
    "o": null,
    "st": "H1T",
    "ml": false
  },
  "85c1b0": {
    "i": "85c1b0",
    "r": "JA505W",
    "it": "B505",
    "y": null,
    "m": null,
    "mo": "",
    "o": null,
    "st": "H1T",
    "ml": false
  },
  "85c8cf": {
    "i": "85c8cf",
    "r": "JA525M",
    "it": "C25M",
    "y": null,
    "m": null,
    "mo": "Cessna 525",
    "o": null,
    "st": "L2J",
    "ml": false
  },
  "85c970": {
    "i": "85c970",
    "r": "JA52AN",
    "it": "B738",
    "y": null,
    "m": null,
    "mo": "Boeing 737-881",
    "o": null,
    "st": "L2J",
    "ml": false
  },
  "85dee7": {
    "i": "85dee7",
    "r": "JA58AM",
    "it": "R66",
    "y": null,
    "m": null,
    "mo": "Robinson R66",
    "o": null,
    "st": "H1T",
    "ml": false
  },
  "8515e3": {
    "i": "8515e3",
    "r": "JA32AR",
    "it": "EC45",
    "y": null,
    "m": null,
    "mo": "MBB Kawasaki BK.117 C-2",
    "o": null,
    "st": "H2T",
    "ml": false
  },
  "851936": {
    "i": "851936",
    "r": "JA338J",
    "it": "B738",
    "y": null,
    "m": null,
    "mo": "Boeing 737-846",
    "o": null,
    "st": "L2J",
    "ml": false
  },
  "851f5c": {
    "i": "851f5c",
    "r": "JA350Y",
    "it": "AS50",
    "y": null,
    "m": null,
    "mo": "Eurocopter Squirrel AS.350 B2",
    "o": null,
    "st": "H1T",
    "ml": false
  },
  "856b66": {
    "i": "856b66",
    "r": "JA4158",
    "it": "BE36",
    "y": null,
    "m": null,
    "mo": "Beech Bonanza A36",
    "o": null,
    "st": "L1P",
    "ml": false
  },
  "857ec4": {
    "i": "857ec4",
    "r": "JA46KA",
    "it": "T206",
    "y": null,
    "m": null,
    "mo": "Cessna 206",
    "o": null,
    "st": "L1P",
    "ml": false
  },
  "851492": {
    "i": "851492",
    "r": "JA320J",
    "it": "B738",
    "y": null,
    "m": null,
    "mo": "Boeing 737-846",
    "o": null,
    "st": "L2J",
    "ml": false
  },
  "851da4": {
    "i": "851da4",
    "r": "JA34HA",
    "it": "C172",
    "y": null,
    "m": null,
    "mo": "Cessna 172-S",
    "o": null,
    "st": "L1P",
    "ml": false
  },
  "852206": {
    "i": "852206",
    "r": "JA35RQ",
    "it": "EC35",
    "y": null,
    "m": null,
    "mo": "Eurocopter EC135",
    "o": null,
    "st": "H2T",
    "ml": false
  },
  "8526ca": {
    "i": "8526ca",
    "r": "JA3730",
    "it": "C206",
    "y": null,
    "m": null,
    "mo": "Cessna U206F Turbo Stationair",
    "o": null,
    "st": "L1P",
    "ml": false
  },
  "852db8": {
    "i": "852db8",
    "r": "JA391A",
    "it": "C172",
    "y": null,
    "m": null,
    "mo": "Cessna 172-S",
    "o": null,
    "st": "L1P",
    "ml": false
  },
  "856e70": {
    "i": "856e70",
    "r": "JA4216",
    "it": "BE36",
    "y": null,
    "m": null,
    "mo": "Beech Bonanza A36",
    "o": null,
    "st": "L1P",
    "ml": false
  },
  "856e8d": {
    "i": "856e8d",
    "r": "JA4221",
    "it": "BT36",
    "y": null,
    "m": null,
    "mo": "Beech Bonanza/Debonair",
    "o": null,
    "st": "L1P",
    "ml": false
  },
  "851185": {
    "i": "851185",
    "r": "JA314H",
    "it": "R22",
    "y": null,
    "m": null,
    "mo": "",
    "o": null,
    "st": "H1P",
    "ml": false
  },
  "851a10": {
    "i": "851a10",
    "r": "JA33HA",
    "it": "C172",
    "y": null,
    "m": null,
    "mo": "Cessna 172-S",
    "o": null,
    "st": "L1P",
    "ml": false
  },
  "851bfe": {
    "i": "851bfe",
    "r": "JA342J",
    "it": "B738",
    "y": null,
    "m": null,
    "mo": "Boeing 737-846",
    "o": null,
    "st": "L2J",
    "ml": false
  },
  "852688": {
    "i": "852688",
    "r": "JA3712",
    "it": "P28A",
    "y": null,
    "m": null,
    "mo": "",
    "o": null,
    "st": "L1P",
    "ml": false
  },
  "852e3e": {
    "i": "852e3e",
    "r": "JA3958",
    "it": "C172",
    "y": null,
    "m": null,
    "mo": "",
    "o": null,
    "st": "L1P",
    "ml": false
  },
  "856c50": {
    "i": "856c50",
    "r": "JA41DA",
    "it": "DA40",
    "y": null,
    "m": null,
    "mo": "Diamond Star",
    "o": null,
    "st": "L1P",
    "ml": false
  },
  "85c1af": {
    "i": "85c1af",
    "r": "JA505V",
    "it": "B505",
    "y": null,
    "m": null,
    "mo": "Bell Helicopters 505",
    "o": null,
    "st": "H1T",
    "ml": false
  },
  "85c8da": {
    "i": "85c8da",
    "r": "JA525Y",
    "it": "C525",
    "y": null,
    "m": null,
    "mo": "Cessna 525",
    "o": null,
    "st": "L2J",
    "ml": false
  },
  "85ca0c": {
    "i": "85ca0c",
    "r": "JA52HA",
    "it": "BE58",
    "y": null,
    "m": null,
    "mo": "Beech Baron",
    "o": null,
    "st": "L2P",
    "ml": false
  },
  "85d42c": {
    "i": "85d42c",
    "r": "JA55AN",
    "it": "B738",
    "y": null,
    "m": null,
    "mo": "Boeing 737-881",
    "o": null,
    "st": "L2J",
    "ml": false
  },
  "850e58": {
    "i": "850e58",
    "r": "JA307J",
    "it": "B738",
    "y": null,
    "m": null,
    "mo": "Boeing 737-846",
    "o": null,
    "st": "L2J",
    "ml": false
  },
  "856ce0": {
    "i": "856ce0",
    "r": "JA41KA",
    "it": "T206",
    "y": null,
    "m": null,
    "mo": "Cessna T.206-H",
    "o": null,
    "st": "L1P",
    "ml": false
  },
  "85c19c": {
    "i": "85c19c",
    "r": "JA505A",
    "it": "B505",
    "y": null,
    "m": null,
    "mo": "Bell Helicopters 505",
    "o": null,
    "st": "H1T",
    "ml": false
  },
  "85d7c0": {
    "i": "85d7c0",
    "r": "JA56AN",
    "it": "B738",
    "y": null,
    "m": null,
    "mo": "Boeing 737-881",
    "o": null,
    "st": "L2J",
    "ml": false
  },
  "850d8c": {
    "i": "850d8c",
    "r": "JA301J",
    "it": "B738",
    "y": null,
    "m": null,
    "mo": "Boeing 737-846",
    "o": null,
    "st": "L2J",
    "ml": false
  },
  "85111f": {
    "i": "85111f",
    "r": "JA311H",
    "it": "R22",
    "y": null,
    "m": null,
    "mo": "",
    "o": null,
    "st": "H1P",
    "ml": false
  },
  "851873": {
    "i": "851873",
    "r": "JA332T",
    "it": "AS32",
    "y": null,
    "m": null,
    "mo": "Eurocopter Super Puma AS.332 L1",
    "o": null,
    "st": "H2T",
    "ml": false
  },
  "852aa8": {
    "i": "852aa8",
    "r": "JA3856",
    "it": "C206",
    "y": null,
    "m": null,
    "mo": "Cessna U206G Turbo Stationair 6",
    "o": null,
    "st": "L1P",
    "ml": false
  },
  "85687d": {
    "i": "85687d",
    "r": "JA40AK",
    "it": "GLID",
    "y": null,
    "m": null,
    "mo": "",
    "o": null,
    "st": "L0-",
    "ml": false
  },
  "857d2a": {
    "i": "857d2a",
    "r": "JA464A",
    "it": "DH8D",
    "y": null,
    "m": null,
    "mo": "Bombardier DHC-8-Q-402NG",
    "o": null,
    "st": "L2T",
    "ml": false
  },
  "85cd40": {
    "i": "85cd40",
    "r": "JA53DA",
    "it": "DA42",
    "y": null,
    "m": null,
    "mo": "Diamond Twin Star",
    "o": null,
    "st": "L2P",
    "ml": false
  },
  "8513f9": {
    "i": "8513f9",
    "r": "JA31UK",
    "it": "C172",
    "y": null,
    "m": null,
    "mo": "Cessna 172S Skyhawk SP",
    "o": null,
    "st": "L1P",
    "ml": false
  },
  "8515a2": {
    "i": "8515a2",
    "r": "JA328J",
    "it": "B738",
    "y": null,
    "m": null,
    "mo": "Boeing 737-846",
    "o": null,
    "st": "L2J",
    "ml": false
  },
  "851826": {
    "i": "851826",
    "r": "JA330J",
    "it": "B738",
    "y": null,
    "m": null,
    "mo": "Boeing 737-846",
    "o": null,
    "st": "L2J",
    "ml": false
  },
  "8518d0": {
    "i": "8518d0",
    "r": "JA335J",
    "it": "B738",
    "y": null,
    "m": null,
    "mo": "Boeing 737-846",
    "o": null,
    "st": "L2J",
    "ml": false
  },
  "851914": {
    "i": "851914",
    "r": "JA337J",
    "it": "B738",
    "y": null,
    "m": null,
    "mo": "Boeing 737-846",
    "o": null,
    "st": "L2J",
    "ml": false
  },
  "851c20": {
    "i": "851c20",
    "r": "JA343J",
    "it": "B738",
    "y": null,
    "m": null,
    "mo": "Boeing 737-846",
    "o": null,
    "st": "L2J",
    "ml": false
  },
  "856742": {
    "i": "856742",
    "r": "JA4010",
    "it": "PA46",
    "y": null,
    "m": null,
    "mo": "Piper PA-46-310P",
    "o": null,
    "st": "L1P",
    "ml": false
  },
  "85df6d": {
    "i": "85df6d",
    "r": "JA58GB",
    "it": "BE58",
    "y": null,
    "m": null,
    "mo": "Raytheon Aircraft Baron G58",
    "o": null,
    "st": "L2P",
    "ml": false
  },
  "851820": {
    "i": "851820",
    "r": "JA330C",
    "it": "R44",
    "y": null,
    "m": null,
    "mo": "Robinson R44 Raven II",
    "o": null,
    "st": "H1P",
    "ml": false
  },
  "851c64": {
    "i": "851c64",
    "r": "JA345J",
    "it": "B738",
    "y": null,
    "m": null,
    "mo": "Boeing 737-846",
    "o": null,
    "st": "L2J",
    "ml": false
  },
  "85204a": {
    "i": "85204a",
    "r": "JA357Y",
    "it": "P28R",
    "y": null,
    "m": null,
    "mo": "Piper PA-28R 201 Arrow III",
    "o": null,
    "st": "L1P",
    "ml": false
  },
  "85205c": {
    "i": "85205c",
    "r": "JA358G",
    "it": "B505",
    "y": null,
    "m": null,
    "mo": "Bell Helicopters 505",
    "o": null,
    "st": "H1T",
    "ml": false
  },
  "856b64": {
    "i": "856b64",
    "r": "JA4156",
    "it": "BE36",
    "y": null,
    "m": null,
    "mo": "Beech Bonanza A36",
    "o": null,
    "st": "L1P",
    "ml": false
  },
  "857cc4": {
    "i": "857cc4",
    "r": "JA461A",
    "it": "DH8D",
    "y": null,
    "m": null,
    "mo": "Bombardier DHC-8-Q-402NG",
    "o": null,
    "st": "L2T",
    "ml": false
  },
  "85c136": {
    "i": "85c136",
    "r": "JA502A",
    "it": "GLF5",
    "y": null,
    "m": null,
    "mo": "",
    "o": null,
    "st": "L2J",
    "ml": false
  },
  "85c17d": {
    "i": "85c17d",
    "r": "JA504D",
    "it": "AS50",
    "y": null,
    "m": null,
    "mo": "Eurocopter AS.350-B3",
    "o": null,
    "st": "H1T",
    "ml": false
  },
  "85d47f": {
    "i": "85d47f",
    "r": "JA55DZ",
    "it": "C208",
    "y": null,
    "m": null,
    "mo": "Cessna 208 B",
    "o": null,
    "st": "L1T",
    "ml": false
  },
  "850daf": {
    "i": "850daf",
    "r": "JA302K",
    "it": "B735",
    "y": null,
    "m": null,
    "mo": "Boeing 737 54K",
    "o": null,
    "st": "L2J",
    "ml": false
  },
  "851142": {
    "i": "851142",
    "r": "JA312J",
    "it": "B738",
    "y": null,
    "m": null,
    "mo": "Boeing 737-846",
    "o": null,
    "st": "L2J",
    "ml": false
  },
  "851f4e": {
    "i": "851f4e",
    "r": "JA350J",
    "it": "B738",
    "y": null,
    "m": null,
    "mo": "Boeing 737-846",
    "o": null,
    "st": "L2J",
    "ml": false
  },
  "856b83": {
    "i": "856b83",
    "r": "JA4163",
    "it": "BT36",
    "y": null,
    "m": null,
    "mo": "Beech Bonanza/Debonair",
    "o": null,
    "st": "L1P",
    "ml": false
  },
  "856d2d": {
    "i": "856d2d",
    "r": "JA41NF",
    "it": "R44",
    "y": null,
    "m": null,
    "mo": "Robinson R44 Raven II",
    "o": null,
    "st": "H1P",
    "ml": false
  },
  "856dc1": {
    "i": "856dc1",
    "r": "JA41UK",
    "it": "C172",
    "y": null,
    "m": null,
    "mo": "Cessna 172S Skyhawk",
    "o": null,
    "st": "L1P",
    "ml": false
  },
  "856b0e": {
    "i": "856b0e",
    "r": "JA412N",
    "it": null,
    "y": null,
    "m": null,
    "mo": null,
    "o": null,
    "st": null,
    "ml": false
  },
  "8516e9": {
    "i": "8516e9",
    "r": "JA32MP",
    "it": "EC35",
    "y": null,
    "m": null,
    "mo": "Eurocopter EC135 T2+",
    "o": null,
    "st": "H2T",
    "ml": false
  },
  "8510f6": {
    "i": "8510f6",
    "r": "JA310A",
    "it": "EC35",
    "y": null,
    "m": null,
    "mo": "Eurocopter EC135 P2+",
    "o": null,
    "st": "H2T",
    "ml": false
  },
  "8514fc": {
    "i": "8514fc",
    "r": "JA323N",
    "it": "A109",
    "y": null,
    "m": null,
    "mo": "Agusta A.109 E",
    "o": null,
    "st": "H2T",
    "ml": false
  },
  "852b1e": {
    "i": "852b1e",
    "r": "JA388N",
    "it": "B350",
    "y": null,
    "m": null,
    "mo": "Beechcraft Corp King Air B350",
    "o": null,
    "st": "L2T",
    "ml": false
  },
  "852539": {
    "i": "852539",
    "r": "JA36MP",
    "it": "A109",
    "y": null,
    "m": null,
    "mo": "Agusta AW.109 S",
    "o": null,
    "st": "H2T",
    "ml": false
  },
  "85da64": {
    "i": "85da64",
    "r": "JA573A",
    "it": "F2TH",
    "y": null,
    "m": null,
    "mo": "Dassault Falcon 2000LX S",
    "o": null,
    "st": "L2J",
    "ml": false
  },
  "852f74": {
    "i": "852f74",
    "r": "JA39GE",
    "it": "A109",
    "y": null,
    "m": null,
    "mo": "Agusta AW.109 SP",
    "o": null,
    "st": "H2T",
    "ml": false
  },
  "85daa8": {
    "i": "85daa8",
    "r": "JA575A",
    "it": "F2TH",
    "y": null,
    "m": null,
    "mo": "Dassault Falcon 2000LX S",
    "o": null,
    "st": "L2J",
    "ml": false
  },
  "85c0f2": {
    "i": "85c0f2",
    "r": "JA500A",
    "it": "GLF5",
    "y": null,
    "m": null,
    "mo": "Gulfstream Aerospace GV",
    "o": null,
    "st": "L2J",
    "ml": false
  },
  "8521a5": {
    "i": "8521a5",
    "r": "JA35MP",
    "it": "A109",
    "y": null,
    "m": null,
    "mo": "Agusta AW.109 S",
    "o": null,
    "st": "H2T",
    "ml": false
  },
  "85c114": {
    "i": "85c114",
    "r": "JA501A",
    "it": "GLF5",
    "y": null,
    "m": null,
    "mo": "Gulfstream Aerospace GV",
    "o": null,
    "st": "L2J",
    "ml": false
  },
  "851891": {
    "i": "851891",
    "r": "JA333P",
    "it": "HDJT",
    "y": null,
    "m": null,
    "mo": "",
    "o": null,
    "st": "L2J",
    "ml": false
  },
  "85da42": {
    "i": "85da42",
    "r": "JA572A",
    "it": "F2TH",
    "y": null,
    "m": null,
    "mo": "Dassault Falcon 2000LX S",
    "o": null,
    "st": "L2J",
    "ml": false
  },
  "85dfb5": {
    "i": "85dfb5",
    "r": "JA58KB",
    "it": null,
    "y": null,
    "m": null,
    "mo": null,
    "o": null,
    "st": null,
    "ml": false
  },
  "856f84": {
    "i": "856f84",
    "r": "JA429A",
    "it": null,
    "y": null,
    "m": null,
    "mo": null,
    "o": null,
    "st": null,
    "ml": false
  },
  "8514b8": {
    "i": "8514b8",
    "r": "JA321N",
    "it": null,
    "y": null,
    "m": null,
    "mo": null,
    "o": null,
    "st": null,
    "ml": false
  },
  "850fe7": {
    "i": "850fe7",
    "r": "JA30PD",
    "it": null,
    "y": null,
    "m": null,
    "mo": null,
    "o": null,
    "st": null,
    "ml": false
  },
  "850f08": {
    "i": "850f08",
    "r": "JA30DW",
    "it": null,
    "y": null,
    "m": null,
    "mo": null,
    "o": null,
    "st": null,
    "ml": false
  },
  "8520ab": {
    "i": "8520ab",
    "r": "JA35BD",
    "it": null,
    "y": null,
    "m": null,
    "mo": null,
    "o": null,
    "st": null,
    "ml": false
  },
  "8520ac": {
    "i": "8520ac",
    "r": "JA35BE",
    "it": "AS50",
    "y": null,
    "m": null,
    "mo": "Aerospatiale Squirrel AS.350 B3",
    "o": null,
    "st": "H1T",
    "ml": false
  },
  "856b17": {
    "i": "856b17",
    "r": "JA412X",
    "it": "B412",
    "y": null,
    "m": null,
    "mo": "",
    "o": null,
    "st": "H2T",
    "ml": false
  },
  "851e11": {
    "i": "851e11",
    "r": "JA34MP",
    "it": "A109",
    "y": null,
    "m": null,
    "mo": "Agusta A.109 E",
    "o": null,
    "st": "H2T",
    "ml": false
  },
  "85da86": {
    "i": "85da86",
    "r": "JA574A",
    "it": "F2TH",
    "y": null,
    "m": null,
    "mo": "Dassault Falcon 2000LX S",
    "o": null,
    "st": "L2J",
    "ml": false
  },
  "85d4c4": {
    "i": "85d4c4",
    "r": "JA55GW",
    "it": "TBM9",
    "y": null,
    "m": null,
    "mo": "Compagnie DAHER TBM 940",
    "o": null,
    "st": "L1T",
    "ml": false
  },
  "85daec": {
    "i": "85daec",
    "r": "JA577A",
    "it": "F2TH",
    "y": null,
    "m": null,
    "mo": "FALCON 2000EX",
    "o": null,
    "st": "L2J",
    "ml": false
  },
  "850dce": {
    "i": "850dce",
    "r": "JA303G",
    "it": "C510",
    "y": null,
    "m": "CESSNA",
    "mo": "510 Citation Mustang",
    "o": null,
    "st": "L2J",
    "ml": false
  },
  "857aa0": {
    "i": "857aa0",
    "r": "JA45DA",
    "it": "DA40",
    "y": null,
    "m": "DIAMOND",
    "mo": "DA-40",
    "o": null,
    "st": "L1P",
    "ml": false
  },
  "85daca": {
    "i": "85daca",
    "r": "JA576A",
    "it": "F2TH",
    "y": null,
    "m": "DASSAULT",
    "mo": "Falcon 2000",
    "o": "Japan Coast Guard",
    "st": "L2J",
    "ml": false
  }
}