{
  "87c848": {
    "i": "87c848",
    "r": "5525",
    "it": "P1",
    "y": null,
    "m": null,
    "mo": "",
    "o": null,
    "st": "L4J",
    "ml": true
  },
  "87490d": {
    "i": "87490d",
    "r": "JA9965",
    "it": null,
    "y": null,
    "m": null,
    "mo": null,
    "o": null,
    "st": null,
    "ml": false
  },
  "87c818": {
    "i": "87c818",
    "r": "5503",
    "it": "P1",
    "y": null,
    "m": null,
    "mo": "",
    "o": null,
    "st": "L4J",
    "ml": true
  },
  "872720": {
    "i": "872720",
    "r": "JA900A",
    "it": "B78X",
    "y": null,
    "m": null,
    "mo": "Boeing 787-10",
    "o": null,
    "st": "L2J",
    "ml": false
  },
  "872f7f": {
    "i": "872f7f",
    "r": "JA922B",
    "it": "S76",
    "y": null,
    "m": null,
    "mo": "S-76D",
    "o": null,
    "st": "H2T",
    "ml": false
  },
  "87c403": {
    "i": "87c403",
    "r": "23054",
    "it": "B350",
    "y": null,
    "m": null,
    "mo": "Hawker Beechcraft 350-LR-2",
    "o": null,
    "st": "L2T",
    "ml": true
  },
  "87c40f": {
    "i": "87c40f",
    "r": "91704",
    "it": "V22",
    "y": null,
    "m": null,
    "mo": "",
    "o": null,
    "st": "R2T",
    "ml": true
  },
  "87c836": {
    "i": "87c836",
    "r": "5514",
    "it": "P1",
    "y": null,
    "m": null,
    "mo": "Kawasaki P-1",
    "o": null,
    "st": "L4J",
    "ml": true
  },
  "87cc3f": {
    "i": "87cc3f",
    "r": "08-1211",
    "it": "KC2",
    "y": null,
    "m": null,
    "mo": "",
    "o": null,
    "st": "L2J",
    "ml": true
  },
  "87cc40": {
    "i": "87cc40",
    "r": "08-1212",
    "it": "KC2",
    "y": null,
    "m": null,
    "mo": "Kawasaki C-2",
    "o": null,
    "st": "L2J",
    "ml": true
  },
  "872742": {
    "i": "872742",
    "r": "JA901A",
    "it": "B78X",
    "y": null,
    "m": null,
    "mo": "",
    "o": null,
    "st": "L2J",
    "ml": false
  },
  "87cc08": {
    "i": "87cc08",
    "r": "87-3602",
    "it": "B762",
    "y": null,
    "m": null,
    "mo": "Boeing KC-767J",
    "o": null,
    "st": "L2J",
    "ml": true
  },
  "87cc10": {
    "i": "87cc10",
    "r": "18-1202",
    "it": "KC2",
    "y": null,
    "m": null,
    "mo": "Kawasaki RC-2",
    "o": null,
    "st": "L2J",
    "ml": true
  },
  "87c40a": {
    "i": "87c40a",
    "r": "23058",
    "it": "B350",
    "y": null,
    "m": null,
    "mo": "Textron Aviation King Air B350",
    "o": null,
    "st": "L2T",
    "ml": true
  },
  "87c82e": {
    "i": "87c82e",
    "r": "8811",
    "it": "EC35",
    "y": null,
    "m": null,
    "mo": "",
    "o": null,
    "st": "H2T",
    "ml": true
  },
  "8744d4": {
    "i": "8744d4",
    "r": "JA981A",
    "it": "B78X",
    "y": null,
    "m": null,
    "mo": "",
    "o": null,
    "st": "L2J",
    "ml": false
  },
  "8744f6": {
    "i": "8744f6",
    "r": "JA982A",
    "it": "B78X",
    "y": null,
    "m": null,
    "mo": "",
    "o": null,
    "st": "L2J",
    "ml": false
  },
  "87cc19": {
    "i": "87cc19",
    "r": "35-1072",
    "it": "C130",
    "y": null,
    "m": null,
    "mo": "",
    "o": null,
    "st": "L4T",
    "ml": true
  },
  "87cd05": {
    "i": "87cd05",
    "r": "12-3033",
    "it": "C68A",
    "y": null,
    "m": null,
    "mo": "",
    "o": null,
    "st": "L2J",
    "ml": true
  },
  "87287f": {
    "i": "87287f",
    "r": "JA903H",
    "it": "EC45",
    "y": null,
    "m": null,
    "mo": "MBB BK117",
    "o": null,
    "st": "H2T",
    "ml": false
  },
  "872bc8": {
    "i": "872bc8",
    "r": "JA911A",
    "it": "AS65",
    "y": null,
    "m": null,
    "mo": "Eurocopter Dauphin AS.365 N3",
    "o": null,
    "st": "H2T",
    "ml": false
  },
  "87c82b": {
    "i": "87c82b",
    "r": "9054",
    "it": "C130",
    "y": null,
    "m": null,
    "mo": "Lockheed C-130R Hercules",
    "o": null,
    "st": "L4T",
    "ml": true
  },
  "87cc1f": {
    "i": "87cc1f",
    "r": "75-1078",
    "it": "C130",
    "y": null,
    "m": null,
    "mo": "",
    "o": null,
    "st": "L4T",
    "ml": true
  },
  "87cc32": {
    "i": "87cc32",
    "r": "78-1205",
    "it": "KC2",
    "y": null,
    "m": null,
    "mo": "",
    "o": null,
    "st": "L2J",
    "ml": true
  },
  "87c405": {
    "i": "87c405",
    "r": "23056",
    "it": "B350",
    "y": null,
    "m": null,
    "mo": "Hawker Beechcraft 350-LR-2",
    "o": null,
    "st": "L2T",
    "ml": true
  },
  "87cc0b": {
    "i": "87cc0b",
    "r": "87-3601",
    "it": "B762",
    "y": null,
    "m": null,
    "mo": "Boeing KC-767J",
    "o": null,
    "st": "L2J",
    "ml": true
  },
  "87cc1a": {
    "i": "87cc1a",
    "r": "45-1073",
    "it": "C130",
    "y": null,
    "m": null,
    "mo": "",
    "o": null,
    "st": "L4T",
    "ml": true
  },
  "87cc1c": {
    "i": "87cc1c",
    "r": "75-1075",
    "it": "C130",
    "y": null,
    "m": null,
    "mo": "C-130H Hercules",
    "o": null,
    "st": "L4T",
    "ml": true
  },
  "87cc1e": {
    "i": "87cc1e",
    "r": "75-1077",
    "it": "C130",
    "y": null,
    "m": null,
    "mo": "",
    "o": null,
    "st": "L4T",
    "ml": true
  },
  "87cd04": {
    "i": "87cd04",
    "r": "02-3032",
    "it": "C68A",
    "y": null,
    "m": null,
    "mo": "Cessna C680A Latitude",
    "o": null,
    "st": "L2J",
    "ml": true
  },
  "87c841": {
    "i": "87c841",
    "r": "5518",
    "it": "P1",
    "y": null,
    "m": null,
    "mo": "Kawasaki P-1",
    "o": null,
    "st": "L4J",
    "ml": true
  },
  "87cc02": {
    "i": "87cc02",
    "r": "85-3253",
    "it": "GLF4",
    "y": null,
    "m": null,
    "mo": "",
    "o": null,
    "st": "L2J",
    "ml": true
  },
  "87cc27": {
    "i": "87cc27",
    "r": "85-1086",
    "it": "C130",
    "y": null,
    "m": null,
    "mo": "",
    "o": null,
    "st": "L4T",
    "ml": true
  },
  "872f5c": {
    "i": "872f5c",
    "r": "JA921A",
    "it": "B789",
    "y": null,
    "m": null,
    "mo": "Boeing 787-9",
    "o": null,
    "st": "L2J",
    "ml": false
  },
  "872fe4": {
    "i": "872fe4",
    "r": "JA925A",
    "it": "B789",
    "y": null,
    "m": null,
    "mo": "",
    "o": null,
    "st": "L2J",
    "ml": false
  },
  "874518": {
    "i": "874518",
    "r": "JA938A",
    "it": "B78X",
    "y": null,
    "m": null,
    "mo": "",
    "o": null,
    "st": "L2J",
    "ml": false
  },
  "87c81e": {
    "i": "87c81e",
    "r": "8805",
    "it": "EC35",
    "y": null,
    "m": null,
    "mo": "",
    "o": null,
    "st": "H2T",
    "ml": true
  },
  "87c828": {
    "i": "87c828",
    "r": "9051",
    "it": "C130",
    "y": null,
    "m": null,
    "mo": "Lockheed C-130R Hercules",
    "o": null,
    "st": "L4T",
    "ml": true
  },
  "87c829": {
    "i": "87c829",
    "r": "9052",
    "it": "C130",
    "y": null,
    "m": null,
    "mo": "Lockheed C-130R Hercules",
    "o": null,
    "st": "L4T",
    "ml": true
  },
  "87cc22": {
    "i": "87cc22",
    "r": "95-1081",
    "it": "C130",
    "y": null,
    "m": null,
    "mo": "",
    "o": null,
    "st": "L4T",
    "ml": true
  },
  "87c81a": {
    "i": "87c81a",
    "r": "5505",
    "it": "P1",
    "y": null,
    "m": null,
    "mo": "Kawasaki P-1",
    "o": null,
    "st": "L4J",
    "ml": true
  },
  "87c837": {
    "i": "87c837",
    "r": "5515",
    "it": "P1",
    "y": null,
    "m": null,
    "mo": "Kawasaki P-1",
    "o": null,
    "st": "L4J",
    "ml": true
  },
  "87c845": {
    "i": "87c845",
    "r": "5522",
    "it": "P1",
    "y": null,
    "m": null,
    "mo": "",
    "o": null,
    "st": "L4J",
    "ml": true
  },
  "87cc30": {
    "i": "87cc30",
    "r": "68-1203",
    "it": "KC2",
    "y": null,
    "m": null,
    "mo": "Kawasaki C-2",
    "o": null,
    "st": "L2J",
    "ml": true
  },
  "87339a": {
    "i": "87339a",
    "r": "JA936A",
    "it": "B789",
    "y": null,
    "m": null,
    "mo": "",
    "o": null,
    "st": "L2J",
    "ml": false
  },
  "87c413": {
    "i": "87c413",
    "r": "91708",
    "it": "V22",
    "y": null,
    "m": null,
    "mo": "",
    "o": null,
    "st": "R2T",
    "ml": true
  },
  "87c416": {
    "i": "87c416",
    "r": "91711",
    "it": "V22",
    "y": null,
    "m": null,
    "mo": "",
    "o": null,
    "st": "R2T",
    "ml": true
  },
  "87c41a": {
    "i": "87c41a",
    "r": "91715",
    "it": "V22",
    "y": null,
    "m": null,
    "mo": "",
    "o": null,
    "st": "R2T",
    "ml": true
  },
  "87c831": {
    "i": "87c831",
    "r": "5511",
    "it": "P1",
    "y": null,
    "m": null,
    "mo": "Kawasaki P-1",
    "o": null,
    "st": "L4J",
    "ml": true
  },
  "87cc1b": {
    "i": "87cc1b",
    "r": "45-1074",
    "it": "C130",
    "y": null,
    "m": null,
    "mo": "",
    "o": null,
    "st": "L4T",
    "ml": true
  },
  "87cc49": {
    "i": "87cc49",
    "r": "18-1213",
    "it": "KC2",
    "y": null,
    "m": null,
    "mo": "",
    "o": null,
    "st": "L2J",
    "ml": true
  },
  "873017": {
    "i": "873017",
    "r": "JA926T",
    "it": "DA42",
    "y": null,
    "m": null,
    "mo": "Diamond Aircraft Twin Star DA42 NG",
    "o": null,
    "st": "L2P",
    "ml": false
  },
  "874aaf": {
    "i": "874aaf",
    "r": "JA99MZ",
    "it": "B412",
    "y": null,
    "m": null,
    "mo": "Bell 412 EP",
    "o": null,
    "st": "H2T",
    "ml": false
  },
  "87c401": {
    "i": "87c401",
    "r": "23052",
    "it": "B350",
    "y": null,
    "m": null,
    "mo": "Raytheon Aircraft Company King Air B350",
    "o": null,
    "st": "L2T",
    "ml": true
  },
  "87c410": {
    "i": "87c410",
    "r": "91705",
    "it": "V22",
    "y": null,
    "m": null,
    "mo": "",
    "o": null,
    "st": "R2T",
    "ml": true
  },
  "87c826": {
    "i": "87c826",
    "r": "8809",
    "it": "EC35",
    "y": null,
    "m": null,
    "mo": "",
    "o": null,
    "st": "H2T",
    "ml": true
  },
  "87c844": {
    "i": "87c844",
    "r": "5521",
    "it": "P1",
    "y": null,
    "m": null,
    "mo": "",
    "o": null,
    "st": "L4J",
    "ml": true
  },
  "873006": {
    "i": "873006",
    "r": "JA926A",
    "it": "B789",
    "y": null,
    "m": null,
    "mo": "",
    "o": null,
    "st": "L2J",
    "ml": false
  },
  "87c415": {
    "i": "87c415",
    "r": "91710",
    "it": "V22",
    "y": null,
    "m": null,
    "mo": "",
    "o": null,
    "st": "R2T",
    "ml": true
  },
  "87c825": {
    "i": "87c825",
    "r": "5510",
    "it": "P1",
    "y": null,
    "m": null,
    "mo": "",
    "o": null,
    "st": "L4J",
    "ml": true
  },
  "87cc00": {
    "i": "87cc00",
    "r": "75-3251",
    "it": "GLF4",
    "y": null,
    "m": null,
    "mo": "",
    "o": null,
    "st": "L2J",
    "ml": true
  },
  "87cc21": {
    "i": "87cc21",
    "r": "85-1080",
    "it": "C130",
    "y": null,
    "m": null,
    "mo": "",
    "o": null,
    "st": "L4T",
    "ml": true
  },
  "87cc31": {
    "i": "87cc31",
    "r": "68-1204",
    "it": "KC2",
    "y": null,
    "m": null,
    "mo": "Kawasaki C-2",
    "o": null,
    "st": "L2J",
    "ml": true
  },
  "87cd03": {
    "i": "87cd03",
    "r": "02-3031",
    "it": "C68A",
    "y": null,
    "m": null,
    "mo": "Cessna C680A Latitude",
    "o": null,
    "st": "L2J",
    "ml": true
  },
  "87cd23": {
    "i": "87cd23",
    "r": "28-1216",
    "it": "KC2",
    "y": null,
    "m": null,
    "mo": "",
    "o": null,
    "st": "L2J",
    "ml": true
  },
  "873195": {
    "i": "873195",
    "r": "JA92MK",
    "it": "AS50",
    "y": null,
    "m": null,
    "mo": "Aerospatiale Squirrel AS.350 B3",
    "o": null,
    "st": "H1T",
    "ml": false
  },
  "87aa04": {
    "i": "87aa04",
    "r": "GND",
    "it": "GND",
    "y": null,
    "m": null,
    "mo": "",
    "o": null,
    "st": "V0-",
    "ml": false
  },
  "87c002": {
    "i": "87c002",
    "r": "80-1111",
    "it": "B77W",
    "y": null,
    "m": null,
    "mo": "Boeing 777-300",
    "o": null,
    "st": "L2J",
    "ml": true
  },
  "87c40c": {
    "i": "87c40c",
    "r": "91701",
    "it": "V22",
    "y": null,
    "m": null,
    "mo": "",
    "o": null,
    "st": "R2T",
    "ml": true
  },
  "87cc18": {
    "i": "87cc18",
    "r": "35-1071",
    "it": "C130",
    "y": null,
    "m": null,
    "mo": "",
    "o": null,
    "st": "L4T",
    "ml": true
  },
  "87498a": {
    "i": "87498a",
    "r": "JA999U",
    "it": "DA42",
    "y": null,
    "m": null,
    "mo": "Diamond Aircraft Twin Star DA42",
    "o": null,
    "st": "L2P",
    "ml": false
  },
  "87cc26": {
    "i": "87cc26",
    "r": "05-1085",
    "it": "C130",
    "y": null,
    "m": null,
    "mo": "",
    "o": null,
    "st": "L4T",
    "ml": true
  },
  "87cd01": {
    "i": "87cd01",
    "r": "14-3611",
    "it": "B762",
    "y": null,
    "m": null,
    "mo": "",
    "o": null,
    "st": "L2J",
    "ml": true
  },
  "872968": {
    "i": "872968",
    "r": "JA90AN",
    "it": "B738",
    "y": null,
    "m": null,
    "mo": "Boeing 737-800",
    "o": null,
    "st": "L2J",
    "ml": false
  },
  "873008": {
    "i": "873008",
    "r": "JA926C",
    "it": "R44",
    "y": null,
    "m": null,
    "mo": "",
    "o": null,
    "st": "H1P",
    "ml": false
  },
  "87c840": {
    "i": "87c840",
    "r": "5517",
    "it": "P1",
    "y": null,
    "m": null,
    "mo": "Kawasaki P-1",
    "o": null,
    "st": "L4J",
    "ml": true
  },
  "87cd02": {
    "i": "87cd02",
    "r": "24-3612",
    "it": "B762",
    "y": null,
    "m": null,
    "mo": "",
    "o": null,
    "st": "L2J",
    "ml": true
  },
  "87cd2e": {
    "i": "87cd2e",
    "r": "44-3613",
    "it": "B762",
    "y": null,
    "m": null,
    "mo": "",
    "o": null,
    "st": "L2J",
    "ml": true
  },
  "8733bc": {
    "i": "8733bc",
    "r": "JA937A",
    "it": "B789",
    "y": null,
    "m": null,
    "mo": "",
    "o": null,
    "st": "L2J",
    "ml": false
  },
  "87c84e": {
    "i": "87c84e",
    "r": "5531",
    "it": "P1",
    "y": null,
    "m": null,
    "mo": "",
    "o": null,
    "st": "L4J",
    "ml": true
  },
  "872863": {
    "i": "872863",
    "r": "JA902P",
    "it": "A21N",
    "y": null,
    "m": null,
    "mo": "",
    "o": null,
    "st": "L2J",
    "ml": false
  },
  "873356": {
    "i": "873356",
    "r": "JA934A",
    "it": "B789",
    "y": null,
    "m": null,
    "mo": "Boeing 787 9",
    "o": null,
    "st": "L2J",
    "ml": false
  },
  "87cd20": {
    "i": "87cd20",
    "r": "33-6001",
    "it": "Q4",
    "y": null,
    "m": null,
    "mo": "",
    "o": null,
    "st": "L1J",
    "ml": true
  },
  "8728c3": {
    "i": "8728c3",
    "r": "JA905H",
    "it": "EC45",
    "y": null,
    "m": null,
    "mo": "MBB BK117",
    "o": null,
    "st": "H2T",
    "ml": false
  },
  "87c411": {
    "i": "87c411",
    "r": "91706",
    "it": "V22",
    "y": null,
    "m": null,
    "mo": "",
    "o": null,
    "st": "R2T",
    "ml": true
  },
  "87c835": {
    "i": "87c835",
    "r": "5513",
    "it": "P1",
    "y": null,
    "m": null,
    "mo": "Kawasaki P-1",
    "o": null,
    "st": "L4J",
    "ml": true
  },
  "872766": {
    "i": "872766",
    "r": "JA902A",
    "it": "B78X",
    "y": null,
    "m": null,
    "mo": "",
    "o": null,
    "st": "L2J",
    "ml": false
  },
  "872fc9": {
    "i": "872fc9",
    "r": "JA924H",
    "it": "HDJT",
    "y": null,
    "m": null,
    "mo": "",
    "o": null,
    "st": "L2J",
    "ml": false
  },
  "873312": {
    "i": "873312",
    "r": "JA932A",
    "it": "B789",
    "y": null,
    "m": null,
    "mo": "Boeing 787-9",
    "o": null,
    "st": "L2J",
    "ml": false
  },
  "873334": {
    "i": "873334",
    "r": "JA933A",
    "it": "B789",
    "y": null,
    "m": null,
    "mo": "Boeing 787-9",
    "o": null,
    "st": "L2J",
    "ml": false
  },
  "87c40e": {
    "i": "87c40e",
    "r": "91703",
    "it": "V22",
    "y": null,
    "m": null,
    "mo": "",
    "o": null,
    "st": "R2T",
    "ml": true
  },
  "87c822": {
    "i": "87c822",
    "r": "5507",
    "it": "P1",
    "y": null,
    "m": null,
    "mo": "Kawasaki P-1",
    "o": null,
    "st": "L4J",
    "ml": true
  },
  "87c824": {
    "i": "87c824",
    "r": "5509",
    "it": "P1",
    "y": null,
    "m": null,
    "mo": "",
    "o": null,
    "st": "L4J",
    "ml": true
  },
  "87c84d": {
    "i": "87c84d",
    "r": "5530",
    "it": "P1",
    "y": null,
    "m": null,
    "mo": "",
    "o": null,
    "st": "L4J",
    "ml": true
  },
  "87cd1b": {
    "i": "87cd1b",
    "r": "18-1215",
    "it": "KC2",
    "y": null,
    "m": null,
    "mo": "",
    "o": null,
    "st": "L2J",
    "ml": true
  },
  "873add": {
    "i": "873add",
    "r": "JA9573",
    "it": "AS55",
    "y": null,
    "m": null,
    "mo": "Aerospatiale Twin Squirrel AS.355 F1",
    "o": null,
    "st": "H2T",
    "ml": false
  },
  "87c81b": {
    "i": "87c81b",
    "r": "5506",
    "it": "P1",
    "y": null,
    "m": null,
    "mo": "Kawasaki P-1",
    "o": null,
    "st": "L4J",
    "ml": true
  },
  "87c834": {
    "i": "87c834",
    "r": "8815",
    "it": "EC35",
    "y": null,
    "m": null,
    "mo": "",
    "o": null,
    "st": "H2T",
    "ml": true
  },
  "87cc04": {
    "i": "87cc04",
    "r": "05-3255",
    "it": "GLF4",
    "y": null,
    "m": null,
    "mo": "",
    "o": null,
    "st": "L2J",
    "ml": true
  },
  "87cc09": {
    "i": "87cc09",
    "r": "97-3603",
    "it": "B762",
    "y": null,
    "m": null,
    "mo": "Boeing KC-767J",
    "o": null,
    "st": "L2J",
    "ml": true
  },
  "87c849": {
    "i": "87c849",
    "r": "5526",
    "it": "P1",
    "y": null,
    "m": null,
    "mo": "",
    "o": null,
    "st": "L4J",
    "ml": true
  },
  "87cc3e": {
    "i": "87cc3e",
    "r": "98-1210",
    "it": "KC2",
    "y": null,
    "m": null,
    "mo": "",
    "o": null,
    "st": "L2J",
    "ml": true
  },
  "87c83f": {
    "i": "87c83f",
    "r": "5516",
    "it": "P1",
    "y": null,
    "m": null,
    "mo": "Kawasaki P-1",
    "o": null,
    "st": "L4J",
    "ml": true
  },
  "87c84c": {
    "i": "87c84c",
    "r": "5529",
    "it": "P1",
    "y": null,
    "m": null,
    "mo": "",
    "o": null,
    "st": "L4J",
    "ml": true
  },
  "87cc01": {
    "i": "87cc01",
    "r": "75-3252",
    "it": "GLF4",
    "y": null,
    "m": null,
    "mo": "Gulfstream Aerospace U-4",
    "o": null,
    "st": "L2J",
    "ml": true
  },
  "87cc24": {
    "i": "87cc24",
    "r": "95-1083",
    "it": "C130",
    "y": null,
    "m": null,
    "mo": "",
    "o": null,
    "st": "L4T",
    "ml": true
  },
  "87cc4a": {
    "i": "87cc4a",
    "r": "18-1214",
    "it": "KC2",
    "y": null,
    "m": null,
    "mo": "",
    "o": null,
    "st": "L2J",
    "ml": true
  },
  "872fa1": {
    "i": "872fa1",
    "r": "JA923B",
    "it": "S76",
    "y": null,
    "m": null,
    "mo": "S-76D",
    "o": null,
    "st": "H2T",
    "ml": false
  },
  "87304a": {
    "i": "87304a",
    "r": "JA928A",
    "it": "B789",
    "y": null,
    "m": null,
    "mo": "Boeing 787-9",
    "o": null,
    "st": "L2J",
    "ml": false
  },
  "87c808": {
    "i": "87c808",
    "r": "5502",
    "it": "P1",
    "y": null,
    "m": null,
    "mo": "Kawasaki XP-1",
    "o": null,
    "st": "L4J",
    "ml": true
  },
  "872a75": {
    "i": "872a75",
    "r": "JA90MT",
    "it": "AS65",
    "y": null,
    "m": null,
    "mo": "Airbus Helicopters Dauphin AS.365 N3",
    "o": null,
    "st": "H2T",
    "ml": false
  },
  "87c404": {
    "i": "87c404",
    "r": "23055",
    "it": "B350",
    "y": null,
    "m": null,
    "mo": "Hawker Beechcraft 350-LR-2",
    "o": null,
    "st": "L2T",
    "ml": true
  },
  "87c842": {
    "i": "87c842",
    "r": "5519",
    "it": "P1",
    "y": null,
    "m": null,
    "mo": "",
    "o": null,
    "st": "L4J",
    "ml": true
  },
  "87c84a": {
    "i": "87c84a",
    "r": "5527",
    "it": "P1",
    "y": null,
    "m": null,
    "mo": "",
    "o": null,
    "st": "L4J",
    "ml": true
  },
  "87cc38": {
    "i": "87cc38",
    "r": "88-1207",
    "it": "KC2",
    "y": null,
    "m": null,
    "mo": "Kawasaki C-2",
    "o": null,
    "st": "L2J",
    "ml": true
  },
  "87cc39": {
    "i": "87cc39",
    "r": "88-1208",
    "it": "KC2",
    "y": null,
    "m": null,
    "mo": "Kawasaki C-2",
    "o": null,
    "st": "L2J",
    "ml": true
  },
  "87cc3b": {
    "i": "87cc3b",
    "r": "98-1209",
    "it": "KC2",
    "y": null,
    "m": null,
    "mo": "Kawasaki C-2",
    "o": null,
    "st": "L2J",
    "ml": true
  },
  "87cd22": {
    "i": "87cd22",
    "r": "23-6003",
    "it": "Q4",
    "y": null,
    "m": null,
    "mo": "",
    "o": null,
    "st": "L1J",
    "ml": true
  },
  "87cde4": {
    "i": "87cde4",
    "r": "58-1218",
    "it": "KC2",
    "y": null,
    "m": null,
    "mo": "",
    "o": null,
    "st": "L2J",
    "ml": true
  },
  "87c823": {
    "i": "87c823",
    "r": "5508",
    "it": "P1",
    "y": null,
    "m": null,
    "mo": "Kawasaki P-1",
    "o": null,
    "st": "L4J",
    "ml": true
  },
  "87c846": {
    "i": "87c846",
    "r": "5523",
    "it": "P1",
    "y": null,
    "m": null,
    "mo": "Kawasaki P-1",
    "o": null,
    "st": "L4J",
    "ml": true
  },
  "87c847": {
    "i": "87c847",
    "r": "5524",
    "it": "P1",
    "y": null,
    "m": null,
    "mo": "",
    "o": null,
    "st": "L4J",
    "ml": true
  },
  "87c84b": {
    "i": "87c84b",
    "r": "5528",
    "it": "P1",
    "y": null,
    "m": null,
    "mo": "",
    "o": null,
    "st": "L4J",
    "ml": true
  },
  "87cc20": {
    "i": "87cc20",
    "r": "85-1079",
    "it": "C130",
    "y": null,
    "m": null,
    "mo": "",
    "o": null,
    "st": "L4T",
    "ml": true
  },
  "87cc25": {
    "i": "87cc25",
    "r": "05-1084",
    "it": "C130",
    "y": null,
    "m": null,
    "mo": "",
    "o": null,
    "st": "L4T",
    "ml": true
  },
  "87cd19": {
    "i": "87cd19",
    "r": "74-3503",
    "it": "E767",
    "y": null,
    "m": null,
    "mo": "",
    "o": null,
    "st": "L2J",
    "ml": true
  },
  "87cd24": {
    "i": "87cd24",
    "r": "38-1217",
    "it": "KC2",
    "y": null,
    "m": null,
    "mo": "",
    "o": null,
    "st": "L2J",
    "ml": true
  },
  "873028": {
    "i": "873028",
    "r": "JA927A",
    "it": "B789",
    "y": null,
    "m": null,
    "mo": "Boeing 787 9",
    "o": null,
    "st": "L2J",
    "ml": false
  },
  "873afc": {
    "i": "873afc",
    "r": "JA9580",
    "it": "AS55",
    "y": null,
    "m": null,
    "mo": "Eurocopter AS.355-F2",
    "o": null,
    "st": "H2T",
    "ml": false
  },
  "873eb2": {
    "i": "873eb2",
    "r": "JA9690",
    "it": "AS32",
    "y": null,
    "m": null,
    "mo": "Aerospatiale Super Puma AS.332 L",
    "o": null,
    "st": "H2T",
    "ml": false
  },
  "87c41b": {
    "i": "87c41b",
    "r": "91716",
    "it": "V22",
    "y": null,
    "m": null,
    "mo": "",
    "o": null,
    "st": "R2T",
    "ml": true
  },
  "87c843": {
    "i": "87c843",
    "r": "5520",
    "it": "P1",
    "y": null,
    "m": null,
    "mo": "",
    "o": null,
    "st": "L4J",
    "ml": true
  },
  "87cc37": {
    "i": "87cc37",
    "r": "78-1206",
    "it": "KC2",
    "y": null,
    "m": null,
    "mo": "Kawasaki C-2",
    "o": null,
    "st": "L2J",
    "ml": true
  },
  "87cd21": {
    "i": "87cd21",
    "r": "23-6002",
    "it": "Q4",
    "y": null,
    "m": null,
    "mo": "",
    "o": null,
    "st": "L1J",
    "ml": true
  },
  "872fc2": {
    "i": "872fc2",
    "r": "JA924A",
    "it": "B789",
    "y": null,
    "m": null,
    "mo": "Boeing 787 9",
    "o": null,
    "st": "L2J",
    "ml": false
  },
  "873378": {
    "i": "873378",
    "r": "JA935A",
    "it": "B789",
    "y": null,
    "m": null,
    "mo": "",
    "o": null,
    "st": "L2J",
    "ml": false
  },
  "873e74": {
    "i": "873e74",
    "r": "JA9676",
    "it": "AS32",
    "y": null,
    "m": null,
    "mo": "",
    "o": null,
    "st": "H2T",
    "ml": false
  },
  "87c402": {
    "i": "87c402",
    "r": "23053",
    "it": "B350",
    "y": null,
    "m": null,
    "mo": "Raytheon Aircraft Company King Air B350",
    "o": null,
    "st": "L2T",
    "ml": true
  },
  "87c832": {
    "i": "87c832",
    "r": "5512",
    "it": "P1",
    "y": null,
    "m": null,
    "mo": "Kawasaki P-1",
    "o": null,
    "st": "L4J",
    "ml": true
  },
  "87cc23": {
    "i": "87cc23",
    "r": "95-1082",
    "it": "C130",
    "y": null,
    "m": null,
    "mo": "Lockheed C-130H Hercules",
    "o": null,
    "st": "L4T",
    "ml": true
  },
  "8745ff": {
    "i": "8745ff",
    "r": "JA98AD",
    "it": "B763",
    "y": null,
    "m": null,
    "mo": "Boeing 767-33A",
    "o": null,
    "st": "L2J",
    "ml": false
  },
  "87c41c": {
    "i": "87c41c",
    "r": "91717",
    "it": "V22",
    "y": null,
    "m": null,
    "mo": "",
    "o": null,
    "st": "R2T",
    "ml": true
  },
  "87c821": {
    "i": "87c821",
    "r": "8808",
    "it": "EC35",
    "y": null,
    "m": null,
    "mo": "",
    "o": null,
    "st": "H2T",
    "ml": true
  },
  "87cc03": {
    "i": "87cc03",
    "r": "95-3254",
    "it": "GLF4",
    "y": null,
    "m": null,
    "mo": "",
    "o": null,
    "st": "L2J",
    "ml": true
  },
  "87cc1d": {
    "i": "87cc1d",
    "r": "75-1076",
    "it": "C130",
    "y": null,
    "m": null,
    "mo": "",
    "o": null,
    "st": "L4T",
    "ml": true
  },
  "872f7e": {
    "i": "872f7e",
    "r": "JA922A",
    "it": "B789",
    "y": null,
    "m": null,
    "mo": "Boeing 787-9",
    "o": null,
    "st": "L2J",
    "ml": false
  },
  "872fa0": {
    "i": "872fa0",
    "r": "JA923A",
    "it": "B789",
    "y": null,
    "m": null,
    "mo": "Boeing 787-9",
    "o": null,
    "st": "L2J",
    "ml": false
  },
  "872841": {
    "i": "872841",
    "r": "JA901P",
    "it": "A21N",
    "y": null,
    "m": null,
    "mo": "",
    "o": null,
    "st": "L2J",
    "ml": false
  },
  "87c40d": {
    "i": "87c40d",
    "r": "91702",
    "it": "V22",
    "y": null,
    "m": null,
    "mo": "",
    "o": null,
    "st": "R2T",
    "ml": true
  },
  "87cc0a": {
    "i": "87cc0a",
    "r": "07-3604",
    "it": "B762",
    "y": null,
    "m": null,
    "mo": "Boeing KC-767J",
    "o": null,
    "st": "L2J",
    "ml": true
  },
  "87cd1a": {
    "i": "87cd1a",
    "r": "84-3504",
    "it": "E767",
    "y": null,
    "m": null,
    "mo": "",
    "o": null,
    "st": "L2J",
    "ml": true
  },
  "872885": {
    "i": "872885",
    "r": "JA903P",
    "it": "A21N",
    "y": null,
    "m": null,
    "mo": "",
    "o": null,
    "st": "L2J",
    "ml": false
  },
  "8749b3": {
    "i": "8749b3",
    "r": "JA99BM",
    "it": "R66",
    "y": null,
    "m": null,
    "mo": "Robinson R66",
    "o": null,
    "st": "H1T",
    "ml": false
  },
  "87c003": {
    "i": "87c003",
    "r": "80-1112",
    "it": "B77W",
    "y": null,
    "m": null,
    "mo": "Boeing 777-300",
    "o": null,
    "st": "L2J",
    "ml": true
  },
  "87c400": {
    "i": "87c400",
    "r": "23051",
    "it": "B350",
    "y": null,
    "m": null,
    "mo": "Hawker Beechcraft 350-LR-2",
    "o": null,
    "st": "L2T",
    "ml": true
  },
  "87c412": {
    "i": "87c412",
    "r": "91707",
    "it": "V22",
    "y": null,
    "m": null,
    "mo": "",
    "o": null,
    "st": "R2T",
    "ml": true
  },
  "87c414": {
    "i": "87c414",
    "r": "91709",
    "it": "V22",
    "y": null,
    "m": null,
    "mo": "",
    "o": null,
    "st": "R2T",
    "ml": true
  },
  "8738d3": {
    "i": "8738d3",
    "r": "JA94NH",
    "it": null,
    "y": null,
    "m": null,
    "mo": null,
    "o": null,
    "st": null,
    "ml": false
  },
  "872ba6": {
    "i": "872ba6",
    "r": "JA910A",
    "it": null,
    "y": null,
    "m": null,
    "mo": null,
    "o": null,
    "st": null,
    "ml": false
  },
  "872f3a": {
    "i": "872f3a",
    "r": "JA920A",
    "it": null,
    "y": null,
    "m": null,
    "mo": null,
    "o": null,
    "st": null,
    "ml": false
  },
  "873e4c": {
    "i": "873e4c",
    "r": "JA9660",
    "it": null,
    "y": null,
    "m": null,
    "mo": null,
    "o": null,
    "st": null,
    "ml": false
  },
  "87419f": {
    "i": "87419f",
    "r": "JA9743",
    "it": null,
    "y": null,
    "m": null,
    "mo": null,
    "o": null,
    "st": null,
    "ml": false
  },
  "873703": {
    "i": "873703",
    "r": "JA9451",
    "it": null,
    "y": null,
    "m": null,
    "mo": null,
    "o": null,
    "st": null,
    "ml": false
  },
  "8736a3": {
    "i": "8736a3",
    "r": "JA9427",
    "it": null,
    "y": null,
    "m": null,
    "mo": null,
    "o": null,
    "st": null,
    "ml": false
  },
  "872bc9": {
    "i": "872bc9",
    "r": "JA911B",
    "it": "S76",
    "y": null,
    "m": null,
    "mo": "Sikorsky S-76 D",
    "o": null,
    "st": "H2T",
    "ml": false
  },
  "872c50": {
    "i": "872c50",
    "r": "JA915A",
    "it": "S76",
    "y": null,
    "m": null,
    "mo": "Sikorsky S-76 D",
    "o": null,
    "st": "H2T",
    "ml": false
  },
  "873455": {
    "i": "873455",
    "r": "JA93CP",
    "it": "EC45",
    "y": null,
    "m": null,
    "mo": "MBB Kawasaki BK.117 C-2",
    "o": null,
    "st": "H2T",
    "ml": false
  },
  "873dac": {
    "i": "873dac",
    "r": "JA961A",
    "it": "A139",
    "y": null,
    "m": null,
    "mo": "AgustaWestland AW.139",
    "o": null,
    "st": "H2T",
    "ml": false
  },
  "874140": {
    "i": "874140",
    "r": "JA971A",
    "it": "A139",
    "y": null,
    "m": null,
    "mo": "AgustaWestland AW.139",
    "o": null,
    "st": "H2T",
    "ml": false
  },
  "873da9": {
    "i": "873da9",
    "r": "JA9617",
    "it": "B212",
    "y": null,
    "m": null,
    "mo": "Bell 212",
    "o": null,
    "st": "H2T",
    "ml": false
  },
  "873e78": {
    "i": "873e78",
    "r": "JA967A",
    "it": "A139",
    "y": null,
    "m": null,
    "mo": "AgustaWestland AW.139",
    "o": null,
    "st": "H2T",
    "ml": false
  },
  "8741ea": {
    "i": "8741ea",
    "r": "JA976A",
    "it": "A139",
    "y": null,
    "m": null,
    "mo": "AgustaWestland AW.139",
    "o": null,
    "st": "H2T",
    "ml": false
  },
  "87422e": {
    "i": "87422e",
    "r": "JA978A",
    "it": "A139",
    "y": null,
    "m": null,
    "mo": "",
    "o": null,
    "st": "H2T",
    "ml": false
  },
  "872c94": {
    "i": "872c94",
    "r": "JA917A",
    "it": "S76",
    "y": null,
    "m": null,
    "mo": "Sikorsky S-76 D",
    "o": null,
    "st": "H2T",
    "ml": false
  },
  "873e34": {
    "i": "873e34",
    "r": "JA965A",
    "it": "A139",
    "y": null,
    "m": null,
    "mo": "AgustaWestland AW.139",
    "o": null,
    "st": "H2T",
    "ml": false
  },
  "873e12": {
    "i": "873e12",
    "r": "JA964A",
    "it": "A139",
    "y": null,
    "m": null,
    "mo": "AgustaWestland AW.139",
    "o": null,
    "st": "H2T",
    "ml": false
  },
  "87420c": {
    "i": "87420c",
    "r": "JA977A",
    "it": "A139",
    "y": null,
    "m": null,
    "mo": "AgustaWestland AW.139",
    "o": null,
    "st": "H2T",
    "ml": false
  },
  "87353f": {
    "i": "87353f",
    "r": "JA93NH",
    "it": "A139",
    "y": null,
    "m": null,
    "mo": "AgustaWestland AW.139",
    "o": null,
    "st": "H2T",
    "ml": false
  },
  "872c72": {
    "i": "872c72",
    "r": "JA916A",
    "it": "S76",
    "y": null,
    "m": null,
    "mo": "Sikorsky S-76 D",
    "o": null,
    "st": "H2T",
    "ml": false
  },
  "8741a6": {
    "i": "8741a6",
    "r": "JA974A",
    "it": "A139",
    "y": null,
    "m": null,
    "mo": "AgustaWestland AW.139",
    "o": null,
    "st": "H2T",
    "ml": false
  },
  "873d8a": {
    "i": "873d8a",
    "r": "JA960A",
    "it": "A139",
    "y": null,
    "m": null,
    "mo": "AgustaWestland AW.139",
    "o": null,
    "st": "H2T",
    "ml": false
  },
  "87376b": {
    "i": "87376b",
    "r": "JA9483",
    "it": null,
    "y": null,
    "m": null,
    "mo": null,
    "o": null,
    "st": null,
    "ml": false
  },
  "8733d7": {
    "i": "8733d7",
    "r": "JA9383",
    "it": null,
    "y": null,
    "m": null,
    "mo": null,
    "o": null,
    "st": null,
    "ml": false
  },
  "87367b": {
    "i": "87367b",
    "r": "JA9411",
    "it": null,
    "y": null,
    "m": null,
    "mo": null,
    "o": null,
    "st": null,
    "ml": false
  },
  "874138": {
    "i": "874138",
    "r": "JA9712",
    "it": null,
    "y": null,
    "m": null,
    "mo": null,
    "o": null,
    "st": null,
    "ml": false
  },
  "8736a5": {
    "i": "8736a5",
    "r": "JA9429",
    "it": null,
    "y": null,
    "m": null,
    "mo": null,
    "o": null,
    "st": null,
    "ml": false
  },
  "873e56": {
    "i": "873e56",
    "r": "JA966A",
    "it": null,
    "y": null,
    "m": null,
    "mo": null,
    "o": null,
    "st": null,
    "ml": false
  },
  "87374e": {
    "i": "87374e",
    "r": "JA9478",
    "it": null,
    "y": null,
    "m": null,
    "mo": null,
    "o": null,
    "st": null,
    "ml": false
  },
  "87490b": {
    "i": "87490b",
    "r": "JA9963",
    "it": null,
    "y": null,
    "m": null,
    "mo": null,
    "o": null,
    "st": null,
    "ml": false
  },
  "87459c": {
    "i": "87459c",
    "r": "JA9876",
    "it": null,
    "y": null,
    "m": null,
    "mo": null,
    "o": null,
    "st": null,
    "ml": false
  },
  "872cb6": {
    "i": "872cb6",
    "r": "JA918A",
    "it": "S76",
    "y": null,
    "m": null,
    "mo": "Sikorsky S-76 D",
    "o": null,
    "st": "H2T",
    "ml": false
  },
  "873a7e": {
    "i": "873a7e",
    "r": "JA954A",
    "it": "SF34",
    "y": null,
    "m": null,
    "mo": "SAAB 340 B",
    "o": null,
    "st": "L2T",
    "ml": false
  },
  "873e9a": {
    "i": "873e9a",
    "r": "JA968A",
    "it": "A139",
    "y": null,
    "m": null,
    "mo": "AgustaWestland AW.139",
    "o": null,
    "st": "H2T",
    "ml": false
  },
  "872c0c": {
    "i": "872c0c",
    "r": "JA913A",
    "it": "S76",
    "y": null,
    "m": null,
    "mo": "Sikorsky S-76 D",
    "o": null,
    "st": "H2T",
    "ml": false
  },
  "872bea": {
    "i": "872bea",
    "r": "JA912A",
    "it": "S76",
    "y": null,
    "m": null,
    "mo": "Sikorsky S-76 D",
    "o": null,
    "st": "H2T",
    "ml": false
  },
  "873df0": {
    "i": "873df0",
    "r": "JA963A",
    "it": "A139",
    "y": null,
    "m": null,
    "mo": "AgustaWestland AW.139",
    "o": null,
    "st": "H2T",
    "ml": false
  },
  "873dce": {
    "i": "873dce",
    "r": "JA962A",
    "it": "A139",
    "y": null,
    "m": null,
    "mo": "AgustaWestland AW.139",
    "o": null,
    "st": "H2T",
    "ml": false
  },
  "873ebc": {
    "i": "873ebc",
    "r": "JA969A",
    "it": "A139",
    "y": null,
    "m": null,
    "mo": "AgustaWestland AW.139",
    "o": null,
    "st": "H2T",
    "ml": false
  },
  "873a5c": {
    "i": "873a5c",
    "r": "JA953A",
    "it": "SF34",
    "y": null,
    "m": null,
    "mo": "SAAB 340 B",
    "o": null,
    "st": "L2T",
    "ml": false
  },
  "8741c8": {
    "i": "8741c8",
    "r": "JA975A",
    "it": "A139",
    "y": null,
    "m": null,
    "mo": "AgustaWestland AW.139",
    "o": null,
    "st": "H2T",
    "ml": false
  },
  "872d2d": {
    "i": "872d2d",
    "r": "JA91CP",
    "it": "A139",
    "y": null,
    "m": null,
    "mo": "AgustaWestland AW.139",
    "o": null,
    "st": "H2T",
    "ml": false
  },
  "872e17": {
    "i": "872e17",
    "r": "JA91NH",
    "it": "A139",
    "y": null,
    "m": null,
    "mo": "AgustaWestland AW.139",
    "o": null,
    "st": "H2T",
    "ml": false
  },
  "87411e": {
    "i": "87411e",
    "r": "JA970A",
    "it": "A139",
    "y": null,
    "m": null,
    "mo": "AgustaWestland AW.139",
    "o": null,
    "st": "H2T",
    "ml": false
  },
  "874184": {
    "i": "874184",
    "r": "JA973A",
    "it": "A139",
    "y": null,
    "m": null,
    "mo": "AgustaWestland AW.139",
    "o": null,
    "st": "H2T",
    "ml": false
  },
  "874162": {
    "i": "874162",
    "r": "JA972A",
    "it": "A139",
    "y": null,
    "m": null,
    "mo": "AgustaWestland AW.139",
    "o": null,
    "st": "H2T",
    "ml": false
  },
  "872c2e": {
    "i": "872c2e",
    "r": "JA914A",
    "it": "S76",
    "y": null,
    "m": null,
    "mo": "Sikorsky S-76 D",
    "o": null,
    "st": "H2T",
    "ml": false
  },
  "872cd8": {
    "i": "872cd8",
    "r": "JA919A",
    "it": "S76",
    "y": null,
    "m": null,
    "mo": "Sikorsky S-76 D",
    "o": null,
    "st": "H2T",
    "ml": false
  },
  "8730c1": {
    "i": "8730c1",
    "r": "JA92CP",
    "it": "EC35",
    "y": null,
    "m": null,
    "mo": "",
    "o": null,
    "st": "H2T",
    "ml": false
  },
  "872f5d": {
    "i": "872f5d",
    "r": "JA921B",
    "it": "S76",
    "y": null,
    "m": null,
    "mo": "",
    "o": null,
    "st": "H2T",
    "ml": false
  },
  "8731ab": {
    "i": "8731ab",
    "r": "JA92NH",
    "it": "A139",
    "y": null,
    "m": null,
    "mo": "AgustaWestland AW.139",
    "o": null,
    "st": "H2T",
    "ml": false
  },
  "874153": {
    "i": "874153",
    "r": "JA971V",
    "it": "A109",
    "y": null,
    "m": null,
    "mo": "Agusta A.109 E",
    "o": null,
    "st": "H2T",
    "ml": false
  },
  "87cd2f": {
    "i": "87cd2f",
    "r": "44-3614",
    "it": "B762",
    "y": null,
    "m": "BOEING",
    "mo": "767-200",
    "o": null,
    "st": "L2J",
    "ml": true
  },
  "87cdff": {
    "i": "87cdff",
    "r": "AT2401",
    "it": "EC45",
    "y": null,
    "m": "EUROCOPTER",
    "mo": "EC-145",
    "o": null,
    "st": "H2T",
    "ml": true
  },
  "87c40b": {
    "i": "87c40b",
    "r": "23059",
    "it": "B350",
    "y": null,
    "m": "BEECHCRAFT",
    "mo": "Super King Air 350",
    "o": null,
    "st": "L2T",
    "ml": true
  },
  "873a12": {
    "i": "873a12",
    "r": "JA9514",
    "it": "B505",
    "y": null,
    "m": "BELL",
    "mo": "505 JetRanger X",
    "o": null,
    "st": "H1T",
    "ml": false
  },
  "87455c": {
    "i": "87455c",
    "r": "JA985A",
    "it": "B78X",
    "y": null,
    "m": "BOEING",
    "mo": "787-10 Dreamliner",
    "o": null,
    "st": "L2J",
    "ml": false
  },
  "87453a": {
    "i": "87453a",
    "r": "JA984A",
    "it": "B78X",
    "y": null,
    "m": "BOEING",
    "mo": "787-10 Dreamliner",
    "o": null,
    "st": "L2J",
    "ml": false
  },
  "87c857": {
    "i": "87c857",
    "r": null,
    "it": "P1",
    "y": null,
    "m": "KAWASAKI",
    "mo": "P-1",
    "o": null,
    "st": "L4J",
    "ml": true
  },
  "87cc05": {
    "i": "87cc05",
    "r": "08-1201",
    "it": "KC2",
    "y": null,
    "m": "KAWASAKI",
    "mo": "C-2",
    "o": null,
    "st": "L2J",
    "ml": true
  },
  "87cdf3": {
    "i": "87cdf3",
    "r": "54-3615",
    "it": "B762",
    "y": null,
    "m": "BOEING",
    "mo": "767-200",
    "o": null,
    "st": "L2J",
    "ml": true
  },
  "87457e": {
    "i": "87457e",
    "r": "JA986A",
    "it": "B78X",
    "y": null,
    "m": "BOEING",
    "mo": "787-10 Dreamliner",
    "o": null,
    "st": "L2J",
    "ml": false
  }
}