{
  "901010": {
    "i": "901010",
    "r": "EM-701",
    "it": "H60",
    "y": null,
    "m": null,
    "mo": "",
    "o": null,
    "st": "H2T",
    "ml": true
  },
  "901016": {
    "i": "901016",
    "r": "165746",
    "it": "H60",
    "y": null,
    "m": null,
    "mo": "",
    "o": null,
    "st": "H2T",
    "ml": true
  },
  "901013": {
    "i": "901013",
    "r": "F-JCAO",
    "it": "TRAL",
    "y": null,
    "m": null,
    "mo": "",
    "o": null,
    "st": "L1P",
    "ml": false
  },
  "901011": {
    "i": "901011",
    "r": "EM-704",
    "it": "H60",
    "y": null,
    "m": null,
    "mo": "",
    "o": null,
    "st": "H2T",
    "ml": true
  },
  "901012": {
    "i": "901012",
    "r": "15034",
    "it": "C172",
    "y": null,
    "m": null,
    "mo": "",
    "o": null,
    "st": "L1P",
    "ml": true
  },
  "901007": {
    "i": "901007",
    "r": "E5-TCM",
    "it": "C550",
    "y": null,
    "m": null,
    "mo": "",
    "o": null,
    "st": "L2J",
    "ml": false
  },
  "901015": {
    "i": "901015",
    "r": "168553",
    "it": "H60",
    "y": null,
    "m": null,
    "mo": "",
    "o": null,
    "st": "H2T",
    "ml": true
  },
  "90200d": {
    "i": "90200d",
    "r": "5W-LOR",
    "it": "AC90",
    "y": null,
    "m": null,
    "mo": "",
    "o": null,
    "st": "L2T",
    "ml": false
  },
  "902008": {
    "i": "902008",
    "r": "5W-FAW",
    "it": "DHC6",
    "y": null,
    "m": "DE HAVILLAND",
    "mo": "DHC-6 Twin Otter",
    "o": null,
    "st": "L2T",
    "ml": false
  },
  "901009": {
    "i": "901009",
    "r": "E5-EFS",
    "it": "SF34",
    "y": null,
    "m": "SAAB",
    "mo": "340",
    "o": null,
    "st": "L2T",
    "ml": false
  }
}