{
  "af38be": {
    "i": "af38be",
    "r": "22-03501",
    "it": "H64",
    "y": null,
    "m": null,
    "mo": "",
    "o": null,
    "st": "H2T",
    "ml": true
  },
  "af04fc": {
    "i": "af04fc",
    "r": "22-03495",
    "it": "H64",
    "y": null,
    "m": null,
    "mo": "",
    "o": null,
    "st": "H2T",
    "ml": true
  },
  "af3c5f": {
    "i": "af3c5f",
    "r": "18-20984",
    "it": "H60",
    "y": null,
    "m": null,
    "mo": "",
    "o": null,
    "st": "H2T",
    "ml": true
  },
  "afa827": {
    "i": "afa827",
    "r": "18-20990",
    "it": "H60",
    "y": null,
    "m": null,
    "mo": "",
    "o": null,
    "st": "H2T",
    "ml": true
  },
  "af8601": {
    "i": "af8601",
    "r": "24-21289",
    "it": "H60",
    "y": null,
    "m": null,
    "mo": "",
    "o": null,
    "st": "H2T",
    "ml": true
  },
  "af9ba5": {
    "i": "af9ba5",
    "r": "21-14529",
    "it": "H60",
    "y": null,
    "m": null,
    "mo": "",
    "o": null,
    "st": "H2T",
    "ml": true
  },
  "afa82b": {
    "i": "afa82b",
    "r": "24-21304",
    "it": "H60",
    "y": null,
    "m": null,
    "mo": "",
    "o": null,
    "st": "H2T",
    "ml": true
  },
  "af5149": {
    "i": "af5149",
    "r": "22-03506",
    "it": "H64",
    "y": null,
    "m": null,
    "mo": "",
    "o": null,
    "st": "H2T",
    "ml": true
  },
  "af61ca": {
    "i": "af61ca",
    "r": "97-26755",
    "it": "H60",
    "y": null,
    "m": null,
    "mo": "",
    "o": null,
    "st": "H2T",
    "ml": true
  },
  "af8458": {
    "i": "af8458",
    "r": "22-14542",
    "it": "H60",
    "y": null,
    "m": null,
    "mo": "",
    "o": null,
    "st": "H2T",
    "ml": true
  },
  "af847a": {
    "i": "af847a",
    "r": "22-14537",
    "it": "H60",
    "y": null,
    "m": null,
    "mo": "",
    "o": null,
    "st": "H2T",
    "ml": true
  },
  "af3c88": {
    "i": "af3c88",
    "r": "22-03503",
    "it": "H64",
    "y": null,
    "m": null,
    "mo": "",
    "o": null,
    "st": "H2T",
    "ml": true
  },
  "af3c49": {
    "i": "af3c49",
    "r": "22-14535",
    "it": "H60",
    "y": null,
    "m": null,
    "mo": "",
    "o": null,
    "st": "H2T",
    "ml": true
  },
  "af61c6": {
    "i": "af61c6",
    "r": "23-03509",
    "it": "H64",
    "y": null,
    "m": null,
    "mo": "",
    "o": null,
    "st": "H2T",
    "ml": true
  },
  "af551b": {
    "i": "af551b",
    "r": "23-03508",
    "it": "H64",
    "y": null,
    "m": null,
    "mo": "",
    "o": null,
    "st": "H2T",
    "ml": true
  },
  "af9bab": {
    "i": "af9bab",
    "r": "18-20988",
    "it": "H60",
    "y": null,
    "m": null,
    "mo": "",
    "o": null,
    "st": "H2T",
    "ml": true
  },
  "af09c4": {
    "i": "af09c4",
    "r": "22-03497",
    "it": "H64",
    "y": null,
    "m": null,
    "mo": "",
    "o": null,
    "st": "H2T",
    "ml": true
  },
  "af6c50": {
    "i": "af6c50",
    "r": "23-03512",
    "it": "H64",
    "y": null,
    "m": null,
    "mo": "",
    "o": null,
    "st": "H2T",
    "ml": true
  },
  "af8486": {
    "i": "af8486",
    "r": "21-14527",
    "it": "H60",
    "y": null,
    "m": null,
    "mo": "",
    "o": null,
    "st": "H2T",
    "ml": true
  },
  "afffff": {
    "i": "afffff",
    "r": "MM81701",
    "it": "A109",
    "y": null,
    "m": null,
    "mo": "Agusta A.109 N",
    "o": null,
    "st": "H2T",
    "ml": false
  },
  "af3c55": {
    "i": "af3c55",
    "r": "22-03502",
    "it": "H64",
    "y": null,
    "m": null,
    "mo": "",
    "o": null,
    "st": "H2T",
    "ml": true
  },
  "af8602": {
    "i": "af8602",
    "r": "21-14528",
    "it": "H60",
    "y": null,
    "m": null,
    "mo": "",
    "o": null,
    "st": "H2T",
    "ml": true
  },
  "afca18": {
    "i": "afca18",
    "r": "18-20993",
    "it": "H60",
    "y": null,
    "m": null,
    "mo": "",
    "o": null,
    "st": "H2T",
    "ml": true
  },
  "af4fb3": {
    "i": "af4fb3",
    "r": "18-20985",
    "it": "H60",
    "y": null,
    "m": null,
    "mo": "",
    "o": null,
    "st": "H2T",
    "ml": true
  },
  "afb23c": {
    "i": "afb23c",
    "r": "22-14541",
    "it": "H60",
    "y": null,
    "m": null,
    "mo": "",
    "o": null,
    "st": "H2T",
    "ml": true
  },
  "af0a4d": {
    "i": "af0a4d",
    "r": "22-03498",
    "it": "H64",
    "y": null,
    "m": null,
    "mo": "",
    "o": null,
    "st": "H2T",
    "ml": true
  },
  "af351f": {
    "i": "af351f",
    "r": "DEFAULT",
    "it": "F35",
    "y": null,
    "m": null,
    "mo": "",
    "o": null,
    "st": "L1J",
    "ml": true
  },
  "af4fab": {
    "i": "af4fab",
    "r": "24-21300",
    "it": "H60",
    "y": null,
    "m": null,
    "mo": "",
    "o": null,
    "st": "H2T",
    "ml": true
  },
  "aff009": {
    "i": "aff009",
    "r": "18-20994",
    "it": "H60",
    "y": null,
    "m": null,
    "mo": "",
    "o": null,
    "st": "H2T",
    "ml": true
  },
  "af4fa7": {
    "i": "af4fa7",
    "r": "21-14526",
    "it": "H60",
    "y": null,
    "m": null,
    "mo": "",
    "o": null,
    "st": "H2T",
    "ml": true
  },
  "af7831": {
    "i": "af7831",
    "r": "23-03513",
    "it": "H64",
    "y": null,
    "m": null,
    "mo": "",
    "o": null,
    "st": "H2T",
    "ml": true
  },
  "af85fb": {
    "i": "af85fb",
    "r": "22-14538",
    "it": "H60",
    "y": null,
    "m": null,
    "mo": "",
    "o": null,
    "st": "H2T",
    "ml": true
  },
  "af8603": {
    "i": "af8603",
    "r": "18-20987",
    "it": "H60",
    "y": null,
    "m": null,
    "mo": "",
    "o": null,
    "st": "H2T",
    "ml": true
  },
  "af9ba1": {
    "i": "af9ba1",
    "r": "22-14539",
    "it": "H60",
    "y": null,
    "m": null,
    "mo": "",
    "o": null,
    "st": "H2T",
    "ml": true
  },
  "afa18b": {
    "i": "afa18b",
    "r": "21-14530",
    "it": "H60",
    "y": null,
    "m": null,
    "mo": "",
    "o": null,
    "st": "H2T",
    "ml": true
  },
  "af4dd8": {
    "i": "af4dd8",
    "r": "22-03504",
    "it": "H64",
    "y": null,
    "m": null,
    "mo": "",
    "o": null,
    "st": "H2T",
    "ml": true
  },
  "af0a4a": {
    "i": "af0a4a",
    "r": "24-21288",
    "it": "H60",
    "y": null,
    "m": null,
    "mo": "",
    "o": null,
    "st": "H2T",
    "ml": true
  },
  "af8023": {
    "i": "af8023",
    "r": "23-03514",
    "it": "H64",
    "y": null,
    "m": null,
    "mo": "",
    "o": null,
    "st": "H2T",
    "ml": true
  },
  "af3c51": {
    "i": "af3c51",
    "r": "21-14525",
    "it": "H60",
    "y": null,
    "m": null,
    "mo": "",
    "o": null,
    "st": "H2T",
    "ml": true
  },
  "afa187": {
    "i": "afa187",
    "r": "23-03520",
    "it": "H64",
    "y": null,
    "m": null,
    "mo": "",
    "o": null,
    "st": "H2T",
    "ml": true
  },
  "afa18c": {
    "i": "afa18c",
    "r": "18-20989",
    "it": "H60",
    "y": null,
    "m": null,
    "mo": "",
    "o": null,
    "st": "H2T",
    "ml": true
  },
  "afa191": {
    "i": "afa191",
    "r": "24-21303",
    "it": "H60",
    "y": null,
    "m": null,
    "mo": "",
    "o": null,
    "st": "H2T",
    "ml": true
  },
  "af2136": {
    "i": "af2136",
    "r": "22-03500",
    "it": "H64",
    "y": null,
    "m": null,
    "mo": "",
    "o": null,
    "st": "H2T",
    "ml": true
  },
  "af4a7b": {
    "i": "af4a7b",
    "r": "168207",
    "it": "B350",
    "y": null,
    "m": null,
    "mo": "Hawker Beechcraft Corp UC-12W Huron",
    "o": null,
    "st": "L2T",
    "ml": true
  },
  "afc664": {
    "i": "afc664",
    "r": "18-20992",
    "it": "H60",
    "y": null,
    "m": null,
    "mo": "",
    "o": null,
    "st": "H2T",
    "ml": true
  },
  "af53b8": {
    "i": "af53b8",
    "r": "23-03507",
    "it": "H64",
    "y": null,
    "m": null,
    "mo": "",
    "o": null,
    "st": "H2T",
    "ml": true
  },
  "afb238": {
    "i": "afb238",
    "r": "18-20991",
    "it": "H60",
    "y": null,
    "m": null,
    "mo": "",
    "o": null,
    "st": "H2T",
    "ml": true
  },
  "af848c": {
    "i": "af848c",
    "r": "18-20986",
    "it": "H60",
    "y": null,
    "m": null,
    "mo": "",
    "o": null,
    "st": "H2T",
    "ml": true
  },
  "afa82a": {
    "i": "afa82a",
    "r": "24-21290",
    "it": "H60",
    "y": null,
    "m": null,
    "mo": "",
    "o": null,
    "st": "H2T",
    "ml": true
  },
  "af0467": {
    "i": "af0467",
    "r": null,
    "it": "E6",
    "y": null,
    "m": "BOEING",
    "mo": "E-6B Mercury",
    "o": null,
    "st": "L4J",
    "ml": true
  },
  "affd5e": {
    "i": "affd5e",
    "r": null,
    "it": "E6",
    "y": null,
    "m": "BOEING",
    "mo": "E-6B Mercury",
    "o": null,
    "st": "L4J",
    "ml": true
  },
  "af213c": {
    "i": "af213c",
    "r": "96-26698",
    "it": "H60",
    "y": null,
    "m": "SIKORSKY",
    "mo": "UH-60 Black Hawk",
    "o": null,
    "st": "H2T",
    "ml": true
  },
  "af8504": {
    "i": "af8504",
    "r": "60-0345",
    "it": "K35R",
    "y": null,
    "m": "BOEING",
    "mo": "KC-135R/T Stratotanker",
    "o": null,
    "st": "L4J",
    "ml": true
  },
  "af9ba8": {
    "i": "af9ba8",
    "r": "06-27089",
    "it": "H60",
    "y": null,
    "m": "SIKORSKY",
    "mo": "UH-60 Black Hawk",
    "o": null,
    "st": "H2T",
    "ml": true
  },
  "afabad": {
    "i": "afabad",
    "r": "00-26872",
    "it": "H60",
    "y": null,
    "m": "SIKORSKY",
    "mo": "UH-60 Black Hawk",
    "o": null,
    "st": "H2T",
    "ml": true
  },
  "af6c56": {
    "i": "af6c56",
    "r": "97-26751",
    "it": "H60",
    "y": null,
    "m": "SIKORSKY",
    "mo": "UH-60 Black Hawk",
    "o": null,
    "st": "H2T",
    "ml": true
  },
  "afc663": {
    "i": "afc663",
    "r": "91-26320",
    "it": "H60",
    "y": null,
    "m": "SIKORSKY",
    "mo": "UH-60 Black Hawk",
    "o": null,
    "st": "H2T",
    "ml": true
  },
  "afcdad": {
    "i": "afcdad",
    "r": "83-23889",
    "it": "H60",
    "y": null,
    "m": "SIKORSKY",
    "mo": "UH-60 Black Hawk",
    "o": null,
    "st": "H2T",
    "ml": true
  },
  "af8487": {
    "i": "af8487",
    "r": "97-26754",
    "it": "H60",
    "y": null,
    "m": "SIKORSKY",
    "mo": "UH-60 Black Hawk",
    "o": null,
    "st": "H2T",
    "ml": true
  },
  "af38c4": {
    "i": "af38c4",
    "r": "05-27050",
    "it": "H60",
    "y": null,
    "m": "SIKORSKY",
    "mo": "UH-60 Black Hawk",
    "o": null,
    "st": "H2T",
    "ml": true
  },
  "af3bbc": {
    "i": "af3bbc",
    "r": null,
    "it": "E6",
    "y": null,
    "m": "BOEING",
    "mo": "E-6B Mercury",
    "o": null,
    "st": "L4J",
    "ml": true
  },
  "af3c5b": {
    "i": "af3c5b",
    "r": "90-26219",
    "it": "H60",
    "y": null,
    "m": "SIKORSKY",
    "mo": "UH-60 Black Hawk",
    "o": null,
    "st": "H2T",
    "ml": true
  },
  "af9e24": {
    "i": "af9e24",
    "r": "170745",
    "it": "BE20",
    "y": null,
    "m": "BEECH",
    "mo": "Super King Air 200",
    "o": null,
    "st": "L2T",
    "ml": true
  },
  "af54c4": {
    "i": "af54c4",
    "r": "170747",
    "it": "BE20",
    "y": null,
    "m": "BEECH",
    "mo": "Super King Air 200",
    "o": null,
    "st": "L2T",
    "ml": true
  },
  "af384c": {
    "i": "af384c",
    "r": "170744",
    "it": "BE20",
    "y": null,
    "m": "BEECH",
    "mo": "Super King Air 200",
    "o": null,
    "st": "L2T",
    "ml": true
  },
  "af665a": {
    "i": "af665a",
    "r": null,
    "it": "E6",
    "y": null,
    "m": "BOEING",
    "mo": "E-6B Mercury",
    "o": null,
    "st": "L4J",
    "ml": true
  },
  "af1644": {
    "i": "af1644",
    "r": null,
    "it": "E6",
    "y": null,
    "m": "BOEING",
    "mo": "E-6B Mercury",
    "o": null,
    "st": "L4J",
    "ml": true
  },
  "af8439": {
    "i": "af8439",
    "r": "170755",
    "it": "BE20",
    "y": null,
    "m": "BEECH",
    "mo": "Super King Air 200",
    "o": null,
    "st": "L2T",
    "ml": true
  },
  "af85ff": {
    "i": "af85ff",
    "r": "94-26535",
    "it": "H60",
    "y": null,
    "m": "SIKORSKY",
    "mo": "UH-60 Black Hawk",
    "o": null,
    "st": "H2T",
    "ml": true
  },
  "af77c9": {
    "i": "af77c9",
    "r": null,
    "it": "E6",
    "y": null,
    "m": "BOEING",
    "mo": "E-6B Mercury",
    "o": null,
    "st": "L4J",
    "ml": true
  },
  "afb674": {
    "i": "afb674",
    "r": "95-26617",
    "it": "H60",
    "y": null,
    "m": "SIKORSKY",
    "mo": "UH-60 Black Hawk",
    "o": null,
    "st": "H2T",
    "ml": true
  },
  "af3a67": {
    "i": "af3a67",
    "r": null,
    "it": "E6",
    "y": null,
    "m": "BOEING",
    "mo": "E-6B Mercury",
    "o": null,
    "st": "L4J",
    "ml": true
  },
  "af8434": {
    "i": "af8434",
    "r": "6063",
    "it": "H60",
    "y": null,
    "m": "SIKORSKY",
    "mo": "UH-60 Black Hawk",
    "o": null,
    "st": "H2T",
    "ml": true
  },
  "af551e": {
    "i": "af551e",
    "r": "02-26959",
    "it": "H60",
    "y": null,
    "m": "SIKORSKY",
    "mo": "UH-60 Black Hawk",
    "o": null,
    "st": "H2T",
    "ml": true
  },
  "af7ffe": {
    "i": "af7ffe",
    "r": "90-26307",
    "it": "H60",
    "y": null,
    "m": "SIKORSKY",
    "mo": "UH-60 Black Hawk",
    "o": null,
    "st": "H2T",
    "ml": true
  },
  "af2bc5": {
    "i": "af2bc5",
    "r": null,
    "it": "E6",
    "y": null,
    "m": "BOEING",
    "mo": "E-6B Mercury",
    "o": null,
    "st": "L4J",
    "ml": true
  },
  "af3c02": {
    "i": "af3c02",
    "r": null,
    "it": "E6",
    "y": null,
    "m": "BOEING",
    "mo": "E-6B Mercury",
    "o": null,
    "st": "L4J",
    "ml": true
  },
  "af259c": {
    "i": "af259c",
    "r": null,
    "it": "E6",
    "y": null,
    "m": "BOEING",
    "mo": "E-6B Mercury",
    "o": null,
    "st": "L4J",
    "ml": true
  },
  "af20c1": {
    "i": "af20c1",
    "r": "170748",
    "it": "BE20",
    "y": null,
    "m": "BEECH",
    "mo": "Super King Air 200",
    "o": null,
    "st": "L2T",
    "ml": true
  },
  "af08a2": {
    "i": "af08a2",
    "r": "22-03496",
    "it": "H64",
    "y": null,
    "m": "MCDONNELL DOUGLAS",
    "mo": "AH-64 Apache",
    "o": null,
    "st": "H2T",
    "ml": true
  },
  "af6c00": {
    "i": "af6c00",
    "r": "170751",
    "it": "BE20",
    "y": null,
    "m": "BEECH",
    "mo": "Super King Air 200",
    "o": null,
    "st": "L2T",
    "ml": true
  },
  "afb23a": {
    "i": "afb23a",
    "r": "21-14531",
    "it": "H60",
    "y": null,
    "m": "SIKORSKY",
    "mo": "UH-60 Black Hawk",
    "o": null,
    "st": "H2T",
    "ml": true
  },
  "af2172": {
    "i": "af2172",
    "r": "170750",
    "it": "BE20",
    "y": null,
    "m": "BEECH",
    "mo": "Super King Air 200",
    "o": null,
    "st": "L2T",
    "ml": true
  },
  "af1cb7": {
    "i": "af1cb7",
    "r": "22-03499",
    "it": "H64",
    "y": null,
    "m": "MCDONNELL DOUGLAS",
    "mo": "AH-64 Apache",
    "o": null,
    "st": "H2T",
    "ml": true
  },
  "af0df6": {
    "i": "af0df6",
    "r": "85-24451",
    "it": "H60",
    "y": null,
    "m": "SIKORSKY",
    "mo": "UH-60 Black Hawk",
    "o": null,
    "st": "H2T",
    "ml": true
  },
  "af3bc9": {
    "i": "af3bc9",
    "r": "22-1008",
    "it": "A139",
    "y": null,
    "m": "AGUSTA",
    "mo": "AW-139",
    "o": null,
    "st": "H2T",
    "ml": true
  },
  "af4bb4": {
    "i": "af4bb4",
    "r": "169467",
    "it": "V22",
    "y": null,
    "m": "BELL-BOEING",
    "mo": "V-22 Osprey",
    "o": null,
    "st": "R2T",
    "ml": true
  },
  "aff733": {
    "i": "aff733",
    "r": null,
    "it": "E6",
    "y": null,
    "m": "BOEING",
    "mo": "E-6B Mercury",
    "o": null,
    "st": "L4J",
    "ml": true
  },
  "af8437": {
    "i": "af8437",
    "r": "170754",
    "it": "BE20",
    "y": null,
    "m": "BEECH",
    "mo": "Super King Air 200",
    "o": null,
    "st": "L2T",
    "ml": true
  },
  "af47df": {
    "i": "af47df",
    "r": null,
    "it": "F18S",
    "y": null,
    "m": "MCDONNELL DOUGLAS",
    "mo": "F/A-18 Super Hornet",
    "o": null,
    "st": "L2J",
    "ml": true
  },
  "af8482": {
    "i": "af8482",
    "r": "A57-003",
    "it": "Q4",
    "y": null,
    "m": "NORTHROP GRUMMAN",
    "mo": "MQ-4C Triton",
    "o": null,
    "st": "L1J",
    "ml": true
  },
  "af8420": {
    "i": "af8420",
    "r": "22-1011",
    "it": "A139",
    "y": null,
    "m": "AGUSTA",
    "mo": "AW-139",
    "o": null,
    "st": "H2T",
    "ml": true
  },
  "af3bc2": {
    "i": "af3bc2",
    "r": "170113",
    "it": "H60",
    "y": null,
    "m": "SIKORSKY",
    "mo": "UH-60 Black Hawk",
    "o": null,
    "st": "H2T",
    "ml": true
  },
  "af875a": {
    "i": "af875a",
    "r": null,
    "it": "E6",
    "y": null,
    "m": "BOEING",
    "mo": "E-6B Mercury",
    "o": null,
    "st": "L4J",
    "ml": true
  },
  "af3bdd": {
    "i": "af3bdd",
    "r": "170756",
    "it": "BE20",
    "y": null,
    "m": "BEECH",
    "mo": "Super King Air 200",
    "o": null,
    "st": "L2T",
    "ml": true
  },
  "af8b3a": {
    "i": "af8b3a",
    "r": null,
    "it": "E6",
    "y": null,
    "m": "BOEING",
    "mo": "E-6B Mercury",
    "o": null,
    "st": "L4J",
    "ml": true
  },
  "af878b": {
    "i": "af878b",
    "r": "23-03517",
    "it": "H64",
    "y": null,
    "m": "MCDONNELL DOUGLAS",
    "mo": "AH-64 Apache",
    "o": null,
    "st": "H2T",
    "ml": true
  },
  "af8421": {
    "i": "af8421",
    "r": null,
    "it": "Q9",
    "y": null,
    "m": "GENERAL ATOMICS",
    "mo": "MQ-9 Reaper",
    "o": "US CUSTOMS AND BORDER PROTECTION",
    "st": "L1P",
    "ml": true
  },
  "af8483": {
    "i": "af8483",
    "r": "23-03515",
    "it": "H64",
    "y": null,
    "m": "MCDONNELL DOUGLAS",
    "mo": "AH-64 Apache",
    "o": null,
    "st": "H2T",
    "ml": true
  },
  "af9ba4": {
    "i": "af9ba4",
    "r": "23-03518",
    "it": "H64",
    "y": null,
    "m": "MCDONNELL DOUGLAS",
    "mo": "AH-64 Apache",
    "o": null,
    "st": "H2T",
    "ml": true
  },
  "af0a4c": {
    "i": "af0a4c",
    "r": "24-21299",
    "it": "H60",
    "y": null,
    "m": "SIKORSKY",
    "mo": "UH-60 Black Hawk",
    "o": null,
    "st": "H2T",
    "ml": true
  },
  "af53a4": {
    "i": "af53a4",
    "r": null,
    "it": "E6",
    "y": null,
    "m": "BOEING",
    "mo": "E-6B Mercury",
    "o": null,
    "st": "L4J",
    "ml": true
  },
  "afa162": {
    "i": "afa162",
    "r": "22-1012",
    "it": "A139",
    "y": null,
    "m": "AGUSTA",
    "mo": "AW-139",
    "o": null,
    "st": "H2T",
    "ml": true
  },
  "af2ec0": {
    "i": "af2ec0",
    "r": null,
    "it": "E6",
    "y": null,
    "m": "BOEING",
    "mo": "E-6B Mercury",
    "o": null,
    "st": "L4J",
    "ml": true
  },
  "af3378": {
    "i": "af3378",
    "r": null,
    "it": "E6",
    "y": null,
    "m": "BOEING",
    "mo": "E-6B Mercury",
    "o": null,
    "st": "L4J",
    "ml": true
  },
  "af1a94": {
    "i": "af1a94",
    "r": null,
    "it": "E6",
    "y": null,
    "m": "BOEING",
    "mo": "E-6B Mercury",
    "o": null,
    "st": "L4J",
    "ml": true
  },
  "af8026": {
    "i": "af8026",
    "r": "21-0009",
    "it": "F15",
    "y": null,
    "m": "MCDONNELL DOUGLAS",
    "mo": "F-15 Eagle",
    "o": null,
    "st": "L2J",
    "ml": true
  },
  "af4fa8": {
    "i": "af4fa8",
    "r": "A57-002",
    "it": "Q4",
    "y": null,
    "m": "NORTHROP GRUMMAN",
    "mo": "RQ-4 Global Hawk",
    "o": null,
    "st": "L1J",
    "ml": true
  },
  "afe1be": {
    "i": "afe1be",
    "r": null,
    "it": "E6",
    "y": null,
    "m": "BOEING",
    "mo": "E-6B Mercury",
    "o": null,
    "st": "L4J",
    "ml": true
  },
  "af9e53": {
    "i": "af9e53",
    "r": "23-03519",
    "it": "H64",
    "y": null,
    "m": "MCDONNELL DOUGLAS",
    "mo": "AH-64 Apache",
    "o": null,
    "st": "H2T",
    "ml": true
  },
  "af4fa1": {
    "i": "af4fa1",
    "r": "22-14536",
    "it": "H60",
    "y": null,
    "m": "SIKORSKY",
    "mo": "UH-60 Black Hawk",
    "o": null,
    "st": "H2T",
    "ml": true
  },
  "af84de": {
    "i": "af84de",
    "r": null,
    "it": "K35R",
    "y": null,
    "m": "BOEING",
    "mo": "KC-135R/T Stratotanker",
    "o": null,
    "st": "L4J",
    "ml": true
  },
  "af8db7": {
    "i": "af8db7",
    "r": "85-24451",
    "it": "H60",
    "y": null,
    "m": "SIKORSKY",
    "mo": "UH-60 Black Hawk",
    "o": null,
    "st": "H2T",
    "ml": true
  },
  "af4f60": {
    "i": "af4f60",
    "r": "22-14544",
    "it": "H60",
    "y": null,
    "m": "SIKORSKY",
    "mo": "UH-60 Black Hawk",
    "o": null,
    "st": "H2T",
    "ml": true
  },
  "af8447": {
    "i": "af8447",
    "r": "21-0078",
    "it": "V22",
    "y": null,
    "m": "BELL-BOEING",
    "mo": "V-22 Osprey",
    "o": null,
    "st": "R2T",
    "ml": true
  },
  "af4f36": {
    "i": "af4f36",
    "r": null,
    "it": "H60",
    "y": null,
    "m": "SIKORSKY",
    "mo": "UH-60 Black Hawk",
    "o": null,
    "st": "H2T",
    "ml": true
  },
  "afab96": {
    "i": "afab96",
    "r": null,
    "it": "E6",
    "y": null,
    "m": "BOEING",
    "mo": "E-6B Mercury",
    "o": null,
    "st": "L4J",
    "ml": true
  },
  "af9b75": {
    "i": "af9b75",
    "r": null,
    "it": "E6",
    "y": null,
    "m": "BOEING",
    "mo": "E-6B Mercury",
    "o": null,
    "st": "L4J",
    "ml": true
  },
  "af6531": {
    "i": "af6531",
    "r": null,
    "it": "E6",
    "y": null,
    "m": "BOEING",
    "mo": "E-6B Mercury",
    "o": null,
    "st": "L4J",
    "ml": true
  },
  "af6ec3": {
    "i": "af6ec3",
    "r": null,
    "it": "E6",
    "y": null,
    "m": "BOEING",
    "mo": "E-6B Mercury",
    "o": null,
    "st": "L4J",
    "ml": true
  },
  "af3f84": {
    "i": "af3f84",
    "r": null,
    "it": "E6",
    "y": null,
    "m": "BOEING",
    "mo": "E-6B Mercury",
    "o": null,
    "st": "L4J",
    "ml": true
  },
  "af05d9": {
    "i": "af05d9",
    "r": null,
    "it": "E6",
    "y": null,
    "m": "BOEING",
    "mo": "E-6B Mercury",
    "o": null,
    "st": "L4J",
    "ml": true
  },
  "af841c": {
    "i": "af841c",
    "r": "170112",
    "it": "H60",
    "y": null,
    "m": "SIKORSKY",
    "mo": "UH-60 Black Hawk",
    "o": null,
    "st": "H2T",
    "ml": true
  },
  "af4faa": {
    "i": "af4faa",
    "r": "22-03505",
    "it": "H64",
    "y": null,
    "m": "MCDONNELL DOUGLAS",
    "mo": "AH-64 Apache",
    "o": null,
    "st": "H2T",
    "ml": true
  },
  "af0930": {
    "i": "af0930",
    "r": null,
    "it": "E6",
    "y": null,
    "m": "BOEING",
    "mo": "E-6B Mercury",
    "o": null,
    "st": "L4J",
    "ml": true
  },
  "afa189": {
    "i": "afa189",
    "r": "22-14540",
    "it": "H60",
    "y": null,
    "m": "SIKORSKY",
    "mo": "UH-60 Black Hawk",
    "o": null,
    "st": "H2T",
    "ml": true
  },
  "af5356": {
    "i": "af5356",
    "r": null,
    "it": "E6",
    "y": null,
    "m": "BOEING",
    "mo": "E-6B Mercury",
    "o": null,
    "st": "L4J",
    "ml": true
  },
  "af96cf": {
    "i": "af96cf",
    "r": "N974DC",
    "it": "E45X",
    "y": "2013",
    "m": "EMBRAER",
    "mo": "ERJ-145XR",
    "o": "CBG LLC (Miscode)",
    "st": "L2J",
    "ml": false
  },
  "af4057": {
    "i": "af4057",
    "r": null,
    "it": "E6",
    "y": null,
    "m": "BOEING",
    "mo": "E-6B Mercury",
    "o": null,
    "st": "L4J",
    "ml": true
  },
  "af266f": {
    "i": "af266f",
    "r": null,
    "it": "E6",
    "y": null,
    "m": "BOEING",
    "mo": "E-6B Mercury",
    "o": null,
    "st": "L4J",
    "ml": true
  },
  "af2313": {
    "i": "af2313",
    "r": null,
    "it": "E6",
    "y": null,
    "m": "BOEING",
    "mo": "E-6B Mercury",
    "o": null,
    "st": "L4J",
    "ml": true
  },
  "afb23e": {
    "i": "afb23e",
    "r": "24-21305",
    "it": "H60",
    "y": null,
    "m": "SIKORSKY",
    "mo": "UH-60 Black Hawk",
    "o": null,
    "st": "H2T",
    "ml": true
  },
  "af662d": {
    "i": "af662d",
    "r": "23-03510",
    "it": "H64",
    "y": null,
    "m": "MCDONNELL DOUGLAS",
    "mo": "AH-64 Apache",
    "o": null,
    "st": "H2T",
    "ml": true
  },
  "af3df3": {
    "i": "af3df3",
    "r": null,
    "it": "E6",
    "y": null,
    "m": "BOEING",
    "mo": "E-6B Mercury",
    "o": null,
    "st": "L4J",
    "ml": true
  },
  "af6bcb": {
    "i": "af6bcb",
    "r": "23-03511",
    "it": "H64",
    "y": null,
    "m": "MCDONNELL DOUGLAS",
    "mo": "AH-64 Apache",
    "o": null,
    "st": "H2T",
    "ml": true
  },
  "af2a7a": {
    "i": "af2a7a",
    "r": null,
    "it": "E6",
    "y": null,
    "m": "BOEING",
    "mo": "E-6B Mercury",
    "o": null,
    "st": "L4J",
    "ml": true
  },
  "afffbe": {
    "i": "afffbe",
    "r": null,
    "it": "E6",
    "y": null,
    "m": "BOEING",
    "mo": "E-6B Mercury",
    "o": null,
    "st": "L4J",
    "ml": true
  },
  "af8606": {
    "i": "af8606",
    "r": "24-21301",
    "it": "H60",
    "y": null,
    "m": "SIKORSKY",
    "mo": "UH-60 Black Hawk",
    "o": null,
    "st": "H2T",
    "ml": true
  },
  "af8489": {
    "i": "af8489",
    "r": "170292",
    "it": "H53S",
    "y": null,
    "m": "SIKORSKY",
    "mo": "CH-53 Super Stallion",
    "o": null,
    "st": "H3T",
    "ml": true
  },
  "af50e9": {
    "i": "af50e9",
    "r": null,
    "it": "E6",
    "y": null,
    "m": "BOEING",
    "mo": "E-6B Mercury",
    "o": null,
    "st": "L4J",
    "ml": true
  },
  "af564b": {
    "i": "af564b",
    "r": null,
    "it": "E6",
    "y": null,
    "m": "BOEING",
    "mo": "E-6B Mercury",
    "o": null,
    "st": "L4J",
    "ml": true
  },
  "afe21d": {
    "i": "afe21d",
    "r": null,
    "it": "E6",
    "y": null,
    "m": "BOEING",
    "mo": "E-6B Mercury",
    "o": null,
    "st": "L4J",
    "ml": true
  },
  "afdfe2": {
    "i": "afdfe2",
    "r": null,
    "it": "E6",
    "y": null,
    "m": "BOEING",
    "mo": "E-6B Mercury",
    "o": null,
    "st": "L4J",
    "ml": true
  },
  "afdcd3": {
    "i": "afdcd3",
    "r": null,
    "it": "E6",
    "y": null,
    "m": "BOEING",
    "mo": "E-6B Mercury",
    "o": null,
    "st": "L4J",
    "ml": true
  },
  "af4f43": {
    "i": "af4f43",
    "r": "170757",
    "it": "BE20",
    "y": null,
    "m": "BEECH",
    "mo": "Super King Air 200",
    "o": null,
    "st": "L2T",
    "ml": true
  },
  "af3bde": {
    "i": "af3bde",
    "r": "170758",
    "it": "BE20",
    "y": null,
    "m": "BEECH",
    "mo": "Super King Air 200",
    "o": null,
    "st": "L2T",
    "ml": true
  },
  "af3c4e": {
    "i": "af3c4e",
    "r": "170291",
    "it": "H53S",
    "y": null,
    "m": "SIKORSKY",
    "mo": "CH-53 Super Stallion",
    "o": null,
    "st": "H3T",
    "ml": true
  },
  "af9ba9": {
    "i": "af9ba9",
    "r": "24-21302",
    "it": "H60",
    "y": null,
    "m": "SIKORSKY",
    "mo": "UH-60 Black Hawk",
    "o": null,
    "st": "H2T",
    "ml": true
  },
  "af76c5": {
    "i": "af76c5",
    "r": null,
    "it": "E6",
    "y": null,
    "m": "BOEING",
    "mo": "E-6B Mercury",
    "o": null,
    "st": "L4J",
    "ml": true
  },
  "af3fe9": {
    "i": "af3fe9",
    "r": null,
    "it": "E6",
    "y": null,
    "m": "BOEING",
    "mo": "E-6B Mercury",
    "o": null,
    "st": "L4J",
    "ml": true
  },
  "af85fc": {
    "i": "af85fc",
    "r": "23-03516",
    "it": "H64",
    "y": null,
    "m": "MCDONNELL DOUGLAS",
    "mo": "AH-64 Apache",
    "o": null,
    "st": "H2T",
    "ml": true
  },
  "af7645": {
    "i": "af7645",
    "r": null,
    "it": "E6",
    "y": null,
    "m": "BOEING",
    "mo": "E-6B Mercury",
    "o": null,
    "st": "L4J",
    "ml": true
  },
  "afd871": {
    "i": "afd871",
    "r": null,
    "it": "E6",
    "y": null,
    "m": "BOEING",
    "mo": "E-6B Mercury",
    "o": null,
    "st": "L4J",
    "ml": true
  },
  "afa161": {
    "i": "afa161",
    "r": null,
    "it": "F18S",
    "y": null,
    "m": "MCDONNELL DOUGLAS",
    "mo": "F/A-18 Super Hornet",
    "o": null,
    "st": "L2J",
    "ml": true
  },
  "af2567": {
    "i": "af2567",
    "r": null,
    "it": "E6",
    "y": null,
    "m": "BOEING",
    "mo": "E-6B Mercury",
    "o": null,
    "st": "L4J",
    "ml": true
  },
  "af3bce": {
    "i": "af3bce",
    "r": null,
    "it": "H64",
    "y": null,
    "m": "MCDONNELL DOUGLAS",
    "mo": "AH-64 Apache",
    "o": null,
    "st": "H2T",
    "ml": true
  },
  "af843c": {
    "i": "af843c",
    "r": null,
    "it": "F18S",
    "y": null,
    "m": "MCDONNELL DOUGLAS",
    "mo": "F/A-18 Super Hornet",
    "o": null,
    "st": "L2J",
    "ml": true
  },
  "af1dcc": {
    "i": "af1dcc",
    "r": null,
    "it": "E6",
    "y": null,
    "m": "BOEING",
    "mo": "E-6B Mercury",
    "o": null,
    "st": "L4J",
    "ml": true
  },
  "af1c26": {
    "i": "af1c26",
    "r": null,
    "it": "E6",
    "y": null,
    "m": "BOEING",
    "mo": "E-6B Mercury",
    "o": null,
    "st": "L4J",
    "ml": true
  },
  "af83a7": {
    "i": "af83a7",
    "r": null,
    "it": "E6",
    "y": null,
    "m": "BOEING",
    "mo": "E-6B Mercury",
    "o": null,
    "st": "L4J",
    "ml": true
  },
  "afa16c": {
    "i": "afa16c",
    "r": null,
    "it": "E6",
    "y": null,
    "m": "BOEING",
    "mo": "E-6B Mercury",
    "o": null,
    "st": "L4J",
    "ml": true
  },
  "af9a2e": {
    "i": "af9a2e",
    "r": null,
    "it": "E6",
    "y": null,
    "m": "BOEING",
    "mo": "E-6B Mercury",
    "o": null,
    "st": "L4J",
    "ml": true
  },
  "afa822": {
    "i": "afa822",
    "r": "23-03521",
    "it": "H64",
    "y": null,
    "m": "MCDONNELL DOUGLAS",
    "mo": "AH-64 Apache",
    "o": null,
    "st": "H2T",
    "ml": true
  },
  "af973d": {
    "i": "af973d",
    "r": null,
    "it": "E6",
    "y": null,
    "m": "BOEING",
    "mo": "E-6B Mercury",
    "o": null,
    "st": "L4J",
    "ml": true
  },
  "affa2d": {
    "i": "affa2d",
    "r": null,
    "it": "E6",
    "y": null,
    "m": "BOEING",
    "mo": "E-6B Mercury",
    "o": null,
    "st": "L4J",
    "ml": true
  },
  "afc735": {
    "i": "afc735",
    "r": null,
    "it": "E6",
    "y": null,
    "m": "BOEING",
    "mo": "E-6B Mercury",
    "o": null,
    "st": "L4J",
    "ml": true
  },
  "afead1": {
    "i": "afead1",
    "r": null,
    "it": "E6",
    "y": null,
    "m": "BOEING",
    "mo": "E-6B Mercury",
    "o": null,
    "st": "L4J",
    "ml": true
  },
  "af6bee": {
    "i": "af6bee",
    "r": null,
    "it": "E6",
    "y": null,
    "m": "BOEING",
    "mo": "E-6B Mercury",
    "o": null,
    "st": "L4J",
    "ml": true
  },
  "af3bcf": {
    "i": "af3bcf",
    "r": "21-0079",
    "it": "V22",
    "y": null,
    "m": "BELL-BOEING",
    "mo": "V-22 Osprey",
    "o": null,
    "st": "R2T",
    "ml": true
  },
  "af78fd": {
    "i": "af78fd",
    "r": null,
    "it": "E6",
    "y": null,
    "m": "BOEING",
    "mo": "E-6B Mercury",
    "o": null,
    "st": "L4J",
    "ml": true
  },
  "afb22c": {
    "i": "afb22c",
    "r": null,
    "it": "E6",
    "y": null,
    "m": "BOEING",
    "mo": "E-6B Mercury",
    "o": null,
    "st": "L4J",
    "ml": true
  },
  "afa7e9": {
    "i": "afa7e9",
    "r": null,
    "it": "E6",
    "y": null,
    "m": "BOEING",
    "mo": "E-6B Mercury",
    "o": null,
    "st": "L4J",
    "ml": true
  },
  "af4f46": {
    "i": "af4f46",
    "r": "170759",
    "it": "BE20",
    "y": null,
    "m": "BEECH",
    "mo": "Super King Air 200",
    "o": null,
    "st": "L2T",
    "ml": true
  },
  "afdbcc": {
    "i": "afdbcc",
    "r": null,
    "it": "E6",
    "y": null,
    "m": "BOEING",
    "mo": "E-6B Mercury",
    "o": null,
    "st": "L4J",
    "ml": true
  },
  "afa80f": {
    "i": "afa80f",
    "r": null,
    "it": "E6",
    "y": null,
    "m": "BOEING",
    "mo": "E-6B Mercury",
    "o": null,
    "st": "L4J",
    "ml": true
  },
  "afef5f": {
    "i": "afef5f",
    "r": null,
    "it": "E6",
    "y": null,
    "m": "BOEING",
    "mo": "E-6B Mercury",
    "o": null,
    "st": "L4J",
    "ml": true
  },
  "afdaa4": {
    "i": "afdaa4",
    "r": null,
    "it": "E6",
    "y": null,
    "m": "BOEING",
    "mo": "E-6B Mercury",
    "o": null,
    "st": "L4J",
    "ml": true
  },
  "afd81e": {
    "i": "afd81e",
    "r": null,
    "it": "E6",
    "y": null,
    "m": "BOEING",
    "mo": "E-6B Mercury",
    "o": null,
    "st": "L4J",
    "ml": true
  },
  "afe62f": {
    "i": "afe62f",
    "r": null,
    "it": "E6",
    "y": null,
    "m": "BOEING",
    "mo": "E-6B Mercury",
    "o": null,
    "st": "L4J",
    "ml": true
  },
  "afb66c": {
    "i": "afb66c",
    "r": null,
    "it": "E6",
    "y": null,
    "m": "BOEING",
    "mo": "E-6B Mercury",
    "o": null,
    "st": "L4J",
    "ml": true
  },
  "afdfac": {
    "i": "afdfac",
    "r": null,
    "it": "E6",
    "y": null,
    "m": "BOEING",
    "mo": "E-6B Mercury",
    "o": null,
    "st": "L4J",
    "ml": true
  },
  "afa5d3": {
    "i": "afa5d3",
    "r": null,
    "it": "E6",
    "y": null,
    "m": "BOEING",
    "mo": "E-6B Mercury",
    "o": null,
    "st": "L4J",
    "ml": true
  },
  "af85c6": {
    "i": "af85c6",
    "r": null,
    "it": "E6",
    "y": null,
    "m": "BOEING",
    "mo": "E-6B Mercury",
    "o": null,
    "st": "L4J",
    "ml": true
  },
  "afca98": {
    "i": "afca98",
    "r": null,
    "it": "E6",
    "y": null,
    "m": "BOEING",
    "mo": "E-6B Mercury",
    "o": null,
    "st": "L4J",
    "ml": true
  },
  "afde2c": {
    "i": "afde2c",
    "r": null,
    "it": "E6",
    "y": null,
    "m": "BOEING",
    "mo": "E-6B Mercury",
    "o": null,
    "st": "L4J",
    "ml": true
  },
  "afbab8": {
    "i": "afbab8",
    "r": null,
    "it": "E6",
    "y": null,
    "m": "BOEING",
    "mo": "E-6B Mercury",
    "o": null,
    "st": "L4J",
    "ml": true
  },
  "af9fdf": {
    "i": "af9fdf",
    "r": null,
    "it": "EC45",
    "y": null,
    "m": "EUROCOPTER",
    "mo": "EC-145",
    "o": null,
    "st": "H2T",
    "ml": true
  },
  "af9b68": {
    "i": "af9b68",
    "r": "22-1014",
    "it": "A139",
    "y": null,
    "m": "AGUSTA WESTLAND",
    "mo": "AW-139",
    "o": null,
    "st": "H2T",
    "ml": true
  },
  "af85b8": {
    "i": "af85b8",
    "r": "22-1016",
    "it": "A139",
    "y": null,
    "m": "AGUSTA",
    "mo": "AW-139",
    "o": null,
    "st": "H2T",
    "ml": true
  },
  "af3bea": {
    "i": "af3bea",
    "r": "22-14543",
    "it": "H60",
    "y": null,
    "m": "SIKORSKY",
    "mo": "UH-60 Black Hawk",
    "o": null,
    "st": "H2T",
    "ml": true
  },
  "afb21b": {
    "i": "afb21b",
    "r": "170329",
    "it": "F18S",
    "y": null,
    "m": "MCDONNELL DOUGLAS",
    "mo": "F/A-18 Super Hornet",
    "o": null,
    "st": "L2J",
    "ml": true
  },
  "afca20": {
    "i": "afca20",
    "r": "24-21292",
    "it": "H60",
    "y": null,
    "m": "SIKORSKY",
    "mo": "UH-60 Black Hawk",
    "o": null,
    "st": "H2T",
    "ml": true
  },
  "af080e": {
    "i": "af080e",
    "r": null,
    "it": "E6",
    "y": null,
    "m": "BOEING",
    "mo": "E-6B Mercury",
    "o": null,
    "st": "L4J",
    "ml": true
  },
  "af0fd0": {
    "i": "af0fd0",
    "r": null,
    "it": "E6",
    "y": null,
    "m": "BOEING",
    "mo": "E-6B Mercury",
    "o": null,
    "st": "L4J",
    "ml": true
  }
}