{
  "b1e896": {
    "i": "b1e896",
    "r": null,
    "it": "P8 ?",
    "y": null,
    "m": "BOEING",
    "mo": "P-8 Poseidon",
    "o": "Miscode - UNITED STATES",
    "st": "L2J",
    "ml": true
  },
  "b1e87d": {
    "i": "b1e87d",
    "r": null,
    "it": "P8 ?",
    "y": null,
    "m": "BOEING",
    "mo": "P-8 Poseidon",
    "o": "Miscode - UNITED STATES",
    "st": "L2J",
    "ml": true
  },
  "b1e796": {
    "i": "b1e796",
    "r": null,
    "it": "P8 ?",
    "y": null,
    "m": "BOEING",
    "mo": "P-8 Poseidon",
    "o": "Miscode - UNITED STATES",
    "st": "L2J",
    "ml": true
  },
  "b1815e": {
    "i": "b1815e",
    "r": "59-1512",
    "it": "K35R",
    "y": null,
    "m": "BOEING",
    "mo": "KC-135R/T Stratotanker",
    "o": "Miscode - UNITED STATES",
    "st": "L4J",
    "ml": true
  },
  "b1e7ac": {
    "i": "b1e7ac",
    "r": null,
    "it": "P8 ?",
    "y": null,
    "m": "BOEING",
    "mo": "P-8 Poseidon",
    "o": "Miscode - UNITED STATES",
    "st": "L2J",
    "ml": true
  },
  "b1e877": {
    "i": "b1e877",
    "r": null,
    "it": "P8 ?",
    "y": null,
    "m": "BOEING",
    "mo": "P-8 Poseidon",
    "o": "Miscode - UNITED STATES",
    "st": "L2J",
    "ml": true
  },
  "b1e7a1": {
    "i": "b1e7a1",
    "r": null,
    "it": "P8 ?",
    "y": null,
    "m": "BOEING",
    "mo": "P-8 Poseidon",
    "o": "Miscode - UNITED STATES",
    "st": "L2J",
    "ml": true
  },
  "b1e7d9": {
    "i": "b1e7d9",
    "r": null,
    "it": "P8 ?",
    "y": null,
    "m": "BOEING",
    "mo": "P-8 Poseidon",
    "o": "Miscode - UNITED STATES",
    "st": "L2J",
    "ml": true
  },
  "b1e50c": {
    "i": "b1e50c",
    "r": null,
    "it": "P8 ?",
    "y": null,
    "m": "BOEING",
    "mo": "P-8 Poseidon",
    "o": "Miscode - UNITED STATES",
    "st": "L2J",
    "ml": true
  }
}