{
  "c1e17e": {
    "i": "c1e17e",
    "r": "TWR",
    "it": "TWR",
    "y": null,
    "m": null,
    "mo": "",
    "o": null,
    "st": "T0-",
    "ml": false
  },
  "c1e17d": {
    "i": "c1e17d",
    "r": "TWR",
    "it": "TWR",
    "y": null,
    "m": null,
    "mo": "",
    "o": null,
    "st": "T0-",
    "ml": false
  },
  "c1e4fd": {
    "i": "c1e4fd",
    "r": "SERV",
    "it": "SERV",
    "y": null,
    "m": null,
    "mo": "",
    "o": null,
    "st": "V0-",
    "ml": false
  },
  "c1e523": {
    "i": "c1e523",
    "r": "SERV",
    "it": "SERV",
    "y": null,
    "m": null,
    "mo": "",
    "o": null,
    "st": "V0-",
    "ml": false
  },
  "c1e53b": {
    "i": "c1e53b",
    "r": "SERV",
    "it": "SERV",
    "y": null,
    "m": null,
    "mo": "",
    "o": null,
    "st": "V0-",
    "ml": false
  },
  "c1e547": {
    "i": "c1e547",
    "r": "SERV",
    "it": "SERV",
    "y": null,
    "m": null,
    "mo": "",
    "o": null,
    "st": "V0-",
    "ml": false
  },
  "c1e5b3": {
    "i": "c1e5b3",
    "r": "SERV",
    "it": "SERV",
    "y": null,
    "m": null,
    "mo": "",
    "o": null,
    "st": "V0-",
    "ml": false
  },
  "c1e98a": {
    "i": "c1e98a",
    "r": "SERV",
    "it": "SERV",
    "y": null,
    "m": null,
    "mo": "",
    "o": null,
    "st": "V0-",
    "ml": false
  },
  "c1e9b3": {
    "i": "c1e9b3",
    "r": "SERV",
    "it": "SERV",
    "y": null,
    "m": null,
    "mo": "",
    "o": null,
    "st": "V0-",
    "ml": false
  },
  "c1e9dc": {
    "i": "c1e9dc",
    "r": "SERV",
    "it": "SERV",
    "y": null,
    "m": null,
    "mo": "",
    "o": null,
    "st": "V0-",
    "ml": false
  },
  "c1e9e2": {
    "i": "c1e9e2",
    "r": "SERV",
    "it": "SERV",
    "y": null,
    "m": null,
    "mo": "",
    "o": null,
    "st": "V0-",
    "ml": false
  },
  "c1e9e5": {
    "i": "c1e9e5",
    "r": "SERV",
    "it": "SERV",
    "y": null,
    "m": null,
    "mo": "",
    "o": null,
    "st": "V0-",
    "ml": false
  },
  "c1e9e7": {
    "i": "c1e9e7",
    "r": "SERV",
    "it": "SERV",
    "y": null,
    "m": null,
    "mo": "",
    "o": null,
    "st": "V0-",
    "ml": false
  },
  "c1e9e9": {
    "i": "c1e9e9",
    "r": "SERV",
    "it": "SERV",
    "y": null,
    "m": null,
    "mo": "",
    "o": null,
    "st": "V0-",
    "ml": false
  },
  "c1ea06": {
    "i": "c1ea06",
    "r": "SERV",
    "it": "SERV",
    "y": null,
    "m": null,
    "mo": "",
    "o": null,
    "st": "V0-",
    "ml": false
  },
  "c1ea32": {
    "i": "c1ea32",
    "r": "SERV",
    "it": "SERV",
    "y": null,
    "m": null,
    "mo": "",
    "o": null,
    "st": "V0-",
    "ml": false
  },
  "c1ea9e": {
    "i": "c1ea9e",
    "r": "SERV",
    "it": "SERV",
    "y": null,
    "m": null,
    "mo": "",
    "o": null,
    "st": "V0-",
    "ml": false
  },
  "c1e405": {
    "i": "c1e405",
    "r": "SERV",
    "it": "SERV",
    "y": null,
    "m": null,
    "mo": "",
    "o": null,
    "st": "V0-",
    "ml": false
  },
  "c1e416": {
    "i": "c1e416",
    "r": "SERV",
    "it": "SERV",
    "y": null,
    "m": null,
    "mo": "",
    "o": null,
    "st": "V0-",
    "ml": false
  },
  "c1e41b": {
    "i": "c1e41b",
    "r": "SERV",
    "it": "SERV",
    "y": null,
    "m": null,
    "mo": "",
    "o": null,
    "st": "V0-",
    "ml": false
  },
  "c1e425": {
    "i": "c1e425",
    "r": "SERV",
    "it": "SERV",
    "y": null,
    "m": null,
    "mo": "",
    "o": null,
    "st": "V0-",
    "ml": false
  },
  "c1e4e1": {
    "i": "c1e4e1",
    "r": "SERV",
    "it": "SERV",
    "y": null,
    "m": null,
    "mo": "",
    "o": null,
    "st": "V0-",
    "ml": false
  },
  "c1e4f9": {
    "i": "c1e4f9",
    "r": "SERV",
    "it": "SERV",
    "y": null,
    "m": null,
    "mo": "",
    "o": null,
    "st": "V0-",
    "ml": false
  },
  "c1e511": {
    "i": "c1e511",
    "r": "SERV",
    "it": "SERV",
    "y": null,
    "m": null,
    "mo": "",
    "o": null,
    "st": "V0-",
    "ml": false
  },
  "c1e571": {
    "i": "c1e571",
    "r": "SERV",
    "it": "SERV",
    "y": null,
    "m": null,
    "mo": "",
    "o": null,
    "st": "V0-",
    "ml": false
  },
  "c1e579": {
    "i": "c1e579",
    "r": "SERV",
    "it": "SERV",
    "y": null,
    "m": null,
    "mo": "",
    "o": null,
    "st": "V0-",
    "ml": false
  },
  "c1e57d": {
    "i": "c1e57d",
    "r": "SERV",
    "it": "SERV",
    "y": null,
    "m": null,
    "mo": "",
    "o": null,
    "st": "V0-",
    "ml": false
  },
  "c1e59b": {
    "i": "c1e59b",
    "r": "SERV",
    "it": "SERV",
    "y": null,
    "m": null,
    "mo": "",
    "o": null,
    "st": "V0-",
    "ml": false
  },
  "c1e5b4": {
    "i": "c1e5b4",
    "r": "SERV",
    "it": "SERV",
    "y": null,
    "m": null,
    "mo": "",
    "o": null,
    "st": "V0-",
    "ml": false
  },
  "c1e976": {
    "i": "c1e976",
    "r": "SERV",
    "it": "SERV",
    "y": null,
    "m": null,
    "mo": "",
    "o": null,
    "st": "V0-",
    "ml": false
  },
  "c1e995": {
    "i": "c1e995",
    "r": "SERV",
    "it": "SERV",
    "y": null,
    "m": null,
    "mo": "",
    "o": null,
    "st": "V0-",
    "ml": false
  },
  "c1e9b7": {
    "i": "c1e9b7",
    "r": "SERV",
    "it": "SERV",
    "y": null,
    "m": null,
    "mo": "",
    "o": null,
    "st": "V0-",
    "ml": false
  },
  "c1e9be": {
    "i": "c1e9be",
    "r": "SERV",
    "it": "SERV",
    "y": null,
    "m": null,
    "mo": "",
    "o": null,
    "st": "V0-",
    "ml": false
  },
  "c1ec2c": {
    "i": "c1ec2c",
    "r": "SERV",
    "it": "SERV",
    "y": null,
    "m": null,
    "mo": "",
    "o": null,
    "st": "V0-",
    "ml": false
  },
  "c1e42e": {
    "i": "c1e42e",
    "r": "SERV",
    "it": "SERV",
    "y": null,
    "m": null,
    "mo": "",
    "o": null,
    "st": "V0-",
    "ml": false
  },
  "c1e44b": {
    "i": "c1e44b",
    "r": "SERV",
    "it": "SERV",
    "y": null,
    "m": null,
    "mo": "",
    "o": null,
    "st": "V0-",
    "ml": false
  },
  "c1e463": {
    "i": "c1e463",
    "r": "SERV",
    "it": "SERV",
    "y": null,
    "m": null,
    "mo": "",
    "o": null,
    "st": "V0-",
    "ml": false
  },
  "c1e471": {
    "i": "c1e471",
    "r": "SERV",
    "it": "SERV",
    "y": null,
    "m": null,
    "mo": "",
    "o": null,
    "st": "V0-",
    "ml": false
  },
  "c1e4b7": {
    "i": "c1e4b7",
    "r": "SERV",
    "it": "SERV",
    "y": null,
    "m": null,
    "mo": "",
    "o": null,
    "st": "V0-",
    "ml": false
  },
  "c1e4e5": {
    "i": "c1e4e5",
    "r": "SERV",
    "it": "SERV",
    "y": null,
    "m": null,
    "mo": "",
    "o": null,
    "st": "V0-",
    "ml": false
  },
  "c1e423": {
    "i": "c1e423",
    "r": "SERV",
    "it": "SERV",
    "y": null,
    "m": null,
    "mo": "",
    "o": null,
    "st": "V0-",
    "ml": false
  },
  "c1e445": {
    "i": "c1e445",
    "r": "SERV",
    "it": "SERV",
    "y": null,
    "m": null,
    "mo": "",
    "o": null,
    "st": "V0-",
    "ml": false
  },
  "c1e454": {
    "i": "c1e454",
    "r": "SERV",
    "it": "SERV",
    "y": null,
    "m": null,
    "mo": "",
    "o": null,
    "st": "V0-",
    "ml": false
  },
  "c1e484": {
    "i": "c1e484",
    "r": "SERV",
    "it": "SERV",
    "y": null,
    "m": null,
    "mo": "",
    "o": null,
    "st": "V0-",
    "ml": false
  },
  "c1e519": {
    "i": "c1e519",
    "r": "SERV",
    "it": "SERV",
    "y": null,
    "m": null,
    "mo": "",
    "o": null,
    "st": "V0-",
    "ml": false
  },
  "c1e51a": {
    "i": "c1e51a",
    "r": "SERV",
    "it": "SERV",
    "y": null,
    "m": null,
    "mo": "",
    "o": null,
    "st": "V0-",
    "ml": false
  },
  "c1e556": {
    "i": "c1e556",
    "r": "SERV",
    "it": "SERV",
    "y": null,
    "m": null,
    "mo": "",
    "o": null,
    "st": "V0-",
    "ml": false
  },
  "c1e565": {
    "i": "c1e565",
    "r": "SERV",
    "it": "SERV",
    "y": null,
    "m": null,
    "mo": "",
    "o": null,
    "st": "V0-",
    "ml": false
  },
  "c1e99d": {
    "i": "c1e99d",
    "r": "SERV",
    "it": "SERV",
    "y": null,
    "m": null,
    "mo": "",
    "o": null,
    "st": "V0-",
    "ml": false
  },
  "c1e9eb": {
    "i": "c1e9eb",
    "r": "SERV",
    "it": "SERV",
    "y": null,
    "m": null,
    "mo": "",
    "o": null,
    "st": "V0-",
    "ml": false
  },
  "c1e9ff": {
    "i": "c1e9ff",
    "r": "SERV",
    "it": "SERV",
    "y": null,
    "m": null,
    "mo": "",
    "o": null,
    "st": "V0-",
    "ml": false
  },
  "c1ea39": {
    "i": "c1ea39",
    "r": "SERV",
    "it": "SERV",
    "y": null,
    "m": null,
    "mo": "",
    "o": null,
    "st": "V0-",
    "ml": false
  },
  "c1e526": {
    "i": "c1e526",
    "r": "SERV",
    "it": "SERV",
    "y": null,
    "m": null,
    "mo": "",
    "o": null,
    "st": "V0-",
    "ml": false
  },
  "c1e9c4": {
    "i": "c1e9c4",
    "r": "SERV",
    "it": "SERV",
    "y": null,
    "m": null,
    "mo": "",
    "o": null,
    "st": "V0-",
    "ml": false
  },
  "c1e9d3": {
    "i": "c1e9d3",
    "r": "SERV",
    "it": "SERV",
    "y": null,
    "m": null,
    "mo": "",
    "o": null,
    "st": "V0-",
    "ml": false
  },
  "c1e9e1": {
    "i": "c1e9e1",
    "r": "SERV",
    "it": "SERV",
    "y": null,
    "m": null,
    "mo": "",
    "o": null,
    "st": "V0-",
    "ml": false
  },
  "c1e43e": {
    "i": "c1e43e",
    "r": "SERV",
    "it": "SERV",
    "y": null,
    "m": null,
    "mo": "",
    "o": null,
    "st": "V0-",
    "ml": false
  },
  "c1e470": {
    "i": "c1e470",
    "r": "SERV",
    "it": "SERV",
    "y": null,
    "m": null,
    "mo": "",
    "o": null,
    "st": "V0-",
    "ml": false
  },
  "c1e477": {
    "i": "c1e477",
    "r": "SERV",
    "it": "SERV",
    "y": null,
    "m": null,
    "mo": "",
    "o": null,
    "st": "V0-",
    "ml": false
  },
  "c1e4a4": {
    "i": "c1e4a4",
    "r": "SERV",
    "it": "SERV",
    "y": null,
    "m": null,
    "mo": "",
    "o": null,
    "st": "V0-",
    "ml": false
  },
  "c1e501": {
    "i": "c1e501",
    "r": "SERV",
    "it": "SERV",
    "y": null,
    "m": null,
    "mo": "",
    "o": null,
    "st": "V0-",
    "ml": false
  },
  "c1e505": {
    "i": "c1e505",
    "r": "SERV",
    "it": "SERV",
    "y": null,
    "m": null,
    "mo": "",
    "o": null,
    "st": "V0-",
    "ml": false
  },
  "c1e50f": {
    "i": "c1e50f",
    "r": "SERV",
    "it": "SERV",
    "y": null,
    "m": null,
    "mo": "",
    "o": null,
    "st": "V0-",
    "ml": false
  },
  "c1e52e": {
    "i": "c1e52e",
    "r": "SERV",
    "it": "SERV",
    "y": null,
    "m": null,
    "mo": "",
    "o": null,
    "st": "V0-",
    "ml": false
  },
  "c1e56e": {
    "i": "c1e56e",
    "r": "SERV",
    "it": "SERV",
    "y": null,
    "m": null,
    "mo": "",
    "o": null,
    "st": "V0-",
    "ml": false
  },
  "c1e581": {
    "i": "c1e581",
    "r": "SERV",
    "it": "SERV",
    "y": null,
    "m": null,
    "mo": "",
    "o": null,
    "st": "V0-",
    "ml": false
  },
  "c1e5ad": {
    "i": "c1e5ad",
    "r": "SERV",
    "it": "SERV",
    "y": null,
    "m": null,
    "mo": "",
    "o": null,
    "st": "V0-",
    "ml": false
  },
  "c1e5b7": {
    "i": "c1e5b7",
    "r": "SERV",
    "it": "SERV",
    "y": null,
    "m": null,
    "mo": "",
    "o": null,
    "st": "V0-",
    "ml": false
  },
  "c1ea17": {
    "i": "c1ea17",
    "r": "SERV",
    "it": "SERV",
    "y": null,
    "m": null,
    "mo": "",
    "o": null,
    "st": "V0-",
    "ml": false
  },
  "c1e520": {
    "i": "c1e520",
    "r": "SERV",
    "it": "SERV",
    "y": null,
    "m": null,
    "mo": "",
    "o": null,
    "st": "V0-",
    "ml": false
  },
  "c1e481": {
    "i": "c1e481",
    "r": "SERV",
    "it": "SERV",
    "y": null,
    "m": null,
    "mo": "",
    "o": null,
    "st": "V0-",
    "ml": false
  },
  "c1e4d4": {
    "i": "c1e4d4",
    "r": "SERV",
    "it": "SERV",
    "y": null,
    "m": null,
    "mo": "",
    "o": null,
    "st": "V0-",
    "ml": false
  },
  "c1e4d9": {
    "i": "c1e4d9",
    "r": "SERV",
    "it": "SERV",
    "y": null,
    "m": null,
    "mo": "",
    "o": null,
    "st": "V0-",
    "ml": false
  },
  "c1e4db": {
    "i": "c1e4db",
    "r": "SERV",
    "it": "SERV",
    "y": null,
    "m": null,
    "mo": "",
    "o": null,
    "st": "V0-",
    "ml": false
  },
  "c1e4fa": {
    "i": "c1e4fa",
    "r": "SERV",
    "it": "SERV",
    "y": null,
    "m": null,
    "mo": "",
    "o": null,
    "st": "V0-",
    "ml": false
  },
  "c1e53c": {
    "i": "c1e53c",
    "r": "SERV",
    "it": "SERV",
    "y": null,
    "m": null,
    "mo": "",
    "o": null,
    "st": "V0-",
    "ml": false
  },
  "c1e5a1": {
    "i": "c1e5a1",
    "r": "SERV",
    "it": "SERV",
    "y": null,
    "m": null,
    "mo": "",
    "o": null,
    "st": "V0-",
    "ml": false
  },
  "c1e5a7": {
    "i": "c1e5a7",
    "r": "SERV",
    "it": "SERV",
    "y": null,
    "m": null,
    "mo": "",
    "o": null,
    "st": "V0-",
    "ml": false
  },
  "c1e5a8": {
    "i": "c1e5a8",
    "r": "SERV",
    "it": "SERV",
    "y": null,
    "m": null,
    "mo": "",
    "o": null,
    "st": "V0-",
    "ml": false
  },
  "c1e975": {
    "i": "c1e975",
    "r": "SERV",
    "it": "SERV",
    "y": null,
    "m": null,
    "mo": "",
    "o": null,
    "st": "V0-",
    "ml": false
  },
  "c1e981": {
    "i": "c1e981",
    "r": "SERV",
    "it": "SERV",
    "y": null,
    "m": null,
    "mo": "",
    "o": null,
    "st": "V0-",
    "ml": false
  },
  "c1e98b": {
    "i": "c1e98b",
    "r": "SERV",
    "it": "SERV",
    "y": null,
    "m": null,
    "mo": "",
    "o": null,
    "st": "V0-",
    "ml": false
  },
  "c1e9a2": {
    "i": "c1e9a2",
    "r": "SERV",
    "it": "SERV",
    "y": null,
    "m": null,
    "mo": "",
    "o": null,
    "st": "V0-",
    "ml": false
  },
  "c1e433": {
    "i": "c1e433",
    "r": "SERV",
    "it": "SERV",
    "y": null,
    "m": null,
    "mo": "",
    "o": null,
    "st": "V0-",
    "ml": false
  },
  "c1e434": {
    "i": "c1e434",
    "r": "SERV",
    "it": "SERV",
    "y": null,
    "m": null,
    "mo": "",
    "o": null,
    "st": "V0-",
    "ml": false
  },
  "c1e441": {
    "i": "c1e441",
    "r": "SERV",
    "it": "SERV",
    "y": null,
    "m": null,
    "mo": "",
    "o": null,
    "st": "V0-",
    "ml": false
  },
  "c1e476": {
    "i": "c1e476",
    "r": "SERV",
    "it": "SERV",
    "y": null,
    "m": null,
    "mo": "",
    "o": null,
    "st": "V0-",
    "ml": false
  },
  "c1e47b": {
    "i": "c1e47b",
    "r": "SERV",
    "it": "SERV",
    "y": null,
    "m": null,
    "mo": "",
    "o": null,
    "st": "V0-",
    "ml": false
  },
  "c1e4ea": {
    "i": "c1e4ea",
    "r": "SERV",
    "it": "SERV",
    "y": null,
    "m": null,
    "mo": "",
    "o": null,
    "st": "V0-",
    "ml": false
  },
  "c1e4f0": {
    "i": "c1e4f0",
    "r": "SERV",
    "it": "SERV",
    "y": null,
    "m": null,
    "mo": "",
    "o": null,
    "st": "V0-",
    "ml": false
  },
  "c1e512": {
    "i": "c1e512",
    "r": "SERV",
    "it": "SERV",
    "y": null,
    "m": null,
    "mo": "",
    "o": null,
    "st": "V0-",
    "ml": false
  },
  "c1e525": {
    "i": "c1e525",
    "r": "SERV",
    "it": "SERV",
    "y": null,
    "m": null,
    "mo": "",
    "o": null,
    "st": "V0-",
    "ml": false
  },
  "c1e56c": {
    "i": "c1e56c",
    "r": "SERV",
    "it": "SERV",
    "y": null,
    "m": null,
    "mo": "",
    "o": null,
    "st": "V0-",
    "ml": false
  },
  "c1e59c": {
    "i": "c1e59c",
    "r": "SERV",
    "it": "SERV",
    "y": null,
    "m": null,
    "mo": "",
    "o": null,
    "st": "V0-",
    "ml": false
  },
  "c1e59d": {
    "i": "c1e59d",
    "r": "SERV",
    "it": "SERV",
    "y": null,
    "m": null,
    "mo": "",
    "o": null,
    "st": "V0-",
    "ml": false
  },
  "c1e5b2": {
    "i": "c1e5b2",
    "r": "SERV",
    "it": "SERV",
    "y": null,
    "m": null,
    "mo": "",
    "o": null,
    "st": "V0-",
    "ml": false
  },
  "c1e978": {
    "i": "c1e978",
    "r": "SERV",
    "it": "SERV",
    "y": null,
    "m": null,
    "mo": "",
    "o": null,
    "st": "V0-",
    "ml": false
  },
  "c1e9bd": {
    "i": "c1e9bd",
    "r": "SERV",
    "it": "SERV",
    "y": null,
    "m": null,
    "mo": "",
    "o": null,
    "st": "V0-",
    "ml": false
  },
  "c1e9bf": {
    "i": "c1e9bf",
    "r": "SERV",
    "it": "SERV",
    "y": null,
    "m": null,
    "mo": "",
    "o": null,
    "st": "V0-",
    "ml": false
  },
  "c1e9cf": {
    "i": "c1e9cf",
    "r": "SERV",
    "it": "SERV",
    "y": null,
    "m": null,
    "mo": "",
    "o": null,
    "st": "V0-",
    "ml": false
  },
  "c1e9d7": {
    "i": "c1e9d7",
    "r": "SERV",
    "it": "SERV",
    "y": null,
    "m": null,
    "mo": "",
    "o": null,
    "st": "V0-",
    "ml": false
  },
  "c1e9e6": {
    "i": "c1e9e6",
    "r": "SERV",
    "it": "SERV",
    "y": null,
    "m": null,
    "mo": "",
    "o": null,
    "st": "V0-",
    "ml": false
  },
  "c1e9e8": {
    "i": "c1e9e8",
    "r": "SERV",
    "it": "SERV",
    "y": null,
    "m": null,
    "mo": "",
    "o": null,
    "st": "V0-",
    "ml": false
  },
  "c1ea01": {
    "i": "c1ea01",
    "r": "SERV",
    "it": "SERV",
    "y": null,
    "m": null,
    "mo": "",
    "o": null,
    "st": "V0-",
    "ml": false
  },
  "c1e404": {
    "i": "c1e404",
    "r": "SERV",
    "it": "SERV",
    "y": null,
    "m": null,
    "mo": "",
    "o": null,
    "st": "V0-",
    "ml": false
  },
  "c1e431": {
    "i": "c1e431",
    "r": "SERV",
    "it": "SERV",
    "y": null,
    "m": null,
    "mo": "",
    "o": null,
    "st": "V0-",
    "ml": false
  },
  "c1e4c4": {
    "i": "c1e4c4",
    "r": "SERV",
    "it": "SERV",
    "y": null,
    "m": null,
    "mo": "",
    "o": null,
    "st": "V0-",
    "ml": false
  },
  "c1e4da": {
    "i": "c1e4da",
    "r": "SERV",
    "it": "SERV",
    "y": null,
    "m": null,
    "mo": "",
    "o": null,
    "st": "V0-",
    "ml": false
  },
  "c1e4e9": {
    "i": "c1e4e9",
    "r": "SERV",
    "it": "SERV",
    "y": null,
    "m": null,
    "mo": "",
    "o": null,
    "st": "V0-",
    "ml": false
  },
  "c1e4fc": {
    "i": "c1e4fc",
    "r": "SERV",
    "it": "SERV",
    "y": null,
    "m": null,
    "mo": "",
    "o": null,
    "st": "V0-",
    "ml": false
  },
  "c1e51e": {
    "i": "c1e51e",
    "r": "SERV",
    "it": "SERV",
    "y": null,
    "m": null,
    "mo": "",
    "o": null,
    "st": "V0-",
    "ml": false
  },
  "c1e535": {
    "i": "c1e535",
    "r": "SERV",
    "it": "SERV",
    "y": null,
    "m": null,
    "mo": "",
    "o": null,
    "st": "V0-",
    "ml": false
  },
  "c1e55e": {
    "i": "c1e55e",
    "r": "SERV",
    "it": "SERV",
    "y": null,
    "m": null,
    "mo": "",
    "o": null,
    "st": "V0-",
    "ml": false
  },
  "c1e9aa": {
    "i": "c1e9aa",
    "r": "SERV",
    "it": "SERV",
    "y": null,
    "m": null,
    "mo": "",
    "o": null,
    "st": "V0-",
    "ml": false
  },
  "c1ea20": {
    "i": "c1ea20",
    "r": "SERV",
    "it": "SERV",
    "y": null,
    "m": null,
    "mo": "",
    "o": null,
    "st": "V0-",
    "ml": false
  },
  "c1e41e": {
    "i": "c1e41e",
    "r": "SERV",
    "it": "SERV",
    "y": null,
    "m": null,
    "mo": "",
    "o": null,
    "st": "V0-",
    "ml": false
  },
  "c1e448": {
    "i": "c1e448",
    "r": "SERV",
    "it": "SERV",
    "y": null,
    "m": null,
    "mo": "",
    "o": null,
    "st": "V0-",
    "ml": false
  },
  "c1e44d": {
    "i": "c1e44d",
    "r": "SERV",
    "it": "SERV",
    "y": null,
    "m": null,
    "mo": "",
    "o": null,
    "st": "V0-",
    "ml": false
  },
  "c1e467": {
    "i": "c1e467",
    "r": "SERV",
    "it": "SERV",
    "y": null,
    "m": null,
    "mo": "",
    "o": null,
    "st": "V0-",
    "ml": false
  },
  "c1e479": {
    "i": "c1e479",
    "r": "SERV",
    "it": "SERV",
    "y": null,
    "m": null,
    "mo": "",
    "o": null,
    "st": "V0-",
    "ml": false
  },
  "c1e490": {
    "i": "c1e490",
    "r": "SERV",
    "it": "SERV",
    "y": null,
    "m": null,
    "mo": "",
    "o": null,
    "st": "V0-",
    "ml": false
  },
  "c1e4bc": {
    "i": "c1e4bc",
    "r": "SERV",
    "it": "SERV",
    "y": null,
    "m": null,
    "mo": "",
    "o": null,
    "st": "V0-",
    "ml": false
  },
  "c1e4bd": {
    "i": "c1e4bd",
    "r": "SERV",
    "it": "SERV",
    "y": null,
    "m": null,
    "mo": "",
    "o": null,
    "st": "V0-",
    "ml": false
  },
  "c1e4e0": {
    "i": "c1e4e0",
    "r": "SERV",
    "it": "SERV",
    "y": null,
    "m": null,
    "mo": "",
    "o": null,
    "st": "V0-",
    "ml": false
  },
  "c1e504": {
    "i": "c1e504",
    "r": "SERV",
    "it": "SERV",
    "y": null,
    "m": null,
    "mo": "",
    "o": null,
    "st": "V0-",
    "ml": false
  },
  "c1e52c": {
    "i": "c1e52c",
    "r": "SERV",
    "it": "SERV",
    "y": null,
    "m": null,
    "mo": "",
    "o": null,
    "st": "V0-",
    "ml": false
  },
  "c1e577": {
    "i": "c1e577",
    "r": "SERV",
    "it": "SERV",
    "y": null,
    "m": null,
    "mo": "",
    "o": null,
    "st": "V0-",
    "ml": false
  },
  "c1e983": {
    "i": "c1e983",
    "r": "SERV",
    "it": "SERV",
    "y": null,
    "m": null,
    "mo": "",
    "o": null,
    "st": "V0-",
    "ml": false
  },
  "c1e9bc": {
    "i": "c1e9bc",
    "r": "SERV",
    "it": "SERV",
    "y": null,
    "m": null,
    "mo": "",
    "o": null,
    "st": "V0-",
    "ml": false
  },
  "c1e9ce": {
    "i": "c1e9ce",
    "r": "SERV",
    "it": "SERV",
    "y": null,
    "m": null,
    "mo": "",
    "o": null,
    "st": "V0-",
    "ml": false
  },
  "c1e409": {
    "i": "c1e409",
    "r": "SERV",
    "it": "SERV",
    "y": null,
    "m": null,
    "mo": "",
    "o": null,
    "st": "V0-",
    "ml": false
  },
  "c1e429": {
    "i": "c1e429",
    "r": "SERV",
    "it": "SERV",
    "y": null,
    "m": null,
    "mo": "",
    "o": null,
    "st": "V0-",
    "ml": false
  },
  "c1e474": {
    "i": "c1e474",
    "r": "SERV",
    "it": "SERV",
    "y": null,
    "m": null,
    "mo": "",
    "o": null,
    "st": "V0-",
    "ml": false
  },
  "c1e4e8": {
    "i": "c1e4e8",
    "r": "SERV",
    "it": "SERV",
    "y": null,
    "m": null,
    "mo": "",
    "o": null,
    "st": "V0-",
    "ml": false
  },
  "c1e998": {
    "i": "c1e998",
    "r": "SERV",
    "it": "SERV",
    "y": null,
    "m": null,
    "mo": "",
    "o": null,
    "st": "V0-",
    "ml": false
  },
  "c1e9ad": {
    "i": "c1e9ad",
    "r": "SERV",
    "it": "SERV",
    "y": null,
    "m": null,
    "mo": "",
    "o": null,
    "st": "V0-",
    "ml": false
  },
  "c1e9d5": {
    "i": "c1e9d5",
    "r": "SERV",
    "it": "SERV",
    "y": null,
    "m": null,
    "mo": "",
    "o": null,
    "st": "V0-",
    "ml": false
  },
  "c1e9da": {
    "i": "c1e9da",
    "r": "SERV",
    "it": "SERV",
    "y": null,
    "m": null,
    "mo": "",
    "o": null,
    "st": "V0-",
    "ml": false
  },
  "c1ec2a": {
    "i": "c1ec2a",
    "r": "SERV",
    "it": "SERV",
    "y": null,
    "m": null,
    "mo": "",
    "o": null,
    "st": "V0-",
    "ml": false
  },
  "c1e402": {
    "i": "c1e402",
    "r": "SERV",
    "it": "SERV",
    "y": null,
    "m": null,
    "mo": "",
    "o": null,
    "st": "V0-",
    "ml": false
  },
  "c1e42d": {
    "i": "c1e42d",
    "r": "SERV",
    "it": "SERV",
    "y": null,
    "m": null,
    "mo": "",
    "o": null,
    "st": "V0-",
    "ml": false
  },
  "c1e437": {
    "i": "c1e437",
    "r": "SERV",
    "it": "SERV",
    "y": null,
    "m": null,
    "mo": "",
    "o": null,
    "st": "V0-",
    "ml": false
  },
  "c1e444": {
    "i": "c1e444",
    "r": "SERV",
    "it": "SERV",
    "y": null,
    "m": null,
    "mo": "",
    "o": null,
    "st": "V0-",
    "ml": false
  },
  "c1e457": {
    "i": "c1e457",
    "r": "SERV",
    "it": "SERV",
    "y": null,
    "m": null,
    "mo": "",
    "o": null,
    "st": "V0-",
    "ml": false
  },
  "c1e4c6": {
    "i": "c1e4c6",
    "r": "SERV",
    "it": "SERV",
    "y": null,
    "m": null,
    "mo": "",
    "o": null,
    "st": "V0-",
    "ml": false
  },
  "c1e4ca": {
    "i": "c1e4ca",
    "r": "SERV",
    "it": "SERV",
    "y": null,
    "m": null,
    "mo": "",
    "o": null,
    "st": "V0-",
    "ml": false
  },
  "c1e4dd": {
    "i": "c1e4dd",
    "r": "SERV",
    "it": "SERV",
    "y": null,
    "m": null,
    "mo": "",
    "o": null,
    "st": "V0-",
    "ml": false
  },
  "c1e567": {
    "i": "c1e567",
    "r": "SERV",
    "it": "SERV",
    "y": null,
    "m": null,
    "mo": "",
    "o": null,
    "st": "V0-",
    "ml": false
  },
  "c1e588": {
    "i": "c1e588",
    "r": "SERV",
    "it": "SERV",
    "y": null,
    "m": null,
    "mo": "",
    "o": null,
    "st": "V0-",
    "ml": false
  },
  "c1e59f": {
    "i": "c1e59f",
    "r": "SERV",
    "it": "SERV",
    "y": null,
    "m": null,
    "mo": "",
    "o": null,
    "st": "V0-",
    "ml": false
  },
  "c1e9f8": {
    "i": "c1e9f8",
    "r": "SERV",
    "it": "SERV",
    "y": null,
    "m": null,
    "mo": "",
    "o": null,
    "st": "V0-",
    "ml": false
  },
  "c1ea30": {
    "i": "c1ea30",
    "r": "SERV",
    "it": "SERV",
    "y": null,
    "m": null,
    "mo": "",
    "o": null,
    "st": "V0-",
    "ml": false
  },
  "c1ea56": {
    "i": "c1ea56",
    "r": "SERV",
    "it": "SERV",
    "y": null,
    "m": null,
    "mo": "",
    "o": null,
    "st": "V0-",
    "ml": false
  },
  "c1e415": {
    "i": "c1e415",
    "r": "SERV",
    "it": "SERV",
    "y": null,
    "m": null,
    "mo": "",
    "o": null,
    "st": "V0-",
    "ml": false
  },
  "c1e475": {
    "i": "c1e475",
    "r": "SERV",
    "it": "SERV",
    "y": null,
    "m": null,
    "mo": "",
    "o": null,
    "st": "V0-",
    "ml": false
  },
  "c1e4a1": {
    "i": "c1e4a1",
    "r": "SERV",
    "it": "SERV",
    "y": null,
    "m": null,
    "mo": "",
    "o": null,
    "st": "V0-",
    "ml": false
  },
  "c1e4ec": {
    "i": "c1e4ec",
    "r": "SERV",
    "it": "SERV",
    "y": null,
    "m": null,
    "mo": "",
    "o": null,
    "st": "V0-",
    "ml": false
  },
  "c1e51d": {
    "i": "c1e51d",
    "r": "SERV",
    "it": "SERV",
    "y": null,
    "m": null,
    "mo": "",
    "o": null,
    "st": "V0-",
    "ml": false
  },
  "c1e527": {
    "i": "c1e527",
    "r": "SERV",
    "it": "SERV",
    "y": null,
    "m": null,
    "mo": "",
    "o": null,
    "st": "V0-",
    "ml": false
  },
  "c1e54c": {
    "i": "c1e54c",
    "r": "SERV",
    "it": "SERV",
    "y": null,
    "m": null,
    "mo": "",
    "o": null,
    "st": "V0-",
    "ml": false
  },
  "c1e56f": {
    "i": "c1e56f",
    "r": "SERV",
    "it": "SERV",
    "y": null,
    "m": null,
    "mo": "",
    "o": null,
    "st": "V0-",
    "ml": false
  },
  "c1e573": {
    "i": "c1e573",
    "r": "SERV",
    "it": "SERV",
    "y": null,
    "m": null,
    "mo": "",
    "o": null,
    "st": "V0-",
    "ml": false
  },
  "c1e57b": {
    "i": "c1e57b",
    "r": "SERV",
    "it": "SERV",
    "y": null,
    "m": null,
    "mo": "",
    "o": null,
    "st": "V0-",
    "ml": false
  },
  "c1e586": {
    "i": "c1e586",
    "r": "SERV",
    "it": "SERV",
    "y": null,
    "m": null,
    "mo": "",
    "o": null,
    "st": "V0-",
    "ml": false
  },
  "c1e589": {
    "i": "c1e589",
    "r": "SERV",
    "it": "SERV",
    "y": null,
    "m": null,
    "mo": "",
    "o": null,
    "st": "V0-",
    "ml": false
  },
  "c1e979": {
    "i": "c1e979",
    "r": "SERV",
    "it": "SERV",
    "y": null,
    "m": null,
    "mo": "",
    "o": null,
    "st": "V0-",
    "ml": false
  },
  "c1e9c0": {
    "i": "c1e9c0",
    "r": "SERV",
    "it": "SERV",
    "y": null,
    "m": null,
    "mo": "",
    "o": null,
    "st": "V0-",
    "ml": false
  },
  "c1e9c2": {
    "i": "c1e9c2",
    "r": "SERV",
    "it": "SERV",
    "y": null,
    "m": null,
    "mo": "",
    "o": null,
    "st": "V0-",
    "ml": false
  },
  "c1e9f6": {
    "i": "c1e9f6",
    "r": "SERV",
    "it": "SERV",
    "y": null,
    "m": null,
    "mo": "",
    "o": null,
    "st": "V0-",
    "ml": false
  },
  "c1ea36": {
    "i": "c1ea36",
    "r": "SERV",
    "it": "SERV",
    "y": null,
    "m": null,
    "mo": "",
    "o": null,
    "st": "V0-",
    "ml": false
  },
  "c1ea59": {
    "i": "c1ea59",
    "r": "SERV",
    "it": "SERV",
    "y": null,
    "m": null,
    "mo": "",
    "o": null,
    "st": "V0-",
    "ml": false
  },
  "c1e969": {
    "i": "c1e969",
    "r": "SERV",
    "it": "SERV",
    "y": null,
    "m": null,
    "mo": "",
    "o": null,
    "st": "V0-",
    "ml": false
  },
  "c1e973": {
    "i": "c1e973",
    "r": "SERV",
    "it": "SERV",
    "y": null,
    "m": null,
    "mo": "",
    "o": null,
    "st": "V0-",
    "ml": false
  },
  "c1e97a": {
    "i": "c1e97a",
    "r": "SERV",
    "it": "SERV",
    "y": null,
    "m": null,
    "mo": "",
    "o": null,
    "st": "V0-",
    "ml": false
  },
  "c1e999": {
    "i": "c1e999",
    "r": "SERV",
    "it": "SERV",
    "y": null,
    "m": null,
    "mo": "",
    "o": null,
    "st": "V0-",
    "ml": false
  },
  "c1e9e4": {
    "i": "c1e9e4",
    "r": "SERV",
    "it": "SERV",
    "y": null,
    "m": null,
    "mo": "",
    "o": null,
    "st": "V0-",
    "ml": false
  },
  "c1e450": {
    "i": "c1e450",
    "r": "SERV",
    "it": "SERV",
    "y": null,
    "m": null,
    "mo": "",
    "o": null,
    "st": "V0-",
    "ml": false
  },
  "c1e45b": {
    "i": "c1e45b",
    "r": "SERV",
    "it": "SERV",
    "y": null,
    "m": null,
    "mo": "",
    "o": null,
    "st": "V0-",
    "ml": false
  },
  "c1e46e": {
    "i": "c1e46e",
    "r": "SERV",
    "it": "SERV",
    "y": null,
    "m": null,
    "mo": "",
    "o": null,
    "st": "V0-",
    "ml": false
  },
  "c1e4a0": {
    "i": "c1e4a0",
    "r": "SERV",
    "it": "SERV",
    "y": null,
    "m": null,
    "mo": "",
    "o": null,
    "st": "V0-",
    "ml": false
  },
  "c1e532": {
    "i": "c1e532",
    "r": "SERV",
    "it": "SERV",
    "y": null,
    "m": null,
    "mo": "",
    "o": null,
    "st": "V0-",
    "ml": false
  },
  "c1e53e": {
    "i": "c1e53e",
    "r": "SERV",
    "it": "SERV",
    "y": null,
    "m": null,
    "mo": "",
    "o": null,
    "st": "V0-",
    "ml": false
  },
  "c1e542": {
    "i": "c1e542",
    "r": "SERV",
    "it": "SERV",
    "y": null,
    "m": null,
    "mo": "",
    "o": null,
    "st": "V0-",
    "ml": false
  },
  "c1e54a": {
    "i": "c1e54a",
    "r": "SERV",
    "it": "SERV",
    "y": null,
    "m": null,
    "mo": "",
    "o": null,
    "st": "V0-",
    "ml": false
  },
  "c1e54f": {
    "i": "c1e54f",
    "r": "SERV",
    "it": "SERV",
    "y": null,
    "m": null,
    "mo": "",
    "o": null,
    "st": "V0-",
    "ml": false
  },
  "c1e57e": {
    "i": "c1e57e",
    "r": "SERV",
    "it": "SERV",
    "y": null,
    "m": null,
    "mo": "",
    "o": null,
    "st": "V0-",
    "ml": false
  },
  "c1e5b8": {
    "i": "c1e5b8",
    "r": "SERV",
    "it": "SERV",
    "y": null,
    "m": null,
    "mo": "",
    "o": null,
    "st": "V0-",
    "ml": false
  },
  "c1e43f": {
    "i": "c1e43f",
    "r": "SERV",
    "it": "SERV",
    "y": null,
    "m": null,
    "mo": "",
    "o": null,
    "st": "V0-",
    "ml": false
  },
  "c1e44a": {
    "i": "c1e44a",
    "r": "SERV",
    "it": "SERV",
    "y": null,
    "m": null,
    "mo": "",
    "o": null,
    "st": "V0-",
    "ml": false
  },
  "c1e45f": {
    "i": "c1e45f",
    "r": "SERV",
    "it": "SERV",
    "y": null,
    "m": null,
    "mo": "",
    "o": null,
    "st": "V0-",
    "ml": false
  },
  "c1e461": {
    "i": "c1e461",
    "r": "SERV",
    "it": "SERV",
    "y": null,
    "m": null,
    "mo": "",
    "o": null,
    "st": "V0-",
    "ml": false
  },
  "c1e47d": {
    "i": "c1e47d",
    "r": "SERV",
    "it": "SERV",
    "y": null,
    "m": null,
    "mo": "",
    "o": null,
    "st": "V0-",
    "ml": false
  },
  "c1e482": {
    "i": "c1e482",
    "r": "SERV",
    "it": "SERV",
    "y": null,
    "m": null,
    "mo": "",
    "o": null,
    "st": "V0-",
    "ml": false
  },
  "c1e4b0": {
    "i": "c1e4b0",
    "r": "SERV",
    "it": "SERV",
    "y": null,
    "m": null,
    "mo": "",
    "o": null,
    "st": "V0-",
    "ml": false
  },
  "c1e4c0": {
    "i": "c1e4c0",
    "r": "SERV",
    "it": "SERV",
    "y": null,
    "m": null,
    "mo": "",
    "o": null,
    "st": "V0-",
    "ml": false
  },
  "c1e4cf": {
    "i": "c1e4cf",
    "r": "SERV",
    "it": "SERV",
    "y": null,
    "m": null,
    "mo": "",
    "o": null,
    "st": "V0-",
    "ml": false
  },
  "c1e57c": {
    "i": "c1e57c",
    "r": "SERV",
    "it": "SERV",
    "y": null,
    "m": null,
    "mo": "",
    "o": null,
    "st": "V0-",
    "ml": false
  },
  "c1e5a0": {
    "i": "c1e5a0",
    "r": "SERV",
    "it": "SERV",
    "y": null,
    "m": null,
    "mo": "",
    "o": null,
    "st": "V0-",
    "ml": false
  },
  "c1e96b": {
    "i": "c1e96b",
    "r": "SERV",
    "it": "SERV",
    "y": null,
    "m": null,
    "mo": "",
    "o": null,
    "st": "V0-",
    "ml": false
  },
  "c1e993": {
    "i": "c1e993",
    "r": "SERV",
    "it": "SERV",
    "y": null,
    "m": null,
    "mo": "",
    "o": null,
    "st": "V0-",
    "ml": false
  },
  "c1e997": {
    "i": "c1e997",
    "r": "SERV",
    "it": "SERV",
    "y": null,
    "m": null,
    "mo": "",
    "o": null,
    "st": "V0-",
    "ml": false
  },
  "c1e9ac": {
    "i": "c1e9ac",
    "r": "SERV",
    "it": "SERV",
    "y": null,
    "m": null,
    "mo": "",
    "o": null,
    "st": "V0-",
    "ml": false
  },
  "c1e9b4": {
    "i": "c1e9b4",
    "r": "SERV",
    "it": "SERV",
    "y": null,
    "m": null,
    "mo": "",
    "o": null,
    "st": "V0-",
    "ml": false
  },
  "c1e9d8": {
    "i": "c1e9d8",
    "r": "SERV",
    "it": "SERV",
    "y": null,
    "m": null,
    "mo": "",
    "o": null,
    "st": "V0-",
    "ml": false
  },
  "c1e9db": {
    "i": "c1e9db",
    "r": "SERV",
    "it": "SERV",
    "y": null,
    "m": null,
    "mo": "",
    "o": null,
    "st": "V0-",
    "ml": false
  },
  "c1e9e3": {
    "i": "c1e9e3",
    "r": "SERV",
    "it": "SERV",
    "y": null,
    "m": null,
    "mo": "",
    "o": null,
    "st": "V0-",
    "ml": false
  },
  "c1ea21": {
    "i": "c1ea21",
    "r": "SERV",
    "it": "SERV",
    "y": null,
    "m": null,
    "mo": "",
    "o": null,
    "st": "V0-",
    "ml": false
  },
  "c1e435": {
    "i": "c1e435",
    "r": "SERV",
    "it": "SERV",
    "y": null,
    "m": null,
    "mo": "",
    "o": null,
    "st": "V0-",
    "ml": false
  },
  "c1e43a": {
    "i": "c1e43a",
    "r": "SERV",
    "it": "SERV",
    "y": null,
    "m": null,
    "mo": "",
    "o": null,
    "st": "V0-",
    "ml": false
  },
  "c1e456": {
    "i": "c1e456",
    "r": "SERV",
    "it": "SERV",
    "y": null,
    "m": null,
    "mo": "",
    "o": null,
    "st": "V0-",
    "ml": false
  },
  "c1e45e": {
    "i": "c1e45e",
    "r": "SERV",
    "it": "SERV",
    "y": null,
    "m": null,
    "mo": "",
    "o": null,
    "st": "V0-",
    "ml": false
  },
  "c1e46f": {
    "i": "c1e46f",
    "r": "SERV",
    "it": "SERV",
    "y": null,
    "m": null,
    "mo": "",
    "o": null,
    "st": "V0-",
    "ml": false
  },
  "c1e4ad": {
    "i": "c1e4ad",
    "r": "SERV",
    "it": "SERV",
    "y": null,
    "m": null,
    "mo": "",
    "o": null,
    "st": "V0-",
    "ml": false
  },
  "c1e4c1": {
    "i": "c1e4c1",
    "r": "SERV",
    "it": "SERV",
    "y": null,
    "m": null,
    "mo": "",
    "o": null,
    "st": "V0-",
    "ml": false
  },
  "c1e4dc": {
    "i": "c1e4dc",
    "r": "SERV",
    "it": "SERV",
    "y": null,
    "m": null,
    "mo": "",
    "o": null,
    "st": "V0-",
    "ml": false
  },
  "c1e4f8": {
    "i": "c1e4f8",
    "r": "SERV",
    "it": "SERV",
    "y": null,
    "m": null,
    "mo": "",
    "o": null,
    "st": "V0-",
    "ml": false
  },
  "c1e50a": {
    "i": "c1e50a",
    "r": "SERV",
    "it": "SERV",
    "y": null,
    "m": null,
    "mo": "",
    "o": null,
    "st": "V0-",
    "ml": false
  },
  "c1e510": {
    "i": "c1e510",
    "r": "SERV",
    "it": "SERV",
    "y": null,
    "m": null,
    "mo": "",
    "o": null,
    "st": "V0-",
    "ml": false
  },
  "c1e541": {
    "i": "c1e541",
    "r": "SERV",
    "it": "SERV",
    "y": null,
    "m": null,
    "mo": "",
    "o": null,
    "st": "V0-",
    "ml": false
  },
  "c1e543": {
    "i": "c1e543",
    "r": "SERV",
    "it": "SERV",
    "y": null,
    "m": null,
    "mo": "",
    "o": null,
    "st": "V0-",
    "ml": false
  },
  "c1e55f": {
    "i": "c1e55f",
    "r": "SERV",
    "it": "SERV",
    "y": null,
    "m": null,
    "mo": "",
    "o": null,
    "st": "V0-",
    "ml": false
  },
  "c1e582": {
    "i": "c1e582",
    "r": "SERV",
    "it": "SERV",
    "y": null,
    "m": null,
    "mo": "",
    "o": null,
    "st": "V0-",
    "ml": false
  },
  "c1e974": {
    "i": "c1e974",
    "r": "SERV",
    "it": "SERV",
    "y": null,
    "m": null,
    "mo": "",
    "o": null,
    "st": "V0-",
    "ml": false
  },
  "c1e9ba": {
    "i": "c1e9ba",
    "r": "SERV",
    "it": "SERV",
    "y": null,
    "m": null,
    "mo": "",
    "o": null,
    "st": "V0-",
    "ml": false
  },
  "c1e9c6": {
    "i": "c1e9c6",
    "r": "SERV",
    "it": "SERV",
    "y": null,
    "m": null,
    "mo": "",
    "o": null,
    "st": "V0-",
    "ml": false
  },
  "c1e9cb": {
    "i": "c1e9cb",
    "r": "SERV",
    "it": "SERV",
    "y": null,
    "m": null,
    "mo": "",
    "o": null,
    "st": "V0-",
    "ml": false
  },
  "c1e403": {
    "i": "c1e403",
    "r": "SERV",
    "it": "SERV",
    "y": null,
    "m": null,
    "mo": "",
    "o": null,
    "st": "V0-",
    "ml": false
  },
  "c1e419": {
    "i": "c1e419",
    "r": "SERV",
    "it": "SERV",
    "y": null,
    "m": null,
    "mo": "",
    "o": null,
    "st": "V0-",
    "ml": false
  },
  "c1e422": {
    "i": "c1e422",
    "r": "SERV",
    "it": "SERV",
    "y": null,
    "m": null,
    "mo": "",
    "o": null,
    "st": "V0-",
    "ml": false
  },
  "c1e451": {
    "i": "c1e451",
    "r": "SERV",
    "it": "SERV",
    "y": null,
    "m": null,
    "mo": "",
    "o": null,
    "st": "V0-",
    "ml": false
  },
  "c1e455": {
    "i": "c1e455",
    "r": "SERV",
    "it": "SERV",
    "y": null,
    "m": null,
    "mo": "",
    "o": null,
    "st": "V0-",
    "ml": false
  },
  "c1e46b": {
    "i": "c1e46b",
    "r": "SERV",
    "it": "SERV",
    "y": null,
    "m": null,
    "mo": "",
    "o": null,
    "st": "V0-",
    "ml": false
  },
  "c1e47e": {
    "i": "c1e47e",
    "r": "SERV",
    "it": "SERV",
    "y": null,
    "m": null,
    "mo": "",
    "o": null,
    "st": "V0-",
    "ml": false
  },
  "c1e48b": {
    "i": "c1e48b",
    "r": "SERV",
    "it": "SERV",
    "y": null,
    "m": null,
    "mo": "",
    "o": null,
    "st": "V0-",
    "ml": false
  },
  "c1e4ab": {
    "i": "c1e4ab",
    "r": "SERV",
    "it": "SERV",
    "y": null,
    "m": null,
    "mo": "",
    "o": null,
    "st": "V0-",
    "ml": false
  },
  "c1e4c9": {
    "i": "c1e4c9",
    "r": "SERV",
    "it": "SERV",
    "y": null,
    "m": null,
    "mo": "",
    "o": null,
    "st": "V0-",
    "ml": false
  },
  "c1e4de": {
    "i": "c1e4de",
    "r": "SERV",
    "it": "SERV",
    "y": null,
    "m": null,
    "mo": "",
    "o": null,
    "st": "V0-",
    "ml": false
  },
  "c1e4fb": {
    "i": "c1e4fb",
    "r": "SERV",
    "it": "SERV",
    "y": null,
    "m": null,
    "mo": "",
    "o": null,
    "st": "V0-",
    "ml": false
  },
  "c1e4fe": {
    "i": "c1e4fe",
    "r": "SERV",
    "it": "SERV",
    "y": null,
    "m": null,
    "mo": "",
    "o": null,
    "st": "V0-",
    "ml": false
  },
  "c1e529": {
    "i": "c1e529",
    "r": "SERV",
    "it": "SERV",
    "y": null,
    "m": null,
    "mo": "",
    "o": null,
    "st": "V0-",
    "ml": false
  },
  "c1e5b1": {
    "i": "c1e5b1",
    "r": "SERV",
    "it": "SERV",
    "y": null,
    "m": null,
    "mo": "",
    "o": null,
    "st": "V0-",
    "ml": false
  },
  "c1e984": {
    "i": "c1e984",
    "r": "SERV",
    "it": "SERV",
    "y": null,
    "m": null,
    "mo": "",
    "o": null,
    "st": "V0-",
    "ml": false
  },
  "c1e99e": {
    "i": "c1e99e",
    "r": "SERV",
    "it": "SERV",
    "y": null,
    "m": null,
    "mo": "",
    "o": null,
    "st": "V0-",
    "ml": false
  },
  "c1e9a7": {
    "i": "c1e9a7",
    "r": "SERV",
    "it": "SERV",
    "y": null,
    "m": null,
    "mo": "",
    "o": null,
    "st": "V0-",
    "ml": false
  },
  "c1e9a8": {
    "i": "c1e9a8",
    "r": "SERV",
    "it": "SERV",
    "y": null,
    "m": null,
    "mo": "",
    "o": null,
    "st": "V0-",
    "ml": false
  },
  "c1e9a9": {
    "i": "c1e9a9",
    "r": "SERV",
    "it": "SERV",
    "y": null,
    "m": null,
    "mo": "",
    "o": null,
    "st": "V0-",
    "ml": false
  },
  "c1e9b0": {
    "i": "c1e9b0",
    "r": "SERV",
    "it": "SERV",
    "y": null,
    "m": null,
    "mo": "",
    "o": null,
    "st": "V0-",
    "ml": false
  },
  "c1ea35": {
    "i": "c1ea35",
    "r": "SERV",
    "it": "SERV",
    "y": null,
    "m": null,
    "mo": "",
    "o": null,
    "st": "V0-",
    "ml": false
  },
  "c1ea9c": {
    "i": "c1ea9c",
    "r": "SERV",
    "it": "SERV",
    "y": null,
    "m": null,
    "mo": "",
    "o": null,
    "st": "V0-",
    "ml": false
  },
  "c1e410": {
    "i": "c1e410",
    "r": "SERV",
    "it": "SERV",
    "y": null,
    "m": null,
    "mo": "",
    "o": null,
    "st": "V0-",
    "ml": false
  },
  "c1e412": {
    "i": "c1e412",
    "r": "SERV",
    "it": "SERV",
    "y": null,
    "m": null,
    "mo": "",
    "o": null,
    "st": "V0-",
    "ml": false
  },
  "c1e426": {
    "i": "c1e426",
    "r": "SERV",
    "it": "SERV",
    "y": null,
    "m": null,
    "mo": "",
    "o": null,
    "st": "V0-",
    "ml": false
  },
  "c1e43d": {
    "i": "c1e43d",
    "r": "SERV",
    "it": "SERV",
    "y": null,
    "m": null,
    "mo": "",
    "o": null,
    "st": "V0-",
    "ml": false
  },
  "c1e44e": {
    "i": "c1e44e",
    "r": "SERV",
    "it": "SERV",
    "y": null,
    "m": null,
    "mo": "",
    "o": null,
    "st": "V0-",
    "ml": false
  },
  "c1e459": {
    "i": "c1e459",
    "r": "SERV",
    "it": "SERV",
    "y": null,
    "m": null,
    "mo": "",
    "o": null,
    "st": "V0-",
    "ml": false
  },
  "c1e480": {
    "i": "c1e480",
    "r": "SERV",
    "it": "SERV",
    "y": null,
    "m": null,
    "mo": "",
    "o": null,
    "st": "V0-",
    "ml": false
  },
  "c1e4d3": {
    "i": "c1e4d3",
    "r": "SERV",
    "it": "SERV",
    "y": null,
    "m": null,
    "mo": "",
    "o": null,
    "st": "V0-",
    "ml": false
  },
  "c1e552": {
    "i": "c1e552",
    "r": "SERV",
    "it": "SERV",
    "y": null,
    "m": null,
    "mo": "",
    "o": null,
    "st": "V0-",
    "ml": false
  },
  "c1e972": {
    "i": "c1e972",
    "r": "SERV",
    "it": "SERV",
    "y": null,
    "m": null,
    "mo": "",
    "o": null,
    "st": "V0-",
    "ml": false
  },
  "c1e990": {
    "i": "c1e990",
    "r": "SERV",
    "it": "SERV",
    "y": null,
    "m": null,
    "mo": "",
    "o": null,
    "st": "V0-",
    "ml": false
  },
  "c1e9a3": {
    "i": "c1e9a3",
    "r": "SERV",
    "it": "SERV",
    "y": null,
    "m": null,
    "mo": "",
    "o": null,
    "st": "V0-",
    "ml": false
  },
  "c1e9df": {
    "i": "c1e9df",
    "r": "SERV",
    "it": "SERV",
    "y": null,
    "m": null,
    "mo": "",
    "o": null,
    "st": "V0-",
    "ml": false
  },
  "c1e9b5": {
    "i": "c1e9b5",
    "r": "SERV",
    "it": "SERV",
    "y": null,
    "m": null,
    "mo": "",
    "o": null,
    "st": "V0-",
    "ml": false
  },
  "c1ea18": {
    "i": "c1ea18",
    "r": "SERV",
    "it": "SERV",
    "y": null,
    "m": null,
    "mo": "",
    "o": null,
    "st": "V0-",
    "ml": false
  },
  "c1e442": {
    "i": "c1e442",
    "r": "SERV",
    "it": "SERV",
    "y": null,
    "m": null,
    "mo": "",
    "o": null,
    "st": "V0-",
    "ml": false
  },
  "c1e447": {
    "i": "c1e447",
    "r": "SERV",
    "it": "SERV",
    "y": null,
    "m": null,
    "mo": "",
    "o": null,
    "st": "V0-",
    "ml": false
  },
  "c1e45c": {
    "i": "c1e45c",
    "r": "SERV",
    "it": "SERV",
    "y": null,
    "m": null,
    "mo": "",
    "o": null,
    "st": "V0-",
    "ml": false
  },
  "c1e469": {
    "i": "c1e469",
    "r": "SERV",
    "it": "SERV",
    "y": null,
    "m": null,
    "mo": "",
    "o": null,
    "st": "V0-",
    "ml": false
  },
  "c1e47c": {
    "i": "c1e47c",
    "r": "SERV",
    "it": "SERV",
    "y": null,
    "m": null,
    "mo": "",
    "o": null,
    "st": "V0-",
    "ml": false
  },
  "c1e4b6": {
    "i": "c1e4b6",
    "r": "SERV",
    "it": "SERV",
    "y": null,
    "m": null,
    "mo": "",
    "o": null,
    "st": "V0-",
    "ml": false
  },
  "c1e4bb": {
    "i": "c1e4bb",
    "r": "SERV",
    "it": "SERV",
    "y": null,
    "m": null,
    "mo": "",
    "o": null,
    "st": "V0-",
    "ml": false
  },
  "c1e4cc": {
    "i": "c1e4cc",
    "r": "SERV",
    "it": "SERV",
    "y": null,
    "m": null,
    "mo": "",
    "o": null,
    "st": "V0-",
    "ml": false
  },
  "c1e50b": {
    "i": "c1e50b",
    "r": "SERV",
    "it": "SERV",
    "y": null,
    "m": null,
    "mo": "",
    "o": null,
    "st": "V0-",
    "ml": false
  },
  "c1e5a4": {
    "i": "c1e5a4",
    "r": "SERV",
    "it": "SERV",
    "y": null,
    "m": null,
    "mo": "",
    "o": null,
    "st": "V0-",
    "ml": false
  },
  "c1e977": {
    "i": "c1e977",
    "r": "SERV",
    "it": "SERV",
    "y": null,
    "m": null,
    "mo": "",
    "o": null,
    "st": "V0-",
    "ml": false
  },
  "c1e99c": {
    "i": "c1e99c",
    "r": "SERV",
    "it": "SERV",
    "y": null,
    "m": null,
    "mo": "",
    "o": null,
    "st": "V0-",
    "ml": false
  },
  "c1ea34": {
    "i": "c1ea34",
    "r": "SERV",
    "it": "SERV",
    "y": null,
    "m": null,
    "mo": "",
    "o": null,
    "st": "V0-",
    "ml": false
  },
  "c1ea3a": {
    "i": "c1ea3a",
    "r": "SERV",
    "it": "SERV",
    "y": null,
    "m": null,
    "mo": "",
    "o": null,
    "st": "V0-",
    "ml": false
  },
  "c1e418": {
    "i": "c1e418",
    "r": "SERV",
    "it": "SERV",
    "y": null,
    "m": null,
    "mo": "",
    "o": null,
    "st": "V0-",
    "ml": false
  },
  "c1e45d": {
    "i": "c1e45d",
    "r": "SERV",
    "it": "SERV",
    "y": null,
    "m": null,
    "mo": "",
    "o": null,
    "st": "V0-",
    "ml": false
  },
  "c1e465": {
    "i": "c1e465",
    "r": "SERV",
    "it": "SERV",
    "y": null,
    "m": null,
    "mo": "",
    "o": null,
    "st": "V0-",
    "ml": false
  },
  "c1e46a": {
    "i": "c1e46a",
    "r": "SERV",
    "it": "SERV",
    "y": null,
    "m": null,
    "mo": "",
    "o": null,
    "st": "V0-",
    "ml": false
  },
  "c1e4b2": {
    "i": "c1e4b2",
    "r": "SERV",
    "it": "SERV",
    "y": null,
    "m": null,
    "mo": "",
    "o": null,
    "st": "V0-",
    "ml": false
  },
  "c1e4c5": {
    "i": "c1e4c5",
    "r": "SERV",
    "it": "SERV",
    "y": null,
    "m": null,
    "mo": "",
    "o": null,
    "st": "V0-",
    "ml": false
  },
  "c1e4ce": {
    "i": "c1e4ce",
    "r": "SERV",
    "it": "SERV",
    "y": null,
    "m": null,
    "mo": "",
    "o": null,
    "st": "V0-",
    "ml": false
  },
  "c1e506": {
    "i": "c1e506",
    "r": "SERV",
    "it": "SERV",
    "y": null,
    "m": null,
    "mo": "",
    "o": null,
    "st": "V0-",
    "ml": false
  },
  "c1e536": {
    "i": "c1e536",
    "r": "SERV",
    "it": "SERV",
    "y": null,
    "m": null,
    "mo": "",
    "o": null,
    "st": "V0-",
    "ml": false
  },
  "c1e5b5": {
    "i": "c1e5b5",
    "r": "SERV",
    "it": "SERV",
    "y": null,
    "m": null,
    "mo": "",
    "o": null,
    "st": "V0-",
    "ml": false
  },
  "c1e98e": {
    "i": "c1e98e",
    "r": "SERV",
    "it": "SERV",
    "y": null,
    "m": null,
    "mo": "",
    "o": null,
    "st": "V0-",
    "ml": false
  },
  "c1e992": {
    "i": "c1e992",
    "r": "SERV",
    "it": "SERV",
    "y": null,
    "m": null,
    "mo": "",
    "o": null,
    "st": "V0-",
    "ml": false
  },
  "c1e99f": {
    "i": "c1e99f",
    "r": "SERV",
    "it": "SERV",
    "y": null,
    "m": null,
    "mo": "",
    "o": null,
    "st": "V0-",
    "ml": false
  },
  "c1e9a1": {
    "i": "c1e9a1",
    "r": "SERV",
    "it": "SERV",
    "y": null,
    "m": null,
    "mo": "",
    "o": null,
    "st": "V0-",
    "ml": false
  },
  "c1e9b6": {
    "i": "c1e9b6",
    "r": "SERV",
    "it": "SERV",
    "y": null,
    "m": null,
    "mo": "",
    "o": null,
    "st": "V0-",
    "ml": false
  },
  "c1e9cd": {
    "i": "c1e9cd",
    "r": "SERV",
    "it": "SERV",
    "y": null,
    "m": null,
    "mo": "",
    "o": null,
    "st": "V0-",
    "ml": false
  },
  "c1ea02": {
    "i": "c1ea02",
    "r": "SERV",
    "it": "SERV",
    "y": null,
    "m": null,
    "mo": "",
    "o": null,
    "st": "V0-",
    "ml": false
  },
  "c1ea23": {
    "i": "c1ea23",
    "r": "SERV",
    "it": "SERV",
    "y": null,
    "m": null,
    "mo": "",
    "o": null,
    "st": "V0-",
    "ml": false
  },
  "c1e43c": {
    "i": "c1e43c",
    "r": "SERV",
    "it": "SERV",
    "y": null,
    "m": null,
    "mo": "",
    "o": null,
    "st": "V0-",
    "ml": false
  },
  "c1e44f": {
    "i": "c1e44f",
    "r": "SERV",
    "it": "SERV",
    "y": null,
    "m": null,
    "mo": "",
    "o": null,
    "st": "V0-",
    "ml": false
  },
  "c1e472": {
    "i": "c1e472",
    "r": "SERV",
    "it": "SERV",
    "y": null,
    "m": null,
    "mo": "",
    "o": null,
    "st": "V0-",
    "ml": false
  },
  "c1e4df": {
    "i": "c1e4df",
    "r": "SERV",
    "it": "SERV",
    "y": null,
    "m": null,
    "mo": "",
    "o": null,
    "st": "V0-",
    "ml": false
  },
  "c1e560": {
    "i": "c1e560",
    "r": "SERV",
    "it": "SERV",
    "y": null,
    "m": null,
    "mo": "",
    "o": null,
    "st": "V0-",
    "ml": false
  },
  "c1e561": {
    "i": "c1e561",
    "r": "SERV",
    "it": "SERV",
    "y": null,
    "m": null,
    "mo": "",
    "o": null,
    "st": "V0-",
    "ml": false
  },
  "c1e56d": {
    "i": "c1e56d",
    "r": "SERV",
    "it": "SERV",
    "y": null,
    "m": null,
    "mo": "",
    "o": null,
    "st": "V0-",
    "ml": false
  },
  "c1e599": {
    "i": "c1e599",
    "r": "SERV",
    "it": "SERV",
    "y": null,
    "m": null,
    "mo": "",
    "o": null,
    "st": "V0-",
    "ml": false
  },
  "c1e59a": {
    "i": "c1e59a",
    "r": "SERV",
    "it": "SERV",
    "y": null,
    "m": null,
    "mo": "",
    "o": null,
    "st": "V0-",
    "ml": false
  },
  "c1e59e": {
    "i": "c1e59e",
    "r": "SERV",
    "it": "SERV",
    "y": null,
    "m": null,
    "mo": "",
    "o": null,
    "st": "V0-",
    "ml": false
  },
  "c1e994": {
    "i": "c1e994",
    "r": "SERV",
    "it": "SERV",
    "y": null,
    "m": null,
    "mo": "",
    "o": null,
    "st": "V0-",
    "ml": false
  },
  "c1e9c3": {
    "i": "c1e9c3",
    "r": "SERV",
    "it": "SERV",
    "y": null,
    "m": null,
    "mo": "",
    "o": null,
    "st": "V0-",
    "ml": false
  },
  "c1e406": {
    "i": "c1e406",
    "r": "SERV",
    "it": "SERV",
    "y": null,
    "m": null,
    "mo": "",
    "o": null,
    "st": "V0-",
    "ml": false
  },
  "c1e432": {
    "i": "c1e432",
    "r": "SERV",
    "it": "SERV",
    "y": null,
    "m": null,
    "mo": "",
    "o": null,
    "st": "V0-",
    "ml": false
  },
  "c1e468": {
    "i": "c1e468",
    "r": "SERV",
    "it": "SERV",
    "y": null,
    "m": null,
    "mo": "",
    "o": null,
    "st": "V0-",
    "ml": false
  },
  "c1e4e3": {
    "i": "c1e4e3",
    "r": "SERV",
    "it": "SERV",
    "y": null,
    "m": null,
    "mo": "",
    "o": null,
    "st": "V0-",
    "ml": false
  },
  "c1e514": {
    "i": "c1e514",
    "r": "SERV",
    "it": "SERV",
    "y": null,
    "m": null,
    "mo": "",
    "o": null,
    "st": "V0-",
    "ml": false
  },
  "c1e516": {
    "i": "c1e516",
    "r": "SERV",
    "it": "SERV",
    "y": null,
    "m": null,
    "mo": "",
    "o": null,
    "st": "V0-",
    "ml": false
  },
  "c1e533": {
    "i": "c1e533",
    "r": "SERV",
    "it": "SERV",
    "y": null,
    "m": null,
    "mo": "",
    "o": null,
    "st": "V0-",
    "ml": false
  },
  "c1e539": {
    "i": "c1e539",
    "r": "SERV",
    "it": "SERV",
    "y": null,
    "m": null,
    "mo": "",
    "o": null,
    "st": "V0-",
    "ml": false
  },
  "c1e53a": {
    "i": "c1e53a",
    "r": "SERV",
    "it": "SERV",
    "y": null,
    "m": null,
    "mo": "",
    "o": null,
    "st": "V0-",
    "ml": false
  },
  "c1e544": {
    "i": "c1e544",
    "r": "SERV",
    "it": "SERV",
    "y": null,
    "m": null,
    "mo": "",
    "o": null,
    "st": "V0-",
    "ml": false
  },
  "c1e545": {
    "i": "c1e545",
    "r": "SERV",
    "it": "SERV",
    "y": null,
    "m": null,
    "mo": "",
    "o": null,
    "st": "V0-",
    "ml": false
  },
  "c1e546": {
    "i": "c1e546",
    "r": "SERV",
    "it": "SERV",
    "y": null,
    "m": null,
    "mo": "",
    "o": null,
    "st": "V0-",
    "ml": false
  },
  "c1e54d": {
    "i": "c1e54d",
    "r": "SERV",
    "it": "SERV",
    "y": null,
    "m": null,
    "mo": "",
    "o": null,
    "st": "V0-",
    "ml": false
  },
  "c1e9a4": {
    "i": "c1e9a4",
    "r": "SERV",
    "it": "SERV",
    "y": null,
    "m": null,
    "mo": "",
    "o": null,
    "st": "V0-",
    "ml": false
  },
  "c1e9b9": {
    "i": "c1e9b9",
    "r": "SERV",
    "it": "SERV",
    "y": null,
    "m": null,
    "mo": "",
    "o": null,
    "st": "V0-",
    "ml": false
  },
  "c1e9c1": {
    "i": "c1e9c1",
    "r": "SERV",
    "it": "SERV",
    "y": null,
    "m": null,
    "mo": "",
    "o": null,
    "st": "V0-",
    "ml": false
  },
  "c1e9c9": {
    "i": "c1e9c9",
    "r": "SERV",
    "it": "SERV",
    "y": null,
    "m": null,
    "mo": "",
    "o": null,
    "st": "V0-",
    "ml": false
  },
  "c1e40a": {
    "i": "c1e40a",
    "r": "SERV",
    "it": "SERV",
    "y": null,
    "m": null,
    "mo": "",
    "o": null,
    "st": "V0-",
    "ml": false
  },
  "c1e411": {
    "i": "c1e411",
    "r": "SERV",
    "it": "SERV",
    "y": null,
    "m": null,
    "mo": "",
    "o": null,
    "st": "V0-",
    "ml": false
  },
  "c1e47a": {
    "i": "c1e47a",
    "r": "SERV",
    "it": "SERV",
    "y": null,
    "m": null,
    "mo": "",
    "o": null,
    "st": "V0-",
    "ml": false
  },
  "c1e4a8": {
    "i": "c1e4a8",
    "r": "SERV",
    "it": "SERV",
    "y": null,
    "m": null,
    "mo": "",
    "o": null,
    "st": "V0-",
    "ml": false
  },
  "c1e4eb": {
    "i": "c1e4eb",
    "r": "SERV",
    "it": "SERV",
    "y": null,
    "m": null,
    "mo": "",
    "o": null,
    "st": "V0-",
    "ml": false
  },
  "c1e507": {
    "i": "c1e507",
    "r": "SERV",
    "it": "SERV",
    "y": null,
    "m": null,
    "mo": "",
    "o": null,
    "st": "V0-",
    "ml": false
  },
  "c1e50d": {
    "i": "c1e50d",
    "r": "SERV",
    "it": "SERV",
    "y": null,
    "m": null,
    "mo": "",
    "o": null,
    "st": "V0-",
    "ml": false
  },
  "c1e52b": {
    "i": "c1e52b",
    "r": "SERV",
    "it": "SERV",
    "y": null,
    "m": null,
    "mo": "",
    "o": null,
    "st": "V0-",
    "ml": false
  },
  "c1e538": {
    "i": "c1e538",
    "r": "SERV",
    "it": "SERV",
    "y": null,
    "m": null,
    "mo": "",
    "o": null,
    "st": "V0-",
    "ml": false
  },
  "c1e548": {
    "i": "c1e548",
    "r": "SERV",
    "it": "SERV",
    "y": null,
    "m": null,
    "mo": "",
    "o": null,
    "st": "V0-",
    "ml": false
  },
  "c1e574": {
    "i": "c1e574",
    "r": "SERV",
    "it": "SERV",
    "y": null,
    "m": null,
    "mo": "",
    "o": null,
    "st": "V0-",
    "ml": false
  },
  "c1e575": {
    "i": "c1e575",
    "r": "SERV",
    "it": "SERV",
    "y": null,
    "m": null,
    "mo": "",
    "o": null,
    "st": "V0-",
    "ml": false
  },
  "c1e980": {
    "i": "c1e980",
    "r": "SERV",
    "it": "SERV",
    "y": null,
    "m": null,
    "mo": "",
    "o": null,
    "st": "V0-",
    "ml": false
  },
  "c1e988": {
    "i": "c1e988",
    "r": "SERV",
    "it": "SERV",
    "y": null,
    "m": null,
    "mo": "",
    "o": null,
    "st": "V0-",
    "ml": false
  },
  "c1e98f": {
    "i": "c1e98f",
    "r": "SERV",
    "it": "SERV",
    "y": null,
    "m": null,
    "mo": "",
    "o": null,
    "st": "V0-",
    "ml": false
  },
  "c1e401": {
    "i": "c1e401",
    "r": "SERV",
    "it": "SERV",
    "y": null,
    "m": null,
    "mo": "",
    "o": null,
    "st": "V0-",
    "ml": false
  },
  "c1e436": {
    "i": "c1e436",
    "r": "SERV",
    "it": "SERV",
    "y": null,
    "m": null,
    "mo": "",
    "o": null,
    "st": "V0-",
    "ml": false
  },
  "c1e45a": {
    "i": "c1e45a",
    "r": "SERV",
    "it": "SERV",
    "y": null,
    "m": null,
    "mo": "",
    "o": null,
    "st": "V0-",
    "ml": false
  },
  "c1e473": {
    "i": "c1e473",
    "r": "SERV",
    "it": "SERV",
    "y": null,
    "m": null,
    "mo": "",
    "o": null,
    "st": "V0-",
    "ml": false
  },
  "c1e4a2": {
    "i": "c1e4a2",
    "r": "SERV",
    "it": "SERV",
    "y": null,
    "m": null,
    "mo": "",
    "o": null,
    "st": "V0-",
    "ml": false
  },
  "c1e4b4": {
    "i": "c1e4b4",
    "r": "SERV",
    "it": "SERV",
    "y": null,
    "m": null,
    "mo": "",
    "o": null,
    "st": "V0-",
    "ml": false
  },
  "c1e4f4": {
    "i": "c1e4f4",
    "r": "SERV",
    "it": "SERV",
    "y": null,
    "m": null,
    "mo": "",
    "o": null,
    "st": "V0-",
    "ml": false
  },
  "c1e566": {
    "i": "c1e566",
    "r": "SERV",
    "it": "SERV",
    "y": null,
    "m": null,
    "mo": "",
    "o": null,
    "st": "V0-",
    "ml": false
  },
  "c1e99b": {
    "i": "c1e99b",
    "r": "SERV",
    "it": "SERV",
    "y": null,
    "m": null,
    "mo": "",
    "o": null,
    "st": "V0-",
    "ml": false
  },
  "c1e9af": {
    "i": "c1e9af",
    "r": "SERV",
    "it": "SERV",
    "y": null,
    "m": null,
    "mo": "",
    "o": null,
    "st": "V0-",
    "ml": false
  },
  "c1e9b2": {
    "i": "c1e9b2",
    "r": "SERV",
    "it": "SERV",
    "y": null,
    "m": null,
    "mo": "",
    "o": null,
    "st": "V0-",
    "ml": false
  },
  "c1e9ca": {
    "i": "c1e9ca",
    "r": "SERV",
    "it": "SERV",
    "y": null,
    "m": null,
    "mo": "",
    "o": null,
    "st": "V0-",
    "ml": false
  },
  "c1ea31": {
    "i": "c1ea31",
    "r": "SERV",
    "it": "SERV",
    "y": null,
    "m": null,
    "mo": "",
    "o": null,
    "st": "V0-",
    "ml": false
  },
  "c1e41c": {
    "i": "c1e41c",
    "r": "SERV",
    "it": "SERV",
    "y": null,
    "m": null,
    "mo": "",
    "o": null,
    "st": "V0-",
    "ml": false
  },
  "c1e41d": {
    "i": "c1e41d",
    "r": "SERV",
    "it": "SERV",
    "y": null,
    "m": null,
    "mo": "",
    "o": null,
    "st": "V0-",
    "ml": false
  },
  "c1e428": {
    "i": "c1e428",
    "r": "SERV",
    "it": "SERV",
    "y": null,
    "m": null,
    "mo": "",
    "o": null,
    "st": "V0-",
    "ml": false
  },
  "c1e4d5": {
    "i": "c1e4d5",
    "r": "SERV",
    "it": "SERV",
    "y": null,
    "m": null,
    "mo": "",
    "o": null,
    "st": "V0-",
    "ml": false
  },
  "c1e4e2": {
    "i": "c1e4e2",
    "r": "SERV",
    "it": "SERV",
    "y": null,
    "m": null,
    "mo": "",
    "o": null,
    "st": "V0-",
    "ml": false
  },
  "c1e4f5": {
    "i": "c1e4f5",
    "r": "SERV",
    "it": "SERV",
    "y": null,
    "m": null,
    "mo": "",
    "o": null,
    "st": "V0-",
    "ml": false
  },
  "c1e50c": {
    "i": "c1e50c",
    "r": "SERV",
    "it": "SERV",
    "y": null,
    "m": null,
    "mo": "",
    "o": null,
    "st": "V0-",
    "ml": false
  },
  "c1e51b": {
    "i": "c1e51b",
    "r": "SERV",
    "it": "SERV",
    "y": null,
    "m": null,
    "mo": "",
    "o": null,
    "st": "V0-",
    "ml": false
  },
  "c1e555": {
    "i": "c1e555",
    "r": "SERV",
    "it": "SERV",
    "y": null,
    "m": null,
    "mo": "",
    "o": null,
    "st": "V0-",
    "ml": false
  },
  "c1e559": {
    "i": "c1e559",
    "r": "SERV",
    "it": "SERV",
    "y": null,
    "m": null,
    "mo": "",
    "o": null,
    "st": "V0-",
    "ml": false
  },
  "c1e578": {
    "i": "c1e578",
    "r": "SERV",
    "it": "SERV",
    "y": null,
    "m": null,
    "mo": "",
    "o": null,
    "st": "V0-",
    "ml": false
  },
  "c1e966": {
    "i": "c1e966",
    "r": "SERV",
    "it": "SERV",
    "y": null,
    "m": null,
    "mo": "",
    "o": null,
    "st": "V0-",
    "ml": false
  },
  "c1e985": {
    "i": "c1e985",
    "r": "SERV",
    "it": "SERV",
    "y": null,
    "m": null,
    "mo": "",
    "o": null,
    "st": "V0-",
    "ml": false
  },
  "c1e9b1": {
    "i": "c1e9b1",
    "r": "SERV",
    "it": "SERV",
    "y": null,
    "m": null,
    "mo": "",
    "o": null,
    "st": "V0-",
    "ml": false
  },
  "c1e9d0": {
    "i": "c1e9d0",
    "r": "SERV",
    "it": "SERV",
    "y": null,
    "m": null,
    "mo": "",
    "o": null,
    "st": "V0-",
    "ml": false
  },
  "c1e4aa": {
    "i": "c1e4aa",
    "r": "SERV",
    "it": "SERV",
    "y": null,
    "m": null,
    "mo": "",
    "o": null,
    "st": "V0-",
    "ml": false
  },
  "c1e517": {
    "i": "c1e517",
    "r": "SERV",
    "it": "SERV",
    "y": null,
    "m": null,
    "mo": "",
    "o": null,
    "st": "V0-",
    "ml": false
  },
  "c1e570": {
    "i": "c1e570",
    "r": "SERV",
    "it": "SERV",
    "y": null,
    "m": null,
    "mo": "",
    "o": null,
    "st": "V0-",
    "ml": false
  },
  "c1e9a5": {
    "i": "c1e9a5",
    "r": "SERV",
    "it": "SERV",
    "y": null,
    "m": null,
    "mo": "",
    "o": null,
    "st": "V0-",
    "ml": false
  },
  "c1e9d4": {
    "i": "c1e9d4",
    "r": "SERV",
    "it": "SERV",
    "y": null,
    "m": null,
    "mo": "",
    "o": null,
    "st": "V0-",
    "ml": false
  },
  "c1e427": {
    "i": "c1e427",
    "r": "SERV",
    "it": "SERV",
    "y": null,
    "m": null,
    "mo": "",
    "o": null,
    "st": "V0-",
    "ml": false
  },
  "c1e453": {
    "i": "c1e453",
    "r": "SERV",
    "it": "SERV",
    "y": null,
    "m": null,
    "mo": "",
    "o": null,
    "st": "V0-",
    "ml": false
  },
  "c1e4ff": {
    "i": "c1e4ff",
    "r": "SERV",
    "it": "SERV",
    "y": null,
    "m": null,
    "mo": "",
    "o": null,
    "st": "V0-",
    "ml": false
  },
  "c1e508": {
    "i": "c1e508",
    "r": "SERV",
    "it": "SERV",
    "y": null,
    "m": null,
    "mo": "",
    "o": null,
    "st": "V0-",
    "ml": false
  },
  "c1e598": {
    "i": "c1e598",
    "r": "SERV",
    "it": "SERV",
    "y": null,
    "m": null,
    "mo": "",
    "o": null,
    "st": "V0-",
    "ml": false
  },
  "c1e987": {
    "i": "c1e987",
    "r": "SERV",
    "it": "SERV",
    "y": null,
    "m": null,
    "mo": "",
    "o": null,
    "st": "V0-",
    "ml": false
  },
  "c1e9bb": {
    "i": "c1e9bb",
    "r": "SERV",
    "it": "SERV",
    "y": null,
    "m": null,
    "mo": "",
    "o": null,
    "st": "V0-",
    "ml": false
  },
  "c1ea07": {
    "i": "c1ea07",
    "r": "SERV",
    "it": "SERV",
    "y": null,
    "m": null,
    "mo": "",
    "o": null,
    "st": "V0-",
    "ml": false
  },
  "c1ea33": {
    "i": "c1ea33",
    "r": "SERV",
    "it": "SERV",
    "y": null,
    "m": null,
    "mo": "",
    "o": null,
    "st": "V0-",
    "ml": false
  },
  "c1ea54": {
    "i": "c1ea54",
    "r": "SERV",
    "it": "SERV",
    "y": null,
    "m": null,
    "mo": "",
    "o": null,
    "st": "V0-",
    "ml": false
  },
  "c1e458": {
    "i": "c1e458",
    "r": "SERV",
    "it": "SERV",
    "y": null,
    "m": null,
    "mo": "",
    "o": null,
    "st": "V0-",
    "ml": false
  },
  "c1e464": {
    "i": "c1e464",
    "r": "SERV",
    "it": "SERV",
    "y": null,
    "m": null,
    "mo": "",
    "o": null,
    "st": "V0-",
    "ml": false
  },
  "c1e48a": {
    "i": "c1e48a",
    "r": "SERV",
    "it": "SERV",
    "y": null,
    "m": null,
    "mo": "",
    "o": null,
    "st": "V0-",
    "ml": false
  },
  "c1e48d": {
    "i": "c1e48d",
    "r": "SERV",
    "it": "SERV",
    "y": null,
    "m": null,
    "mo": "",
    "o": null,
    "st": "V0-",
    "ml": false
  },
  "c1e492": {
    "i": "c1e492",
    "r": "SERV",
    "it": "SERV",
    "y": null,
    "m": null,
    "mo": "",
    "o": null,
    "st": "V0-",
    "ml": false
  },
  "c1e4c7": {
    "i": "c1e4c7",
    "r": "SERV",
    "it": "SERV",
    "y": null,
    "m": null,
    "mo": "",
    "o": null,
    "st": "V0-",
    "ml": false
  },
  "c1e549": {
    "i": "c1e549",
    "r": "SERV",
    "it": "SERV",
    "y": null,
    "m": null,
    "mo": "",
    "o": null,
    "st": "V0-",
    "ml": false
  },
  "c1e572": {
    "i": "c1e572",
    "r": "SERV",
    "it": "SERV",
    "y": null,
    "m": null,
    "mo": "",
    "o": null,
    "st": "V0-",
    "ml": false
  },
  "c1e986": {
    "i": "c1e986",
    "r": "SERV",
    "it": "SERV",
    "y": null,
    "m": null,
    "mo": "",
    "o": null,
    "st": "V0-",
    "ml": false
  },
  "c1e99a": {
    "i": "c1e99a",
    "r": "SERV",
    "it": "SERV",
    "y": null,
    "m": null,
    "mo": "",
    "o": null,
    "st": "V0-",
    "ml": false
  },
  "c1ea9f": {
    "i": "c1ea9f",
    "r": "SERV",
    "it": "SERV",
    "y": null,
    "m": null,
    "mo": "",
    "o": null,
    "st": "V0-",
    "ml": false
  },
  "c1e420": {
    "i": "c1e420",
    "r": "SERV",
    "it": "SERV",
    "y": null,
    "m": null,
    "mo": "",
    "o": null,
    "st": "V0-",
    "ml": false
  },
  "c1e421": {
    "i": "c1e421",
    "r": "SERV",
    "it": "SERV",
    "y": null,
    "m": null,
    "mo": "",
    "o": null,
    "st": "V0-",
    "ml": false
  },
  "c1e462": {
    "i": "c1e462",
    "r": "SERV",
    "it": "SERV",
    "y": null,
    "m": null,
    "mo": "",
    "o": null,
    "st": "V0-",
    "ml": false
  },
  "c1e478": {
    "i": "c1e478",
    "r": "SERV",
    "it": "SERV",
    "y": null,
    "m": null,
    "mo": "",
    "o": null,
    "st": "V0-",
    "ml": false
  },
  "c1e4d6": {
    "i": "c1e4d6",
    "r": "SERV",
    "it": "SERV",
    "y": null,
    "m": null,
    "mo": "",
    "o": null,
    "st": "V0-",
    "ml": false
  },
  "c1e4f6": {
    "i": "c1e4f6",
    "r": "SERV",
    "it": "SERV",
    "y": null,
    "m": null,
    "mo": "",
    "o": null,
    "st": "V0-",
    "ml": false
  },
  "c1e4f7": {
    "i": "c1e4f7",
    "r": "SERV",
    "it": "SERV",
    "y": null,
    "m": null,
    "mo": "",
    "o": null,
    "st": "V0-",
    "ml": false
  },
  "c1e51f": {
    "i": "c1e51f",
    "r": "SERV",
    "it": "SERV",
    "y": null,
    "m": null,
    "mo": "",
    "o": null,
    "st": "V0-",
    "ml": false
  },
  "c1e522": {
    "i": "c1e522",
    "r": "SERV",
    "it": "SERV",
    "y": null,
    "m": null,
    "mo": "",
    "o": null,
    "st": "V0-",
    "ml": false
  },
  "c1e540": {
    "i": "c1e540",
    "r": "SERV",
    "it": "SERV",
    "y": null,
    "m": null,
    "mo": "",
    "o": null,
    "st": "V0-",
    "ml": false
  },
  "c1e583": {
    "i": "c1e583",
    "r": "SERV",
    "it": "SERV",
    "y": null,
    "m": null,
    "mo": "",
    "o": null,
    "st": "V0-",
    "ml": false
  },
  "c1e587": {
    "i": "c1e587",
    "r": "SERV",
    "it": "SERV",
    "y": null,
    "m": null,
    "mo": "",
    "o": null,
    "st": "V0-",
    "ml": false
  },
  "c1e968": {
    "i": "c1e968",
    "r": "SERV",
    "it": "SERV",
    "y": null,
    "m": null,
    "mo": "",
    "o": null,
    "st": "V0-",
    "ml": false
  },
  "c1e991": {
    "i": "c1e991",
    "r": "SERV",
    "it": "SERV",
    "y": null,
    "m": null,
    "mo": "",
    "o": null,
    "st": "V0-",
    "ml": false
  },
  "c1e9a6": {
    "i": "c1e9a6",
    "r": "SERV",
    "it": "SERV",
    "y": null,
    "m": null,
    "mo": "",
    "o": null,
    "st": "V0-",
    "ml": false
  },
  "c1e9d1": {
    "i": "c1e9d1",
    "r": "SERV",
    "it": "SERV",
    "y": null,
    "m": null,
    "mo": "",
    "o": null,
    "st": "V0-",
    "ml": false
  },
  "c1e9fb": {
    "i": "c1e9fb",
    "r": "SERV",
    "it": "SERV",
    "y": null,
    "m": null,
    "mo": "",
    "o": null,
    "st": "V0-",
    "ml": false
  },
  "c1e9fe": {
    "i": "c1e9fe",
    "r": "SERV",
    "it": "SERV",
    "y": null,
    "m": null,
    "mo": "",
    "o": null,
    "st": "V0-",
    "ml": false
  },
  "c1ea05": {
    "i": "c1ea05",
    "r": "SERV",
    "it": "SERV",
    "y": null,
    "m": null,
    "mo": "",
    "o": null,
    "st": "V0-",
    "ml": false
  },
  "c1ea37": {
    "i": "c1ea37",
    "r": "SERV",
    "it": "SERV",
    "y": null,
    "m": null,
    "mo": "",
    "o": null,
    "st": "V0-",
    "ml": false
  },
  "c1e3ee": {
    "i": "c1e3ee",
    "r": "SERV",
    "it": "SERV",
    "y": null,
    "m": null,
    "mo": "",
    "o": null,
    "st": "V0-",
    "ml": false
  },
  "c1e44c": {
    "i": "c1e44c",
    "r": "SERV",
    "it": "SERV",
    "y": null,
    "m": null,
    "mo": "",
    "o": null,
    "st": "V0-",
    "ml": false
  },
  "c1e460": {
    "i": "c1e460",
    "r": "SERV",
    "it": "SERV",
    "y": null,
    "m": null,
    "mo": "",
    "o": null,
    "st": "V0-",
    "ml": false
  },
  "c1e4b8": {
    "i": "c1e4b8",
    "r": "SERV",
    "it": "SERV",
    "y": null,
    "m": null,
    "mo": "",
    "o": null,
    "st": "V0-",
    "ml": false
  },
  "c1e4ba": {
    "i": "c1e4ba",
    "r": "SERV",
    "it": "SERV",
    "y": null,
    "m": null,
    "mo": "",
    "o": null,
    "st": "V0-",
    "ml": false
  },
  "c1e4ef": {
    "i": "c1e4ef",
    "r": "SERV",
    "it": "SERV",
    "y": null,
    "m": null,
    "mo": "",
    "o": null,
    "st": "V0-",
    "ml": false
  },
  "c1e4f1": {
    "i": "c1e4f1",
    "r": "SERV",
    "it": "SERV",
    "y": null,
    "m": null,
    "mo": "",
    "o": null,
    "st": "V0-",
    "ml": false
  },
  "c1e4f2": {
    "i": "c1e4f2",
    "r": "SERV",
    "it": "SERV",
    "y": null,
    "m": null,
    "mo": "",
    "o": null,
    "st": "V0-",
    "ml": false
  },
  "c1e50e": {
    "i": "c1e50e",
    "r": "SERV",
    "it": "SERV",
    "y": null,
    "m": null,
    "mo": "",
    "o": null,
    "st": "V0-",
    "ml": false
  },
  "c1e518": {
    "i": "c1e518",
    "r": "SERV",
    "it": "SERV",
    "y": null,
    "m": null,
    "mo": "",
    "o": null,
    "st": "V0-",
    "ml": false
  },
  "c1e521": {
    "i": "c1e521",
    "r": "SERV",
    "it": "SERV",
    "y": null,
    "m": null,
    "mo": "",
    "o": null,
    "st": "V0-",
    "ml": false
  },
  "c1e98d": {
    "i": "c1e98d",
    "r": "SERV",
    "it": "SERV",
    "y": null,
    "m": null,
    "mo": "",
    "o": null,
    "st": "V0-",
    "ml": false
  },
  "c1e9c7": {
    "i": "c1e9c7",
    "r": "SERV",
    "it": "SERV",
    "y": null,
    "m": null,
    "mo": "",
    "o": null,
    "st": "V0-",
    "ml": false
  },
  "c1ec2d": {
    "i": "c1ec2d",
    "r": "SERV",
    "it": "SERV",
    "y": null,
    "m": null,
    "mo": "",
    "o": null,
    "st": "V0-",
    "ml": false
  },
  "c1e17f": {
    "i": "c1e17f",
    "r": "TWR",
    "it": "TWR",
    "y": null,
    "m": null,
    "mo": "",
    "o": null,
    "st": "T0-",
    "ml": false
  },
  "c1e443": {
    "i": "c1e443",
    "r": "SERV",
    "it": "SERV",
    "y": null,
    "m": null,
    "mo": "",
    "o": null,
    "st": "V0-",
    "ml": false
  },
  "c1e4d0": {
    "i": "c1e4d0",
    "r": "SERV",
    "it": "SERV",
    "y": null,
    "m": null,
    "mo": "",
    "o": null,
    "st": "V0-",
    "ml": false
  },
  "c1e4e4": {
    "i": "c1e4e4",
    "r": "SERV",
    "it": "SERV",
    "y": null,
    "m": null,
    "mo": "",
    "o": null,
    "st": "V0-",
    "ml": false
  },
  "c1e509": {
    "i": "c1e509",
    "r": "SERV",
    "it": "SERV",
    "y": null,
    "m": null,
    "mo": "",
    "o": null,
    "st": "V0-",
    "ml": false
  },
  "c1e515": {
    "i": "c1e515",
    "r": "SERV",
    "it": "SERV",
    "y": null,
    "m": null,
    "mo": "",
    "o": null,
    "st": "V0-",
    "ml": false
  },
  "c1e530": {
    "i": "c1e530",
    "r": "SERV",
    "it": "SERV",
    "y": null,
    "m": null,
    "mo": "",
    "o": null,
    "st": "V0-",
    "ml": false
  },
  "c1e576": {
    "i": "c1e576",
    "r": "SERV",
    "it": "SERV",
    "y": null,
    "m": null,
    "mo": "",
    "o": null,
    "st": "V0-",
    "ml": false
  },
  "c1e591": {
    "i": "c1e591",
    "r": "SERV",
    "it": "SERV",
    "y": null,
    "m": null,
    "mo": "",
    "o": null,
    "st": "V0-",
    "ml": false
  },
  "c1e989": {
    "i": "c1e989",
    "r": "SERV",
    "it": "SERV",
    "y": null,
    "m": null,
    "mo": "",
    "o": null,
    "st": "V0-",
    "ml": false
  },
  "c1e98c": {
    "i": "c1e98c",
    "r": "SERV",
    "it": "SERV",
    "y": null,
    "m": null,
    "mo": "",
    "o": null,
    "st": "V0-",
    "ml": false
  },
  "c1e9cc": {
    "i": "c1e9cc",
    "r": "SERV",
    "it": "SERV",
    "y": null,
    "m": null,
    "mo": "",
    "o": null,
    "st": "V0-",
    "ml": false
  },
  "c1e9d2": {
    "i": "c1e9d2",
    "r": "SERV",
    "it": "SERV",
    "y": null,
    "m": null,
    "mo": "",
    "o": null,
    "st": "V0-",
    "ml": false
  },
  "c1e9ea": {
    "i": "c1e9ea",
    "r": "SERV",
    "it": "SERV",
    "y": null,
    "m": null,
    "mo": "",
    "o": null,
    "st": "V0-",
    "ml": false
  },
  "c1e9f7": {
    "i": "c1e9f7",
    "r": "SERV",
    "it": "SERV",
    "y": null,
    "m": null,
    "mo": "",
    "o": null,
    "st": "V0-",
    "ml": false
  },
  "c1e9fd": {
    "i": "c1e9fd",
    "r": "SERV",
    "it": "SERV",
    "y": null,
    "m": null,
    "mo": "",
    "o": null,
    "st": "V0-",
    "ml": false
  },
  "c1ea04": {
    "i": "c1ea04",
    "r": "SERV",
    "it": "SERV",
    "y": null,
    "m": null,
    "mo": "",
    "o": null,
    "st": "V0-",
    "ml": false
  },
  "c1e17c": {
    "i": "c1e17c",
    "r": "TWR",
    "it": "TWR",
    "y": null,
    "m": null,
    "mo": "",
    "o": null,
    "st": "T0-",
    "ml": false
  },
  "c1e40b": {
    "i": "c1e40b",
    "r": "SERV",
    "it": "SERV",
    "y": null,
    "m": null,
    "mo": "",
    "o": null,
    "st": "V0-",
    "ml": false
  },
  "c1e417": {
    "i": "c1e417",
    "r": "SERV",
    "it": "SERV",
    "y": null,
    "m": null,
    "mo": "",
    "o": null,
    "st": "V0-",
    "ml": false
  },
  "c1e466": {
    "i": "c1e466",
    "r": "SERV",
    "it": "SERV",
    "y": null,
    "m": null,
    "mo": "",
    "o": null,
    "st": "V0-",
    "ml": false
  },
  "c1e483": {
    "i": "c1e483",
    "r": "SERV",
    "it": "SERV",
    "y": null,
    "m": null,
    "mo": "",
    "o": null,
    "st": "V0-",
    "ml": false
  },
  "c1e4ac": {
    "i": "c1e4ac",
    "r": "SERV",
    "it": "SERV",
    "y": null,
    "m": null,
    "mo": "",
    "o": null,
    "st": "V0-",
    "ml": false
  },
  "c1e513": {
    "i": "c1e513",
    "r": "SERV",
    "it": "SERV",
    "y": null,
    "m": null,
    "mo": "",
    "o": null,
    "st": "V0-",
    "ml": false
  },
  "c1e51c": {
    "i": "c1e51c",
    "r": "SERV",
    "it": "SERV",
    "y": null,
    "m": null,
    "mo": "",
    "o": null,
    "st": "V0-",
    "ml": false
  },
  "c1e562": {
    "i": "c1e562",
    "r": "SERV",
    "it": "SERV",
    "y": null,
    "m": null,
    "mo": "",
    "o": null,
    "st": "V0-",
    "ml": false
  },
  "c1e563": {
    "i": "c1e563",
    "r": "SERV",
    "it": "SERV",
    "y": null,
    "m": null,
    "mo": "",
    "o": null,
    "st": "V0-",
    "ml": false
  },
  "c1e58e": {
    "i": "c1e58e",
    "r": "SERV",
    "it": "SERV",
    "y": null,
    "m": null,
    "mo": "",
    "o": null,
    "st": "V0-",
    "ml": false
  },
  "c1e5ab": {
    "i": "c1e5ab",
    "r": "SERV",
    "it": "SERV",
    "y": null,
    "m": null,
    "mo": "",
    "o": null,
    "st": "V0-",
    "ml": false
  },
  "c1e865": {
    "i": "c1e865",
    "r": "C-FWJI",
    "it": "CRJ1",
    "y": null,
    "m": null,
    "mo": "",
    "o": null,
    "st": "L2J",
    "ml": false
  },
  "c1e996": {
    "i": "c1e996",
    "r": "SERV",
    "it": "SERV",
    "y": null,
    "m": null,
    "mo": "",
    "o": null,
    "st": "V0-",
    "ml": false
  },
  "c1e9a0": {
    "i": "c1e9a0",
    "r": "SERV",
    "it": "SERV",
    "y": null,
    "m": null,
    "mo": "",
    "o": null,
    "st": "V0-",
    "ml": false
  },
  "c1e9ab": {
    "i": "c1e9ab",
    "r": "SERV",
    "it": "SERV",
    "y": null,
    "m": null,
    "mo": "",
    "o": null,
    "st": "V0-",
    "ml": false
  },
  "c1e9ed": {
    "i": "c1e9ed",
    "r": "SERV",
    "it": "SERV",
    "y": null,
    "m": null,
    "mo": "",
    "o": null,
    "st": "V0-",
    "ml": false
  },
  "c1e408": {
    "i": "c1e408",
    "r": "SERV",
    "it": "SERV",
    "y": null,
    "m": null,
    "mo": "",
    "o": null,
    "st": "V0-",
    "ml": false
  },
  "c1e41a": {
    "i": "c1e41a",
    "r": "SERV",
    "it": "SERV",
    "y": null,
    "m": null,
    "mo": "",
    "o": null,
    "st": "V0-",
    "ml": false
  },
  "c1e440": {
    "i": "c1e440",
    "r": "SERV",
    "it": "SERV",
    "y": null,
    "m": null,
    "mo": "",
    "o": null,
    "st": "V0-",
    "ml": false
  },
  "c1e452": {
    "i": "c1e452",
    "r": "SERV",
    "it": "SERV",
    "y": null,
    "m": null,
    "mo": "",
    "o": null,
    "st": "V0-",
    "ml": false
  },
  "c1e500": {
    "i": "c1e500",
    "r": "SERV",
    "it": "SERV",
    "y": null,
    "m": null,
    "mo": "",
    "o": null,
    "st": "V0-",
    "ml": false
  },
  "c1e52a": {
    "i": "c1e52a",
    "r": "SERV",
    "it": "SERV",
    "y": null,
    "m": null,
    "mo": "",
    "o": null,
    "st": "V0-",
    "ml": false
  },
  "c1e53f": {
    "i": "c1e53f",
    "r": "SERV",
    "it": "SERV",
    "y": null,
    "m": null,
    "mo": "",
    "o": null,
    "st": "V0-",
    "ml": false
  },
  "c1e554": {
    "i": "c1e554",
    "r": "SERV",
    "it": "SERV",
    "y": null,
    "m": null,
    "mo": "",
    "o": null,
    "st": "V0-",
    "ml": false
  },
  "c1e5a6": {
    "i": "c1e5a6",
    "r": "SERV",
    "it": "SERV",
    "y": null,
    "m": null,
    "mo": "",
    "o": null,
    "st": "V0-",
    "ml": false
  },
  "c1e5aa": {
    "i": "c1e5aa",
    "r": "SERV",
    "it": "SERV",
    "y": null,
    "m": null,
    "mo": "",
    "o": null,
    "st": "V0-",
    "ml": false
  },
  "c1e964": {
    "i": "c1e964",
    "r": "SERV",
    "it": "SERV",
    "y": null,
    "m": null,
    "mo": "",
    "o": null,
    "st": "V0-",
    "ml": false
  },
  "c1e9b8": {
    "i": "c1e9b8",
    "r": "SERV",
    "it": "SERV",
    "y": null,
    "m": null,
    "mo": "",
    "o": null,
    "st": "V0-",
    "ml": false
  },
  "c1e9c5": {
    "i": "c1e9c5",
    "r": "SERV",
    "it": "SERV",
    "y": null,
    "m": null,
    "mo": "",
    "o": null,
    "st": "V0-",
    "ml": false
  },
  "c1e9d9": {
    "i": "c1e9d9",
    "r": "SERV",
    "it": "SERV",
    "y": null,
    "m": null,
    "mo": "",
    "o": null,
    "st": "V0-",
    "ml": false
  },
  "c1e9e0": {
    "i": "c1e9e0",
    "r": "SERV",
    "it": "SERV",
    "y": null,
    "m": null,
    "mo": "",
    "o": null,
    "st": "V0-",
    "ml": false
  }
}