{
  "c2b0c1": {
    "i": "c2b0c1",
    "r": "156125",
    "it": "TEX2",
    "y": null,
    "m": null,
    "mo": "Raytheon CT-156 Harvard II",
    "o": null,
    "st": "L1T",
    "ml": true
  },
  "c2bcfb": {
    "i": "c2bcfb",
    "r": "295508",
    "it": "C295",
    "y": null,
    "m": null,
    "mo": "",
    "o": null,
    "st": "L2T",
    "ml": true
  },
  "c2bde1": {
    "i": "c2bde1",
    "r": "188774",
    "it": "F18H",
    "y": null,
    "m": null,
    "mo": "",
    "o": null,
    "st": "L2J",
    "ml": true
  },
  "c2b085": {
    "i": "c2b085",
    "r": "156119",
    "it": "TEX2",
    "y": null,
    "m": null,
    "mo": "Raytheon CT-156 Harvard II",
    "o": null,
    "st": "L1T",
    "ml": true
  },
  "c2bcc9": {
    "i": "c2bcc9",
    "r": "295503",
    "it": "C295",
    "y": null,
    "m": null,
    "mo": "",
    "o": null,
    "st": "L2T",
    "ml": true
  },
  "c2afd1": {
    "i": "c2afd1",
    "r": "156101",
    "it": "TEX2",
    "y": null,
    "m": null,
    "mo": "Raytheon CT-156 Harvard II",
    "o": null,
    "st": "L1T",
    "ml": true
  },
  "c2b1d9": {
    "i": "c2b1d9",
    "r": "140106",
    "it": "P3",
    "y": null,
    "m": null,
    "mo": "Lockheed CP-140 Aurora",
    "o": null,
    "st": "L4T",
    "ml": true
  },
  "c2c04d": {
    "i": "c2c04d",
    "r": "188736",
    "it": "F18H",
    "y": null,
    "m": null,
    "mo": "",
    "o": null,
    "st": "L2J",
    "ml": true
  },
  "c2b049": {
    "i": "c2b049",
    "r": "156113",
    "it": "TEX2",
    "y": null,
    "m": null,
    "mo": "Raytheon CT-156 Harvard II",
    "o": null,
    "st": "L1T",
    "ml": true
  },
  "c2b053": {
    "i": "c2b053",
    "r": "156114",
    "it": "TEX2",
    "y": null,
    "m": null,
    "mo": "Raytheon CT-156 Harvard II",
    "o": null,
    "st": "L1T",
    "ml": true
  },
  "c2bd05": {
    "i": "c2bd05",
    "r": "295509",
    "it": "C295",
    "y": null,
    "m": null,
    "mo": "",
    "o": null,
    "st": "L2T",
    "ml": true
  },
  "c2b0ad": {
    "i": "c2b0ad",
    "r": "156123",
    "it": "TEX2",
    "y": null,
    "m": null,
    "mo": "Raytheon CT-156 Harvard II",
    "o": null,
    "st": "L1T",
    "ml": true
  },
  "c2b0b7": {
    "i": "c2b0b7",
    "r": "156124",
    "it": "TEX2",
    "y": null,
    "m": null,
    "mo": "Raytheon CT-156 Harvard II",
    "o": null,
    "st": "L1T",
    "ml": true
  },
  "c2b39b": {
    "i": "c2b39b",
    "r": "144614",
    "it": "CL60",
    "y": null,
    "m": null,
    "mo": "Canadair Challenger 601",
    "o": null,
    "st": "L2J",
    "ml": true
  },
  "c2bfc1": {
    "i": "c2bfc1",
    "r": "188730",
    "it": "F18H",
    "y": null,
    "m": null,
    "mo": "",
    "o": null,
    "st": "L2J",
    "ml": true
  },
  "c2b07b": {
    "i": "c2b07b",
    "r": "156118",
    "it": "TEX2",
    "y": null,
    "m": null,
    "mo": "Raytheon CT-156 Harvard II",
    "o": null,
    "st": "L1T",
    "ml": true
  },
  "c2bcf1": {
    "i": "c2bcf1",
    "r": "295507",
    "it": "C295",
    "y": null,
    "m": null,
    "mo": "",
    "o": null,
    "st": "L2T",
    "ml": true
  },
  "c2bd19": {
    "i": "c2bd19",
    "r": "295511",
    "it": "C295",
    "y": null,
    "m": null,
    "mo": "",
    "o": null,
    "st": "L2T",
    "ml": true
  },
  "c2bd23": {
    "i": "c2bd23",
    "r": "295512",
    "it": "C295",
    "y": null,
    "m": null,
    "mo": "",
    "o": null,
    "st": "L2T",
    "ml": true
  },
  "c2bcab": {
    "i": "c2bcab",
    "r": "295501",
    "it": "C295",
    "y": null,
    "m": null,
    "mo": "Casa C-295SAR",
    "o": null,
    "st": "L2T",
    "ml": true
  },
  "c2b08f": {
    "i": "c2b08f",
    "r": "156120",
    "it": "TEX2",
    "y": null,
    "m": null,
    "mo": "Raytheon CT-156 Harvard II",
    "o": null,
    "st": "L1T",
    "ml": true
  },
  "c2b003": {
    "i": "c2b003",
    "r": "156106",
    "it": "TEX2",
    "y": null,
    "m": null,
    "mo": "Raytheon CT-156 Harvard II",
    "o": null,
    "st": "L1T",
    "ml": true
  },
  "c2bd2d": {
    "i": "c2bd2d",
    "r": "295513",
    "it": "C295",
    "y": null,
    "m": null,
    "mo": "",
    "o": null,
    "st": "L2T",
    "ml": true
  },
  "c2b3a5": {
    "i": "c2b3a5",
    "r": "144615",
    "it": "CL60",
    "y": null,
    "m": null,
    "mo": "Canadair Challenger 601",
    "o": null,
    "st": "L2J",
    "ml": true
  },
  "c2b03f": {
    "i": "c2b03f",
    "r": "156112",
    "it": "TEX2",
    "y": null,
    "m": null,
    "mo": "Raytheon CT-156 Harvard II",
    "o": null,
    "st": "L1T",
    "ml": true
  },
  "c2b071": {
    "i": "c2b071",
    "r": "156117",
    "it": "TEX2",
    "y": null,
    "m": null,
    "mo": "Raytheon CT-156 Harvard II",
    "o": null,
    "st": "L1T",
    "ml": true
  },
  "c2bdc3": {
    "i": "c2bdc3",
    "r": "188757",
    "it": "F18H",
    "y": null,
    "m": null,
    "mo": "",
    "o": null,
    "st": "L2J",
    "ml": true
  },
  "c2c07f": {
    "i": "c2c07f",
    "r": "188742",
    "it": "F18H",
    "y": null,
    "m": null,
    "mo": "",
    "o": null,
    "st": "L2J",
    "ml": true
  },
  "c2bdff": {
    "i": "c2bdff",
    "r": "188787",
    "it": "F18H",
    "y": null,
    "m": null,
    "mo": "",
    "o": null,
    "st": "L2J",
    "ml": true
  },
  "c2b067": {
    "i": "c2b067",
    "r": "156116",
    "it": "TEX2",
    "y": null,
    "m": null,
    "mo": "Raytheon CT-156 Harvard II",
    "o": null,
    "st": "L1T",
    "ml": true
  },
  "c2b02b": {
    "i": "c2b02b",
    "r": "156110",
    "it": "TEX2",
    "y": null,
    "m": null,
    "mo": "Raytheon CT-156 Harvard II",
    "o": null,
    "st": "L1T",
    "ml": true
  },
  "c2bb7f": {
    "i": "c2bb7f",
    "r": "147310",
    "it": "H47",
    "y": null,
    "m": null,
    "mo": "",
    "o": null,
    "st": "H2T",
    "ml": true
  },
  "c2bd41": {
    "i": "c2bd41",
    "r": "295515",
    "it": "C295",
    "y": null,
    "m": null,
    "mo": "",
    "o": null,
    "st": "L2T",
    "ml": true
  },
  "c2bd4b": {
    "i": "c2bd4b",
    "r": "295516",
    "it": "C295",
    "y": null,
    "m": null,
    "mo": "",
    "o": null,
    "st": "L2T",
    "ml": true
  },
  "c2b035": {
    "i": "c2b035",
    "r": "156111",
    "it": "TEX2",
    "y": null,
    "m": null,
    "mo": "Raytheon CT-156 Harvard II",
    "o": null,
    "st": "L1T",
    "ml": true
  },
  "c2b05d": {
    "i": "c2b05d",
    "r": "156115",
    "it": "TEX2",
    "y": null,
    "m": null,
    "mo": "Raytheon CT-156 Harvard II",
    "o": null,
    "st": "L1T",
    "ml": true
  },
  "c2b099": {
    "i": "c2b099",
    "r": "156121",
    "it": "TEX2",
    "y": null,
    "m": null,
    "mo": "Raytheon CT-156 Harvard II",
    "o": null,
    "st": "L1T",
    "ml": true
  },
  "c2b0cb": {
    "i": "c2b0cb",
    "r": "156126",
    "it": "TEX2",
    "y": null,
    "m": null,
    "mo": "Raytheon CT-156 Harvard II",
    "o": null,
    "st": "L1T",
    "ml": true
  },
  "c2b00d": {
    "i": "c2b00d",
    "r": "156107",
    "it": "TEX2",
    "y": null,
    "m": null,
    "mo": "Raytheon CT-156 Harvard II",
    "o": null,
    "st": "L1T",
    "ml": true
  },
  "c2b82d": {
    "i": "c2b82d",
    "r": "146467",
    "it": "B412",
    "y": null,
    "m": null,
    "mo": "",
    "o": null,
    "st": "H2T",
    "ml": true
  },
  "c2bedb": {
    "i": "c2bedb",
    "r": "188735",
    "it": "F18H",
    "y": null,
    "m": null,
    "mo": "",
    "o": null,
    "st": "L2J",
    "ml": true
  },
  "c2b017": {
    "i": "c2b017",
    "r": "156108",
    "it": "TEX2",
    "y": null,
    "m": null,
    "mo": "Raytheon CT-156 Harvard II",
    "o": null,
    "st": "L1T",
    "ml": true
  },
  "c2b021": {
    "i": "c2b021",
    "r": "156109",
    "it": "TEX2",
    "y": null,
    "m": null,
    "mo": "Raytheon CT-156 Harvard II",
    "o": null,
    "st": "L1T",
    "ml": true
  },
  "c2b0a3": {
    "i": "c2b0a3",
    "r": "156122",
    "it": "TEX2",
    "y": null,
    "m": null,
    "mo": "Raytheon CT-156 Harvard II",
    "o": null,
    "st": "L1T",
    "ml": true
  },
  "c2af6d": {
    "i": "c2af6d",
    "r": "130335",
    "it": "C130",
    "y": null,
    "m": "LOCKHEED",
    "mo": "C-130 Hercules",
    "o": null,
    "st": "L4T",
    "ml": true
  },
  "c2c363": {
    "i": "c2c363",
    "r": "330002",
    "it": "A332",
    "y": null,
    "m": "AIRBUS",
    "mo": "A330-200",
    "o": null,
    "st": "L2J",
    "ml": true
  },
  "c2b3ff": {
    "i": "c2b3ff",
    "r": "177705",
    "it": "C17",
    "y": null,
    "m": "BOEING",
    "mo": "C-17 Globemaster III",
    "o": null,
    "st": "L4J",
    "ml": true
  },
  "c2b107": {
    "i": "c2b107",
    "r": "149902",
    "it": "EH10",
    "y": null,
    "m": "AGUSTAWESTLAND",
    "mo": "CH-149 CORMORANT",
    "o": "ROYAL CANADIAN AIR FORCE",
    "st": "H3T",
    "ml": true
  },
  "c2b111": {
    "i": "c2b111",
    "r": "149903",
    "it": "EH10",
    "y": null,
    "m": "AGUSTAWESTLAND",
    "mo": "CH-149 CORMORANT",
    "o": "ROYAL CANADIAN AIR FORCE",
    "st": "H3T",
    "ml": true
  },
  "c2b11b": {
    "i": "c2b11b",
    "r": "149904",
    "it": "EH10",
    "y": null,
    "m": "AGUSTAWESTLAND",
    "mo": "CH-149 CORMORANT",
    "o": "ROYAL CANADIAN AIR FORCE",
    "st": "H3T",
    "ml": true
  },
  "c2b125": {
    "i": "c2b125",
    "r": "149905",
    "it": "EH10",
    "y": null,
    "m": "AGUSTAWESTLAND",
    "mo": "CH-149 CORMORANT",
    "o": "ROYAL CANADIAN AIR FORCE",
    "st": "H3T",
    "ml": true
  },
  "c2b12f": {
    "i": "c2b12f",
    "r": "149906",
    "it": "EH10",
    "y": null,
    "m": "AGUSTAWESTLAND",
    "mo": "CH-149 CORMORANT",
    "o": "ROYAL CANADIAN AIR FORCE",
    "st": "H3T",
    "ml": true
  },
  "c2b139": {
    "i": "c2b139",
    "r": "149907",
    "it": "EH10",
    "y": null,
    "m": "AGUSTAWESTLAND",
    "mo": "CH-149 CORMORANT",
    "o": "ROYAL CANADIAN AIR FORCE",
    "st": "H3T",
    "ml": true
  },
  "c2b143": {
    "i": "c2b143",
    "r": "149908",
    "it": "EH10",
    "y": null,
    "m": "AGUSTAWESTLAND",
    "mo": "CH-149 CORMORANT",
    "o": "ROYAL CANADIAN AIR FORCE",
    "st": "H3T",
    "ml": true
  },
  "c2b14d": {
    "i": "c2b14d",
    "r": "149909",
    "it": "EH10",
    "y": null,
    "m": "AGUSTAWESTLAND",
    "mo": "CH-149 CORMORANT",
    "o": "ROYAL CANADIAN AIR FORCE",
    "st": "H3T",
    "ml": true
  },
  "c2b157": {
    "i": "c2b157",
    "r": "149910",
    "it": "EH10",
    "y": null,
    "m": "AGUSTAWESTLAND",
    "mo": "CH-149 CORMORANT",
    "o": "ROYAL CANADIAN AIR FORCE",
    "st": "H3T",
    "ml": true
  },
  "c2b161": {
    "i": "c2b161",
    "r": "149911",
    "it": "EH10",
    "y": null,
    "m": "AGUSTAWESTLAND",
    "mo": "CH-149 CORMORANT",
    "o": "ROYAL CANADIAN AIR FORCE",
    "st": "H3T",
    "ml": true
  },
  "c2b16b": {
    "i": "c2b16b",
    "r": "149912",
    "it": "EH10",
    "y": null,
    "m": "AGUSTAWESTLAND",
    "mo": "CH-149 CORMORANT",
    "o": "ROYAL CANADIAN AIR FORCE",
    "st": "H3T",
    "ml": true
  },
  "c2b175": {
    "i": "c2b175",
    "r": "149913",
    "it": "EH10",
    "y": null,
    "m": "AGUSTAWESTLAND",
    "mo": "CH-149 CORMORANT",
    "o": "ROYAL CANADIAN AIR FORCE",
    "st": "H3T",
    "ml": true
  },
  "c2b17f": {
    "i": "c2b17f",
    "r": "149914",
    "it": "EH10",
    "y": null,
    "m": "AGUSTAWESTLAND",
    "mo": "CH-149 CORMORANT",
    "o": "ROYAL CANADIAN AIR FORCE",
    "st": "H3T",
    "ml": true
  },
  "c2b189": {
    "i": "c2b189",
    "r": "149915",
    "it": "EH10",
    "y": null,
    "m": "AGUSTAWESTLAND",
    "mo": "CH-149 CORMORANT",
    "o": "ROYAL CANADIAN AIR FORCE",
    "st": "H3T",
    "ml": true
  },
  "c2b1a7": {
    "i": "c2b1a7",
    "r": "140101",
    "it": "P3",
    "y": null,
    "m": "LOCKHEED",
    "mo": "P-3 Orion",
    "o": null,
    "st": "L4T",
    "ml": true
  },
  "c2b2e7": {
    "i": "c2b2e7",
    "r": "142805",
    "it": "DH8A",
    "y": null,
    "m": "DE HAVILLAND",
    "mo": "DHC-8-100 Dash 8",
    "o": null,
    "st": "L2T",
    "ml": true
  },
  "c2b2dd": {
    "i": "c2b2dd",
    "r": "142804",
    "it": "DH8A",
    "y": null,
    "m": "DE HAVILLAND",
    "mo": "DHC-8-100 Dash 8",
    "o": null,
    "st": "L2T",
    "ml": true
  },
  "c2b2d3": {
    "i": "c2b2d3",
    "r": "142803",
    "it": "DH8A",
    "y": null,
    "m": "DE HAVILLAND",
    "mo": "DHC-8-100 Dash 8",
    "o": null,
    "st": "L2T",
    "ml": true
  },
  "c2b369": {
    "i": "c2b369",
    "r": "144617",
    "it": "CL60",
    "y": null,
    "m": "BOMBARDIER",
    "mo": "CL-600 Challenger",
    "o": null,
    "st": "L2J",
    "ml": true
  },
  "c2c1f1": {
    "i": "c2c1f1",
    "r": "144619",
    "it": "CL60",
    "y": null,
    "m": "BOMBARDIER",
    "mo": "CL-600 Challenger",
    "o": null,
    "st": "L2J",
    "ml": true
  },
  "c2b0fd": {
    "i": "c2b0fd",
    "r": "149901",
    "it": "EH10",
    "y": null,
    "m": "AGUSTAWESTLAND",
    "mo": "CH-149 CORMORANT",
    "o": "ROYAL CANADIAN AIR FORCE",
    "st": "H3T",
    "ml": true
  },
  "c2af81": {
    "i": "c2af81",
    "r": "130337",
    "it": "C130",
    "y": null,
    "m": "LOCKHEED",
    "mo": "CC-130H HERCULES",
    "o": "ROYAL CANADIAN AIR FORCE",
    "st": "L4T",
    "ml": true
  },
  "c2af8b": {
    "i": "c2af8b",
    "r": "130338",
    "it": "C130",
    "y": null,
    "m": "LOCKHEED",
    "mo": "CC-130H(T) HERCULES",
    "o": "ROYAL CANADIAN AIR FORCE",
    "st": "L4T",
    "ml": true
  },
  "c2af27": {
    "i": "c2af27",
    "r": "130339",
    "it": "C130",
    "y": null,
    "m": "LOCKHEED",
    "mo": "CC-130H(T) HERCULES",
    "o": "ROYAL CANADIAN AIR FORCE",
    "st": "L4T",
    "ml": true
  },
  "c2afbd": {
    "i": "c2afbd",
    "r": "130344",
    "it": "C130",
    "y": null,
    "m": "LOCKHEED",
    "mo": "CC-130H HERCULES",
    "o": "ROYAL CANADIAN AIR FORCE",
    "st": "L4T",
    "ml": true
  },
  "c2afb3": {
    "i": "c2afb3",
    "r": "130343",
    "it": "C130",
    "y": null,
    "m": "LOCKHEED",
    "mo": "CC-130H HERCULES",
    "o": "ROYAL CANADIAN AIR FORCE",
    "st": "L4T",
    "ml": true
  },
  "c2af95": {
    "i": "c2af95",
    "r": "130340",
    "it": "C130",
    "y": null,
    "m": "LOCKHEED",
    "mo": "CC-130H(T) HERCULES",
    "o": "ROYAL CANADIAN AIR FORCE",
    "st": "L4T",
    "ml": true
  },
  "c2c223": {
    "i": "c2c223",
    "r": "114032",
    "it": "CL41",
    "y": null,
    "m": "Canadair",
    "mo": "CT-114 Tutor",
    "o": "Royal Canadian Air Force",
    "st": "L2J",
    "ml": true
  },
  "c2b517": {
    "i": "c2b517",
    "r": "148801",
    "it": "S92",
    "y": null,
    "m": "SIKORSKY",
    "mo": "CH-148 CYCLONE",
    "o": "ROYAL CANADIAN AIR FORCE",
    "st": "H2T",
    "ml": true
  },
  "c2b413": {
    "i": "c2b413",
    "r": "148803",
    "it": "S92",
    "y": null,
    "m": "SIKORSKY",
    "mo": "CH-148 CYCLONE",
    "o": "ROYAL CANADIAN AIR FORCE",
    "st": "H2T",
    "ml": true
  },
  "c2b41d": {
    "i": "c2b41d",
    "r": "148804",
    "it": "S92",
    "y": null,
    "m": "SIKORSKY",
    "mo": "CH-148 CYCLONE",
    "o": "ROYAL CANADIAN AIR FORCE",
    "st": "H2T",
    "ml": true
  },
  "c2b43b": {
    "i": "c2b43b",
    "r": "148807",
    "it": "S92",
    "y": null,
    "m": "SIKORSKY",
    "mo": "CH-148 CYCLONE",
    "o": "ROYAL CANADIAN AIR FORCE",
    "st": "H2T",
    "ml": true
  },
  "c2b427": {
    "i": "c2b427",
    "r": "148805",
    "it": "S92",
    "y": null,
    "m": "Sikorsky",
    "mo": "CH-148 Cyclone",
    "o": "Royal Canadian Air Force",
    "st": "H2T",
    "ml": true
  },
  "c2b431": {
    "i": "c2b431",
    "r": "148806",
    "it": "S92",
    "y": null,
    "m": "Sikorsky",
    "mo": "CH-148 Cyclone",
    "o": "Royal Canadian Air Force",
    "st": "H2T",
    "ml": true
  },
  "c2b445": {
    "i": "c2b445",
    "r": "148808",
    "it": "S92",
    "y": null,
    "m": "SIKORSKY",
    "mo": "CH-148 CYCLONE",
    "o": "ROYAL CANADIAN AIR FORCE",
    "st": "H2T",
    "ml": true
  },
  "c2b44f": {
    "i": "c2b44f",
    "r": "148809",
    "it": "S92",
    "y": null,
    "m": "Sikorsky",
    "mo": "CH-148 Cyclone",
    "o": "Royal Canadian Air Force",
    "st": "H2T",
    "ml": true
  },
  "c2b459": {
    "i": "c2b459",
    "r": "148810",
    "it": "S92",
    "y": null,
    "m": "SIKORSKY",
    "mo": "CH-148 CYCLONE",
    "o": "ROYAL CANADIAN AIR FORCE",
    "st": "H2T",
    "ml": true
  },
  "c2b463": {
    "i": "c2b463",
    "r": "148811",
    "it": "S92",
    "y": null,
    "m": "SIKORSKY",
    "mo": "CH-148 CYCLONE",
    "o": "ROYAL CANADIAN AIR FORCE",
    "st": "H2T",
    "ml": true
  },
  "c2b46d": {
    "i": "c2b46d",
    "r": "148812",
    "it": "S92",
    "y": null,
    "m": "SIKORSKY",
    "mo": "CH-148 CYCLONE",
    "o": "ROYAL CANADIAN AIR FORCE",
    "st": "H2T",
    "ml": true
  },
  "c2b373": {
    "i": "c2b373",
    "r": "144618",
    "it": "CL60",
    "y": null,
    "m": "BOMBARDIER",
    "mo": "CL-600 Challenger",
    "o": null,
    "st": "L2J",
    "ml": true
  },
  "c2af4f": {
    "i": "c2af4f",
    "r": "130332",
    "it": "C130",
    "y": null,
    "m": "LOCKHEED",
    "mo": "C-130 Hercules",
    "o": null,
    "st": "L4T",
    "ml": true
  },
  "c2af59": {
    "i": "c2af59",
    "r": "130333",
    "it": "C130",
    "y": null,
    "m": "LOCKHEED",
    "mo": "C-130 Hercules",
    "o": null,
    "st": "L4T",
    "ml": true
  },
  "c2af63": {
    "i": "c2af63",
    "r": "130334",
    "it": "C130",
    "y": null,
    "m": "LOCKHEED",
    "mo": "C-130 Hercules",
    "o": null,
    "st": "L4T",
    "ml": true
  },
  "c2b477": {
    "i": "c2b477",
    "r": "148813",
    "it": "S92",
    "y": null,
    "m": "SIKORSKY",
    "mo": "CH-148 CYCLONE",
    "o": "ROYAL CANADIAN AIR FORCE",
    "st": "H2T",
    "ml": true
  },
  "c2b481": {
    "i": "c2b481",
    "r": "148814",
    "it": "S92",
    "y": null,
    "m": "SIKORSKY",
    "mo": "CH-148 CYCLONE",
    "o": "ROYAL CANADIAN AIR FORCE",
    "st": "H2T",
    "ml": true
  },
  "c2b48b": {
    "i": "c2b48b",
    "r": "148815",
    "it": "S92",
    "y": null,
    "m": "SIKORSKY",
    "mo": "CH-148 CYCLONE",
    "o": "ROYAL CANADIAN AIR FORCE",
    "st": "H2T",
    "ml": true
  },
  "c2b49f": {
    "i": "c2b49f",
    "r": "148817",
    "it": "S92",
    "y": null,
    "m": "SIKORSKY",
    "mo": "CH-148 CYCLONE",
    "o": "ROYAL CANADIAN AIR FORCE",
    "st": "H2T",
    "ml": true
  },
  "c2b4a9": {
    "i": "c2b4a9",
    "r": "148818",
    "it": "S92",
    "y": null,
    "m": "SIKORSKY",
    "mo": "CH-148 CYCLONE",
    "o": "ROYAL CANADIAN AIR FORCE",
    "st": "H2T",
    "ml": true
  },
  "c2b4b3": {
    "i": "c2b4b3",
    "r": "148819",
    "it": "S92",
    "y": null,
    "m": "SIKORSKY",
    "mo": "CH-148 CYCLONE",
    "o": "ROYAL CANADIAN AIR FORCE",
    "st": "H2T",
    "ml": true
  },
  "c2b4bd": {
    "i": "c2b4bd",
    "r": "148820",
    "it": "S92",
    "y": null,
    "m": "SIKORSKY",
    "mo": "CH-148 CYCLONE",
    "o": "ROYAL CANADIAN AIR FORCE",
    "st": "H2T",
    "ml": true
  },
  "c2b4c7": {
    "i": "c2b4c7",
    "r": "148821",
    "it": "S92",
    "y": null,
    "m": "SIKORSKY",
    "mo": "CH-148 CYCLONE",
    "o": "ROYAL CANADIAN AIR FORCE",
    "st": "H2T",
    "ml": true
  },
  "c2b4db": {
    "i": "c2b4db",
    "r": "148823",
    "it": "S92",
    "y": null,
    "m": "SIKORSKY",
    "mo": "CH-148 CYCLONE",
    "o": "ROYAL CANADIAN AIR FORCE",
    "st": "H2T",
    "ml": true
  },
  "c2b4e5": {
    "i": "c2b4e5",
    "r": "148824",
    "it": "S92",
    "y": null,
    "m": "SIKORSKY",
    "mo": "CH-148 CYCLONE",
    "o": "ROYAL CANADIAN AIR FORCE",
    "st": "H2T",
    "ml": true
  },
  "c2b4ef": {
    "i": "c2b4ef",
    "r": "148825",
    "it": "S92",
    "y": null,
    "m": "SIKORSKY",
    "mo": "CH-148 CYCLONE",
    "o": "ROYAL CANADIAN AIR FORCE",
    "st": "H2T",
    "ml": true
  },
  "c2b50d": {
    "i": "c2b50d",
    "r": "148828",
    "it": "S92",
    "y": null,
    "m": "SIKORSKY",
    "mo": "CH-148 CYCLONE",
    "o": "ROYAL CANADIAN AIR FORCE",
    "st": "H2T",
    "ml": true
  },
  "c2b4f9": {
    "i": "c2b4f9",
    "r": "148826",
    "it": "S92",
    "y": null,
    "m": "SIKORSKY",
    "mo": "CH-148 CYCLONE",
    "o": "ROYAL CANADIAN AIR FORCE",
    "st": "H2T",
    "ml": true
  },
  "c2b495": {
    "i": "c2b495",
    "r": "148816",
    "it": "S92",
    "y": null,
    "m": "Sikorsky",
    "mo": "CH-148 Cyclone",
    "o": "Royal Canadian Air Force",
    "st": "H2T",
    "ml": true
  },
  "c2b215": {
    "i": "c2b215",
    "r": "140112",
    "it": "P3",
    "y": null,
    "m": "LOCKHEED",
    "mo": "CP-140M AURORA",
    "o": "ROYAL CANADIAN AIR FORCE",
    "st": "L4T",
    "ml": true
  },
  "c2b21f": {
    "i": "c2b21f",
    "r": "140113",
    "it": "P3",
    "y": null,
    "m": "LOCKHEED",
    "mo": "CP-140M AURORA",
    "o": "ROYAL CANADIAN AIR FORCE",
    "st": "L4T",
    "ml": true
  },
  "c2b229": {
    "i": "c2b229",
    "r": "140114",
    "it": "P3",
    "y": null,
    "m": "LOCKHEED",
    "mo": "CP-140M AURORA",
    "o": "ROYAL CANADIAN AIR FORCE",
    "st": "L4T",
    "ml": true
  },
  "c2b23d": {
    "i": "c2b23d",
    "r": "140116",
    "it": "P3",
    "y": null,
    "m": "LOCKHEED",
    "mo": "CP-140M AURORA",
    "o": "ROYAL CANADIAN AIR FORCE",
    "st": "L4T",
    "ml": true
  },
  "c2b251": {
    "i": "c2b251",
    "r": "140118",
    "it": "P3",
    "y": null,
    "m": "LOCKHEED",
    "mo": "CP-140M AURORA",
    "o": "ROYAL CANADIAN AIR FORCE",
    "st": "L4T",
    "ml": true
  },
  "c2b355": {
    "i": "c2b355",
    "r": "15001",
    "it": "A310",
    "y": null,
    "m": "AIRBUS",
    "mo": "CC-150 POLARIS",
    "o": "ROYAL CANADIAN AIR FORCE",
    "st": "L2J",
    "ml": true
  },
  "c2b35f": {
    "i": "c2b35f",
    "r": "15002",
    "it": "A310",
    "y": null,
    "m": "AIRBUS",
    "mo": "CC-150 POLARIS",
    "o": "ROYAL CANADIAN AIR FORCE",
    "st": "L2J",
    "ml": true
  },
  "c2b3b9": {
    "i": "c2b3b9",
    "r": "15003",
    "it": "A310",
    "y": null,
    "m": "AIRBUS",
    "mo": "CC-150 POLARIS",
    "o": "ROYAL CANADIAN AIR FORCE",
    "st": "L2J",
    "ml": true
  },
  "c2b37d": {
    "i": "c2b37d",
    "r": "15005",
    "it": "A310",
    "y": null,
    "m": "AIRBUS",
    "mo": "CC-150(T) POLARIS",
    "o": "ROYAL CANADIAN AIR FORCE",
    "st": "L2J",
    "ml": true
  },
  "c2b52b": {
    "i": "c2b52b",
    "r": "130601",
    "it": "C30J",
    "y": null,
    "m": "LOCKHEED",
    "mo": "CC-130J HERCULES",
    "o": "ROYAL CANADIAN AIR FORCE",
    "st": "L4T",
    "ml": true
  },
  "c2b535": {
    "i": "c2b535",
    "r": "130602",
    "it": "C30J",
    "y": null,
    "m": "LOCKHEED",
    "mo": "CC-130J HERCULES",
    "o": "ROYAL CANADIAN AIR FORCE",
    "st": "L4T",
    "ml": true
  },
  "c2b549": {
    "i": "c2b549",
    "r": "130604",
    "it": "C30J",
    "y": null,
    "m": "LOCKHEED",
    "mo": "CC-130J HERCULES",
    "o": "ROYAL CANADIAN AIR FORCE",
    "st": "L4T",
    "ml": true
  },
  "c2b553": {
    "i": "c2b553",
    "r": "130605",
    "it": "C30J",
    "y": null,
    "m": "LOCKHEED",
    "mo": "CC-130J HERCULES",
    "o": "ROYAL CANADIAN AIR FORCE",
    "st": "L4T",
    "ml": true
  },
  "c2b1ed": {
    "i": "c2b1ed",
    "r": "140108",
    "it": "P3",
    "y": null,
    "m": "LOCKHEED",
    "mo": "P-3 Orion",
    "o": null,
    "st": "L4T",
    "ml": true
  },
  "c2b3c3": {
    "i": "c2b3c3",
    "r": "15004",
    "it": "A310",
    "y": null,
    "m": "AIRBUS",
    "mo": "CC-150 Polaris",
    "o": null,
    "st": "L2J",
    "ml": true
  },
  "c2b585": {
    "i": "c2b585",
    "r": "130610",
    "it": "C30J",
    "y": null,
    "m": "LOCKHEED",
    "mo": "CC-130J HERCULES",
    "o": "ROYAL CANADIAN AIR FORCE",
    "st": "L4T",
    "ml": true
  },
  "c2b571": {
    "i": "c2b571",
    "r": "130608",
    "it": "C30J",
    "y": null,
    "m": "LOCKHEED MARTIN",
    "mo": "C-130J Super Hercules",
    "o": null,
    "st": "L4T",
    "ml": true
  },
  "c2b599": {
    "i": "c2b599",
    "r": "130612",
    "it": "C30J",
    "y": null,
    "m": "LOCKHEED",
    "mo": "CC-130J HERCULES",
    "o": "ROYAL CANADIAN AIR FORCE",
    "st": "L4T",
    "ml": true
  },
  "c2b5a3": {
    "i": "c2b5a3",
    "r": "130613",
    "it": "C30J",
    "y": null,
    "m": "LOCKHEED",
    "mo": "CC-130J HERCULES",
    "o": "ROYAL CANADIAN AIR FORCE",
    "st": "L4T",
    "ml": true
  },
  "c2b5ad": {
    "i": "c2b5ad",
    "r": "130614",
    "it": "C30J",
    "y": null,
    "m": "LOCKHEED",
    "mo": "CC-130J HERCULES",
    "o": "ROYAL CANADIAN AIR FORCE",
    "st": "L4T",
    "ml": true
  },
  "c2b5b7": {
    "i": "c2b5b7",
    "r": "130615",
    "it": "C30J",
    "y": null,
    "m": "LOCKHEED",
    "mo": "CC-130J HERCULES",
    "o": "ROYAL CANADIAN AIR FORCE",
    "st": "L4T",
    "ml": true
  },
  "c2b5c1": {
    "i": "c2b5c1",
    "r": "130616",
    "it": "C30J",
    "y": null,
    "m": "LOCKHEED",
    "mo": "CC-130J HERCULES",
    "o": "ROYAL CANADIAN AIR FORCE",
    "st": "L4T",
    "ml": true
  },
  "c2b5cb": {
    "i": "c2b5cb",
    "r": "130617",
    "it": "C30J",
    "y": null,
    "m": "LOCKHEED",
    "mo": "CC-130J HERCULES",
    "o": "ROYAL CANADIAN AIR FORCE",
    "st": "L4T",
    "ml": true
  },
  "c2bb25": {
    "i": "c2bb25",
    "r": "147301",
    "it": "H47",
    "y": null,
    "m": "BOEING",
    "mo": "CH-147F CHINOOK",
    "o": "ROYAL CANADIAN AIR FORCE",
    "st": "H2T",
    "ml": true
  },
  "c2bb2f": {
    "i": "c2bb2f",
    "r": "147302",
    "it": "H47",
    "y": null,
    "m": "BOEING",
    "mo": "CH-147F CHINOOK",
    "o": "ROYAL CANADIAN AIR FORCE",
    "st": "H2T",
    "ml": true
  },
  "c2bb39": {
    "i": "c2bb39",
    "r": "147303",
    "it": "H47",
    "y": null,
    "m": "BOEING",
    "mo": "CH-147F CHINOOK",
    "o": "ROYAL CANADIAN AIR FORCE",
    "st": "H2T",
    "ml": true
  },
  "c2b20b": {
    "i": "c2b20b",
    "r": "140111",
    "it": "P3",
    "y": null,
    "m": "LOCKHEED",
    "mo": "P-3 Orion",
    "o": null,
    "st": "L4T",
    "ml": true
  },
  "c2b247": {
    "i": "c2b247",
    "r": "140117",
    "it": "P3",
    "y": null,
    "m": "LOCKHEED",
    "mo": "P-3 Orion",
    "o": null,
    "st": "L4T",
    "ml": true
  },
  "c2b233": {
    "i": "c2b233",
    "r": "140115",
    "it": "P3",
    "y": null,
    "m": "LOCKHEED",
    "mo": "P-3 Orion",
    "o": null,
    "st": "L4T",
    "ml": true
  },
  "c2c1fb": {
    "i": "c2c1fb",
    "r": "144620",
    "it": "CL60",
    "y": null,
    "m": "BOMBARDIER",
    "mo": "CL-600 Challenger",
    "o": null,
    "st": "L2J",
    "ml": true
  },
  "c2b567": {
    "i": "c2b567",
    "r": "130607",
    "it": "C30J",
    "y": null,
    "m": "LOCKHEED",
    "mo": "C-130J Super Hercules",
    "o": null,
    "st": "L4T",
    "ml": true
  },
  "c2b55d": {
    "i": "c2b55d",
    "r": "130606",
    "it": "C30J",
    "y": null,
    "m": "LOCKHEED",
    "mo": "C-130J Super Hercules",
    "o": null,
    "st": "L4T",
    "ml": true
  },
  "c2b1cf": {
    "i": "c2b1cf",
    "r": "140105",
    "it": "P3",
    "y": null,
    "m": "LOCKHEED",
    "mo": "P-3 Orion",
    "o": null,
    "st": "L4T",
    "ml": true
  },
  "c2b1c5": {
    "i": "c2b1c5",
    "r": "140104",
    "it": "P3",
    "y": null,
    "m": "LOCKHEED",
    "mo": "P-3 Orion",
    "o": null,
    "st": "L4T",
    "ml": true
  },
  "c2b1bb": {
    "i": "c2b1bb",
    "r": "140103",
    "it": "P3",
    "y": null,
    "m": "LOCKHEED",
    "mo": "P-3 Orion",
    "o": null,
    "st": "L4T",
    "ml": true
  },
  "c2bb43": {
    "i": "c2bb43",
    "r": "147304",
    "it": "H47",
    "y": null,
    "m": "BOEING",
    "mo": "CH-147F CHINOOK",
    "o": "ROYAL CANADIAN AIR FORCE",
    "st": "H2T",
    "ml": true
  },
  "c2bb4d": {
    "i": "c2bb4d",
    "r": "147305",
    "it": "H47",
    "y": null,
    "m": "BOEING",
    "mo": "CH-147F CHINOOK",
    "o": "ROYAL CANADIAN AIR FORCE",
    "st": "H2T",
    "ml": true
  },
  "c2bb57": {
    "i": "c2bb57",
    "r": "147306",
    "it": "H47",
    "y": null,
    "m": "BOEING",
    "mo": "CH-147F CHINOOK",
    "o": "ROYAL CANADIAN AIR FORCE",
    "st": "H2T",
    "ml": true
  },
  "c2bb61": {
    "i": "c2bb61",
    "r": "147307",
    "it": "H47",
    "y": null,
    "m": "BOEING",
    "mo": "CH-147F CHINOOK",
    "o": "ROYAL CANADIAN AIR FORCE",
    "st": "H2T",
    "ml": true
  },
  "c2bb6b": {
    "i": "c2bb6b",
    "r": "147308",
    "it": "H47",
    "y": null,
    "m": "BOEING",
    "mo": "CH-147F CHINOOK",
    "o": "ROYAL CANADIAN AIR FORCE",
    "st": "H2T",
    "ml": true
  },
  "c2bb75": {
    "i": "c2bb75",
    "r": "147309",
    "it": "H47",
    "y": null,
    "m": "BOEING",
    "mo": "CH-147F CHINOOK",
    "o": "ROYAL CANADIAN AIR FORCE",
    "st": "H2T",
    "ml": true
  },
  "c2bb89": {
    "i": "c2bb89",
    "r": "147311",
    "it": "H47",
    "y": null,
    "m": "BOEING",
    "mo": "CH-147F CHINOOK",
    "o": "ROYAL CANADIAN AIR FORCE",
    "st": "H2T",
    "ml": true
  },
  "c2bb93": {
    "i": "c2bb93",
    "r": "147312",
    "it": "H47",
    "y": null,
    "m": "BOEING",
    "mo": "CH-147F CHINOOK",
    "o": "ROYAL CANADIAN AIR FORCE",
    "st": "H2T",
    "ml": true
  },
  "c2bb9d": {
    "i": "c2bb9d",
    "r": "147313",
    "it": "H47",
    "y": null,
    "m": "BOEING",
    "mo": "CH-147F CHINOOK",
    "o": "ROYAL CANADIAN AIR FORCE",
    "st": "H2T",
    "ml": true
  },
  "c2bba7": {
    "i": "c2bba7",
    "r": "147314",
    "it": "H47",
    "y": null,
    "m": "BOEING",
    "mo": "CH-147F CHINOOK",
    "o": "ROYAL CANADIAN AIR FORCE",
    "st": "H2T",
    "ml": true
  },
  "c2bbb1": {
    "i": "c2bbb1",
    "r": "147315",
    "it": "H47",
    "y": null,
    "m": "BOEING",
    "mo": "CH-147F CHINOOK",
    "o": "ROYAL CANADIAN AIR FORCE",
    "st": "H2T",
    "ml": true
  },
  "c2c237": {
    "i": "c2c237",
    "r": "114042",
    "it": "CL41",
    "y": null,
    "m": "CANADAIR",
    "mo": "CT-114 Tutor",
    "o": null,
    "st": "L2J",
    "ml": true
  },
  "c2b3f5": {
    "i": "c2b3f5",
    "r": "177704",
    "it": "C17",
    "y": null,
    "m": "BOEING",
    "mo": "C-17 Globemaster III",
    "o": null,
    "st": "L4J",
    "ml": true
  },
  "c2b3eb": {
    "i": "c2b3eb",
    "r": "177703",
    "it": "C17",
    "y": null,
    "m": "BOEING",
    "mo": "C-17 Globemaster III",
    "o": null,
    "st": "L4J",
    "ml": true
  },
  "c2afc7": {
    "i": "c2afc7",
    "r": "177702",
    "it": "C17",
    "y": null,
    "m": "BOEING",
    "mo": "C-17 Globemaster III",
    "o": null,
    "st": "L4J",
    "ml": true
  },
  "c2b3d7": {
    "i": "c2b3d7",
    "r": "177701",
    "it": "C17",
    "y": null,
    "m": "BOEING",
    "mo": "C-17 Globemaster III",
    "o": null,
    "st": "L4J",
    "ml": true
  },
  "c2c313": {
    "i": "c2c313",
    "r": "145405",
    "it": "B350",
    "y": null,
    "m": "BEECHCRAFT",
    "mo": "Super King Air 350",
    "o": null,
    "st": "L2T",
    "ml": true
  },
  "c2bffd": {
    "i": "c2bffd",
    "r": "188782",
    "it": "F18H",
    "y": null,
    "m": "MCDONNELL DOUGLAS",
    "mo": "CF-188 HORNET",
    "o": "ROYAL CANADIAN AIR FORCE",
    "st": "L2J",
    "ml": true
  },
  "c2c093": {
    "i": "c2c093",
    "r": "188742",
    "it": "F18H",
    "y": null,
    "m": "McDonnell Douglas",
    "mo": "CF-188 Hornet",
    "o": "ROYAL CANADIAN AIR FORCE",
    "st": "L2J",
    "ml": true
  },
  "c2bce7": {
    "i": "c2bce7",
    "r": "295506",
    "it": "C295",
    "y": null,
    "m": "CASA",
    "mo": "C-295",
    "o": null,
    "st": "L2T",
    "ml": true
  },
  "c2c309": {
    "i": "c2c309",
    "r": "145404",
    "it": "B350",
    "y": null,
    "m": "BEECHCRAFT",
    "mo": "Super King Air 350",
    "o": null,
    "st": "L2T",
    "ml": true
  },
  "c2c31d": {
    "i": "c2c31d",
    "r": "145407",
    "it": "B350",
    "y": null,
    "m": "BEECHCRAFT",
    "mo": "Super King Air 350",
    "o": null,
    "st": "L2T",
    "ml": true
  },
  "c2b2f1": {
    "i": "c2b2f1",
    "r": "142806",
    "it": "DH8A",
    "y": null,
    "m": "DE HAVILLAND",
    "mo": "DHC-8-100 Dash 8",
    "o": null,
    "st": "L2T",
    "ml": true
  },
  "c2bcb5": {
    "i": "c2bcb5",
    "r": "295502",
    "it": "C295",
    "y": null,
    "m": "CASA",
    "mo": "C-295",
    "o": null,
    "st": "L2T",
    "ml": true
  },
  "c2bcd3": {
    "i": "c2bcd3",
    "r": "295504",
    "it": "C295",
    "y": null,
    "m": "CASA",
    "mo": "C-295",
    "o": null,
    "st": "L2T",
    "ml": true
  },
  "c2bcdd": {
    "i": "c2bcdd",
    "r": "295505",
    "it": "C295",
    "y": null,
    "m": "CASA",
    "mo": "C-295",
    "o": null,
    "st": "L2T",
    "ml": true
  },
  "c2bf3f": {
    "i": "c2bf3f",
    "r": null,
    "it": "F18H",
    "y": null,
    "m": "MCDONNELL DOUGLAS",
    "mo": "F/A-18 Hornet",
    "o": null,
    "st": "L2J",
    "ml": true
  },
  "c2c269": {
    "i": "c2c269",
    "r": "114131",
    "it": "CL41",
    "y": null,
    "m": "CANADAIR",
    "mo": "CT-114 Tutor",
    "o": null,
    "st": "L2J",
    "ml": true
  },
  "c2c255": {
    "i": "c2c255",
    "r": "114054",
    "it": "CL41",
    "y": null,
    "m": "CANADAIR",
    "mo": "Tutor",
    "o": null,
    "st": "L1J",
    "ml": true
  },
  "c2c20f": {
    "i": "c2c20f",
    "r": "114009",
    "it": "CL41",
    "y": null,
    "m": "CANADAIR",
    "mo": "Tutor",
    "o": null,
    "st": "L1J",
    "ml": true
  },
  "c2c219": {
    "i": "c2c219",
    "r": "114013",
    "it": "CL41",
    "y": null,
    "m": "CANADAIR",
    "mo": "Tutor",
    "o": null,
    "st": "L1J",
    "ml": true
  },
  "c2c22d": {
    "i": "c2c22d",
    "r": "114033",
    "it": "CL41",
    "y": null,
    "m": "CANADAIR",
    "mo": "Tutor",
    "o": null,
    "st": "L1J",
    "ml": true
  },
  "c2c241": {
    "i": "c2c241",
    "r": "114050",
    "it": "CL41",
    "y": null,
    "m": "CANADAIR",
    "mo": "Tutor",
    "o": null,
    "st": "L1J",
    "ml": true
  },
  "c2c24b": {
    "i": "c2c24b",
    "r": "114051",
    "it": "CL41",
    "y": null,
    "m": "CANADAIR",
    "mo": "Tutor",
    "o": null,
    "st": "L1J",
    "ml": true
  },
  "c2c25f": {
    "i": "c2c25f",
    "r": "114058",
    "it": "CL41",
    "y": null,
    "m": "CANADAIR",
    "mo": "Tutor",
    "o": null,
    "st": "L1J",
    "ml": true
  },
  "c2c273": {
    "i": "c2c273",
    "r": "114089",
    "it": "CL41",
    "y": null,
    "m": "CANADAIR",
    "mo": "Tutor",
    "o": null,
    "st": "L1J",
    "ml": true
  },
  "c2c27d": {
    "i": "c2c27d",
    "r": "114090",
    "it": "CL41",
    "y": null,
    "m": "CANADAIR",
    "mo": "Tutor",
    "o": null,
    "st": "L1J",
    "ml": true
  },
  "c2c287": {
    "i": "c2c287",
    "r": "114096",
    "it": "CL41",
    "y": null,
    "m": "CANADAIR",
    "mo": "Tutor",
    "o": null,
    "st": "L1J",
    "ml": true
  },
  "c2c291": {
    "i": "c2c291",
    "r": "114131",
    "it": "CL41",
    "y": null,
    "m": "CANADAIR",
    "mo": "Tutor",
    "o": null,
    "st": "L1J",
    "ml": true
  },
  "c2c29b": {
    "i": "c2c29b",
    "r": "114141",
    "it": "CL41",
    "y": null,
    "m": "CANADAIR",
    "mo": "Tutor",
    "o": null,
    "st": "L1J",
    "ml": true
  },
  "c2c2a5": {
    "i": "c2c2a5",
    "r": "114146",
    "it": "CL41",
    "y": null,
    "m": "CANADAIR",
    "mo": "Tutor",
    "o": null,
    "st": "L1J",
    "ml": true
  },
  "c2c2af": {
    "i": "c2c2af",
    "r": "114149",
    "it": "CL41",
    "y": null,
    "m": "CANADAIR",
    "mo": "Tutor",
    "o": null,
    "st": "L1J",
    "ml": true
  },
  "c2bf2b": {
    "i": "c2bf2b",
    "r": "188770",
    "it": "F18H",
    "y": null,
    "m": "MCDONNELL DOUGLAS",
    "mo": "F/A-18 Hornet",
    "o": null,
    "st": "L2J",
    "ml": true
  },
  "c2bfd5": {
    "i": "c2bfd5",
    "r": "188763",
    "it": "F18H",
    "y": null,
    "m": "MCDONNELL DOUGLAS",
    "mo": "F/A-18 Hornet",
    "o": null,
    "st": "L2J",
    "ml": true
  },
  "c2bdcd": {
    "i": "c2bdcd",
    "r": "188759",
    "it": "F18H",
    "y": null,
    "m": "MCDONNELL DOUGLAS",
    "mo": "F/A-18 Super Hornet",
    "o": null,
    "st": "L2J",
    "ml": true
  },
  "c2c377": {
    "i": "c2c377",
    "r": "330004",
    "it": "A332",
    "y": null,
    "m": "AIRBUS",
    "mo": "A330-200",
    "o": null,
    "st": "L2J",
    "ml": true
  },
  "c2b323": {
    "i": "c2b323",
    "r": "13803",
    "it": "DHC6",
    "y": null,
    "m": "DE HAVILLAND",
    "mo": "CC-138 Twin Otter",
    "o": null,
    "st": "L2T",
    "ml": true
  },
  "c2b201": {
    "i": "c2b201",
    "r": "140110",
    "it": "P3",
    "y": null,
    "m": "LOCKHEED",
    "mo": "P-3 Orion",
    "o": null,
    "st": "L4T",
    "ml": true
  },
  "c2c36d": {
    "i": "c2c36d",
    "r": "330003",
    "it": "A332",
    "y": null,
    "m": "AIRBUS",
    "mo": "A330-200",
    "o": null,
    "st": "L2J",
    "ml": true
  },
  "c2c007": {
    "i": "c2c007",
    "r": "188783",
    "it": "F18H",
    "y": null,
    "m": "MCDONNELL DOUGLAS",
    "mo": "F/A-18 Hornet",
    "o": null,
    "st": "L2J",
    "ml": true
  },
  "c2b58f": {
    "i": "c2b58f",
    "r": "130611",
    "it": "C30J",
    "y": null,
    "m": "LOCKHEED",
    "mo": "C-130J Super Hercules",
    "o": null,
    "st": "L4T",
    "ml": true
  },
  "c2b503": {
    "i": "c2b503",
    "r": "148827",
    "it": "S92",
    "y": null,
    "m": "SIKORSKY",
    "mo": "S-92 Helibus",
    "o": null,
    "st": "H2T",
    "ml": true
  },
  "c2c09d": {
    "i": "c2c09d",
    "r": null,
    "it": "F18H",
    "y": null,
    "m": "MCDONNELL DOUGLAS",
    "mo": "F/A-18 Hornet",
    "o": null,
    "st": "L2J",
    "ml": true
  },
  "c2b57b": {
    "i": "c2b57b",
    "r": "130609",
    "it": "C30J",
    "y": null,
    "m": "LOCKHEED MARTIN",
    "mo": "C-130J Super Hercules",
    "o": null,
    "st": "L4T",
    "ml": true
  },
  "c2bf8f": {
    "i": "c2bf8f",
    "r": null,
    "it": "F18H",
    "y": null,
    "m": "MCDONNELL DOUGLAS",
    "mo": "F/A-18 Hornet",
    "o": null,
    "st": "L2J",
    "ml": true
  },
  "c2b53f": {
    "i": "c2b53f",
    "r": "130603",
    "it": "C30J",
    "y": null,
    "m": "LOCKHEED MARTIN",
    "mo": "C-130J Super Hercules",
    "o": null,
    "st": "L4T",
    "ml": true
  },
  "c2af77": {
    "i": "c2af77",
    "r": "130336",
    "it": "C130",
    "y": null,
    "m": "LOCKHEED",
    "mo": "C-130 Hercules",
    "o": null,
    "st": "L4T",
    "ml": true
  },
  "c2af9f": {
    "i": "c2af9f",
    "r": "130341",
    "it": "C130",
    "y": null,
    "m": "LOCKHEED",
    "mo": "C-130 Hercules",
    "o": null,
    "st": "L4T",
    "ml": true
  }
}