{
  "c90232": {
    "i": "c90232",
    "r": "YJ-AV73",
    "it": "AT76",
    "y": null,
    "m": null,
    "mo": "Avions de Transport Regional ATR 72 600",
    "o": null,
    "st": "L2T",
    "ml": false
  },
  "c95000": {
    "i": "c95000",
    "r": "4W-AAL",
    "it": "A320",
    "y": null,
    "m": null,
    "mo": "",
    "o": null,
    "st": "L2J",
    "ml": false
  },
  "c90002": {
    "i": "c90002",
    "r": "YJ-AV8",
    "it": "B738",
    "y": null,
    "m": null,
    "mo": "Boeing 737-8SH",
    "o": null,
    "st": "L2J",
    "ml": false
  },
  "c95003": {
    "i": "c95003",
    "r": "4W-AAO",
    "it": "A319",
    "y": null,
    "m": null,
    "mo": "",
    "o": null,
    "st": "L2J",
    "ml": false
  }
}