{
  "e12215": {
    "i": "e12215",
    "r": "LV-RHU",
    "it": "S108",
    "y": null,
    "m": null,
    "mo": "Stinson Voyager 108-2",
    "o": null,
    "st": "L1P",
    "ml": false
  },
  "e1a516": {
    "i": "e1a516",
    "r": "LV-ZTV",
    "it": "BE20",
    "y": null,
    "m": null,
    "mo": "Beech King Air 200",
    "o": null,
    "st": "L2T",
    "ml": false
  },
  "e17208": {
    "i": "e17208",
    "r": "LV-WHH",
    "it": "C337",
    "y": null,
    "m": null,
    "mo": "Cessna 337G Super Skymaster",
    "o": null,
    "st": "L2P",
    "ml": false
  },
  "e1724f": {
    "i": "e1724f",
    "r": "LV-WIO",
    "it": "BE20",
    "y": null,
    "m": null,
    "mo": "Beech King Air B200",
    "o": null,
    "st": "L2T",
    "ml": false
  },
  "e1914a": {
    "i": "e1914a",
    "r": "LV-YEJ",
    "it": "PA12",
    "y": null,
    "m": null,
    "mo": "Piper PA-12 Super Cruiser",
    "o": null,
    "st": "L1P",
    "ml": false
  },
  "e1750e": {
    "i": "e1750e",
    "r": "LQ-WTN",
    "it": "C650",
    "y": null,
    "m": null,
    "mo": "Cessna Citation VII",
    "o": null,
    "st": "L2J",
    "ml": false
  },
  "e19203": {
    "i": "e19203",
    "r": "LQ-YHC",
    "it": "C550",
    "y": null,
    "m": null,
    "mo": "Cessna Citation II",
    "o": null,
    "st": "L2J",
    "ml": false
  },
  "e193cd": {
    "i": "e193cd",
    "r": "LV-YOM",
    "it": "PA11",
    "y": null,
    "m": null,
    "mo": "Piper PA-11 Cub Special",
    "o": null,
    "st": "L1P",
    "ml": false
  },
  "e19404": {
    "i": "e19404",
    "r": "LV-YPD",
    "it": "PA11",
    "y": null,
    "m": null,
    "mo": "Piper PA-11 Cub Special",
    "o": null,
    "st": "L1P",
    "ml": false
  },
  "e12345": {
    "i": "e12345",
    "r": "LV-RME",
    "it": "S108",
    "y": null,
    "m": null,
    "mo": "Stinson 108--3",
    "o": null,
    "st": "L1P",
    "ml": false
  },
  "e14c31": {
    "i": "e14c31",
    "r": "T-01",
    "it": "B752",
    "y": null,
    "m": null,
    "mo": "",
    "o": null,
    "st": "L2J",
    "ml": false
  },
  "e1a393": {
    "i": "e1a393",
    "r": "LV-ZNS",
    "it": "BE9L",
    "y": null,
    "m": null,
    "mo": "Raytheon Aircraft Company King Air C90B",
    "o": null,
    "st": "L2T",
    "ml": false
  },
  "e12144": {
    "i": "e12144",
    "r": "LV-RED",
    "it": "C560",
    "y": null,
    "m": null,
    "mo": "",
    "o": null,
    "st": "L2J",
    "ml": false
  },
  "e1254d": {
    "i": "e1254d",
    "r": "LV-RUM",
    "it": "L8",
    "y": null,
    "m": null,
    "mo": "Luscombe Silvaire 8A",
    "o": null,
    "st": "L1P",
    "ml": false
  },
  "e17313": {
    "i": "e17313",
    "r": "LV-WLS",
    "it": "C560",
    "y": null,
    "m": null,
    "mo": "Cessna Citation Ultra",
    "o": null,
    "st": "L2J",
    "ml": false
  },
  "e19214": {
    "i": "e19214",
    "r": "LV-YHT",
    "it": "PA11",
    "y": null,
    "m": null,
    "mo": "Piper PA-11 Cub Special",
    "o": null,
    "st": "L1P",
    "ml": false
  },
  "e14c32": {
    "i": "e14c32",
    "r": "T-02",
    "it": "F28",
    "y": null,
    "m": null,
    "mo": "",
    "o": null,
    "st": "L2J",
    "ml": true
  },
  "e1a482": {
    "i": "e1a482",
    "r": "LQ-ZRB",
    "it": "BE9L",
    "y": null,
    "m": null,
    "mo": "Raytheon Aircraft Company King Air C90B",
    "o": null,
    "st": "L2T",
    "ml": false
  },
  "e19218": {
    "i": "e19218",
    "r": "LV-YHX",
    "it": "PA11",
    "y": null,
    "m": null,
    "mo": "Piper PA-11 Cub Special",
    "o": null,
    "st": "L1P",
    "ml": false
  },
  "e14d73": {
    "i": "e14d73",
    "r": "TC-53",
    "it": "F28",
    "y": null,
    "m": null,
    "mo": "Fokker F-28 Fellowship",
    "o": null,
    "st": "L2J",
    "ml": true
  },
  "e1a688": {
    "i": "e1a688",
    "r": "LV-ZZH",
    "it": "BE20",
    "y": null,
    "m": null,
    "mo": "Raytheon Aircraft Company King Air B200",
    "o": null,
    "st": "L2T",
    "ml": false
  },
  "e19498": {
    "i": "e19498",
    "r": "LV-YRX",
    "it": "PA11",
    "y": null,
    "m": null,
    "mo": "Piper PA-11 Cub Special",
    "o": null,
    "st": "L1P",
    "ml": false
  },
  "e1a512": {
    "i": "e1a512",
    "r": "LV-ZTR",
    "it": "H25B",
    "y": null,
    "m": null,
    "mo": "Raytheon Aircraft Company 125 800XP",
    "o": null,
    "st": "L2J",
    "ml": false
  },
  "e1a614": {
    "i": "e1a614",
    "r": "LV-ZXT",
    "it": "R44",
    "y": null,
    "m": null,
    "mo": "Robinson R44 Raven",
    "o": null,
    "st": "H1P",
    "ml": false
  },
  "e14d34": {
    "i": "e14d34",
    "r": "ARG-03",
    "it": "LJ60",
    "y": null,
    "m": null,
    "mo": "",
    "o": null,
    "st": "L2J",
    "ml": true
  },
  "e171d9": {
    "i": "e171d9",
    "r": "LV-WGY",
    "it": "C560",
    "y": null,
    "m": null,
    "mo": "Cessna Citation V",
    "o": null,
    "st": "L2J",
    "ml": false
  },
  "e17510": {
    "i": "e17510",
    "r": "LV-WTP",
    "it": "BE40",
    "y": null,
    "m": null,
    "mo": "Raytheon Aircraft Company 400 A",
    "o": null,
    "st": "L2J",
    "ml": false
  },
  "e1a4d8": {
    "i": "e1a4d8",
    "r": "LV-ZSX",
    "it": "PC12",
    "y": null,
    "m": null,
    "mo": "Pilatus PC-XII 45",
    "o": null,
    "st": "L1T",
    "ml": false
  },
  "e19342": {
    "i": "e19342",
    "r": "LV-YMB",
    "it": "LJ31",
    "y": null,
    "m": null,
    "mo": "Learjet 31",
    "o": null,
    "st": "L2J",
    "ml": false
  },
  "e19343": {
    "i": "e19343",
    "r": "LV-YMC",
    "it": "C188",
    "y": null,
    "m": null,
    "mo": "Cessna T188C Ag Husky",
    "o": null,
    "st": "L1P",
    "ml": false
  },
  "e121d5": {
    "i": "e121d5",
    "r": "LV-RGU",
    "it": "BE35",
    "y": null,
    "m": null,
    "mo": "Beech Bonanza 35",
    "o": null,
    "st": "L1P",
    "ml": false
  },
  "e19408": {
    "i": "e19408",
    "r": "LV-YPH",
    "it": "PA11",
    "y": null,
    "m": null,
    "mo": "",
    "o": null,
    "st": "L1P",
    "ml": false
  },
  "e12315": {
    "i": "e12315",
    "r": "LV-RLU",
    "it": "PA11",
    "y": null,
    "m": null,
    "mo": "Piper PA-11 Cub Special",
    "o": null,
    "st": "L1P",
    "ml": false
  },
  "e1610a": {
    "i": "e1610a",
    "r": "LV-VDJ",
    "it": "SW4",
    "y": null,
    "m": null,
    "mo": "",
    "o": null,
    "st": "L2T",
    "ml": false
  },
  "e1908f": {
    "i": "e1908f",
    "r": "LV-YBO",
    "it": "AT3T",
    "y": null,
    "m": null,
    "mo": "Air Tractor AT-402 A",
    "o": null,
    "st": "L1T",
    "ml": false
  },
  "e14c70": {
    "i": "e14c70",
    "r": "T-10",
    "it": "LJ60",
    "y": null,
    "m": null,
    "mo": "",
    "o": null,
    "st": "L2J",
    "ml": true
  },
  "e17247": {
    "i": "e17247",
    "r": "LV-WIG",
    "it": "PA31",
    "y": null,
    "m": null,
    "mo": "Piper PA-31 325 Navajo C/R",
    "o": null,
    "st": "L2P",
    "ml": false
  },
  "e173d3": {
    "i": "e173d3",
    "r": "LV-WOS",
    "it": "BE20",
    "y": null,
    "m": null,
    "mo": "",
    "o": null,
    "st": "L2T",
    "ml": false
  },
  "e17692": {
    "i": "e17692",
    "r": "LV-WZR",
    "it": "BE9L",
    "y": null,
    "m": null,
    "mo": "",
    "o": null,
    "st": "L2T",
    "ml": false
  },
  "e174d4": {
    "i": "e174d4",
    "r": "LV-WST",
    "it": "C208",
    "y": null,
    "m": null,
    "mo": "",
    "o": null,
    "st": "L1T",
    "ml": false
  },
  "e12354": {
    "i": "e12354",
    "r": "PT-LUU",
    "it": "BE33",
    "y": null,
    "m": null,
    "mo": "Beech Bonanza F33A",
    "o": null,
    "st": "L1P",
    "ml": false
  },
  "e1a4d4": {
    "i": "e1a4d4",
    "r": "LV-ZST",
    "it": "JS32",
    "y": null,
    "m": null,
    "mo": "British Aerospace Jetstream 32-01EP",
    "o": null,
    "st": "L2T",
    "ml": false
  },
  "e170d5": {
    "i": "e170d5",
    "r": "LV-WCU",
    "it": "PZ06",
    "y": null,
    "m": null,
    "mo": "PZL Okecie Kruk PZL-106 BT",
    "o": null,
    "st": "L1P",
    "ml": false
  },
  "e1728f": {
    "i": "e1728f",
    "r": "LV-WJO",
    "it": "C550",
    "y": null,
    "m": null,
    "mo": "Cessna Citation II",
    "o": null,
    "st": "L2J",
    "ml": false
  },
  "e171ce": {
    "i": "e171ce",
    "r": "LV-WGN",
    "it": "MD83",
    "y": null,
    "m": null,
    "mo": "McDonnell Douglas DC-9 83",
    "o": null,
    "st": "L2J",
    "ml": false
  },
  "e17603": {
    "i": "e17603",
    "r": "LV-WXC",
    "it": "BE9L",
    "y": null,
    "m": null,
    "mo": "",
    "o": null,
    "st": "L2T",
    "ml": false
  },
  "e190d3": {
    "i": "e190d3",
    "r": "LV-YCS",
    "it": "BE20",
    "y": null,
    "m": null,
    "mo": "Raytheon Aircraft Company King Air B200",
    "o": null,
    "st": "L2T",
    "ml": false
  },
  "e1028c": {
    "i": "e1028c",
    "r": "LV-BBG",
    "it": "H25B",
    "y": null,
    "m": null,
    "mo": "Hawker 800XP",
    "o": null,
    "st": "L2J",
    "ml": false
  },
  "e17112": {
    "i": "e17112",
    "r": "LV-WDR",
    "it": "C560",
    "y": null,
    "m": null,
    "mo": "Cessna Citation V",
    "o": null,
    "st": "L2J",
    "ml": false
  },
  "e1768a": {
    "i": "e1768a",
    "r": "LV-WZJ",
    "it": "B407",
    "y": null,
    "m": null,
    "mo": "Bell 407",
    "o": null,
    "st": "H1T",
    "ml": false
  },
  "e1a419": {
    "i": "e1a419",
    "r": "LV-ZPY",
    "it": "BE9T",
    "y": null,
    "m": null,
    "mo": "Beech King Air F90",
    "o": null,
    "st": "L2T",
    "ml": false
  },
  "e1a618": {
    "i": "e1a618",
    "r": "LV-ZXX",
    "it": "B350",
    "y": null,
    "m": null,
    "mo": "Beech King Air 350",
    "o": null,
    "st": "L2T",
    "ml": false
  },
  "e1a347": {
    "i": "e1a347",
    "r": "LV-ZMG",
    "it": "SW4",
    "y": null,
    "m": null,
    "mo": "",
    "o": null,
    "st": "L2T",
    "ml": false
  },
  "e12346": {
    "i": "e12346",
    "r": "LV-RMF",
    "it": "S108",
    "y": null,
    "m": null,
    "mo": "Stinson Voyager 108-3",
    "o": null,
    "st": "L1P",
    "ml": false
  },
  "e171cd": {
    "i": "e171cd",
    "r": "LV-WGM",
    "it": "MD83",
    "y": null,
    "m": null,
    "mo": "McDonnell Douglas DC-9 83",
    "o": null,
    "st": "L2J",
    "ml": false
  },
  "e1a642": {
    "i": "e1a642",
    "r": "LV-ZYB",
    "it": "BE20",
    "y": null,
    "m": null,
    "mo": "Raytheon Aircraft Company King Air B200",
    "o": null,
    "st": "L2T",
    "ml": false
  },
  "e1314d": {
    "i": "e1314d",
    "r": "LV-SEM",
    "it": "B407",
    "y": null,
    "m": "BELL",
    "mo": "407",
    "o": null,
    "st": "H1T",
    "ml": false
  },
  "e103c1": {
    "i": "e103c1",
    "r": "LV-POA",
    "it": "C680",
    "y": null,
    "m": "CESSNA",
    "mo": "680 Citation Latitude",
    "o": null,
    "st": "L2J",
    "ml": false
  },
  "e1538f": {
    "i": "e1538f",
    "r": "LV-UNO",
    "it": "P46T",
    "y": null,
    "m": "PIPER",
    "mo": "PA-46-500TP",
    "o": null,
    "st": "L1T",
    "ml": false
  },
  "e142cb": {
    "i": "e142cb",
    "r": "LV-TKK",
    "it": "BE20",
    "y": null,
    "m": "BEECH",
    "mo": "Super King Air 200",
    "o": null,
    "st": "L2T",
    "ml": false
  }
}