{
  "e2004d": {
    "i": "e2004d",
    "r": "LV-S039",
    "it": "SIRA",
    "y": null,
    "m": null,
    "mo": "Tecnam P2002 Sierra",
    "o": null,
    "st": "L1P",
    "ml": false
  },
  "e20089": {
    "i": "e20089",
    "r": "LV-S076",
    "it": "SIRA",
    "y": null,
    "m": null,
    "mo": "Tecnam P2002 Sierra",
    "o": null,
    "st": "L1P",
    "ml": false
  },
  "e2008c": {
    "i": "e2008c",
    "r": "LV-S078",
    "it": "ASTO",
    "y": null,
    "m": null,
    "mo": "",
    "o": null,
    "st": "L1P",
    "ml": false
  },
  "e2005c": {
    "i": "e2005c",
    "r": "E-309",
    "it": "TEX2",
    "y": null,
    "m": null,
    "mo": "Raytheon T-6A Texan II",
    "o": null,
    "st": "L1T",
    "ml": false
  },
  "e2004e": {
    "i": "e2004e",
    "r": "LV-S040",
    "it": "P208",
    "y": null,
    "m": null,
    "mo": "",
    "o": null,
    "st": "L1P",
    "ml": false
  },
  "e200fa": {
    "i": "e200fa",
    "r": "LV-X946",
    "it": "RV10",
    "y": null,
    "m": null,
    "mo": "Van''S RV-10",
    "o": null,
    "st": "L1P",
    "ml": false
  },
  "e2e943": {
    "i": "e2e943",
    "r": "914",
    "it": "GLF4",
    "y": null,
    "m": null,
    "mo": "Gulfstream Aerospace GIV SP",
    "o": null,
    "st": "L2J",
    "ml": false
  },
  "e20049": {
    "i": "e20049",
    "r": "TC-70",
    "it": "C130",
    "y": null,
    "m": null,
    "mo": "Lockheed KC-130-H",
    "o": null,
    "st": "L4T",
    "ml": true
  },
  "e20066": {
    "i": "e20066",
    "r": "LV-S050",
    "it": "SIRA",
    "y": null,
    "m": null,
    "mo": "Tecnam P2002 Sierra",
    "o": null,
    "st": "L1P",
    "ml": false
  },
  "e200ee": {
    "i": "e200ee",
    "r": "LV-X662",
    "it": "SLG2",
    "y": null,
    "m": null,
    "mo": "Sling 2",
    "o": null,
    "st": "L1P",
    "ml": false
  },
  "e20048": {
    "i": "e20048",
    "r": "AE-228",
    "it": "C208",
    "y": null,
    "m": null,
    "mo": "Textron Aviation 208 EX",
    "o": null,
    "st": "L1T",
    "ml": false
  },
  "e2005d": {
    "i": "e2005d",
    "r": "E-310",
    "it": "TEX2",
    "y": null,
    "m": null,
    "mo": "",
    "o": null,
    "st": "L1T",
    "ml": true
  },
  "e20090": {
    "i": "e20090",
    "r": "AE-310",
    "it": "B06",
    "y": null,
    "m": null,
    "mo": "Agusta-Bell AB.206 Jet Ranger B-1",
    "o": null,
    "st": "H1T",
    "ml": false
  },
  "e20099": {
    "i": "e20099",
    "r": "LV-X739",
    "it": "RV7",
    "y": null,
    "m": null,
    "mo": "",
    "o": null,
    "st": "L1P",
    "ml": false
  },
  "e200ba": {
    "i": "e200ba",
    "r": "LV-S113",
    "it": "ECHO",
    "y": null,
    "m": null,
    "mo": "",
    "o": null,
    "st": "L1P",
    "ml": false
  },
  "e200bd": {
    "i": "e200bd",
    "r": "LV-S091",
    "it": "NG5",
    "y": null,
    "m": null,
    "mo": "",
    "o": null,
    "st": "L1P",
    "ml": false
  },
  "e200d3": {
    "i": "e200d3",
    "r": "LV-S135",
    "it": "ECHO",
    "y": null,
    "m": null,
    "mo": "",
    "o": null,
    "st": "L1P",
    "ml": false
  },
  "e200d7": {
    "i": "e200d7",
    "r": "LV-S137",
    "it": "ECHO",
    "y": null,
    "m": null,
    "mo": "",
    "o": null,
    "st": "L1P",
    "ml": false
  },
  "e20059": {
    "i": "e20059",
    "r": "E-306",
    "it": "TEX2",
    "y": null,
    "m": null,
    "mo": "Raytheon T-6A Texan II",
    "o": null,
    "st": "L1T",
    "ml": false
  },
  "e200ca": {
    "i": "e200ca",
    "r": "LV-S138",
    "it": "ECHO",
    "y": null,
    "m": null,
    "mo": "",
    "o": null,
    "st": "L1P",
    "ml": false
  },
  "e20004": {
    "i": "e20004",
    "r": "TC-52",
    "it": "F28",
    "y": null,
    "m": null,
    "mo": "Fokker F-28-1000C",
    "o": null,
    "st": "L2J",
    "ml": true
  },
  "e2003b": {
    "i": "e2003b",
    "r": "LV-S019",
    "it": "SIRA",
    "y": null,
    "m": null,
    "mo": "Tecnam P2002 Sierra",
    "o": null,
    "st": "L1P",
    "ml": false
  },
  "e2003e": {
    "i": "e2003e",
    "r": "LV-S030",
    "it": "P208",
    "y": null,
    "m": null,
    "mo": "",
    "o": null,
    "st": "L1P",
    "ml": false
  },
  "e200b4": {
    "i": "e200b4",
    "r": "LV-S111",
    "it": "NG5",
    "y": null,
    "m": null,
    "mo": "",
    "o": null,
    "st": "L1P",
    "ml": false
  },
  "e20058": {
    "i": "e20058",
    "r": "E-305",
    "it": "TEX2",
    "y": null,
    "m": null,
    "mo": "Raytheon T-6A Texan II",
    "o": null,
    "st": "L1T",
    "ml": false
  },
  "e200df": {
    "i": "e200df",
    "r": "LV-S153",
    "it": "EV97",
    "y": null,
    "m": null,
    "mo": "Evektor EV-97 Harmony",
    "o": null,
    "st": "L1P",
    "ml": false
  },
  "e200a4": {
    "i": "e200a4",
    "r": "LV-S100",
    "it": "ECHO",
    "y": null,
    "m": null,
    "mo": "",
    "o": null,
    "st": "L1P",
    "ml": false
  },
  "e200c7": {
    "i": "e200c7",
    "r": "A-122",
    "it": "TUCA",
    "y": null,
    "m": null,
    "mo": "",
    "o": null,
    "st": "L1T",
    "ml": true
  },
  "e200f6": {
    "i": "e200f6",
    "r": "LV-S160",
    "it": "ECHO",
    "y": null,
    "m": null,
    "mo": "Tecnam P92 Mk II",
    "o": null,
    "st": "L1P",
    "ml": false
  },
  "e2002a": {
    "i": "e2002a",
    "r": "E-510",
    "it": "G12T",
    "y": null,
    "m": null,
    "mo": "G-120TP",
    "o": null,
    "st": "L1T",
    "ml": true
  },
  "e20056": {
    "i": "e20056",
    "r": "E-303",
    "it": "TEX2",
    "y": null,
    "m": null,
    "mo": "Raytheon T-6A Texan II",
    "o": null,
    "st": "L1T",
    "ml": false
  },
  "e20075": {
    "i": "e20075",
    "r": "LV-S059",
    "it": "EV97",
    "y": null,
    "m": null,
    "mo": "Evektor Harmony LSA",
    "o": null,
    "st": "L1P",
    "ml": false
  },
  "e2007c": {
    "i": "e2007c",
    "r": "PG-446",
    "it": "P28B",
    "y": null,
    "m": null,
    "mo": "Piper PA-28-236",
    "o": null,
    "st": "L1P",
    "ml": false
  },
  "e20086": {
    "i": "e20086",
    "r": "GN-816",
    "it": "TBM8",
    "y": null,
    "m": null,
    "mo": "DAHER-SOCATA TBM 850",
    "o": null,
    "st": "L1T",
    "ml": false
  },
  "e20018": {
    "i": "e20018",
    "r": "T-22",
    "it": "LJ35",
    "y": null,
    "m": null,
    "mo": "Learjet 35A",
    "o": null,
    "st": "L2J",
    "ml": true
  },
  "e20074": {
    "i": "e20074",
    "r": "LV-S064",
    "it": "SIRA",
    "y": null,
    "m": null,
    "mo": "",
    "o": null,
    "st": "L1P",
    "ml": false
  },
  "e2007a": {
    "i": "e2007a",
    "r": "LV-S065",
    "it": "SIRA",
    "y": null,
    "m": null,
    "mo": "Tecnam P2002 Sierra",
    "o": null,
    "st": "L1P",
    "ml": false
  },
  "e20028": {
    "i": "e20028",
    "r": "E-508",
    "it": "G12T",
    "y": null,
    "m": null,
    "mo": "Grob G 120TP",
    "o": null,
    "st": "L1T",
    "ml": true
  },
  "e2009d": {
    "i": "e2009d",
    "r": "LV-S101",
    "it": "SIRA",
    "y": null,
    "m": null,
    "mo": "",
    "o": null,
    "st": "L1P",
    "ml": false
  },
  "e200bc": {
    "i": "e200bc",
    "r": "LV-S116",
    "it": "EV97",
    "y": null,
    "m": null,
    "mo": "",
    "o": null,
    "st": "L1P",
    "ml": false
  },
  "e200ef": {
    "i": "e200ef",
    "r": "T-95",
    "it": "E135",
    "y": null,
    "m": null,
    "mo": "EMB-135KL",
    "o": null,
    "st": "L2J",
    "ml": true
  },
  "e2001c": {
    "i": "e2001c",
    "r": "E-501",
    "it": "G120",
    "y": null,
    "m": null,
    "mo": "Grob G-120 TP",
    "o": null,
    "st": "L1P",
    "ml": true
  },
  "e200ae": {
    "i": "e200ae",
    "r": "T-99",
    "it": "B737",
    "y": null,
    "m": null,
    "mo": "",
    "o": null,
    "st": "L2J",
    "ml": true
  },
  "e2003c": {
    "i": "e2003c",
    "r": "LV-S023",
    "it": "SIRA",
    "y": null,
    "m": null,
    "mo": "Tecnam P.2002 Sierra",
    "o": null,
    "st": "L1P",
    "ml": false
  },
  "e2006c": {
    "i": "e2006c",
    "r": "GN-925",
    "it": "EC35",
    "y": null,
    "m": null,
    "mo": "Airbus Helicopters H135",
    "o": null,
    "st": "H2T",
    "ml": false
  },
  "e2008a": {
    "i": "e2008a",
    "r": "LV-S074",
    "it": "NG5",
    "y": null,
    "m": null,
    "mo": "",
    "o": null,
    "st": "L1P",
    "ml": false
  },
  "e20047": {
    "i": "e20047",
    "r": "AE-227",
    "it": "C208",
    "y": null,
    "m": null,
    "mo": "Textron Aviation 208 EX",
    "o": null,
    "st": "L1T",
    "ml": false
  },
  "e2006b": {
    "i": "e2006b",
    "r": "GN-805",
    "it": "PC6T",
    "y": null,
    "m": null,
    "mo": "Pilatus PC-6/B2-H4 Turbo Porter",
    "o": null,
    "st": "L1T",
    "ml": false
  },
  "e20076": {
    "i": "e20076",
    "r": "LV-S010",
    "it": "ECHO",
    "y": null,
    "m": null,
    "mo": "Tecnam P92",
    "o": null,
    "st": "L1P",
    "ml": false
  },
  "e200db": {
    "i": "e200db",
    "r": "LV-S141",
    "it": "ECHO",
    "y": null,
    "m": null,
    "mo": "",
    "o": null,
    "st": "L1P",
    "ml": false
  },
  "e200e0": {
    "i": "e200e0",
    "r": "LV-S154",
    "it": "ECHO",
    "y": null,
    "m": null,
    "mo": "",
    "o": null,
    "st": "L1P",
    "ml": false
  },
  "e20008": {
    "i": "e20008",
    "r": "TC-64",
    "it": "C130",
    "y": null,
    "m": null,
    "mo": "",
    "o": null,
    "st": "L4T",
    "ml": true
  },
  "e20030": {
    "i": "e20030",
    "r": "AE-186",
    "it": "C55B",
    "y": null,
    "m": null,
    "mo": "Cessna Citation Bravo",
    "o": null,
    "st": "L2J",
    "ml": false
  },
  "e20053": {
    "i": "e20053",
    "r": "E-300",
    "it": "TEX2",
    "y": null,
    "m": null,
    "mo": "Raytheon T-6A Texan II",
    "o": null,
    "st": "L1T",
    "ml": false
  },
  "e20079": {
    "i": "e20079",
    "r": "LV-S069",
    "it": "SIRA",
    "y": null,
    "m": null,
    "mo": "Tecnam P2002 Sierra",
    "o": null,
    "st": "L1P",
    "ml": false
  },
  "e20038": {
    "i": "e20038",
    "r": "LV-S022",
    "it": "ECHO",
    "y": null,
    "m": null,
    "mo": "Tecnam P92",
    "o": null,
    "st": "L1P",
    "ml": false
  },
  "e2009f": {
    "i": "e2009f",
    "r": "LV-S094",
    "it": "SIRA",
    "y": null,
    "m": null,
    "mo": "",
    "o": null,
    "st": "L1P",
    "ml": false
  },
  "e20007": {
    "i": "e20007",
    "r": "TC-61",
    "it": "C130",
    "y": null,
    "m": null,
    "mo": "",
    "o": null,
    "st": "L4T",
    "ml": true
  },
  "e20040": {
    "i": "e20040",
    "r": "LV-S029",
    "it": "ECHO",
    "y": null,
    "m": null,
    "mo": "",
    "o": null,
    "st": "L1P",
    "ml": false
  },
  "e200c5": {
    "i": "e200c5",
    "r": "LV-S134",
    "it": "ECHO",
    "y": null,
    "m": null,
    "mo": "",
    "o": null,
    "st": "L1P",
    "ml": false
  },
  "e20017": {
    "i": "e20017",
    "r": "TC-85",
    "it": "DHC6",
    "y": null,
    "m": null,
    "mo": "",
    "o": null,
    "st": "L2T",
    "ml": true
  },
  "e2004f": {
    "i": "e2004f",
    "r": "E-556",
    "it": "SIRA",
    "y": null,
    "m": null,
    "mo": "Tecnam P2002 JF",
    "o": null,
    "st": "L1P",
    "ml": false
  },
  "e2005e": {
    "i": "e2005e",
    "r": "E-311",
    "it": "TEX2",
    "y": null,
    "m": null,
    "mo": "",
    "o": null,
    "st": "L1T",
    "ml": true
  },
  "e20062": {
    "i": "e20062",
    "r": "LV-S046",
    "it": "P208",
    "y": null,
    "m": null,
    "mo": "Tecnam P-2008",
    "o": null,
    "st": "L1P",
    "ml": false
  },
  "e20077": {
    "i": "e20077",
    "r": "LV-X666",
    "it": "SLG4",
    "y": null,
    "m": null,
    "mo": "Airplane Factory Sling 4",
    "o": null,
    "st": "L1P",
    "ml": false
  },
  "e2008e": {
    "i": "e2008e",
    "r": "LV-X737",
    "it": "VTRA",
    "y": null,
    "m": null,
    "mo": "",
    "o": null,
    "st": "L1P",
    "ml": false
  },
  "e200a2": {
    "i": "e200a2",
    "r": "LV-S099",
    "it": "ECHO",
    "y": null,
    "m": null,
    "mo": "",
    "o": null,
    "st": "L1P",
    "ml": false
  },
  "e200b0": {
    "i": "e200b0",
    "r": "LV-X770",
    "it": "RV12",
    "y": null,
    "m": null,
    "mo": "",
    "o": null,
    "st": "L1P",
    "ml": false
  },
  "e20022": {
    "i": "e20022",
    "r": "TC-69",
    "it": "C130",
    "y": null,
    "m": null,
    "mo": "Lockheed KC-130-H",
    "o": null,
    "st": "L4T",
    "ml": true
  },
  "e20094": {
    "i": "e20094",
    "r": "TC-66",
    "it": "C130",
    "y": null,
    "m": null,
    "mo": "",
    "o": null,
    "st": "L4T",
    "ml": true
  },
  "e20088": {
    "i": "e20088",
    "r": "LV-X680",
    "it": "RV7",
    "y": null,
    "m": null,
    "mo": "",
    "o": null,
    "st": "L1P",
    "ml": false
  },
  "e2008d": {
    "i": "e2008d",
    "r": "LV-S079",
    "it": "ECHO",
    "y": null,
    "m": null,
    "mo": "",
    "o": null,
    "st": "L1P",
    "ml": false
  },
  "e2002f": {
    "i": "e2002f",
    "r": "GN-807",
    "it": "PC6T",
    "y": null,
    "m": null,
    "mo": "Pilatus PC-6/B2-H4 Turbo Porter",
    "o": null,
    "st": "L1T",
    "ml": true
  },
  "e20054": {
    "i": "e20054",
    "r": "E-301",
    "it": "TEX2",
    "y": null,
    "m": null,
    "mo": "Raytheon T-6A Texan II",
    "o": null,
    "st": "L1T",
    "ml": false
  },
  "e20095": {
    "i": "e20095",
    "r": "LV-S081",
    "it": "ECHO",
    "y": null,
    "m": null,
    "mo": "",
    "o": null,
    "st": "L1P",
    "ml": false
  },
  "e2009e": {
    "i": "e2009e",
    "r": "LV-S085",
    "it": "ECHO",
    "y": null,
    "m": null,
    "mo": "",
    "o": null,
    "st": "L1P",
    "ml": false
  },
  "e20063": {
    "i": "e20063",
    "r": "LV-S048",
    "it": "ASTO",
    "y": null,
    "m": null,
    "mo": "Tecnam Astore",
    "o": null,
    "st": "L1P",
    "ml": false
  },
  "e2008b": {
    "i": "e2008b",
    "r": "LV-S077",
    "it": "SIRA",
    "y": null,
    "m": null,
    "mo": "",
    "o": null,
    "st": "L1P",
    "ml": false
  },
  "e2006a": {
    "i": "e2006a",
    "r": "LV-S056",
    "it": "SIRA",
    "y": null,
    "m": null,
    "mo": "Tecnam P2002 Sierra",
    "o": null,
    "st": "L1P",
    "ml": false
  },
  "e200f0": {
    "i": "e200f0",
    "r": "T-96",
    "it": "E135",
    "y": null,
    "m": null,
    "mo": "",
    "o": null,
    "st": "L2J",
    "ml": true
  },
  "e20072": {
    "i": "e20072",
    "r": "LV-S054",
    "it": "SIRA",
    "y": null,
    "m": null,
    "mo": "Tecnam P2002 Sierra",
    "o": null,
    "st": "L1P",
    "ml": false
  },
  "e2007d": {
    "i": "e2007d",
    "r": "PG-355",
    "it": "C182",
    "y": null,
    "m": null,
    "mo": "Cessna 182-K",
    "o": null,
    "st": "L1P",
    "ml": false
  },
  "e200ab": {
    "i": "e200ab",
    "r": "AE-323",
    "it": "B06",
    "y": null,
    "m": null,
    "mo": "",
    "o": null,
    "st": "H1T",
    "ml": true
  },
  "e2001d": {
    "i": "e2001d",
    "r": "AE-225",
    "it": "C208",
    "y": null,
    "m": null,
    "mo": "Cessna 208 EX",
    "o": null,
    "st": "L1T",
    "ml": false
  },
  "e20055": {
    "i": "e20055",
    "r": "E-302",
    "it": "TEX2",
    "y": null,
    "m": null,
    "mo": "Raytheon T-6A Texan II",
    "o": null,
    "st": "L1T",
    "ml": false
  },
  "e2005a": {
    "i": "e2005a",
    "r": "E-307",
    "it": "TEX2",
    "y": null,
    "m": null,
    "mo": "Raytheon T-6A Texan II",
    "o": null,
    "st": "L1T",
    "ml": false
  },
  "e200ac": {
    "i": "e200ac",
    "r": "LV-S089",
    "it": "EVSS",
    "y": null,
    "m": null,
    "mo": "",
    "o": null,
    "st": "L1P",
    "ml": false
  },
  "e200b1": {
    "i": "e200b1",
    "r": "LV-X552",
    "it": "RV7",
    "y": null,
    "m": null,
    "mo": "",
    "o": null,
    "st": "L1P",
    "ml": false
  },
  "e200b6": {
    "i": "e200b6",
    "r": "LV-S105",
    "it": "SIRA",
    "y": null,
    "m": null,
    "mo": "",
    "o": null,
    "st": "L1P",
    "ml": false
  },
  "e200da": {
    "i": "e200da",
    "r": "LV-S150",
    "it": "SIRA",
    "y": null,
    "m": null,
    "mo": "",
    "o": null,
    "st": "L1P",
    "ml": false
  },
  "e200f8": {
    "i": "e200f8",
    "r": "LV-JQM",
    "it": "C177",
    "y": null,
    "m": null,
    "mo": "",
    "o": null,
    "st": "L1P",
    "ml": false
  },
  "e20031": {
    "i": "e20031",
    "r": "LV-S012",
    "it": "SIRA",
    "y": null,
    "m": null,
    "mo": "",
    "o": null,
    "st": "L1P",
    "ml": false
  },
  "e20080": {
    "i": "e20080",
    "r": "LV-S072",
    "it": "SIRA",
    "y": null,
    "m": null,
    "mo": "",
    "o": null,
    "st": "L1P",
    "ml": false
  },
  "e20023": {
    "i": "e20023",
    "r": "LV-S007",
    "it": "SIRA",
    "y": null,
    "m": null,
    "mo": "Tecnam P.2002 Sierra",
    "o": null,
    "st": "L1P",
    "ml": false
  },
  "e200c8": {
    "i": "e200c8",
    "r": "LV-S131",
    "it": "ECHO",
    "y": null,
    "m": null,
    "mo": "",
    "o": null,
    "st": "L1P",
    "ml": false
  },
  "e20036": {
    "i": "e20036",
    "r": "LV-S016",
    "it": "ASTO",
    "y": null,
    "m": null,
    "mo": "Tecnam Astore",
    "o": null,
    "st": "L1P",
    "ml": false
  },
  "e2006f": {
    "i": "e2006f",
    "r": "LV-S060",
    "it": "SIRA",
    "y": null,
    "m": null,
    "mo": "P-2002 Sierra",
    "o": null,
    "st": "L1P",
    "ml": false
  },
  "e2009c": {
    "i": "e2009c",
    "r": "LV-S086",
    "it": "SIRA",
    "y": null,
    "m": null,
    "mo": "",
    "o": null,
    "st": "L1P",
    "ml": false
  },
  "e200a0": {
    "i": "e200a0",
    "r": "LV-S095",
    "it": "SIRA",
    "y": null,
    "m": null,
    "mo": "",
    "o": null,
    "st": "L1P",
    "ml": false
  },
  "e200b2": {
    "i": "e200b2",
    "r": "LV-X610",
    "it": "RV7",
    "y": null,
    "m": null,
    "mo": "",
    "o": null,
    "st": "L1P",
    "ml": false
  },
  "e200b7": {
    "i": "e200b7",
    "r": "LV-S106",
    "it": "ECHO",
    "y": null,
    "m": null,
    "mo": "",
    "o": null,
    "st": "L1P",
    "ml": false
  },
  "e2002e": {
    "i": "e2002e",
    "r": "AE-106",
    "it": "DHC6",
    "y": null,
    "m": null,
    "mo": "De Havilland Canada DHC-6 Twin Otter 200",
    "o": null,
    "st": "L2T",
    "ml": true
  },
  "e20037": {
    "i": "e20037",
    "r": "LV-X544",
    "it": "LEG2",
    "y": null,
    "m": null,
    "mo": "Lancair Legacy RG 550",
    "o": null,
    "st": "L1P",
    "ml": false
  },
  "e20051": {
    "i": "e20051",
    "r": "LV-S042",
    "it": "ECHO",
    "y": null,
    "m": null,
    "mo": "Tecnam P92",
    "o": null,
    "st": "L1P",
    "ml": false
  },
  "e20082": {
    "i": "e20082",
    "r": "LV-X693",
    "it": "EVSS",
    "y": null,
    "m": null,
    "mo": "",
    "o": null,
    "st": "L1P",
    "ml": false
  },
  "e200bf": {
    "i": "e200bf",
    "r": "LV-S118",
    "it": "ASTO",
    "y": null,
    "m": null,
    "mo": "",
    "o": null,
    "st": "L1P",
    "ml": false
  },
  "e2003d": {
    "i": "e2003d",
    "r": "LV-S028",
    "it": "SIRA",
    "y": null,
    "m": null,
    "mo": "Tecnam P2002 Sierra",
    "o": null,
    "st": "L1P",
    "ml": false
  },
  "e2009a": {
    "i": "e2009a",
    "r": "LV-S088",
    "it": "SIRA",
    "y": null,
    "m": null,
    "mo": "",
    "o": null,
    "st": "L1P",
    "ml": false
  },
  "e200b9": {
    "i": "e200b9",
    "r": "LV-S114",
    "it": "ECHO",
    "y": null,
    "m": null,
    "mo": "",
    "o": null,
    "st": "L1P",
    "ml": false
  },
  "e200ce": {
    "i": "e200ce",
    "r": "LV-S143",
    "it": "ECHO",
    "y": null,
    "m": "TECNAM",
    "mo": "P-92 Echo",
    "o": null,
    "st": "L1P",
    "ml": false
  },
  "e20100": {
    "i": "e20100",
    "r": "H-111",
    "it": "B407",
    "y": null,
    "m": "BELL",
    "mo": "407",
    "o": null,
    "st": "H1T",
    "ml": true
  },
  "e200e9": {
    "i": "e200e9",
    "r": "LV-S158",
    "it": "PETR",
    "y": null,
    "m": "SCODA",
    "mo": "Super Petrel",
    "o": null,
    "st": "A1P",
    "ml": false
  },
  "e2005b": {
    "i": "e2005b",
    "r": "E-308",
    "it": "TEX2",
    "y": null,
    "m": "BEECHCRAFT",
    "mo": "T-6 Texan 2",
    "o": null,
    "st": "L1T",
    "ml": true
  },
  "e200fd": {
    "i": "e200fd",
    "r": "E-558",
    "it": "SIRA",
    "y": null,
    "m": "TECNAM",
    "mo": "P-2002 Sierra",
    "o": null,
    "st": "L1P",
    "ml": true
  },
  "e200cb": {
    "i": "e200cb",
    "r": "LV-S139",
    "it": "ECHO",
    "y": null,
    "m": "TECNAM",
    "mo": "P-92 Echo",
    "o": null,
    "st": "L1P",
    "ml": false
  },
  "e200ed": {
    "i": "e200ed",
    "r": "LV-S156",
    "it": "P208",
    "y": null,
    "m": "TECNAM",
    "mo": "P-2008",
    "o": null,
    "st": "L1P",
    "ml": false
  },
  "e200f9": {
    "i": "e200f9",
    "r": "A-128",
    "it": "TUCA",
    "y": null,
    "m": "EMBRAER",
    "mo": "EMB-312 Tucano",
    "o": null,
    "st": "L1T",
    "ml": true
  },
  "e200dd": {
    "i": "e200dd",
    "r": "ARG-01",
    "it": "B752",
    "y": null,
    "m": "BOEING",
    "mo": "757-200",
    "o": "Government of Argentina",
    "st": "L2J",
    "ml": true
  },
  "e20087": {
    "i": "e20087",
    "r": "LV-S062",
    "it": "SLG2",
    "y": null,
    "m": "AIRPLANE FACTORY",
    "mo": "Sling 2",
    "o": null,
    "st": "L1P",
    "ml": false
  },
  "e2007e": {
    "i": "e2007e",
    "r": "LV-S067",
    "it": "P208",
    "y": null,
    "m": "TECNAM",
    "mo": "P-2008",
    "o": null,
    "st": "L1P",
    "ml": false
  },
  "e20026": {
    "i": "e20026",
    "r": "E-506",
    "it": "G12T",
    "y": null,
    "m": "GROB",
    "mo": "G-120TP",
    "o": null,
    "st": "L1T",
    "ml": true
  },
  "e20027": {
    "i": "e20027",
    "r": "E-507",
    "it": "G12T",
    "y": null,
    "m": "GROB",
    "mo": "G-120TP",
    "o": null,
    "st": "L1T",
    "ml": true
  },
  "e20025": {
    "i": "e20025",
    "r": "E-505",
    "it": "G12T",
    "y": null,
    "m": "GROB",
    "mo": "G-120TP",
    "o": null,
    "st": "L1T",
    "ml": true
  },
  "e2001f": {
    "i": "e2001f",
    "r": "E-504",
    "it": "G12T",
    "y": null,
    "m": "GROB",
    "mo": "G-120TP",
    "o": null,
    "st": "L1T",
    "ml": true
  }
}