{
  "e90d0d": {
    "i": "e90d0d",
    "r": "CX-FYJ",
    "it": "PIVI",
    "y": null,
    "m": null,
    "mo": "Pipistrel Virus SW 121",
    "o": null,
    "st": "L1P",
    "ml": false
  },
  "e94c7c": {
    "i": "e94c7c",
    "r": "CP-3196",
    "it": "B738",
    "y": null,
    "m": null,
    "mo": "",
    "o": null,
    "st": "L2J",
    "ml": false
  },
  "e94c8f": {
    "i": "e94c8f",
    "r": "CP-3215",
    "it": "B738",
    "y": null,
    "m": null,
    "mo": "",
    "o": null,
    "st": "L2J",
    "ml": false
  },
  "e940fd": {
    "i": "e940fd",
    "r": "CP-3108",
    "it": "B190",
    "y": null,
    "m": null,
    "mo": "Beech 1900-D",
    "o": null,
    "st": "L2T",
    "ml": false
  },
  "e941f7": {
    "i": "e941f7",
    "r": "CP-2901",
    "it": "T206",
    "y": null,
    "m": null,
    "mo": "",
    "o": null,
    "st": "L1P",
    "ml": false
  },
  "e94c84": {
    "i": "e94c84",
    "r": "CP-3204",
    "it": "B738",
    "y": null,
    "m": null,
    "mo": "",
    "o": null,
    "st": "L2J",
    "ml": false
  },
  "e90e08": {
    "i": "e90e08",
    "r": "CX-LPT",
    "it": "PIVI",
    "y": null,
    "m": null,
    "mo": "",
    "o": null,
    "st": "L1P",
    "ml": false
  },
  "e90f04": {
    "i": "e90f04",
    "r": "CX-SCA",
    "it": "LJ60",
    "y": null,
    "m": null,
    "mo": "",
    "o": null,
    "st": "L2J",
    "ml": false
  },
  "e90547": {
    "i": "e90547",
    "r": "CX-FCS",
    "it": "PC12",
    "y": null,
    "m": null,
    "mo": "Pilatus PC-XII 47",
    "o": null,
    "st": "L1T",
    "ml": false
  },
  "e90e0b": {
    "i": "e90e0b",
    "r": "CX-ACT",
    "it": "B505",
    "y": null,
    "m": null,
    "mo": "Bell 505 Jet Ranger X",
    "o": null,
    "st": "H1T",
    "ml": false
  },
  "e940c9": {
    "i": "e940c9",
    "r": "CP-2551",
    "it": "B733",
    "y": null,
    "m": null,
    "mo": "Boeing 737 382",
    "o": null,
    "st": "L2J",
    "ml": false
  },
  "e94133": {
    "i": "e94133",
    "r": "CP-3194",
    "it": "RJ1H",
    "y": null,
    "m": null,
    "mo": "",
    "o": null,
    "st": "L4J",
    "ml": false
  },
  "e94b6d": {
    "i": "e94b6d",
    "r": "CP-2925",
    "it": "B738",
    "y": null,
    "m": null,
    "mo": "Boeing 737NG 8Q8/W",
    "o": null,
    "st": "L2J",
    "ml": false
  },
  "e90f00": {
    "i": "e90f00",
    "r": "CX-PBO",
    "it": "C182",
    "y": null,
    "m": null,
    "mo": "",
    "o": null,
    "st": "L1P",
    "ml": false
  },
  "e94071": {
    "i": "e94071",
    "r": "CP-3130",
    "it": "E190",
    "y": null,
    "m": null,
    "mo": "Embraer Emb-190-100LR",
    "o": null,
    "st": "L2J",
    "ml": false
  },
  "e94131": {
    "i": "e94131",
    "r": "CP-3082",
    "it": "RJ85",
    "y": null,
    "m": null,
    "mo": "Avro 146 RJ85",
    "o": null,
    "st": "L4J",
    "ml": false
  },
  "e94c4f": {
    "i": "e94c4f",
    "r": "CP-3151",
    "it": "B738",
    "y": null,
    "m": null,
    "mo": "",
    "o": null,
    "st": "L2J",
    "ml": false
  },
  "e94c7f": {
    "i": "e94c7f",
    "r": "CP-3199",
    "it": "B738",
    "y": null,
    "m": null,
    "mo": "",
    "o": null,
    "st": "L2J",
    "ml": false
  },
  "e90e05": {
    "i": "e90e05",
    "r": "CX-BRI",
    "it": "BE58",
    "y": null,
    "m": null,
    "mo": "Beech Baron 58",
    "o": null,
    "st": "L2P",
    "ml": false
  },
  "e90f07": {
    "i": "e90f07",
    "r": "CX-SYS",
    "it": "PIVI",
    "y": null,
    "m": null,
    "mo": "",
    "o": null,
    "st": "L1P",
    "ml": false
  },
  "e94c42": {
    "i": "e94c42",
    "r": "CP-3138",
    "it": "B738",
    "y": null,
    "m": null,
    "mo": "Boeing 737-8Q8",
    "o": null,
    "st": "L2J",
    "ml": false
  },
  "e941ff": {
    "i": "e941ff",
    "r": "CP-3080",
    "it": "C208",
    "y": null,
    "m": null,
    "mo": "Textron Aviation 208 EX",
    "o": null,
    "st": "L1T",
    "ml": false
  },
  "e94060": {
    "i": "e94060",
    "r": "FAB782",
    "it": "AS32",
    "y": null,
    "m": null,
    "mo": "",
    "o": null,
    "st": "H2T",
    "ml": true
  },
  "e94065": {
    "i": "e94065",
    "r": "CP-2715",
    "it": "CRJ2",
    "y": null,
    "m": null,
    "mo": "Bombardier CRJ 200ER",
    "o": null,
    "st": "L2J",
    "ml": false
  },
  "e94066": {
    "i": "e94066",
    "r": "CP-2733",
    "it": "CRJ2",
    "y": null,
    "m": null,
    "mo": "Canadair Regional-Jet-200LR",
    "o": null,
    "st": "L2J",
    "ml": false
  },
  "e90e06": {
    "i": "e90e06",
    "r": "CX-PAY",
    "it": "PIVI",
    "y": null,
    "m": null,
    "mo": "Pipistrel Virrus SW",
    "o": null,
    "st": "L1P",
    "ml": false
  },
  "e90f02": {
    "i": "e90f02",
    "r": "CX-CIX",
    "it": "PISI",
    "y": null,
    "m": null,
    "mo": "",
    "o": null,
    "st": "L1P",
    "ml": false
  },
  "e940a2": {
    "i": "e940a2",
    "r": "CP-2791",
    "it": "DC10",
    "y": null,
    "m": null,
    "mo": "Mcdonnell Douglas MD-10-30F",
    "o": null,
    "st": "L3J",
    "ml": false
  },
  "e94bc9": {
    "i": "e94bc9",
    "r": "CP-3017",
    "it": "B763",
    "y": null,
    "m": null,
    "mo": "Boeing 767-328",
    "o": null,
    "st": "L2J",
    "ml": false
  },
  "e90e0f": {
    "i": "e90e0f",
    "r": "CX-BXQ",
    "it": "SIRA",
    "y": null,
    "m": null,
    "mo": "",
    "o": null,
    "st": "L1P",
    "ml": false
  },
  "e940fe": {
    "i": "e940fe",
    "r": "CP-3121",
    "it": "B190",
    "y": null,
    "m": null,
    "mo": "Beech 1900-D",
    "o": null,
    "st": "L2T",
    "ml": false
  },
  "e94206": {
    "i": "e94206",
    "r": "CP-3127",
    "it": "BE9T",
    "y": null,
    "m": null,
    "mo": "Beech F90 King Air",
    "o": null,
    "st": "L2T",
    "ml": false
  },
  "e90e02": {
    "i": "e90e02",
    "r": "CX-LSA",
    "it": "PIAT",
    "y": null,
    "m": null,
    "mo": "Pipistrel Alpha Trainer",
    "o": null,
    "st": "L1P",
    "ml": false
  },
  "e94070": {
    "i": "e94070",
    "r": "CP-3133",
    "it": "E190",
    "y": null,
    "m": null,
    "mo": "Embraer Emb-190-100LR",
    "o": null,
    "st": "L2J",
    "ml": false
  },
  "e94160": {
    "i": "e94160",
    "r": "CP-2790",
    "it": "C55B",
    "y": null,
    "m": null,
    "mo": "",
    "o": null,
    "st": "L2J",
    "ml": false
  },
  "e9420f": {
    "i": "e9420f",
    "r": "CP-3205",
    "it": "PC12",
    "y": null,
    "m": null,
    "mo": "",
    "o": null,
    "st": "L1T",
    "ml": false
  },
  "e94b68": {
    "i": "e94b68",
    "r": "CP-2920",
    "it": "B733",
    "y": null,
    "m": null,
    "mo": "Boeing 737 37Q",
    "o": null,
    "st": "L2J",
    "ml": false
  },
  "e90051": {
    "i": "e90051",
    "r": "CX-BTW",
    "it": "PIVI",
    "y": null,
    "m": null,
    "mo": "",
    "o": null,
    "st": "L1P",
    "ml": false
  },
  "e94bcb": {
    "i": "e94bcb",
    "r": "CP-3019",
    "it": "B733",
    "y": null,
    "m": null,
    "mo": "Boeing 737 33A",
    "o": null,
    "st": "L2J",
    "ml": false
  },
  "e94c05": {
    "i": "e94c05",
    "r": "CP-3077",
    "it": "B733",
    "y": null,
    "m": null,
    "mo": "Boeing 737 36N",
    "o": null,
    "st": "L2J",
    "ml": false
  },
  "e94c88": {
    "i": "e94c88",
    "r": "CP-3208",
    "it": "A332",
    "y": null,
    "m": null,
    "mo": "",
    "o": null,
    "st": "L2J",
    "ml": false
  },
  "e94200": {
    "i": "e94200",
    "r": "CP-3088",
    "it": "SLG4",
    "y": null,
    "m": null,
    "mo": "",
    "o": null,
    "st": "L1P",
    "ml": false
  },
  "e94201": {
    "i": "e94201",
    "r": "CP-3102",
    "it": "SR20",
    "y": null,
    "m": null,
    "mo": "",
    "o": null,
    "st": "L1P",
    "ml": false
  },
  "e94b23": {
    "i": "e94b23",
    "r": "CP-2851",
    "it": "CRJ2",
    "y": null,
    "m": null,
    "mo": "Bombardier CRJ 200ER",
    "o": null,
    "st": "L2J",
    "ml": false
  },
  "e909e0": {
    "i": "e909e0",
    "r": "CX-PYB",
    "it": "LJ35",
    "y": null,
    "m": null,
    "mo": "Gates Learjet 35 A",
    "o": null,
    "st": "L2J",
    "ml": false
  },
  "e90a0e": {
    "i": "e90a0e",
    "r": "CX-AVO",
    "it": "C150",
    "y": null,
    "m": null,
    "mo": "",
    "o": null,
    "st": "L1P",
    "ml": false
  },
  "e90d09": {
    "i": "e90d09",
    "r": "CX-PPP",
    "it": "SR22",
    "y": null,
    "m": null,
    "mo": "Cirrus SR22",
    "o": null,
    "st": "L1P",
    "ml": false
  },
  "e90d0b": {
    "i": "e90d0b",
    "r": "CX-SDU",
    "it": "CRJ2",
    "y": null,
    "m": null,
    "mo": "Bombardier CRJ 200ER",
    "o": null,
    "st": "L2J",
    "ml": false
  },
  "e90e03": {
    "i": "e90e03",
    "r": "CX-MAX",
    "it": "C208",
    "y": null,
    "m": null,
    "mo": "Cessna 208 A",
    "o": null,
    "st": "L1T",
    "ml": false
  },
  "e941fb": {
    "i": "e941fb",
    "r": "CP-2985",
    "it": "C206",
    "y": null,
    "m": null,
    "mo": "Cessna T206H Turbo Stationair",
    "o": null,
    "st": "L1P",
    "ml": false
  },
  "e94b6e": {
    "i": "e94b6e",
    "r": "CP-2926",
    "it": "B738",
    "y": null,
    "m": null,
    "mo": "Boeing 737-83N",
    "o": null,
    "st": "L2J",
    "ml": false
  },
  "e94000": {
    "i": "e94000",
    "r": "CP-2690",
    "it": "T206",
    "y": null,
    "m": null,
    "mo": "",
    "o": null,
    "st": "L1P",
    "ml": false
  },
  "e94050": {
    "i": "e94050",
    "r": "FAB781",
    "it": "AS3B",
    "y": null,
    "m": null,
    "mo": "",
    "o": null,
    "st": "H2T",
    "ml": true
  },
  "e941f8": {
    "i": "e941f8",
    "r": "CP-3000",
    "it": "C172",
    "y": null,
    "m": null,
    "mo": "",
    "o": null,
    "st": "L1P",
    "ml": false
  },
  "e94b41": {
    "i": "e94b41",
    "r": "CP-2881",
    "it": "B763",
    "y": null,
    "m": null,
    "mo": "Boeing 767-33A",
    "o": null,
    "st": "L2J",
    "ml": false
  },
  "e94b6a": {
    "i": "e94b6a",
    "r": "CP-2922",
    "it": "B737",
    "y": null,
    "m": null,
    "mo": "Boeing 737NG 7Q8",
    "o": null,
    "st": "L2J",
    "ml": false
  },
  "e94bca": {
    "i": "e94bca",
    "r": "CP-3018",
    "it": "B737",
    "y": null,
    "m": null,
    "mo": "Boeing 737NG 73A/W",
    "o": null,
    "st": "L2J",
    "ml": false
  },
  "e900ce": {
    "i": "e900ce",
    "r": "CP-2716",
    "it": "B733",
    "y": null,
    "m": null,
    "mo": "Boeing 737 3Q8",
    "o": null,
    "st": "L2J",
    "ml": false
  },
  "e9406b": {
    "i": "e9406b",
    "r": "CP-2908",
    "it": "CRJ2",
    "y": null,
    "m": null,
    "mo": "Canadair Regional-Jet-200LR",
    "o": null,
    "st": "L2J",
    "ml": false
  },
  "e940fa": {
    "i": "e940fa",
    "r": "FAB001",
    "it": "F900",
    "y": null,
    "m": null,
    "mo": "",
    "o": null,
    "st": "L3J",
    "ml": true
  },
  "e940fb": {
    "i": "e940fb",
    "r": "FAB002",
    "it": "FA50",
    "y": null,
    "m": null,
    "mo": "",
    "o": null,
    "st": "L3J",
    "ml": true
  },
  "e941f5": {
    "i": "e941f5",
    "r": "CP-2863",
    "it": "BE30",
    "y": null,
    "m": null,
    "mo": "Beech King Air 300",
    "o": null,
    "st": "L2T",
    "ml": false
  },
  "e94b40": {
    "i": "e94b40",
    "r": "CP-2880",
    "it": "B763",
    "y": null,
    "m": null,
    "mo": "Boeing 767-33A",
    "o": null,
    "st": "L2J",
    "ml": false
  },
  "e94c0e": {
    "i": "e94c0e",
    "r": "CP-3086",
    "it": "B763",
    "y": null,
    "m": null,
    "mo": "Boeing 767-3S1",
    "o": null,
    "st": "L2J",
    "ml": false
  },
  "e94c8e": {
    "i": "e94c8e",
    "r": "CP-3214",
    "it": "A332",
    "y": null,
    "m": null,
    "mo": "Airbus A330-243",
    "o": null,
    "st": "L2J",
    "ml": false
  },
  "e94100": {
    "i": "e94100",
    "r": "CP-2694",
    "it": "C208",
    "y": null,
    "m": null,
    "mo": "",
    "o": null,
    "st": "L1T",
    "ml": false
  },
  "e909fa": {
    "i": "e909fa",
    "r": "CX-CCT",
    "it": "C500",
    "y": null,
    "m": null,
    "mo": "Cessna 500/501",
    "o": null,
    "st": "L2J",
    "ml": false
  },
  "e90e00": {
    "i": "e90e00",
    "r": "CX-VSW",
    "it": "PIAT",
    "y": null,
    "m": null,
    "mo": "Pipistrel Virus SW 121",
    "o": null,
    "st": "L1P",
    "ml": false
  },
  "e90f0c": {
    "i": "e90f0c",
    "r": "CX-RDM",
    "it": "PIAT",
    "y": null,
    "m": null,
    "mo": "",
    "o": null,
    "st": "L1P",
    "ml": false
  },
  "e94c89": {
    "i": "e94c89",
    "r": "CP-3209",
    "it": "A332",
    "y": null,
    "m": null,
    "mo": "Airbus A330-243",
    "o": null,
    "st": "L2J",
    "ml": false
  },
  "e900a1": {
    "i": "e900a1",
    "r": "CX-MAC",
    "it": "PIAT",
    "y": null,
    "m": null,
    "mo": "Pipistrel Alpha Trainer",
    "o": null,
    "st": "L1P",
    "ml": false
  },
  "e94b6c": {
    "i": "e94b6c",
    "r": "CP-2924",
    "it": "B737",
    "y": null,
    "m": null,
    "mo": "Boeing 737NG 7Q8",
    "o": null,
    "st": "L2J",
    "ml": false
  },
  "e94042": {
    "i": "e94042",
    "r": "CP-2640",
    "it": "B733",
    "y": null,
    "m": null,
    "mo": "Boeing 737 382",
    "o": null,
    "st": "L2J",
    "ml": false
  },
  "e94208": {
    "i": "e94208",
    "r": "CP-2526",
    "it": "BE9L",
    "y": null,
    "m": null,
    "mo": "",
    "o": null,
    "st": "L2T",
    "ml": false
  },
  "e90151": {
    "i": "e90151",
    "r": "FAU-551",
    "it": "E120",
    "y": null,
    "m": null,
    "mo": "Embraer EMB-120ER Brasilia",
    "o": null,
    "st": "L2T",
    "ml": false
  },
  "e90e0d": {
    "i": "e90e0d",
    "r": "CX-BXA",
    "it": "PAY4",
    "y": null,
    "m": null,
    "mo": "Piper PA-42",
    "o": null,
    "st": "L2T",
    "ml": false
  },
  "e90d05": {
    "i": "e90d05",
    "r": "CX-MPA",
    "it": "BE58",
    "y": null,
    "m": null,
    "mo": "Beech Baron",
    "o": null,
    "st": "L2P",
    "ml": false
  },
  "e90e01": {
    "i": "e90e01",
    "r": "CX-RLC",
    "it": "PIAT",
    "y": null,
    "m": null,
    "mo": "Pipistrel Alpha Trainer",
    "o": null,
    "st": "L1P",
    "ml": false
  },
  "e90e07": {
    "i": "e90e07",
    "r": "CX-MIA",
    "it": "R44",
    "y": null,
    "m": null,
    "mo": "Robinson R44",
    "o": null,
    "st": "H1P",
    "ml": false
  },
  "e90d01": {
    "i": "e90d01",
    "r": "CX-ESG",
    "it": "BE20",
    "y": null,
    "m": null,
    "mo": "Beechcraft Corp King Air 200GT",
    "o": null,
    "st": "L2T",
    "ml": false
  },
  "e94b69": {
    "i": "e94b69",
    "r": "CP-2921",
    "it": "B733",
    "y": null,
    "m": null,
    "mo": "Boeing 737 33R",
    "o": null,
    "st": "L2J",
    "ml": false
  },
  "e94b6b": {
    "i": "e94b6b",
    "r": "CP-2923",
    "it": "B737",
    "y": null,
    "m": null,
    "mo": "Boeing 737-7Q8",
    "o": null,
    "st": "L2J",
    "ml": false
  },
  "e90d04": {
    "i": "e90d04",
    "r": "CX-PGZ",
    "it": "BE58",
    "y": null,
    "m": null,
    "mo": "Beech G58 Baron",
    "o": null,
    "st": "L2P",
    "ml": false
  },
  "e90d0c": {
    "i": "e90d0c",
    "r": "CX-PYA",
    "it": "PIVI",
    "y": null,
    "m": null,
    "mo": "Pipistrel Virus SW 121",
    "o": null,
    "st": "L1P",
    "ml": false
  },
  "e90e0e": {
    "i": "e90e0e",
    "r": "CX-MIE",
    "it": "R66",
    "y": null,
    "m": null,
    "mo": "R66",
    "o": null,
    "st": "H1T",
    "ml": false
  },
  "e90f03": {
    "i": "e90f03",
    "r": "CX-III",
    "it": "BE33",
    "y": null,
    "m": null,
    "mo": "",
    "o": null,
    "st": "L1P",
    "ml": false
  },
  "e90f10": {
    "i": "e90f10",
    "r": "CX-CLD",
    "it": "SW4",
    "y": null,
    "m": null,
    "mo": "",
    "o": null,
    "st": "L2T",
    "ml": false
  },
  "e9412d": {
    "i": "e9412d",
    "r": "CP-2814",
    "it": "RJ85",
    "y": null,
    "m": null,
    "mo": "Bae 146",
    "o": null,
    "st": "L4J",
    "ml": false
  },
  "e94130": {
    "i": "e94130",
    "r": "CP-2889",
    "it": "RJ85",
    "y": null,
    "m": null,
    "mo": "Bae 146",
    "o": null,
    "st": "L4J",
    "ml": false
  },
  "e94b24": {
    "i": "e94b24",
    "r": "CP-2852",
    "it": "CRJ2",
    "y": null,
    "m": null,
    "mo": "Bombardier CRJ 200ER",
    "o": null,
    "st": "L2J",
    "ml": false
  },
  "e90b04": {
    "i": "e90b04",
    "r": "CX-CAR",
    "it": "B722",
    "y": null,
    "m": null,
    "mo": "Boeing 727 214F",
    "o": null,
    "st": "L3J",
    "ml": false
  },
  "e90f01": {
    "i": "e90f01",
    "r": "CX-CLC",
    "it": "B722",
    "y": null,
    "m": null,
    "mo": "",
    "o": null,
    "st": "L3J",
    "ml": false
  },
  "e94075": {
    "i": "e94075",
    "r": "CP-3171",
    "it": "E190",
    "y": null,
    "m": null,
    "mo": "",
    "o": null,
    "st": "L2J",
    "ml": false
  },
  "e94c86": {
    "i": "e94c86",
    "r": "CP-3206",
    "it": "B738",
    "y": null,
    "m": null,
    "mo": "",
    "o": null,
    "st": "L2J",
    "ml": false
  },
  "e909fb": {
    "i": "e909fb",
    "r": "500",
    "it": "H25B",
    "y": null,
    "m": null,
    "mo": "British Aerospace 125 700A",
    "o": null,
    "st": "L2J",
    "ml": true
  },
  "e94074": {
    "i": "e94074",
    "r": "CP-3145",
    "it": "E190",
    "y": null,
    "m": null,
    "mo": "Embraer Emb-190-100LR",
    "o": null,
    "st": "L2J",
    "ml": false
  },
  "e90061": {
    "i": "e90061",
    "r": "CX-BHN",
    "it": "C210",
    "y": null,
    "m": "CESSNA",
    "mo": "210 Centurion",
    "o": null,
    "st": "L1P",
    "ml": false
  },
  "e90081": {
    "i": "e90081",
    "r": "CX-MGP",
    "it": "C182",
    "y": null,
    "m": "CESSNA",
    "mo": "182 Skylane",
    "o": null,
    "st": "L1P",
    "ml": false
  },
  "e90171": {
    "i": "e90171",
    "r": "CX-MAP",
    "it": "PIVI",
    "y": null,
    "m": "PIPISTREL",
    "mo": "Virus",
    "o": null,
    "st": "L1P",
    "ml": false
  },
  "e90f09": {
    "i": "e90f09",
    "r": "CX-DFA",
    "it": "PIAT",
    "y": null,
    "m": "PIPISTREL",
    "mo": "Alpha Trainer",
    "o": null,
    "st": "L1P",
    "ml": false
  },
  "e94219": {
    "i": "e94219",
    "r": "CP-3224",
    "it": "TBM9",
    "y": null,
    "m": "SOCATA",
    "mo": "TBM-900",
    "o": null,
    "st": "L1T",
    "ml": false
  },
  "e90011": {
    "i": "e90011",
    "r": "CX-STA",
    "it": "BE9L",
    "y": null,
    "m": "BEECH",
    "mo": "90 King Air",
    "o": null,
    "st": "L2T",
    "ml": false
  },
  "e90f06": {
    "i": "e90f06",
    "r": "CX-RYT",
    "it": "PIVI",
    "y": null,
    "m": "PIPISTREL",
    "mo": "Virus",
    "o": null,
    "st": "L1P",
    "ml": false
  },
  "e900f1": {
    "i": "e900f1",
    "r": "CX-CDA",
    "it": "R44",
    "y": null,
    "m": "ROBINSON",
    "mo": "R-44 Raven",
    "o": null,
    "st": "H1P",
    "ml": false
  },
  "e90211": {
    "i": "e90211",
    "r": "CX-ATG",
    "it": "C182",
    "y": null,
    "m": "CESSNA",
    "mo": "182 Skylane",
    "o": null,
    "st": "L1P",
    "ml": false
  },
  "e90191": {
    "i": "e90191",
    "r": "595",
    "it": "C130",
    "y": null,
    "m": "LOCKHEED",
    "mo": "C-130 Hercules",
    "o": null,
    "st": "L4T",
    "ml": true
  },
  "e94220": {
    "i": "e94220",
    "r": "CP-3234",
    "it": "C206",
    "y": null,
    "m": "CESSNA",
    "mo": "206 Stationair",
    "o": null,
    "st": "L1P",
    "ml": false
  }
}