{
  "faa3cb": {
    "i": "faa3cb",
    "r": "TWR",
    "it": "TWR",
    "y": null,
    "m": null,
    "mo": null,
    "o": null,
    "st": "T0-",
    "ml": false
  },
  "faa30d": {
    "i": "faa30d",
    "r": "TWR",
    "it": "TWR",
    "y": null,
    "m": null,
    "mo": null,
    "o": null,
    "st": "T0-",
    "ml": false
  },
  "faa6b5": {
    "i": "faa6b5",
    "r": "TWR",
    "it": "TWR",
    "y": null,
    "m": null,
    "mo": null,
    "o": null,
    "st": "T0-",
    "ml": false
  },
  "faa643": {
    "i": "faa643",
    "r": "TWR",
    "it": "TWR",
    "y": null,
    "m": null,
    "mo": "",
    "o": null,
    "st": "T0-",
    "ml": false
  },
  "faa7de": {
    "i": "faa7de",
    "r": "TWR",
    "it": "TWR",
    "y": null,
    "m": null,
    "mo": null,
    "o": null,
    "st": "T0-",
    "ml": false
  },
  "faa640": {
    "i": "faa640",
    "r": "TWR",
    "it": "TWR",
    "y": null,
    "m": null,
    "mo": "",
    "o": null,
    "st": "T0-",
    "ml": false
  },
  "faa641": {
    "i": "faa641",
    "r": "TWR",
    "it": "TWR",
    "y": null,
    "m": null,
    "mo": "",
    "o": null,
    "st": "T0-",
    "ml": false
  },
  "faa663": {
    "i": "faa663",
    "r": "TWR",
    "it": "TWR",
    "y": null,
    "m": null,
    "mo": "",
    "o": null,
    "st": "T0-",
    "ml": false
  },
  "faafaa": {
    "i": "faafaa",
    "r": "TWR",
    "it": "TWR",
    "y": null,
    "m": null,
    "mo": "",
    "o": null,
    "st": "T0-",
    "ml": false
  },
  "faa66a": {
    "i": "faa66a",
    "r": "TWR",
    "it": "TWR",
    "y": null,
    "m": null,
    "mo": "",
    "o": null,
    "st": "T0-",
    "ml": false
  },
  "faa86b": {
    "i": "faa86b",
    "r": "TWR",
    "it": "TWR",
    "y": null,
    "m": null,
    "mo": "",
    "o": null,
    "st": "T0-",
    "ml": false
  },
  "faa642": {
    "i": "faa642",
    "r": "TWR",
    "it": "TWR",
    "y": null,
    "m": null,
    "mo": "",
    "o": null,
    "st": "T0-",
    "ml": false
  },
  "faa687": {
    "i": "faa687",
    "r": "TWR",
    "it": "TWR",
    "y": null,
    "m": null,
    "mo": "",
    "o": null,
    "st": "T0-",
    "ml": false
  },
  "faa3d2": {
    "i": "faa3d2",
    "r": "TWR",
    "it": "TWR",
    "y": null,
    "m": null,
    "mo": null,
    "o": null,
    "st": "T0-",
    "ml": false
  },
  "faa3d3": {
    "i": "faa3d3",
    "r": "TWR",
    "it": "TWR",
    "y": null,
    "m": null,
    "mo": null,
    "o": null,
    "st": "T0-",
    "ml": false
  },
  "faa3cc": {
    "i": "faa3cc",
    "r": "TWR",
    "it": "TWR",
    "y": null,
    "m": null,
    "mo": null,
    "o": null,
    "st": "T0-",
    "ml": false
  },
  "faa0c6": {
    "i": "faa0c6",
    "r": "TWR",
    "it": "TWR",
    "y": null,
    "m": null,
    "mo": null,
    "o": null,
    "st": "T0-",
    "ml": false
  },
  "faa310": {
    "i": "faa310",
    "r": "TWR",
    "it": "TWR",
    "y": null,
    "m": null,
    "mo": null,
    "o": null,
    "st": "T0-",
    "ml": false
  },
  "faa732": {
    "i": "faa732",
    "r": "TWR",
    "it": "TWR",
    "y": null,
    "m": null,
    "mo": null,
    "o": null,
    "st": "T0-",
    "ml": false
  },
  "faa1a7": {
    "i": "faa1a7",
    "r": "TWR",
    "it": "TWR",
    "y": null,
    "m": null,
    "mo": null,
    "o": null,
    "st": "T0-",
    "ml": false
  },
  "faa1aa": {
    "i": "faa1aa",
    "r": "TWR",
    "it": "TWR",
    "y": null,
    "m": null,
    "mo": null,
    "o": null,
    "st": "T0-",
    "ml": false
  },
  "faa1a8": {
    "i": "faa1a8",
    "r": "TWR",
    "it": "TWR",
    "y": null,
    "m": null,
    "mo": null,
    "o": null,
    "st": "T0-",
    "ml": false
  },
  "faa1a9": {
    "i": "faa1a9",
    "r": "TWR",
    "it": "TWR",
    "y": null,
    "m": null,
    "mo": null,
    "o": null,
    "st": "T0-",
    "ml": false
  },
  "faa1ab": {
    "i": "faa1ab",
    "r": "TWR",
    "it": "TWR",
    "y": null,
    "m": null,
    "mo": null,
    "o": null,
    "st": "T0-",
    "ml": false
  },
  "faa787": {
    "i": "faa787",
    "r": "TWR",
    "it": "TWR",
    "y": null,
    "m": null,
    "mo": null,
    "o": null,
    "st": "T0-",
    "ml": false
  },
  "faa7e0": {
    "i": "faa7e0",
    "r": "TWR",
    "it": "TWR",
    "y": null,
    "m": null,
    "mo": null,
    "o": null,
    "st": "T0-",
    "ml": false
  },
  "faa4e6": {
    "i": "faa4e6",
    "r": "TWR",
    "it": "TWR",
    "y": null,
    "m": null,
    "mo": null,
    "o": null,
    "st": "T0-",
    "ml": false
  },
  "faa4e4": {
    "i": "faa4e4",
    "r": "TWR",
    "it": "TWR",
    "y": null,
    "m": null,
    "mo": null,
    "o": null,
    "st": "T0-",
    "ml": false
  },
  "faa4e5": {
    "i": "faa4e5",
    "r": "TWR",
    "it": "TWR",
    "y": null,
    "m": null,
    "mo": null,
    "o": null,
    "st": "T0-",
    "ml": false
  },
  "faa2e3": {
    "i": "faa2e3",
    "r": "TWR",
    "it": "TWR",
    "y": null,
    "m": null,
    "mo": null,
    "o": null,
    "st": "T0-",
    "ml": false
  },
  "faa2e0": {
    "i": "faa2e0",
    "r": "TWR",
    "it": "TWR",
    "y": null,
    "m": null,
    "mo": null,
    "o": null,
    "st": "T0-",
    "ml": false
  },
  "faa2e1": {
    "i": "faa2e1",
    "r": "TWR",
    "it": "TWR",
    "y": null,
    "m": null,
    "mo": null,
    "o": null,
    "st": "T0-",
    "ml": false
  },
  "faa96a": {
    "i": "faa96a",
    "r": "TWR",
    "it": "TWR",
    "y": null,
    "m": null,
    "mo": null,
    "o": null,
    "st": "T0-",
    "ml": false
  },
  "faa6b6": {
    "i": "faa6b6",
    "r": "TWR",
    "it": "TWR",
    "y": null,
    "m": null,
    "mo": null,
    "o": null,
    "st": "T0-",
    "ml": false
  },
  "faa39f": {
    "i": "faa39f",
    "r": "TWR",
    "it": "TWR",
    "y": null,
    "m": null,
    "mo": null,
    "o": null,
    "st": "T0-",
    "ml": false
  },
  "faa39e": {
    "i": "faa39e",
    "r": "TWR",
    "it": "TWR",
    "y": null,
    "m": null,
    "mo": null,
    "o": null,
    "st": "T0-",
    "ml": false
  }
}