{
    "fields": [
        {
            "label": "${DATE}  ${TIME}",
            "x": 259,
            "y": 50,
            "id": "oe-field-0",
            "format": "{%d-%m-%Y}{%H:%M:%S}",
            "strokewidth": 0,
            "sample": "DATE,TIME",
            "tlx": 19,
            "tly": 20,
            "fontsize": 60,
            "fill": "#ff0000"
        },
        {
            "label": "Exposure: ${sEXPOSURE}",
            "x": 237,
            "y": 108,
            "id": "oe-field-1",
            "fontsize": 36,
            "strokewidth": 0,
            "tlx": 19,
            "tly": 90
        },
        {
            "label": "Gain: ${GAIN}",
            "x": 134,
            "y": 158,
            "id": "oe-field-2",
            "format": "{:n}",
            "fontsize": 36,
            "strokewidth": 0,
            "tlx": 19,
            "tly": 140
        },
        {
            "label": "Sensor: ${TEMPERATURE_C} C",
            "x": 284,
            "y": 258,
            "id": "oe-field-3",
            "format": "{:.1f}",
            "fontsize": 36,
            "strokewidth": 0,
            "tlx": 19,
            "tly": 240,
            "sample": "20.1"
        },
        {
            "label": "${CAMERA_TYPE} ${CAMERA_MODEL}",
            "x": 262,
            "y": 472,
            "id": "oe-field-4",
            "fontsize": 24,
            "strokewidth": 0,
            "sample": "ZWO some_model",
            "tlx": 39,
            "tly": 460
        }
    ],
    "images": [],
    "settings": {
        "defaultdatafileexpiry": "600",
        "defaultincludeplanets": true,
        "defaultincludesun": true,
        "defaultincludemoon": true,
        "defaultimagetopacity": 0.63,
        "defaultimagerotation": 0,
        "defaulttextrotation": 0,
        "defaultfontopacity": 1,
        "defaultfontcolour": "white",
        "defaultfont": "Arial",
        "defaultfontsize": 52,
        "defaultimagescale": 1,
        "defaultnoradids": "25544",
        "defaultstrokecolour": "",
        "defaultexpirytext": ""
    },
    "fonts": {},
    "metadata": {
        "name": "Alex",
        "description": "",
        "camerabrand": "ZWO",
        "cameramodel": "ASI178MM",
        "cameraresolutionwidth": "3096",
        "cameraresolutionheight": "2080",
        "tod": "both"
    },
    "rects": []
}