{
	"cameraType" : "ZWO",
	"cameraTypes" : [
		{ "value" : "ZWO", "label" : "ZWO" },
		{ "value" : "Refresh", "label" : "Refresh" }
	],
	"cameraName" : "ZWO ASI178MM",
	"cameraModel" : "ASI178MM",
	"cameraModels" : [
		{ "value" : "ASI178MM", "label" : "ASI178MM" }
	],
	"cameraID" : "",
	"cameraNumber" : 0,
	"serialNumber" : "261dd3081b090900",
	"sensorWidth" : 3096,
	"sensorHeight" : 2080,
	"pixelSize" : 2.40,
	"supportedBins" : [
		{ "value" : 1, "label" : "1x1" },
		{ "value" : 2, "label" : "2x2" },
		{ "value" : 3, "label" : "3x3" },
		{ "value" : 4, "label" : "4x4" }
	],
	"hasSensorTemperature" : true,
	"colorCamera" : false,
	"bitDepth" : 14,
	"supportedImageFormats": [
		{ "value" : 99, "label" : "auto" },
		{ "value" : 0, "label" : "RAW8" },
		{ "value" : 2, "label" : "RAW16" }
	],
	"controls": [
		{
			"Name" : "sensorWidth",
			"argumentName" : "width",
			"MinValue" : 0,
			"MaxValue" : 3096,
			"DefaultValue" : 0
		},
		{
			"Name" : "sensorHeight",
			"argumentName" : "height",
			"MinValue" : 0,
			"MaxValue" : 2080,
			"DefaultValue" : 0
		},
		{
			"Name" : "imageCropTop",
			"argumentName" : "imagecroptop",
			"MinValue" : 0,
			"MaxValue" : 1872,
			"DefaultValue" : 0
		},
		{
			"Name" : "imageCropRight",
			"argumentName" : "imagecropright",
			"MinValue" : 0,
			"MaxValue" : 2786,
			"DefaultValue" : 0
		},
		{
			"Name" : "imageCropBottom",
			"argumentName" : "imagecropbottom",
			"MinValue" : 0,
			"MaxValue" : 1872,
			"DefaultValue" : 0
		},
		{
			"Name" : "imageCropLeft",
			"argumentName" : "imagecropleft",
			"MinValue" : 0,
			"MaxValue" : 2786,
			"DefaultValue" : 0
		},
		{
			"Name" : "timelapseWidth",
			"argumentName" : "timelapsewidth",
			"MaxValue" : 3096
		},
		{
			"Name" : "timelapseHeight",
			"argumentName" : "timelapseheight",
			"MaxValue" : 2080
		},
		{
			"Name" : "minitimelapseWidth",
			"argumentName" : "minitimelapsewidth",
			"MaxValue" : 3096
		},
		{
			"Name" : "minitimelapseHeight",
			"argumentName" : "minitimelapseheight",
			"MaxValue" : 2080
		},
		{
			"Name" : "imageresizeuploadsWidth",
			"argumentName" : "imageresizeuploadswidth",
			"MaxValue" : 3096
		},
		{
			"Name" : "imageresizeuploadsHeight",
			"argumentName" : "imageresizeuploadsheight",
			"MaxValue" : 2080
		},
		{
			"Name" : "dayautogain",
			"argumentName" : "dayautogain",
			"DefaultValue" : false
		},
		{
			"Name" : "nightautogain",
			"argumentName" : "nightautogain",
			"DefaultValue" : false
		},
		{
			"Name" : "delayBetweenImages_ms",
			"argumentName" : "delay",
			"MinValue" : 10,
			"MaxValue" : "none"
		},
		{
			"Name" : "daymean",
			"argumentName" : "daymean",
			"MinValue" : 0.0,
			"MaxValue" : 1.0,
			"DefaultValue" : 0.5
		},
		{
			"Name" : "DayMeanThreshold",
			"argumentName" : "daymeanthreshold",
			"MinValue" : 0.01,
			"MaxValue" : 1.0,
			"DefaultValue" : 0.02
		},
		{
			"Name" : "nightmean",
			"argumentName" : "nightmean",
			"MinValue" : 0.0,
			"MaxValue" : 1.0,
			"DefaultValue" : 0.3
		},
		{
			"Name" : "NightMeanThreshold",
			"argumentName" : "nightmeanthreshold",
			"MinValue" : 0.01,
			"MaxValue" : 1.0,
			"DefaultValue" : 0.02
		},
		{
			"Name" : "showTemp",
			"argumentName" : "showtemp",
			"DefaultValue" : false
		},
		{
			"Name" : "aggression",
			"argumentName" : "aggression",
			"MinValue" : 0,
			"MaxValue" : 100,
			"DefaultValue" : 85
		},
		{
			"Name" : "gaintransitiontime",
			"argumentName" : "gaintransitiontime",
			"MinValue" : 0,
			"DefaultValue" : 5
		},
		{
			"Name" : "autousb",
			"argumentName" : "autousb",
			"DefaultValue" : true
		},
		{
			"Name" : "showUSB",
			"argumentName" : "showusb",
			"DefaultValue" : false
		},
		{
			"Name" : "histogrambox",
			"argumentName" : "histogrambox",
			"DefaultValue" : "500 500 50 50"
		},
		{
			"Name" : "showhistogrambox",
			"argumentName" : "showhistogrambox",
			"DefaultValue" : false
		},
		{
			"Name" : "ZWOexposureType",
			"argumentName" : "zwoexposuretype",
			"DefaultValue" : 0
		},
		{
			"Name" : "Gain",
			"argumentName" : "gain",
			"MinValue" : 0,
			"MaxValue" : 510,
			"DefaultValue" : 210,
			"IsAutoSupported" : true,
			"IsWritable" : true,
			"ControlType" : 0
		},
		{
			"Name" : "Exposure",
			"argumentName" : "exposure",
			"MinValue" : 0.032,
			"MaxValue" : 2000000,
			"DefaultValue" : 10,
			"IsAutoSupported" : true,
			"IsWritable" : true,
			"ControlType" : 1
		},
		{
			"Name" : "Offset",
			"argumentName" : "offset",
			"MinValue" : 0,
			"MaxValue" : 600,
			"DefaultValue" : 10,
			"IsAutoSupported" : false,
			"IsWritable" : true,
			"ControlType" : 5
		},
		{
			"Name" : "BandWidth",
			"argumentName" : "usb",
			"MinValue" : 40,
			"MaxValue" : 100,
			"DefaultValue" : 50,
			"IsAutoSupported" : true,
			"IsWritable" : true,
			"ControlType" : 6
		},
		{
			"Name" : "Flip",
			"argumentName" : "flip",
			"MinValue" : 0,
			"MaxValue" : 3,
			"DefaultValue" : 0,
			"IsAutoSupported" : false,
			"IsWritable" : true,
			"ControlType" : 9
		},
		{
			"Name" : "AutoExpMaxGain",
			"argumentName" : "maxautogain",
			"MinValue" : 0,
			"MaxValue" : 510,
			"DefaultValue" : 255,
			"IsAutoSupported" : false,
			"IsWritable" : true,
			"ControlType" : 10
		},
		{
			"Name" : "AutoExpMaxExpMS",
			"argumentName" : "maxautoexposure",
			"MinValue" : 1,
			"MaxValue" : 60000,
			"DefaultValue" : 60000,
			"IsAutoSupported" : false,
			"IsWritable" : true,
			"ControlType" : 11
		},
		{
			"Name" : "AutoExpTargetBrightness",
			"argumentName" : "brightness",
			"MinValue" : 50,
			"MaxValue" : 160,
			"DefaultValue" : 100,
			"IsAutoSupported" : false,
			"IsWritable" : true,
			"ControlType" : 12
		},
		{
			"Name" : "dayexposure",
			"argumentName" : "dayexposure",
			"DefaultValue" : 500
		},
		{
			"Name" : "nightexposure",
			"argumentName" : "nightexposure",
			"DefaultValue" : 10000
		},
		{
			"Name" : "daygain",
			"argumentName" : "daygain",
			"DefaultValue" : 0
		},
		{
			"Name" : "nightgain",
			"argumentName" : "nightgain",
			"DefaultValue" : 255
		}
	]
}
