{
    "0x00": [
        {
            "device": "Reserved - general call address",
            "url": "",
            "addresses": ""
        }
    ],
    "0x01": [
        {
            "device": "Reserved for CBUS compatibility",
            "url": "",
            "addresses": ""
        }
    ],
    "0x02": [
        {
            "device": "Reserved for I2C-compatible bus variants",
            "url": "",
            "addresses": ""
        }
    ],
    "0x03": [
        {
            "device": "Reserved for future use",
            "url": "",
            "addresses": ""
        }
    ],
    "0x04": [
        {
            "device": "Reserved for HS-mode controller",
            "url": "",
            "addresses": ""
        }
    ],
    "0x05": [
        {
            "device": "Reserved for HS-mode controller",
            "url": "",
            "addresses": ""
        }
    ],
    "0x06": [
        {
            "device": "Reserved for HS-mode controller",
            "url": "",
            "addresses": ""
        }
    ],
    "0x07": [
        {
            "device": "Reserved for HS-mode controller",
            "url": "",
            "addresses": ""
        }
    ],
    "0x0B": [
        {
            "device": "LC709203F Fuel Gauge and Battery Monitor",
            "url": "https://www.adafruit.com/product/4712",
            "addresses": "0x0B only"
        }
    ],
    "0x0C": [
        {
            "device": "MLX90393 3-Axis Magnetometer",
            "url": "https://www.adafruit.com/product/4022",
            "addresses": "0x0C - 0x0F"
        }
    ],
    "0x0D": [
        {
            "device": "MLX90393 3-Axis Magnetometer",
            "url": "https://www.adafruit.com/product/4022",
            "addresses": "0x0C - 0x0F"
        }
    ],
    "0x0E": [
        {
            "device": "MAG3110 3-Axis Magnetometer",
            "url": "",
            "addresses": "0x0E only"
        },
        {
            "device": "MLX90393 3-Axis Magnetometer",
            "url": "https://www.adafruit.com/product/4022",
            "addresses": "0x0C - 0x0F"
        }
    ],
    "0x0F": [
        {
            "device": "MLX90393 3-Axis Magnetometer",
            "url": "https://www.adafruit.com/product/4022",
            "addresses": "0x0C - 0x0F"
        }
    ],
    "0x10": [
        {
            "device": "VEML6075 UV Sensor",
            "url": "",
            "addresses": "0x10 only"
        },
        {
            "device": "VEML7700 Ambient Light Sensor",
            "url": "https://www.adafruit.com/product/4162",
            "addresses": "0x10 only"
        },
        {
            "device": "PA1010D GPS Module",
            "url": "https://www.adafruit.com/product/4415",
            "addresses": "0x10 only"
        }
    ],
    "0x11": [
        {
            "device": "Si4713 FM Transmitter with RDS",
            "url": "https://www.adafruit.com/product/1958",
            "addresses": "0x11 or 0x63"
        }
    ],
    "0x12": [
        {
            "device": "PMSA0031 Gas Sensor",
            "url": "https://www.adafruit.com/product/4632",
            "addresses": "0x12 only"
        }
    ],
    "0x13": [
        {
            "device": "VCNL40x0 Proximity Sensor",
            "url": "https://www.adafruit.com/product/466",
            "addresses": "0x13 only"
        }
    ],
    "0x18": [
        {
            "device": "MCP9808 Temperature Sensor",
            "url": "https://www.adafruit.com/product/1782",
            "addresses": "0x18 - 0x1F"
        },
        {
            "device": "MPRLS Pressure Sensor",
            "url": "https://www.adafruit.com/product/3965",
            "addresses": "0x18"
        },
        {
            "device": "LIS331 3-Axis Accelerometer",
            "url": "https://www.adafruit.com/product/4626",
            "addresses": "0x18 or 0x19"
        },
        {
            "device": "LIS3DH 3-Axis Accelerometer",
            "url": "https://www.adafruit.com/product/2809",
            "addresses": "0x18 or 0x19"
        }
    ],
    "0x19": [
        {
            "device": "MCP9808 Temperature Sensor",
            "url": "https://www.adafruit.com/product/1782",
            "addresses": "0x18 - 0x1F"
        },
        {
            "device": "LIS331 3-Axis Accelerometer",
            "url": "https://www.adafruit.com/product/4626",
            "addresses": "0x18 or 0x19"
        },
        {
            "device": "LIS3DH 3-Axis Accelerometer",
            "url": "https://www.adafruit.com/product/2809",
            "addresses": "0x18 or 0x19"
        },
        {
            "device": "LSM303 Accelerometer/Magnetometer",
            "url": "https://www.adafruit.com/product/4413",
            "addresses": "0x19 for accelerometer and 0x1E for magnetometer"
        }
    ],
    "0x1A": [
        {
            "device": "AGS02MA TVOC Gas Sensor",
            "url": "https://www.adafruit.com/product/5593",
            "addresses": "0x1A"
        },
        {
            "device": "MCP9808 Temperature Sensor",
            "url": "https://www.adafruit.com/product/1782",
            "addresses": "0x18 - 0x1F"
        }
    ],
    "0x1B": [
        {
            "device": "MCP9808 Temperature Sensor",
            "url": "https://www.adafruit.com/product/1782",
            "addresses": "0x18 - 0x1F"
        }
    ],
    "0x1C": [
        {
            "device": "LIS3MDL Magetometer",
            "url": "https://www.adafruit.com/product/4479",
            "addresses": "0x1C & 0x1E"
        },
        {
            "device": "MCP9808 Temperature Sensor",
            "url": "https://www.adafruit.com/product/1782",
            "addresses": "0x18 - 0x1F"
        },
        {
            "device": "MMA845x 3-Axis Accelerometer",
            "url": "https://www.adafruit.com/product/2019",
            "addresses": "0x1C or 0x1D"
        },
        {
            "device": "FXOS8700 Accelerometer/Magnetometer",
            "url": "https://www.adafruit.com/product/3463",
            "addresses": "0x1C, 0x1D, 0x1E or 0x1F"
        },
        {
            "device": "MMA7455L",
            "url": "",
            "addresses": "0x1C or 0x1D"
        }
    ],
    "0x1D": [
        {
            "device": "ADXL343 3-Axis Accelerometer",
            "url": "https://www.adafruit.com/product/4097",
            "addresses": "0x1D or 0x53"
        },
        {
            "device": "ADXL345 3-Axis Accelerometer",
            "url": "https://www.adafruit.com/product/1231",
            "addresses": "0x1D or 0x53"
        },
        {
            "device": "FXOS8700 Accelerometer/Magnetometer",
            "url": "https://www.adafruit.com/product/3463",
            "addresses": "0x1C, 0x1D, 0x1E or 0x1F"
        },
        {
            "device": "LSM9DS0 9-Axis IMU",
            "url": "https://www.adafruit.com/product/2021",
            "addresses": "0x1D or 0x1E for Accel/Mag, 0x6A or 0x6B for Gyro"
        },
        {
            "device": "MCP9808 Temperature Sensor",
            "url": "https://www.adafruit.com/product/1782",
            "addresses": "0x18 - 0x1F"
        },
        {
            "device": "MMA7455L",
            "url": "",
            "addresses": "0x1C or 0x1D"
        },
        {
            "device": "MMA845x 3-Axis Accelerometer",
            "url": "https://www.adafruit.com/product/2019",
            "addresses": "0x1C or 0x1D"
        }
    ],
    "0x1E": [
        {
            "device": "FXOS8700 Accelerometer/Magnetometer",
            "url": "https://www.adafruit.com/product/3463",
            "addresses": "0x1C, 0x1D, 0x1E or 0x1F"
        },
        {
            "device": "HMC5883 Magnetometer",
            "url": "https://www.adafruit.com/product/1746",
            "addresses": "0x1E only"
        },
        {
            "device": "LIS2MDL Magnetometer",
            "url": "https://www.adafruit.com/product/4488",
            "addresses": "0x1E only"
        },
        {
            "device": "LIS3MDL Magnetometer",
            "url": "https://www.adafruit.com/product/4479",
            "addresses": "0x1C & 0x1E"
        },
        {
            "device": "LSM303 Accelerometer/Magnetometer",
            "url": "https://www.adafruit.com/product/4413",
            "addresses": "0x19 for accelerometer and 0x1E for magnetometer"
        },
        {
            "device": "LSM9DS0 9-Axis IMU",
            "url": "https://www.adafruit.com/product/2021",
            "addresses": "0x1D or 0x1E for Accel/Mag, 0x6A or 0x6B for Gyro"
        },
        {
            "device": "MCP9808 Temperature Sensor",
            "url": "https://www.adafruit.com/product/1782",
            "addresses": "0x18 - 0x1F"
        }
    ],
    "0x1F": [
        {
            "device": "MCP9808 Temperature Sensor",
            "url": "https://www.adafruit.com/product/1782",
            "addresses": "0x18 - 0x1F"
        },
        {
            "device": "FXOS8700 Accelerometer & Magnetometer",
            "url": "https://www.adafruit.com/product/3463",
            "addresses": "0x1C, 0x1D, 0x1E or 0x1F"
        }
    ],
    "0x20": [
        {
            "device": "FXAS21002 Gyroscope",
            "url": "https://www.adafruit.com/product/3463",
            "addresses": "0x20 or 0x21"
        },
        {
            "device": "Chirp! Water Sensor",
            "url": "https://www.adafruit.com/product/1965",
            "addresses": "0x20"
        },
        {
            "device": "MCP23008 GPIO Expander",
            "url": "https://www.adafruit.com/product/292",
            "addresses": "0x20 - 0x27"
        },
        {
            "device": "MCP23017 GPIO Expander",
            "url": "https://www.adafruit.com/product/732",
            "addresses": "0x20 - 0x27"
        }
    ],
    "0x21": [
        {
            "device": "FXAS21002 Gyroscope",
            "url": "https://www.adafruit.com/product/3463",
            "addresses": "0x20 or 0x21"
        },
        {
            "device": "MCP23008 GPIO Expander",
            "url": "https://www.adafruit.com/product/292",
            "addresses": "0x20 - 0x27"
        },
        {
            "device": "MCP23017 GPIO Expander",
            "url": "https://www.adafruit.com/product/732",
            "addresses": "0x20 - 0x27"
        }
    ],
    "0x22": [
        {
            "device": "MCP23008 GPIO Expander",
            "url": "https://www.adafruit.com/product/292",
            "addresses": "0x20 - 0x27"
        },
        {
            "device": "MCP23017 GPIO Expander",
            "url": "https://www.adafruit.com/product/732",
            "addresses": "0x20 - 0x27"
        }
    ],
    "0x23": [
        {
            "device": "BH1750 Light Sensor",
            "url": "https://www.adafruit.com/product/4681",
            "addresses": "0x23 or 0x5C"
        },
        {
            "device": "MCP23008 GPIO Expander",
            "url": "https://www.adafruit.com/product/292",
            "addresses": "0x20 - 0x27"
        },
        {
            "device": "MCP23017 GPIO Expander",
            "url": "https://www.adafruit.com/product/732",
            "addresses": "0x20 - 0x27"
        }
    ],
    "0x24": [
        {
            "device": "MCP23008 GPIO Expander",
            "url": "https://www.adafruit.com/product/292",
            "addresses": "0x20 - 0x27"
        },
        {
            "device": "MCP23017 GPIO Expander",
            "url": "https://www.adafruit.com/product/732",
            "addresses": "0x20 - 0x27"
        },
        {
            "device": "PN532 NFC/RFID reader",
            "url": "https://www.adafruit.com/product/364",
            "addresses": "0x24 only, unless manually configured"
        }
    ],
    "0x25": [
        {
            "device": "MCP23008 GPIO Expander",
            "url": "https://www.adafruit.com/product/292",
            "addresses": "0x20 - 0x27"
        },
        {
            "device": "MCP23017 GPIO Expander",
            "url": "https://www.adafruit.com/product/732",
            "addresses": "0x20 - 0x27"
        }
    ],
    "0x26": [
        {
            "device": "MCP23008 GPIO Expander",
            "url": "https://www.adafruit.com/product/292",
            "addresses": "0x20 - 0x27"
        },
        {
            "device": "MCP23017 GPIO Expander",
            "url": "https://www.adafruit.com/product/732",
            "addresses": "0x20 - 0x27"
        },
        {
            "device": "MSA301 3-Axis Accelerometer",
            "url": "https://www.adafruit.com/product/4344",
            "addresses": "0x26 only"
        }
    ],
    "0x27": [
        {
            "device": "MCP23008 GPIO Expander",
            "url": "https://www.adafruit.com/product/292",
            "addresses": "0x20 - 0x27"
        },
        {
            "device": "MCP23017 GPIO Expander",
            "url": "https://www.adafruit.com/product/732",
            "addresses": "0x20 - 0x27"
        }
    ],
    "0x28": [
        {
            "device": "BNO055 IMU",
            "url": "https://www.adafruit.com/product/2472",
            "addresses": "0x28 or 0x29"
        },
        {
            "device": "CAP1188 8-Channel Capacitive Touch",
            "url": "https://www.adafruit.com/product/1602",
            "addresses": "0x28 - 0x2D"
        },
        {
            "device": "DS1841 Digital Logarithmic Potentiometer",
            "url": "https://www.adafruit.com/product/4570",
            "addresses": "0x28-0x2B"
        },
        {
            "device": "DS3502 Digital 10K Potentiometer",
            "url": "https://www.adafruit.com/product/4286",
            "addresses": "0x28-0x2B"
        },
        {
            "device": "PCT2075 Temperature Sensor",
            "url": "https://www.adafruit.com/product/4369",
            "addresses": "0x28-0x2E, 0x48-0x4F, 0x70-0x77"
        },
        {
            "device": "TSL2591 Light Sensor",
            "url": "https://www.adafruit.com/product/1980",
            "addresses": "0x29 and 0x28"
        }
    ],
    "0x29": [
        {
            "device": "BNO055 IMU",
            "url": "https://www.adafruit.com/product/2472",
            "addresses": "0x28 or 0x29"
        },
        {
            "device": "DS1841 Digital Logarithmic Potentiometer",
            "url": "https://www.adafruit.com/product/4570",
            "addresses": "0x28-0x2B"
        },
        {
            "device": "DS3502 Digital 10K Potentiometer",
            "url": "https://www.adafruit.com/product/4286",
            "addresses": "0x28-0x2B"
        },
        {
            "device": "PCT2075 Temperature Sensor",
            "url": "https://www.adafruit.com/product/4369",
            "addresses": "0x28-0x2E, 0x48-0x4F, 0x70-0x77"
        },
        {
            "device": "TCS34725 Color Sensor",
            "url": "https://www.adafruit.com/product/1334",
            "addresses": "0x29 only"
        },
        {
            "device": "TSL2561 Light Sensor",
            "url": "https://www.adafruit.com/product/439",
            "addresses": "0x29, 0x39 or 0x49"
        },
        {
            "device": "TSL2591 Light Sensor",
            "url": "https://www.adafruit.com/product/1980",
            "addresses": "0x29 and 0x28"
        },
        {
            "device": "VL53L0x ToF Sensor",
            "url": "https://www.adafruit.com/product/3317",
            "addresses": "0x29, software selectable"
        },
        {
            "device": "VL6180X ToF Sensor",
            "url": "https://www.adafruit.com/product/3316",
            "addresses": "0x29"
        },
        {
            "device": "CAP1188 8-Channel Capacitive Touch",
            "url": "https://www.adafruit.com/product/1602",
            "addresses": "0x28 - 0x2D "
        }
    ],
    "0x2A": [
        {
            "device": "CAP1188 8-Channel Capacitive Touch",
            "url": "https://www.adafruit.com/product/1602",
            "addresses": "0x28 - 0x2D"
        },
        {
            "device": "DS1841 Digital Logarithmic Potentiometer",
            "url": "https://www.adafruit.com/product/4570",
            "addresses": "0x28-0x2B"
        },
        {
            "device": "DS3502 Digital 10K Potentiometer",
            "url": "https://www.adafruit.com/product/4286",
            "addresses": "0x28-0x2B"
        },
        {
            "device": "PCT2075 Temperature Sensor",
            "url": "https://www.adafruit.com/product/4369",
            "addresses": "0x28-0x2E, 0x48-0x4F, 0x70-0x77"
        }
    ],
    "0x2B": [
        {
            "device": "CAP1188 8-Channel Capacitive Touch",
            "url": "https://www.adafruit.com/product/1602",
            "addresses": "0x28 - 0x2D"
        },
        {
            "device": "DS1841 Digital Logarithmic Potentiometer",
            "url": "https://www.adafruit.com/product/4570",
            "addresses": "0x28-0x2B"
        },
        {
            "device": "DS3502 Digital 10K Potentiometer",
            "url": "https://www.adafruit.com/product/4286",
            "addresses": "0x28-0x2B"
        },
        {
            "device": "PCT2075 Temperature Sensor",
            "url": "https://www.adafruit.com/product/4369",
            "addresses": "0x28-0x2E, 0x48-0x4F, 0x70-0x77"
        }
    ],
    "0x2C": [
        {
            "device": "CAP1188 8-Channel Capacitive Touch",
            "url": "https://www.adafruit.com/product/1602",
            "addresses": "0x28 - 0x2D"
        },
        {
            "device": "PCT2075 Temperature Sensor",
            "url": "https://www.adafruit.com/product/4369",
            "addresses": "0x28-0x2E, 0x48-0x4F, 0x70-0x77"
        }
    ],
    "0x2D": [
        {
            "device": "CAP1188 8-Channel Capacitive Touch",
            "url": "https://www.adafruit.com/product/1602",
            "addresses": "0x28 - 0x2D"
        },
        {
            "device": "PCT2075 Temperature Sensor",
            "url": "https://www.adafruit.com/product/4369",
            "addresses": "0x28-0x2E, 0x48-0x4F, 0x70-0x77"
        }
    ],
    "0x2E": [
        {
            "device": "PCT2075 Temperature Sensor",
            "url": "https://www.adafruit.com/product/4369",
            "addresses": "0x28-0x2E, 0x48-0x4F, 0x70-0x77"
        }
    ],
    "0x30": [
        {
            "device": "NeoKey 1x4 Four Mechanical Key Switches with NeoPixels",
            "url": "https://www.adafruit.com/product/4980",
            "addresses": "0x30-0x3F"
        },
        {
            "device": "NeoSlider Slide Potentiometer with 4 NeoPixels",
            "url": "https://www.adafruit.com/product/5295",
            "addresses": "0x30-0x3F"
        }
    ],
    "0x31": [
        {
            "device": "NeoKey 1x4 Four Mechanical Key Switches with NeoPixels",
            "url": "https://www.adafruit.com/product/4980",
            "addresses": "0x30-0x3F"
        },
        {
            "device": "NeoSlider Slide Potentiometer with 4 NeoPixels",
            "url": "https://www.adafruit.com/product/5295",
            "addresses": "0x30-0x3F"
        }
    ],
    "0x32": [
        {
            "device": "NeoKey 1x4 Four Mechanical Key Switches with NeoPixels",
            "url": "https://www.adafruit.com/product/4980",
            "addresses": "0x30-0x3F"
        },
        {
            "device": "NeoSlider Slide Potentiometer with 4 NeoPixels",
            "url": "https://www.adafruit.com/product/5295",
            "addresses": "0x30-0x3F"
        }
    ],
    "0x33": [
        {
            "device": "MLX90640 IR Thermal Camera",
            "url": "https://adafruit.com/product/4407",
            "addresses": "0x33 only"
        },
        {
            "device": "NeoKey 1x4 Four Mechanical Key Switches with NeoPixels",
            "url": "https://www.adafruit.com/product/4980",
            "addresses": "0x30-0x3F"
        },
        {
            "device": "NeoSlider Slide Potentiometer with 4 NeoPixels",
            "url": "https://www.adafruit.com/product/5295",
            "addresses": "0x30-0x3F"
        }
    ],
    "0x34": [
        {
            "device": "NeoKey 1x4 Four Mechanical Key Switches with NeoPixels",
            "url": "https://www.adafruit.com/product/4980",
            "addresses": "0x30-0x3F"
        },
        {
            "device": "NeoSlider Slide Potentiometer with 4 NeoPixels",
            "url": "https://www.adafruit.com/product/5295",
            "addresses": "0x30-0x3F"
        }
    ],
    "0x35": [
        {
            "device": "NeoKey 1x4 Four Mechanical Key Switches with NeoPixels",
            "url": "https://www.adafruit.com/product/4980",
            "addresses": "0x30-0x3F"
        },
        {
            "device": "NeoSlider Slide Potentiometer with 4 NeoPixels",
            "url": "https://www.adafruit.com/product/5295",
            "addresses": "0x30-0x3F"
        }
    ],
    "0x36": [
        {
            "device": "Adafruit Stemma QT Rotary Encoder with NeoPixel",
            "url": "https://www.adafruit.com/product/4991",
            "addresses": "0x36 - 0x3D"
        },
        {
            "device": "MAX17048 LiPoly/LiIon Fuel Gauge and Battery Monitor",
            "url": "https://www.adafruit.com/product/5580",
            "addresses": "0x36 only"
        },
        {
            "device": "NeoKey 1x4 Four Mechanical Key Switches with NeoPixels",
            "url": "https://www.adafruit.com/product/4980",
            "addresses": "0x30-0x3F"
        },
        {
            "device": "NeoSlider Slide Potentiometer with 4 NeoPixels",
            "url": "https://www.adafruit.com/product/5295",
            "addresses": "0x30-0x3F"
        }
    ],
    "0x37": [
        {
            "device": "Adafruit Stemma QT Rotary Encoder with NeoPixel",
            "url": "https://www.adafruit.com/product/4991",
            "addresses": "0x36 - 0x3D"
        },
        {
            "device": "NeoKey 1x4 Four Mechanical Key Switches with NeoPixels",
            "url": "https://www.adafruit.com/product/4980",
            "addresses": "0x30-0x3F"
        },
        {
            "device": "NeoSlider Slide Potentiometer with 4 NeoPixels",
            "url": "https://www.adafruit.com/product/5295",
            "addresses": "0x30-0x3F"
        }
    ],
    "0x38": [
        {
            "device": "AHT20 Humidity/Temperature Sensor",
            "url": "https://www.adafruit.com/product/4566",
            "addresses": "0x38 only"
        },
        {
            "device": "DHT20 Humidity/Temperature Sensor",
            "url": "",
            "addresses": "0x38 only"
        },
        {
            "device": "VEML6070 UV Index",
            "url": "https://www.adafruit.com/product/2899",
            "addresses": "0x38 and 0x39"
        },
        {
            "device": "FT6x06 Capacitive Touch Driver",
            "url": "https://www.adafruit.com/product/1947",
            "addresses": "0x38 only"
        },
        {
            "device": "NCP5623 RGB LED Driver",
            "url": "https://www.onsemi.com/products/power-management/led-drivers/linear-led-drivers/ncp5623",
            "addresses": ""
        },
        {
            "device": "Adafruit Stemma QT Rotary Encoder with NeoPixel",
            "url": "https://www.adafruit.com/product/4991",
            "addresses": "0x36 - 0x3D"
        },
        {
            "device": "NeoKey 1x4 Four Mechanical Key Switches with NeoPixels",
            "url": "https://www.adafruit.com/product/4980",
            "addresses": "0x30-0x3F"
        },
        {
            "device": "NeoSlider Slide Potentiometer with 4 NeoPixels",
            "url": "https://www.adafruit.com/product/5295",
            "addresses": "0x30-0x3F"
        },
        {
            "device": "NEWOPTO XYC-ALS21C-K1 Ambient light sensor",
            "url": "https://www.lcsc.com/datasheet/lcsc_datasheet_2410121701_NEWOPTO-XYC-ALS21C-K1_C2988725.pdf",
            "addresses": "0x38"
        }
    ],
    "0x39": [
        {
            "device": "AS7341 Color Sensor",
            "url": "https://www.adafruit.com/product/4698",
            "addresses": "0x39"
        },
        {
            "device": "TSL2561 Light Sensor",
            "url": "https://www.adafruit.com/product/439",
            "addresses": "0x29, 0x39 or 0x49"
        },
        {
            "device": "VEML6070 UV Light Sensor",
            "url": "https://www.adafruit.com/product/2899",
            "addresses": "0x38 and 0x39"
        },
        {
            "device": "APDS-9960 IR/Color/Proximity Sensor",
            "url": "https://www.adafruit.com/product/3595",
            "addresses": "0x39 only"
        },
        {
            "device": "Adafruit Stemma QT Rotary Encoder with NeoPixel",
            "url": "https://www.adafruit.com/product/4991",
            "addresses": "0x36 - 0x3D"
        },
        {
            "device": "NeoKey 1x4 Four Mechanical Key Switches with NeoPixels",
            "url": "https://www.adafruit.com/product/4980",
            "addresses": "0x30-0x3F"
        },
        {
            "device": "NeoSlider Slide Potentiometer with 4 NeoPixels",
            "url": "https://www.adafruit.com/product/5295",
            "addresses": "0x30-0x3F"
        }
    ],
    "0x3A": [
        {
            "device": "PCF8577C LCD direct/duplex driver",
            "url": "",
            "addresses": "0x3A only, with parallel adressing"
        },
        {
            "device": "Adafruit Stemma QT Rotary Encoder with NeoPixel",
            "url": "https://www.adafruit.com/product/4991",
            "addresses": "0x36 - 0x3D"
        },
        {
            "device": "NeoKey 1x4 Four Mechanical Key Switches with NeoPixels",
            "url": "https://www.adafruit.com/product/4980",
            "addresses": "0x30-0x3F"
        },
        {
            "device": "NeoSlider Slide Potentiometer with 4 NeoPixels",
            "url": "https://www.adafruit.com/product/5295",
            "addresses": "0x30-0x3F"
        }
    ],
    "0x3B": [
        {
            "device": "Adafruit Stemma QT Rotary Encoder with NeoPixel",
            "url": "https://www.adafruit.com/product/4991",
            "addresses": "0x36 - 0x3D"
        },
        {
            "device": "NeoKey 1x4 Four Mechanical Key Switches with NeoPixels",
            "url": "https://www.adafruit.com/product/4980",
            "addresses": "0x30-0x3F"
        },
        {
            "device": "NeoSlider Slide Potentiometer with 4 NeoPixels",
            "url": "https://www.adafruit.com/product/5295",
            "addresses": "0x30-0x3F"
        }
    ],
    "0x3C": [
        {
            "device": "SSD1305 Monochrome OLED",
            "url": "https://www.adafruit.com/product/2720",
            "addresses": "0x3C or 0x3D"
        },
        {
            "device": "SSD1306 Monochrome OLED",
            "url": "https://www.adafruit.com/product/938",
            "addresses": "0x3C or 0x3D"
        },
        {
            "device": "SSD1309 Monochrome OLED",
            "url": "",
            "addresses": "0x3C or 0x3D"
        },
        {
            "device": "SSD1315 Monochrome OLED",
            "url": "",
            "addresses": "0x3C or 0x3D"
        },
        {
            "device": "SH1106 Monochrome OLED",
            "url": "https://www.adafruit.com/product/5228",
            "addresses": "0x3C or 0x3D"
        },
        {
            "device": "CH1115 Monochrome OLED",
            "url": "",
            "addresses": "0x3C or 0x3D"
        },
        {
            "device": "CH1116 Monochrome OLED",
            "url": "",
            "addresses": "0x3C or 0x3D"
        },
        {
            "device": "SSD1327 16-Level Grayscale OLED",
            "url": "",
            "addresses": "0x3C or 0x3D"
        },
        {
            "device": "ST75256 4-Level Grayscale LCD",
            "url": "",
            "addresses": "0x3C - 0x3F"
        },
        {
            "device": "Adafruit Stemma QT Rotary Encoder with NeoPixel",
            "url": "https://www.adafruit.com/product/4991",
            "addresses": "0x36 - 0x3D"
        },
        {
            "device": "NeoKey 1x4 Four Mechanical Key Switches with NeoPixels",
            "url": "https://www.adafruit.com/product/4980",
            "addresses": "0x30-0x3F"
        },
        {
            "device": "NeoSlider Slide Potentiometer with 4 NeoPixels",
            "url": "https://www.adafruit.com/product/5295",
            "addresses": "0x30-0x3F"
        }
    ],
    "0x3D": [
        {
            "device": "SSD1305 Monochrome OLED",
            "url": "https://www.adafruit.com/product/2720",
            "addresses": "0x3C or 0x3D"
        },
        {
            "device": "SSD1306 Monochrome OLED",
            "url": "https://www.adafruit.com/product/938",
            "addresses": "0x3C or 0x3D"
        },
        {
            "device": "SSD1309 Monochrome OLED",
            "url": "",
            "addresses": "0x3C or 0x3D"
        },
        {
            "device": "SSD1315 Monochrome OLED",
            "url": "",
            "addresses": "0x3C or 0x3D"
        },
        {
            "device": "SH1106 Monochrome OLED",
            "url": "https://www.adafruit.com/product/5228",
            "addresses": "0x3C or 0x3D"
        },
        {
            "device": "CH1115 Monochrome OLED",
            "url": "",
            "addresses": "0x3C or 0x3D"
        },
        {
            "device": "CH1116 Monochrome OLED",
            "url": "",
            "addresses": "0x3C or 0x3D"
        },
        {
            "device": "SSD1327 16-Level Grayscale OLED",
            "url": "",
            "addresses": "0x3C or 0x3D"
        },
        {
            "device": "ST75256 4-Level Grayscale LCD",
            "url": "",
            "addresses": "0x3C - 0x3F"
        },
        {
            "device": "Adafruit Stemma QT Rotary Encoder with NeoPixel",
            "url": "https://www.adafruit.com/product/4991",
            "addresses": "0x36 - 0x3D"
        },
        {
            "device": "NeoKey 1x4 Four Mechanical Key Switches with NeoPixels",
            "url": "https://www.adafruit.com/product/4980",
            "addresses": "0x30-0x3F"
        },
        {
            "device": "NeoSlider Slide Potentiometer with 4 NeoPixels",
            "url": "https://www.adafruit.com/product/5295",
            "addresses": "0x30-0x3F"
        }
    ],
    "0x3E": [
        {
            "device": "ST75256 4-Level Grayscale LCD",
            "url": "",
            "addresses": "0x3C - 0x3F"
        },
        {
            "device": "NeoKey 1x4 Four Mechanical Key Switches with NeoPixels",
            "url": "https://www.adafruit.com/product/4980",
            "addresses": "0x30-0x3F"
        },
        {
            "device": "NeoSlider Slide Potentiometer with 4 NeoPixels",
            "url": "https://www.adafruit.com/product/5295",
            "addresses": "0x30-0x3F"
        }
    ],
    "0x3F": [
        {
            "device": "ST75256 4-Level Grayscale LCD",
            "url": "",
            "addresses": "0x3C - 0x3F"
        },
        {
            "device": "NeoKey 1x4 Four Mechanical Key Switches with NeoPixels",
            "url": "https://www.adafruit.com/product/4980",
            "addresses": "0x30-0x3F"
        },
        {
            "device": "NeoSlider Slide Potentiometer with 4 NeoPixels",
            "url": "https://www.adafruit.com/product/5295",
            "addresses": "0x30-0x3F"
        }
    ],
    "0x40": [
        {
            "device": "Si7021 Humidity/Temperature Sensor",
            "url": "https://www.adafruit.com/product/3251",
            "addresses": "0x40 only"
        },
        {
            "device": "HTU21D-F Humidity/Temperature Sensor",
            "url": "https://www.adafruit.com/product/1899",
            "addresses": "0x40 only"
        },
        {
            "device": "HTU31D Humidity/Temperature Sensor",
            "url": "https://www.adafruit.com/product/4832",
            "addresses": "0x40 or 0x41"
        },
        {
            "device": "HDC1008 Humidity/Temperature Sensor",
            "url": "https://www.adafruit.com/product/2635",
            "addresses": "0x40, 0x41, 0x42 or 0x43"
        },
        {
            "device": "MS8607 Humidity/Temperature/Pressure Sensor",
            "url": "https://www.adafruit.com/product/4716",
            "addresses": "0x40 for Humidity and 0x76 for Temperature/Pressure"
        },
        {
            "device": "TMP007 IR Temperature Sensor",
            "url": "https://www.adafruit.com/product/2023",
            "addresses": "0x40 - 0x47"
        },
        {
            "device": "TMP006 IR Temperature Sensor",
            "url": "https://www.adafruit.com/product/1296",
            "addresses": "0x40 - 0x47"
        },
        {
            "device": "PCA9685 16-Channel PWM Driver (default address)",
            "url": "default address",
            "addresses": "https://www.adafruit.com/product/815"
        },
        {
            "device": "INA219 High-Side DC Current/Voltage Sensor",
            "url": "https://www.adafruit.com/product/904",
            "addresses": "0x40 - 0x4F"
        },
        {
            "device": "INA260 Precision DC Current/Power Sensor",
            "url": "https://www.adafruit.com/product/4226",
            "addresses": "0x40 - 0x4F"
        }
    ],
    "0x41": [
        {
            "device": "HDC1008 Humidity/Temperature Sensor",
            "url": "https://www.adafruit.com/product/2635",
            "addresses": "0x40, 0x41, 0x42 or 0x43"
        },
        {
            "device": "HTU31D Humidity/Temperature Sensor",
            "url": "https://www.adafruit.com/product/4832",
            "addresses": "0x40 or 0x41"
        },
        {
            "device": "TMP007 IR Temperature Sensor",
            "url": "https://www.adafruit.com/product/2023",
            "addresses": "0x40 - 0x47"
        },
        {
            "device": "TMP006 IR Temperature Sensor",
            "url": "https://www.adafruit.com/product/1296",
            "addresses": "0x40 - 0x47"
        },
        {
            "device": "INA219 High-Side DC Current/Voltage Sensor",
            "url": "https://www.adafruit.com/product/904",
            "addresses": "0x40 - 0x4F"
        },
        {
            "device": "INA260 Precision DC Current/Power Sensor",
            "url": "https://www.adafruit.com/product/4226",
            "addresses": "0x40 - 0x4F"
        },
        {
            "device": "STMPE610/STMPE811 Resistive Touch Controller",
            "url": "https://www.adafruit.com/product/1571",
            "addresses": "0x41 or 0x44"
        }
    ],
    "0x42": [
        {
            "device": "HDC1008 Humidity/Temperature Sensor",
            "url": "https://www.adafruit.com/product/2635",
            "addresses": "0x40, 0x41, 0x42 or 0x43"
        },
        {
            "device": "TMP007 IR Temperature Sensor",
            "url": "https://www.adafruit.com/product/2023",
            "addresses": "0x40 - 0x47"
        },
        {
            "device": "TMP006 IR Temperature Sensor",
            "url": "https://www.adafruit.com/product/1296",
            "addresses": "0x40 - 0x47"
        },
        {
            "device": "INA219 High-Side DC Current/Voltage Sensor",
            "url": "https://www.adafruit.com/product/904",
            "addresses": "0x40 - 0x4F"
        }
    ],
    "0x43": [
        {
            "device": "HDC1008 Humidity/Temperature Sensor",
            "url": "https://www.adafruit.com/product/2635",
            "addresses": "0x40, 0x41, 0x42 or 0x43"
        },
        {
            "device": "TMP007 IR Temperature Sensor",
            "url": "https://www.adafruit.com/product/2023",
            "addresses": "0x40 - 0x47"
        },
        {
            "device": "TMP006 IR Temperature Sensor",
            "url": "https://www.adafruit.com/product/1296",
            "addresses": "0x40 - 0x47"
        },
        {
            "device": "INA219 High-Side DC Current/Voltage Sensor",
            "url": "https://www.adafruit.com/product/904",
            "addresses": "0x40 - 0x4F"
        },
        {
            "device": "INA260 Precision DC Current/Power Sensor",
            "url": "https://www.adafruit.com/product/4226",
            "addresses": "0x40 - 0x4F"
        }
    ],
    "0x44": [
        {
            "device": "SHT45 Humidity/Temperature Sensor",
            "url": "https://www.adafruit.com/product/5665",
            "addresses": "0x44"
        },
        {
            "device": "SHT40 Humidity/Temperature Sensor",
            "url": "https://www.adafruit.com/product/4885",
            "addresses": "0x44"
        },
        {
            "device": "SHT31 Humidity/Temperature Sensor",
            "url": "https://www.adafruit.com/product/2857",
            "addresses": "0x44 or 0x45 selectable"
        },
        {
            "device": "TMP007 IR Temperature Sensor",
            "url": "https://www.adafruit.com/product/2023",
            "addresses": "0x40 - 0x47"
        },
        {
            "device": "TMP006 IR Temperature Sensor",
            "url": "https://www.adafruit.com/product/1296",
            "addresses": "0x40 - 0x47"
        },
        {
            "device": "ISL29125 Color Sensor",
            "url": "",
            "addresses": "0x44 only"
        },
        {
            "device": "INA219 High-Side DC Current/Voltage Sensor",
            "url": "https://www.adafruit.com/product/904",
            "addresses": "0x40 - 0x4F"
        },
        {
            "device": "INA260 Precision DC Current/Power Sensor",
            "url": "https://www.adafruit.com/product/4226",
            "addresses": "0x40 - 0x4F"
        },
        {
            "device": "STMPE610/STMPE811 Resistive Touch controller",
            "url": "https://www.adafruit.com/product/1571",
            "addresses": "0x41 or 0x44"
        }
    ],
    "0x45": [
        {
            "device": "SHT31 Humidity/Temperature Sensor",
            "url": "https://www.adafruit.com/product/2857",
            "addresses": "0x44 or 0x45 selectable"
        },
        {
            "device": "TMP007 IR Temperature Sensor",
            "url": "https://www.adafruit.com/product/2023",
            "addresses": "0x40 - 0x47"
        },
        {
            "device": "TMP006 IR Temperature Sensor",
            "url": "https://www.adafruit.com/product/1296",
            "addresses": "0x40 - 0x47"
        },
        {
            "device": "INA219 High-Side DC Current/Voltage Sensor",
            "url": "https://www.adafruit.com/product/904",
            "addresses": "0x40 - 0x4F"
        },
        {
            "device": "INA260 Precision DC Current/Power Sensor",
            "url": "https://www.adafruit.com/product/4226",
            "addresses": "0x40 - 0x4F"
        }
    ],
    "0x46": [
        {
            "device": "TMP007 IR Temperature Sensor",
            "url": "https://www.adafruit.com/product/2023",
            "addresses": "0x40 - 0x47"
        },
        {
            "device": "TMP006 IR Temperature Sensor",
            "url": "https://www.adafruit.com/product/1296",
            "addresses": "0x40 - 0x47"
        },
        {
            "device": "INA219 High-Side DC Current/Voltage Sensor",
            "url": "https://www.adafruit.com/product/904",
            "addresses": "0x40 - 0x4F"
        },
        {
            "device": "INA260 Precision DC Current/Power Sensor",
            "url": "https://www.adafruit.com/product/4226",
            "addresses": "0x40 - 0x4F"
        }
    ],
    "0x47": [
        {
            "device": "TMP007 IR Temperature Sensor",
            "url": "https://www.adafruit.com/product/2023",
            "addresses": "0x40 - 0x47"
        },
        {
            "device": "TMP006 IR Temperature Sensor",
            "url": "https://www.adafruit.com/product/1296",
            "addresses": "0x40 - 0x47"
        },
        {
            "device": "INA219 High-Side DC Current/Voltage Sensor",
            "url": "https://www.adafruit.com/product/904",
            "addresses": "0x40 - 0x4F"
        },
        {
            "device": "INA260 Precision DC Current/Power Sensor",
            "url": "https://www.adafruit.com/product/4226",
            "addresses": "0x40 - 0x4F"
        }
    ],
    "0x48": [
        {
            "device": "ADS1115 4-channel 16-Bit ADC",
            "url": "https://www.adafruit.com/product/1085",
            "addresses": "0x48 0x49 0x4A or 0x4B"
        },
        {
            "device": "ADT7410 Temperature Sensor",
            "url": "https://www.adafruit.com/product/4089",
            "addresses": "0x48 0x49 0x4A or 0x4B"
        },
        {
            "device": "ATSAMD09 Breakout with seesaw",
            "url": "https://www.adafruit.com/product/3657",
            "addresses": "0x48-0x4B"
        },
        {
            "device": "INA219 High-Side DC Current/Voltage Sensor",
            "url": "https://www.adafruit.com/product/904",
            "addresses": "0x40 - 0x4F"
        },
        {
            "device": "INA260 Precision DC Current/Power Sensor",
            "url": "https://www.adafruit.com/product/4226",
            "addresses": "0x40 - 0x4F"
        },
        {
            "device": "PCF8591 Quad 8-Bit ADC + 8-Bit DAC",
            "url": "https://www.adafruit.com/product/4648",
            "addresses": "0x48 - 0x4F"
        },
        {
            "device": "PCT2075 Temperature Sensor",
            "url": "https://www.adafruit.com/product/4369",
            "addresses": "0x28-0x2E, 0x48-0x4F, 0x70-0x77"
        },
        {
            "device": "TMP102 Temperature Sensor",
            "url": "",
            "addresses": "0x48 0x49 0x4A or 0x4B"
        },
        {
            "device": "TMP117 Temperature Sensor",
            "url": "https://www.adafruit.com/product/4821",
            "addresses": "0x48 0x49 0x4A or 0x4B"
        }
    ],
    "0x49": [
        {
            "device": "ADS1115 4-Channel 16-Bit ADC",
            "url": "https://www.adafruit.com/product/1085",
            "addresses": "0x48 0x49 0x4A or 0x4B"
        },
        {
            "device": "ADT7410 Temperature Sensor",
            "url": "https://www.adafruit.com/product/4089",
            "addresses": "0x48 0x49 0x4A or 0x4B"
        },
        {
            "device": "AS7262 Light/Color Sensor",
            "url": "https://www.adafruit.com/product/3779",
            "addresses": "0x49"
        },
        {
            "device": "ATSAMD09 Breakout with seesaw",
            "url": "https://www.adafruit.com/product/3657",
            "addresses": "0x48-0x4B"
        },
        {
            "device": "INA219 High-Side DC Current/Voltage Sensor",
            "url": "https://www.adafruit.com/product/904",
            "addresses": "0x40 - 0x4F"
        },
        {
            "device": "INA260 Precision DC Current/Power Sensor",
            "url": "https://www.adafruit.com/product/4226",
            "addresses": "0x40 - 0x4F"
        },
        {
            "device": "PCF8591 Quad 8-Bit ADC + 8-Bit DAC",
            "url": "https://www.adafruit.com/product/4648",
            "addresses": "0x48 - 0x4F"
        },
        {
            "device": "PCT2075 Temperature Sensor",
            "url": "https://www.adafruit.com/product/4369",
            "addresses": "0x28-0x2E, 0x48-0x4F, 0x70-0x77"
        },
        {
            "device": "TSL2561 Light Sensor",
            "url": "https://www.adafruit.com/product/439",
            "addresses": "0x29, 0x39 or 0x49"
        },
        {
            "device": "TMP102 Temperature Sensor",
            "url": "",
            "addresses": "0x48 0x49 0x4A or 0x4B"
        },
        {
            "device": "TMP117 Temperature Sensor",
            "url": "https://www.adafruit.com/product/4821",
            "addresses": "0x48 0x49 0x4A or 0x4B"
        }
    ],
    "0x4A": [
        {
            "device": "ADS1115 4-channel 16-Bit ADC",
            "url": "https://www.adafruit.com/product/1085",
            "addresses": "0x48 0x49 0x4A or 0x4B"
        },
        {
            "device": "ADT7410 Temperature Sensor",
            "url": "https://www.adafruit.com/product/4089",
            "addresses": "0x48 0x49 0x4A or 0x4B"
        },
        {
            "device": "ATSAMD09 Breakout with seesaw",
            "url": "https://www.adafruit.com/product/3657",
            "addresses": "0x48-0x4B"
        },
        {
            "device": "BNO085 9-DoF IMU",
            "url": "https://www.adafruit.com/product/4754",
            "addresses": "0x4A or 0x4B"
        },
        {
            "device": "INA219 High-Side DC Current/Voltage Sensor",
            "url": "https://www.adafruit.com/product/904",
            "addresses": "0x40 - 0x4F"
        },
        {
            "device": "INA260 Precision DC Current/Power Sensor",
            "url": "https://www.adafruit.com/product/4226",
            "addresses": "0x40 - 0x4F"
        },
        {
            "device": "PCF8591 Quad 8-Bit ADC + 8-Bit DAC",
            "url": "https://www.adafruit.com/product/4648",
            "addresses": "0x48 - 0x4F"
        },
        {
            "device": "PCT2075 Temperature Sensor",
            "url": "https://www.adafruit.com/product/4369",
            "addresses": "0x28-0x2E, 0x48-0x4F, 0x70-0x77"
        },
        {
            "device": "TMP102 Temperature Sensor",
            "url": "",
            "addresses": "0x48 0x49 0x4A or 0x4B"
        },
        {
            "device": "TMP117 Temperature Sensor",
            "url": "https://www.adafruit.com/product/4821",
            "addresses": "0x48 0x49 0x4A or 0x4B"
        }
    ],
    "0x4B": [
        {
            "device": "ADS1115 4-channel 16-Bit ADC",
            "url": "https://www.adafruit.com/product/1085",
            "addresses": "0x48 0x49 0x4A or 0x4B"
        },
        {
            "device": "ADT7410 Temperature Sensor",
            "url": "https://www.adafruit.com/product/4089",
            "addresses": "0x48 0x49 0x4A or 0x4B"
        },
        {
            "device": "ATSAMD09 Breakout with seesaw",
            "url": "https://www.adafruit.com/product/3657",
            "addresses": "0x48-0x4B"
        },
        {
            "device": "BNO085 9-DoF IMU",
            "url": "https://www.adafruit.com/product/4754",
            "addresses": "0x4A or 0x4B"
        },
        {
            "device": "INA219 High-Side DC Current/Voltage Sensor",
            "url": "https://www.adafruit.com/product/904",
            "addresses": "0x40 - 0x4F"
        },
        {
            "device": "INA260 Precision DC Current/Power Sensor",
            "url": "https://www.adafruit.com/product/4226",
            "addresses": "0x40 - 0x4F"
        },
        {
            "device": "PCF8591 Quad 8-Bit ADC + 8-Bit DAC",
            "url": "https://www.adafruit.com/product/4648",
            "addresses": "0x48 - 0x4F"
        },
        {
            "device": "PCT2075 Temperature Sensor",
            "url": "https://www.adafruit.com/product/4369",
            "addresses": "0x28-0x2E, 0x48-0x4F, 0x70-0x77"
        },
        {
            "device": "TMP102 Temperature Sensor",
            "url": "",
            "addresses": "0x48 0x49 0x4A or 0x4B"
        },
        {
            "device": "TMP117 Temperature Sensor",
            "url": "https://www.adafruit.com/product/4821",
            "addresses": "0x48 0x49 0x4A or 0x4B"
        }
    ],
    "0x4C": [
        {
            "device": "EMC2101 Fan Controller",
            "url": "https://www.adafruit.com/product/4808",
            "addresses": "0x4C"
        },
        {
            "device": "INA219 High-Side DC Current/Voltage Sensor",
            "url": "https://www.adafruit.com/product/904",
            "addresses": "0x40 - 0x4F"
        },
        {
            "device": "INA260 Precision DC Current/Power Sensor",
            "url": "https://www.adafruit.com/product/4226",
            "addresses": "0x40 - 0x4F"
        },
        {
            "device": "PCF8591 Quad 8-Bit ADC + 8-Bit DAC",
            "url": "https://www.adafruit.com/product/4648",
            "addresses": "0x48 - 0x4F"
        },
        {
            "device": "PCT2075 Temperature Sensor",
            "url": "https://www.adafruit.com/product/4369",
            "addresses": "0x28-0x2E, 0x30-0x37, 0x48-0x4F"
        }
    ],
    "0x4D": [
        {
            "device": "INA219 High-Side DC Current/Voltage Sensor",
            "url": "https://www.adafruit.com/product/904",
            "addresses": "0x40 - 0x4F"
        },
        {
            "device": "INA260 Precision DC Current/Power Sensor",
            "url": "https://www.adafruit.com/product/4226",
            "addresses": "0x40 - 0x4F"
        },
        {
            "device": "PCF8591 Quad 8-Bit ADC + 8-Bit DAC",
            "url": "https://www.adafruit.com/product/4648",
            "addresses": "0x48 - 0x4F"
        },
        {
            "device": "PCT2075 Temperature Sensor",
            "url": "https://www.adafruit.com/product/4369",
            "addresses": "0x28-0x2E, 0x48-0x4F, 0x70-0x77"
        }
    ],
    "0x4E": [
        {
            "device": "INA219 High-Side DC Current/Voltage Sensor",
            "url": "https://www.adafruit.com/product/904",
            "addresses": "0x40 - 0x4F"
        },
        {
            "device": "INA260 Precision DC Current/Power Sensor",
            "url": "https://www.adafruit.com/product/4226",
            "addresses": "0x40 - 0x4F"
        },
        {
            "device": "PCF8591 Quad 8-Bit ADC + 8-Bit DAC",
            "url": "https://www.adafruit.com/product/4648",
            "addresses": "0x48 - 0x4F"
        },
        {
            "device": "PCT2075 Temperature Sensor",
            "url": "https://www.adafruit.com/product/4369",
            "addresses": "0x28-0x2E, 0x48-0x4F, 0x70-0x77"
        }
    ],
    "0x4F": [
        {
            "device": "INA219 High-Side DC Current/Voltage Sensor",
            "url": "https://www.adafruit.com/product/904",
            "addresses": "0x40 - 0x4F"
        },
        {
            "device": "INA260 Precision DC Current/Power Sensor",
            "url": "https://www.adafruit.com/product/4226",
            "addresses": "0x40 - 0x4F"
        },
        {
            "device": "PCF8591 Quad 8-Bit ADC + 8-Bit DAC",
            "url": "https://www.adafruit.com/product/4648",
            "addresses": "0x48 - 0x4F"
        },
        {
            "device": "PCT2075 Temperature Sensor",
            "url": "https://www.adafruit.com/product/4369",
            "addresses": "0x28-0x2E, 0x48-0x4F, 0x70-0x77"
        }
    ],
    "0x50": [
        {
            "device": "MB85RC FRAM",
            "url": "https://www.adafruit.com/product/1895",
            "addresses": "0x50 - 0x57"
        }
    ],
    "0x51": [
        {
            "device": "MB85RC FRAM",
            "url": "https://www.adafruit.com/product/1895",
            "addresses": "0x50 - 0x57"
        }
    ],
    "0x52": [
        {
            "device": "MB85RC FRAM",
            "url": "https://www.adafruit.com/product/1895",
            "addresses": "0x50 - 0x57"
        },
        {
            "device": "Nintendo Nunchuck Controller",
            "url": "https://www.adafruit.com/product/342",
            "addresses": "0x52 only"
        }
    ],
    "0x53": [
        {
            "device": "ADXL343 3-Axis Accelerometer",
            "url": "https://www.adafruit.com/product/4097",
            "addresses": "0x1D or 0x53"
        },
        {
            "device": "ADXL345 3-Axis Accelerometer",
            "url": "https://www.adafruit.com/product/1231",
            "addresses": "0x1D or 0x53"
        },
        {
            "device": "LTR390 UV Sensor",
            "url": "https://www.adafruit.com/product/4831",
            "addresses": "0x53"
        },
        {
            "device": "MB85RC FRAM",
            "url": "https://www.adafruit.com/product/1895",
            "addresses": "0x50 - 0x57"
        }
    ],
    "0x54": [
        {
            "device": "MB85RC FRAM",
            "url": "https://www.adafruit.com/product/1895",
            "addresses": "0x50 - 0x57"
        }
    ],
    "0x55": [
        {
            "device": "MB85RC FRAM",
            "url": "https://www.adafruit.com/product/1895",
            "addresses": "0x50 - 0x57"
        }
    ],
    "0x56": [
        {
            "device": "MB85RC FRAM",
            "url": "https://www.adafruit.com/product/1895",
            "addresses": "0x50 - 0x57"
        }
    ],
    "0x57": [
        {
            "device": "MB85RC FRAM",
            "url": "https://www.adafruit.com/product/1895",
            "addresses": "0x50 - 0x57"
        },
        {
            "device": "MAX3010x Pulse & Oximetry Sensor",
            "url": "",
            "addresses": "0x57"
        }
    ],
    "0x58": [
        {
            "device": "AW9523 GPIO Expander and LED Driver",
            "url": "https://www.adafruit.com/product/4886",
            "addresses": "0x58 - 0x5B"
        },
        {
            "device": "TPA2016 Class-D Audio Amplifier",
            "url": "https://www.adafruit.com/product/1712",
            "addresses": "0x58 only"
        },
        {
            "device": "SGP30 Gas Sensor",
            "url": "https://www.adafruit.com/product/3709",
            "addresses": "0x58 only"
        }
    ],
    "0x59": [
        {
            "device": "AW9523 GPIO Expander and LED Driver",
            "url": "https://www.adafruit.com/product/4886",
            "addresses": "0x58 - 0x5B"
        },
        {
            "device": "SGP40 Gas Sensor",
            "url": "https://www.adafruit.com/product/4829",
            "addresses": "0x59 only"
        }
    ],
    "0x5A": [
        {
            "device": "AW9523 GPIO Expander and LED Driver",
            "url": "https://www.adafruit.com/product/4886",
            "addresses": "0x58 - 0x5B"
        },
        {
            "device": "MPR121 12-Point Capacitive Touch Sensor",
            "url": "https://www.adafruit.com/product/1982",
            "addresses": "0x5A, 0x5B, 0x5C, 0x5D"
        },
        {
            "device": "CCS811 VOC Sensor",
            "url": "https://www.adafruit.com/product/3566",
            "addresses": "0x5A or 0x5B"
        },
        {
            "device": "MLX9061x IR Temperature Sensor",
            "url": "https://www.adafruit.com/product/1747",
            "addresses": "0x5A only"
        },
        {
            "device": "DRV2605 Haptic Motor Driver",
            "url": "https://www.adafruit.com/product/2305",
            "addresses": "0x5A only"
        }
    ],
    "0x5B": [
        {
            "device": "AW9523 GPIO Expander and LED Driver",
            "url": "https://www.adafruit.com/product/4886",
            "addresses": "0x58 - 0x5B"
        },
        {
            "device": "MPR121 12-Point Capacitive Touch Sensor",
            "url": "https://www.adafruit.com/product/1982",
            "addresses": "0x5A, 0x5B, 0x5C, 0x5D"
        },
        {
            "device": "CCS811 VOC Sensor",
            "url": "https://www.adafruit.com/product/3566",
            "addresses": "0x5A or 0x5B"
        }
    ],
    "0x5C": [
        {
            "device": "AM2315 Humidity/Temp Sensor",
            "url": "https://www.adafruit.com/product/1293",
            "addresses": "0x5C only"
        },
        {
            "device": "AM2320 Humidity/Temp Sensor",
            "url": "https://www.adafruit.com/product/3721",
            "addresses": "0x5C only"
        },
        {
            "device": "BH1750 Light Sensor",
            "url": "https://www.adafruit.com/product/4681",
            "addresses": "0x23 or 0x5C"
        },
        {
            "device": "LPS22 Pressure Sensor",
            "url": "https://www.adafruit.com/product/4633",
            "addresses": "0x5C, 0x5D"
        },
        {
            "device": "LPS25 Pressure Sensor",
            "url": "https://www.adafruit.com/product/4530",
            "addresses": "0x5C, 0x5D"
        },
        {
            "device": "LPS33HW Ported Pressure Sensor",
            "url": "https://www.adafruit.com/product/4414",
            "addresses": "0x5C, 0x5D"
        },
        {
            "device": "LPS35HW Pressure Sensor",
            "url": "https://www.adafruit.com/product/4258",
            "addresses": "0x5C, 0x5D"
        },
        {
            "device": "MPR121 12-Point Capacitive Touch Sensor",
            "url": "https://www.adafruit.com/product/1982",
            "addresses": "0x5A, 0x5B, 0x5C, 0x5D"
        }
    ],
    "0x5D": [
        {
            "device": "LPS22 Pressure Sensor",
            "url": "https://www.adafruit.com/product/4633",
            "addresses": "0x5C, 0x5D"
        },
        {
            "device": "LPS25 Pressure Sensor",
            "url": "https://www.adafruit.com/product/4530",
            "addresses": "0x5C, 0x5D"
        },
        {
            "device": "LPS33HW Ported Pressure Sensor",
            "url": "https://www.adafruit.com/product/4414",
            "addresses": "0x5C, 0x5D"
        },
        {
            "device": "LPS35HW Pressure Sensor",
            "url": "https://www.adafruit.com/product/4258",
            "addresses": "0x5C, 0x5D"
        },
        {
            "device": "MPR121 12-Point Capacitive Touch Sensor",
            "url": "https://www.adafruit.com/product/1982",
            "addresses": "0x5A, 0x5B, 0x5C, 0x5D"
        }
    ],
    "0x5E": [
        {
            "device": "TLV493D 3-Axis Magnetometer",
            "url": "https://www.adafruit.com/product/4366",
            "addresses": "0x5E"
        }
    ],
    "0x5F": [
        {
            "device": "HTS221 Humidity/Temperature Sensor",
            "url": "https://www.adafruit.com/product/4535",
            "addresses": "0x5F"
        }
    ],
    "0x60": [
        {
            "device": "ATECC608 Cryptographic Co-Processor",
            "url": "https://www.adafruit.com/product/4314",
            "addresses": "0x60"
        },
        {
            "device": "MCP4728 Quad DAC",
            "url": "https://adafruit.com/product/4470",
            "addresses": "0x60 only"
        },
        {
            "device": "MCP9600 Temperature Sensor",
            "url": "https://www.adafruit.com/product/4101",
            "addresses": "0x60 - 0x67"
        },
        {
            "device": "MPL115A2 Barometric Pressure",
            "url": "https://www.adafruit.com/product/992",
            "addresses": "0x60 only"
        },
        {
            "device": "MPL3115A2 Barometric Pressure",
            "url": "https://www.adafruit.com/product/1893",
            "addresses": "0x60 only"
        },
        {
            "device": "Si5351A Clock Generator",
            "url": "https://www.adafruit.com/product/2045",
            "addresses": "0x60 or 0x61"
        },
        {
            "device": "Si1145 Light/IR Sensor",
            "url": "https://www.adafruit.com/product/1777",
            "addresses": "0x60 only"
        },
        {
            "device": "MCP4725A0 12-Bit DAC",
            "url": "",
            "addresses": "0x60 or 0x61"
        },
        {
            "device": "TEA5767 Radio Receiver",
            "url": "",
            "addresses": "0x60 only"
        },
        {
            "device": "VCNL4040 Proximity and Ambient Light Sensor",
            "url": "https://www.adafruit.com/product/4161",
            "addresses": "0x60 only"
        }
    ],
    "0x61": [
        {
            "device": "MCP4725A0 12-Bit DAC",
            "url": "",
            "addresses": "0x60 or 0x61"
        },
        {
            "device": "MCP9600 Temperature Sensor",
            "url": "https://www.adafruit.com/product/4101",
            "addresses": "0x60 - 0x67"
        },
        {
            "device": "Si5351A Clock Generator",
            "url": "https://www.adafruit.com/product/2045",
            "addresses": "0x60 or 0x61"
        },
        {
            "device": "SCD30 Humidity/Temperature/CO2 Sensor",
            "url": "https://www.adafruit.com/product/4867",
            "addresses": "0x61"
        }
    ],
    "0x62": [
        {
            "device": "MCP4725A1 12-Bit DAC",
            "url": "https://www.adafruit.com/product/935",
            "addresses": "0x62 or 0x63"
        },
        {
            "device": "MCP9600 Temperature Sensor",
            "url": "https://www.adafruit.com/product/4101",
            "addresses": "0x60 - 0x67"
        }
    ],
    "0x63": [
        {
            "device": "MCP4725A1 12-Bit DAC",
            "url": "https://www.adafruit.com/product/935",
            "addresses": "0x62 or 0x63"
        },
        {
            "device": "MCP9600 Temperature Sensor",
            "url": "https://www.adafruit.com/product/4101",
            "addresses": "0x60 - 0x67"
        },
        {
            "device": "Si4713 FM Transmitter with RDS",
            "url": "https://www.adafruit.com/product/1958",
            "addresses": "0x11 or 0x63"
        }
    ],
    "0x64": [
        {
            "device": "MCP4725A2 12-Bit DAC",
            "url": "",
            "addresses": "0x64 or 0x65"
        },
        {
            "device": "MCP9600 Temperature Sensor",
            "url": "https://www.adafruit.com/product/4101",
            "addresses": "0x60 - 0x67"
        }
    ],
    "0x65": [
        {
            "device": "MCP4725A2 12-Bit DAC",
            "url": "",
            "addresses": "0x64 or 0x65"
        },
        {
            "device": "MCP9600 Temperature Sensor",
            "url": "https://www.adafruit.com/product/4101",
            "addresses": "0x60 - 0x67"
        }
    ],
    "0x66": [
        {
            "device": "MCP4725A3 12-Bit DAC",
            "url": "",
            "addresses": "0x66 or 0x67"
        },
        {
            "device": "MCP9600 Temperature Sensor",
            "url": "https://www.adafruit.com/product/4101",
            "addresses": "0x60 - 0x67"
        }
    ],
    "0x67": [
        {
            "device": "MCP4725A3 12-Bit DAC",
            "url": "",
            "addresses": "0x66 or 0x67"
        },
        {
            "device": "MCP9600 Temperature Sensor",
            "url": "https://www.adafruit.com/product/4101",
            "addresses": "0x60 - 0x67"
        }
    ],
    "0x68": [
        {
            "device": "AMG8833 IR Thermal Camera Breakout",
            "url": "https://www.adafruit.com/product/3538",
            "addresses": "0x68 or 0x69"
        },
        {
            "device": "DS1307 RTC",
            "url": "https://www.adafruit.com/product/3296",
            "addresses": "0x68 only"
        },
        {
            "device": "DS3231 RTC",
            "url": "https://www.adafruit.com/product/3013",
            "addresses": "0x68 only"
        },
        {
            "device": "ICM-20649 Accelerometer + Gyroscope",
            "url": "https://adafruit.com/product/4464",
            "addresses": "0x68 or 0x69"
        },
        {
            "device": "ITG3200 Gyroscope",
            "url": "",
            "addresses": "0x68 or 0x69"
        },
        {
            "device": "MPU-9250 9-DoF IMU",
            "url": "",
            "addresses": "0x68 or 0x69"
        },
        {
            "device": "MPU-60X0 Accelerometer + Gyroscope",
            "url": "",
            "addresses": "0x68 or 0x69"
        },
        {
            "device": "PCF8523 RTC",
            "url": "https://www.adafruit.com/product/3295",
            "addresses": "0x68 only"
        }
    ],
    "0x69": [
        {
            "device": "AMG8833 IR Thermal Camera Breakout",
            "url": "https://www.adafruit.com/product/3538",
            "addresses": "0x68 or 0x69"
        },
        {
            "device": "ICM-20649 Accelerometer + Gyroscope",
            "url": "https://adafruit.com/product/4464",
            "addresses": "0x68 or 0x69"
        },
        {
            "device": "MPU-9250 9-DoF IMU",
            "url": "",
            "addresses": "0x68 or 0x69"
        },
        {
            "device": "MPU-60X0 Accelerometer + Gyroscope",
            "url": "",
            "addresses": "0x68 or 0x69"
        },
        {
            "device": "ITG3200 Gyroscope",
            "url": "",
            "addresses": "0x68 or 0x69"
        }
    ],
    "0x6A": [
        {
            "device": "ICM330DHC 6-Axis IMU",
            "url": "https://www.adafruit.com/product/4502",
            "addresses": "0x6A or 0x6B"
        },
        {
            "device": "L3GD20H Gyroscope",
            "url": "https://www.adafruit.com/product/1714",
            "addresses": "0x6A or 0x6B"
        },
        {
            "device": "LSM6DS33 6-Axis IMU",
            "url": "https://www.adafruit.com/product/4480",
            "addresses": "0x6A or 0x6B"
        },
        {
            "device": "LSM6DSOX 6-Axis IMU",
            "url": "https://adafruit.com/product/4438",
            "addresses": "0x6A or 0x6B"
        },
        {
            "device": "LSM9DS0 9-Axis IMU",
            "url": "https://www.adafruit.com/product/2021",
            "addresses": "0x1D or 0x1E for Accel/Mag, 0x6A or 0x6B for Gyro"
        }
    ],
    "0x6B": [
        {
            "device": "ICM330DHC 6-Axis IMU",
            "url": "https://www.adafruit.com/product/4502",
            "addresses": "0x6A or 0x6B"
        },
        {
            "device": "L3GD20H Gyroscope",
            "url": "https://www.adafruit.com/product/1714",
            "addresses": "0x6A or 0x6B"
        },
        {
            "device": "LSM6DS33 6-Axis IMU",
            "url": "https://www.adafruit.com/product/4480",
            "addresses": "0x6A or 0x6B"
        },
        {
            "device": "LSM6DSOX 6-Axis IMU",
            "url": "https://adafruit.com/product/4438",
            "addresses": "0x6A or 0x6B"
        },
        {
            "device": "LSM9DS0 9-Axis IMU",
            "url": "https://www.adafruit.com/product/2021",
            "addresses": "0x1D or 0x1E for Accel/Mag, 0x6A or 0x6B for Gyro"
        }
    ],
    "0x70": [
        {
            "device": "HT16K33 LED Matrix Driver",
            "url": "https://www.adafruit.com/product/1427",
            "addresses": "0x70 - 0x77"
        },
        {
            "device": "PCT2075 Temperature Sensor",
            "url": "https://www.adafruit.com/product/4369",
            "addresses": "0x28-0x2E, 0x48-0x4F, 0x70-0x77"
        },
        {
            "device": "TCA9548 1-to-8 I2C Multiplexer",
            "url": "https://www.adafruit.com/product/2717",
            "addresses": "0x70 - 0x77"
        },
        {
            "device": "SHTC3 Temp and Humidity Sensor",
            "url": "https://www.adafruit.com/product/4636",
            "addresses": "0x70"
        }
    ],
    "0x71": [
        {
            "device": "HT16K33 LED Matrix Driver",
            "url": "https://www.adafruit.com/product/1427",
            "addresses": "0x70 - 0x77"
        },
        {
            "device": "PCT2075 Temperature Sensor",
            "url": "https://www.adafruit.com/product/4369",
            "addresses": "0x28-0x2E, 0x48-0x4F, 0x70-0x77"
        },
        {
            "device": "TCA9548 1-to-8 I2C Multiplexer",
            "url": "https://www.adafruit.com/product/2717",
            "addresses": "0x70 - 0x77"
        }
    ],
    "0x72": [
        {
            "device": "HT16K33 LED Matrix Driver",
            "url": "https://www.adafruit.com/product/1427",
            "addresses": "0x70 - 0x77"
        },
        {
            "device": "PCT2075 Temperature Sensor",
            "url": "https://www.adafruit.com/product/4369",
            "addresses": "0x28-0x2E, 0x48-0x4F, 0x70-0x77"
        },
        {
            "device": "TCA9548 1-to-8 I2C Multiplexer",
            "url": "https://www.adafruit.com/product/2717",
            "addresses": "0x70 - 0x77"
        }
    ],
    "0x73": [
        {
            "device": "HT16K33 LED Matrix Driver",
            "url": "https://www.adafruit.com/product/1427",
            "addresses": "0x70 - 0x77"
        },
        {
            "device": "PCT2075 Temperature Sensor",
            "url": "https://www.adafruit.com/product/4369",
            "addresses": "0x28-0x2E, 0x48-0x4F, 0x70-0x77"
        },
        {
            "device": "TCA9548 1-to-8 I2C Multiplexer",
            "url": "https://www.adafruit.com/product/2717",
            "addresses": "0x70 - 0x77"
        }
    ],
    "0x74": [
        {
            "device": "HT16K33 LED Matrix Driver",
            "url": "https://www.adafruit.com/product/1427",
            "addresses": "0x70 - 0x77"
        },
        {
            "device": "IS31FL3731 144-LED CharliePlex driver",
            "url": "https://www.adafruit.com/product/2946",
            "addresses": "0x74 0x75 0x66 or 0x77"
        },
        {
            "device": "PCT2075 Temperature Sensor",
            "url": "https://www.adafruit.com/product/4369",
            "addresses": "0x28-0x2E, 0x48-0x4F, 0x70-0x77"
        },
        {
            "device": "TCA9548 1-to-8 I2C Multiplexer",
            "url": "https://www.adafruit.com/product/2717",
            "addresses": "0x70 - 0x77"
        }
    ],
    "0x75": [
        {
            "device": "HT16K33 LED Matrix Driver",
            "url": "https://www.adafruit.com/product/1427",
            "addresses": "0x70 - 0x77"
        },
        {
            "device": "IS31FL3731 144-LED CharliePlex driver",
            "url": "https://www.adafruit.com/product/2946",
            "addresses": "0x74 0x75 0x66 or 0x77"
        },
        {
            "device": "PCT2075 Temperature Sensor",
            "url": "https://www.adafruit.com/product/4369",
            "addresses": "0x28-0x2E, 0x48-0x4F, 0x70-0x77"
        },
        {
            "device": "TCA9548 1-to-8 I2C Multiplexer",
            "url": "https://www.adafruit.com/product/2717",
            "addresses": "0x70 - 0x77"
        }
    ],
    "0x76": [
        {
            "device": "BME280 Temp/Barometric/Humidity ",
            "url": "https://www.adafruit.com/product/2652",
            "addresses": "0x76 or 0x77"
        },
        {
            "device": "BME680 Temp/Barometric/Humidity/Gas",
            "url": "https://www.adafruit.com/product/3660",
            "addresses": "0x76 or 0x77"
        },
        {
            "device": "BMP280 Temp/Barometric ",
            "url": "https://www.adafruit.com/product/2651",
            "addresses": "0x76 or 0x77"
        },
        {
            "device": "BMP388 Temp/Barometric",
            "url": "https://www.adafruit.com/product/3966",
            "addresses": "0x76 or 0x77"
        },
        {
            "device": "BMP390 Temp/Barometric",
            "url": "https://www.adafruit.com/product/4816",
            "addresses": "0x76 or 0x77"
        },
        {
            "device": "DPS310 Barometric Sensor",
            "url": "https://www.adafruit.com/product/4494",
            "addresses": "0x76 or 0x77"
        },
        {
            "device": "HT16K33 LED Matrix Driver",
            "url": "https://www.adafruit.com/product/1427",
            "addresses": "0x70 - 0x77"
        },
        {
            "device": "IS31FL3731 144-LED CharliePlex driver",
            "url": "https://www.adafruit.com/product/2946",
            "addresses": "0x74 0x75 0x66 or 0x77"
        },
        {
            "device": "MS5607/MS5611 Barometric Pressure",
            "url": "",
            "addresses": "0x76 or 0x77"
        },
        {
            "device": "MS8607 Temp/Barometric/Humidity",
            "url": "https://www.adafruit.com/product/4716",
            "addresses": "0x40 for Humidity and 0x76 for Barometric/Temperature"
        },
        {
            "device": "PCT2075 Temperature Sensor",
            "url": "https://www.adafruit.com/product/4369",
            "addresses": "0x28-0x2E, 0x48-0x4F, 0x70-0x77"
        },
        {
            "device": "TCA9548 1-to-8 I2C Multiplexer",
            "url": "https://www.adafruit.com/product/2717",
            "addresses": "0x70 - 0x77"
        }
    ],
    "0x77": [
        {
            "device": "BMA180 Accelerometer",
            "url": "",
            "addresses": "0x77 only"
        },
        {
            "device": "BME280 Temp/Barometric/Humidity ",
            "url": "https://www.adafruit.com/product/2652",
            "addresses": "0x76 or 0x77"
        },
        {
            "device": "BME680 Temp/Barometric/Humidity/Gas",
            "url": "https://www.adafruit.com/product/3660",
            "addresses": "0x76 or 0x77"
        },
        {
            "device": "BMP180 Temp/Barometric",
            "url": "https://www.adafruit.com/product/1603",
            "addresses": "0x77 only"
        },
        {
            "device": "BMP085 Temp/Barometric",
            "url": "https://www.adafruit.com/product/391",
            "addresses": "0x77 only"
        },
        {
            "device": "BMP280 Temp/Barometric ",
            "url": "https://www.adafruit.com/product/2651",
            "addresses": "0x76 or 0x77"
        },
        {
            "device": "BMP388 Temp/Barometric",
            "url": "https://www.adafruit.com/product/3966",
            "addresses": "0x76 or 0x77"
        },
        {
            "device": "BMP390 Temp/Barometric",
            "url": "https://www.adafruit.com/product/4816",
            "addresses": "0x76 or 0x77"
        },
        {
            "device": "DPS310 Barometric Sensor",
            "url": "https://www.adafruit.com/product/4494",
            "addresses": "0x76 or 0x77"
        },
        {
            "device": "HT16K33 LED Matrix Driver",
            "url": "https://www.adafruit.com/product/1427",
            "addresses": "0x70 - 0x77"
        },
        {
            "device": "IS31FL3731 144-LED CharliePlex driver",
            "url": "https://www.adafruit.com/product/2946",
            "addresses": "0x74 0x75 0x66 or 0x77"
        },
        {
            "device": "MS5607/MS5611 Barometric Pressure",
            "url": "",
            "addresses": "0x76 or 0x77"
        },
        {
            "device": "PCT2075 Temperature Sensor",
            "url": "https://www.adafruit.com/product/4369",
            "addresses": "0x28-0x2E, 0x48-0x4F, 0x70-0x77"
        },
        {
            "device": "TCA9548 1-to-8 I2C Multiplexer",
            "url": "https://www.adafruit.com/product/2717",
            "addresses": "0x70 - 0x77"
        }
    ],
    "0x78": [
        {
            "device": "Reserved for 10-bit I2C addressing",
            "url": "",
            "addresses": ""
        }
    ],
    "0x79": [
        {
            "device": "Reserved for 10-bit I2C addressing",
            "url": "",
            "addresses": ""
        }
    ],
    "0x7A": [
        {
            "device": "Reserved for 10-bit I2C addressing",
            "url": "",
            "addresses": ""
        }
    ],
    "0x7B": [
        {
            "device": "Reserved for 10-bit I2C addressing",
            "url": "",
            "addresses": ""
        }
    ],
    "0x7C": [
        {
            "device": "Reserved for future purposes",
            "url": "",
            "addresses": ""
        }
    ],
    "0x7D": [
        {
            "device": "Reserved for future purposes",
            "url": "",
            "addresses": ""
        }
    ],
    "0x7E": [
        {
            "device": "Reserved for future purposes",
            "url": "",
            "addresses": ""
        }
    ],
    "0x7F": [
        {
            "device": "Reserved for Future Purposes",
            "url": "",
            "addresses": ""
        }
    ]
}