[
{
"name" : "databasesettingsheader",
"label" : "Database Settings",
"type" : "header"
},
{
"name" : "databasetype",
"default" : "none",
"description" : "The database to use to store data.",
"label" : "Database Tyoe",
"type" : "select_text",
"carryforward" : true,
"options" : [
	{"value" : "none", "label" : "None"},
	{"value" : "mysql", "label" : "MariaDB"},
	{"value" : "postgresql", "label" : "PostgreSQL"},
	{"value" : "sqlite", "label" : "SQLite"}
],
"optional" : true
},
{
"name" : "databasehost",
"default" : "",
"description" : "The ip / hostname of the server running the database.",
"label" : "Database Host",
"type" : "text",
"carryforward" : true,
"optional" : true,
"source" : "${ALLSKY_ENV}"
},
{
"name" : "databaseuser",
"default" : "",
"description" : "The username used to connect to the database.",
"label" : "Database User",
"type" : "text",
"carryforward" : true,
"optional" : true,
"source" : "${ALLSKY_ENV}"
},
{
"name" : "databasepassword",
"default" : "",
"description" : "The password used to connect to the database.",
"label" : "User Password",
"type" : "text",
"carryforward" : true,
"optional" : true,
"source" : "${ALLSKY_ENV}"
},
{
"name" : "databasedatabase",
"default" : "allsky",
"description" : "The database to use.",
"label" : "Database",
"type" : "text",
"carryforward" : true,
"optional" : true,
"source" : "${ALLSKY_ENV}"
},
{
"name" : "daytimesettingsheader",
"label" : "Daytime Settings",
"type" : "header"
},
{
"name" : "takedaytimeimages",
"default" : true,
"description" : "Enable to <strong>take</strong> daytime images.",
"label" : "Capture",
"label_prefix" : "Daytime",
"type" : "boolean",
"usage" : "capture",
"carryforward" : true,
"checkchanges" : true,
"action" : "reload"
},
{
"name" : "savedaytimeimages",
"default" : false,
"description" : "Enable to <strong>save</strong> daytime images.",
"label" : "Save",
"label_prefix" : "Daytime",
"type" : "boolean",
"carryforward" : true
},
{
"name" : "dayautoexposure",
"default" : true,
"description" : "Enable to use daytime auto-exposure.",
"label" : "Auto-Exposure",
"label_prefix" : "Daytime",
"type" : "boolean",
"usage" : "capture",
"action" : "reload"
},
{
"name" : "daymaxautoexposure",
"minimum" : 1,
"maximum" : 60000,
"default" : 60000,
"description" : "Maximum daytime <span class='WebUISetting'>Auto-Exposure</span> time in milliseconds (1000ms = 1 sec).<br>Click <a allsky='true' external='true' href='/documentation/settings/allsky.html#daymaxautoexposure'>here</a> to see how this setting impacts the time between exposures.",
"label" : "Max Auto-Exposure",
"label_prefix" : "Daytime",
"type" : "float",
"usage" : "capture",
"action" : "reload"
},
{
"name" : "dayexposure",
"minimum" : 0.032,
"maximum" : 2000000,
"default" : 500,
"description" : "Manual exposure time in milliseconds (1000ms = 1 sec). Can be a fraction.<br>If daytime <span class='WebUISetting'>Auto-Exposure</span> is enabled, this number is used as a starting point.<br>Click <a allsky='true' external='true' href='/documentation/settings/allsky.html#dayexposure'>here</a> to see how this setting impacts the time between exposures.",
"label" : "Manual Exposure",
"label_prefix" : "Daytime",
"type" : "float",
"usage" : "capture",
"action" : "reload"
},
{
"name" : "daymean",
"minimum" : 0,
"maximum" : 1,
"default" : 0.5,
"description" : "The target mean brightness level when <span class='WebUISetting'>Auto-Exposure</span> is on. <span class='WebUIValue'>1.0</span> is pure white.<br>Best used when <span class='WebUISetting'>Auto-Exposure</span> and <span class='WebUISetting'>Auto-Gain</span> are on.<br><span class='WebUIValue'>0</span> disables this auto-exposure mode.",
"label" : "Mean Target",
"label_prefix" : "Daytime",
"type" : "float",
"usage" : "capture",
"action" : "reload"
},
{
"name" : "daymeanthreshold",
"minimum" : 0.01,
"maximum" : 1,
"default" : 0.02,
"description" : "When using <span class='WebUISetting'>Mean Target</span> this specifies how close to the target the brightness should be.",
"label" : "Mean Threshold",
"label_prefix" : "Daytime",
"type" : "float",
"usage" : "capture",
"action" : "reload"
},
{
"name" : "daydelay",
"minimum" : 10,
"maximum" : "none",
"default" : 30000,
"description" : "Delay between daytime images in milliseconds (1000ms = 1 sec).",
"label" : "Delay",
"label_prefix" : "Daytime",
"type" : "integer",
"usage" : "capture",
"carryforward" : true,
"action" : "reload"
},
{
"name" : "dayautogain",
"default" : true,
"description" : "Enable to use dayime auto-gain.",
"label" : "Auto-Gain",
"label_prefix" : "Daytime",
"type" : "boolean",
"usage" : "capture",
"action" : "reload"
},
{
"name" : "daymaxautogain",
"minimum" : 0,
"maximum" : 510,
"default" : 255,
"description" : "Maximum gain when <span class='WebUISetting'>Auto-Gain</span> is enabled.",
"label" : "Max Auto-Gain",
"label_prefix" : "Daytime",
"type" : "float",
"usage" : "capture",
"action" : "reload"
},
{
"name" : "daygain",
"minimum" : 0,
"maximum" : 510,
"default" : 0,
"description" : "Manually sets the light sensitivity of the camera.<br>A high number returns a brighter image but more noise. Can normally leave at the minimum value for daytime.",
"label" : "Gain",
"label_prefix" : "Daytime",
"type" : "float",
"usage" : "capture",
"action" : "reload"
},
{
"name" : "imagestretchamountdaytime",
"minimum" : 0,
"maximum" : 100,
"default" : 0,
"description" : "Amount to stretch daytime images.  <span class='WebUIValue'>0</span> means don't stretch.",
"label" : "Stretch Amount",
"label_prefix" : "Daytime",
"type" : "integer"
},
{
"name" : "imagestretchmidpointdaytime",
"minimum" : 1,
"maximum" : 100,
"default" : 10,
"description" : "Mid point of image stretch.<br>Lower numbers brighten darker parts of image; higher numbers brighten lighter parts.<br>Only applies if <span class='WebUISetting'>Stretch Amount</span> is greater than 0.",
"label" : "Stretch Mid Point",
"label_prefix" : "Daytime",
"type" : "percent"
},
{
"name" : "daybin",
"default" : 1,
"description" : "Binning level. <span class='WebUIValue'>1x1</span> = OFF.",
"label" : "Binning",
"label_prefix" : "Daytime",
"type" : "select_integer",
"usage" : "capture",
"options" : [
	{"value" : 1, "label" : "1x1"},
	{"value" : 2, "label" : "2x2"},
	{"value" : 3, "label" : "3x3"},
	{"value" : 4, "label" : "4x4"}
],
"action" : "reload"
},
{
"name" : "dayskipframes",
"minimum" : 0,
"maximum" : "none",
"default" : 5,
"description" : "When starting Allsky during the day, skip up to this many frames while the software gets to the correct exposure.",
"label" : "Frames To Skip",
"label_prefix" : "Daytime",
"type" : "integer",
"usage" : "capture",
"action" : "reload"
},
{
"name" : "nighttimesettingsheader",
"label" : "Nighttime Settings",
"type" : "header"
},
{
"name" : "takenighttimeimages",
"default" : true,
"description" : "Enable to <strong>take</strong> nighttime images.",
"label" : "Capture",
"label_prefix" : "Nighttime",
"type" : "boolean",
"usage" : "capture",
"carryforward" : true,
"checkchanges" : true,
"action" : "reload"
},
{
"name" : "savenighttimeimages",
"default" : true,
"description" : "Enable to <strong>save</strong> nighttime images.",
"label" : "Save",
"label_prefix" : "Nighttime",
"type" : "boolean",
"carryforward" : true
},
{
"name" : "nightautoexposure",
"default" : true,
"description" : "Enable to use nighttime auto-exposure.",
"label" : "Auto-Exposure",
"label_prefix" : "Nighttime",
"type" : "boolean",
"usage" : "capture",
"action" : "reload"
},
{
"name" : "nightmaxautoexposure",
"minimum" : 1,
"maximum" : 60000,
"default" : 60000,
"description" : "Maximum nighttime <span class='WebUISetting'>Auto-Exposure</span> time in milliseconds (1000ms = 1 sec).",
"label" : "Max Auto-Exposure",
"label_prefix" : "Nighttime",
"type" : "float",
"usage" : "capture",
"action" : "reload"
},
{
"name" : "nightexposure",
"minimum" : 0.032,
"maximum" : 2000000,
"default" : 10000,
"description" : "Manual exposure time in milliseconds (1000ms = 1 sec). Can be a fraction.<br>If nighttime <span class='WebUISetting'>Auto-Exposure</span> is enabled, this number is used as a starting point.",
"label" : "Manual Exposure",
"label_prefix" : "Nighttime",
"type" : "float",
"usage" : "capture",
"action" : "reload"
},
{
"name" : "nightmean",
"minimum" : 0,
"maximum" : 1,
"default" : 0.3,
"description" : "The target mean brightness level when <span class='WebUISetting'>Auto-Exposure</span> is on. <span class='WebUIValue'>1.0</span> is pure white.<br>Best used when <span class='WebUISetting'>Auto-Exposure</span> and <span class='WebUISetting'>Auto-Gain</span> are on.<br><span class='WebUIValue'>0</span> disables this auto-exposure mode.",
"label" : "Mean Target",
"label_prefix" : "Nighttime",
"type" : "float",
"usage" : "capture",
"action" : "reload"
},
{
"name" : "nightmeanthreshold",
"minimum" : 0.01,
"maximum" : 1,
"default" : 0.02,
"description" : "When using <span class='WebUISetting'>Mean Target</span> this specifies how close to the target the brightness should be.",
"label" : "Mean Threshold",
"label_prefix" : "Nighttime",
"type" : "float",
"usage" : "capture",
"action" : "reload"
},
{
"name" : "nightdelay",
"minimum" : 10,
"maximum" : "none",
"default" : 30000,
"description" : "Delay between nighttime images in milliseconds (1000ms = 1 sec).",
"label" : "Delay",
"label_prefix" : "Nighttime",
"type" : "integer",
"usage" : "capture",
"carryforward" : true,
"action" : "reload"
},
{
"name" : "nightautogain",
"default" : true,
"description" : "Enable to use nighttime auto-gain.",
"label" : "Auto-Gain",
"label_prefix" : "Nighttime",
"type" : "boolean",
"usage" : "capture",
"action" : "reload"
},
{
"name" : "nightmaxautogain",
"minimum" : 0,
"maximum" : 510,
"default" : 255,
"description" : "Maximum gain when <span class='WebUISetting'>Auto-Gain</span> is enabled.",
"label" : "Max Auto-Gain",
"label_prefix" : "Nighttime",
"type" : "float",
"usage" : "capture",
"action" : "reload"
},
{
"name" : "nightgain",
"minimum" : 0,
"maximum" : 510,
"default" : 255,
"description" : "Manually sets the light sensitivity of the camera.<br>A high number returns a brighter image but more noise.",
"label" : "Gain",
"label_prefix" : "Nighttime",
"type" : "float",
"usage" : "capture",
"action" : "reload"
},
{
"name" : "imagestretchamountnighttime",
"minimum" : 0,
"maximum" : 100,
"default" : 0,
"description" : "Amount to stretch nighttime images.  <span class='WebUIValue'>0</span> means don't stretch.",
"label" : "Stretch Amount",
"label_prefix" : "Nighttime",
"type" : "integer"
},
{
"name" : "imagestretchmidpointnighttime",
"minimum" : 1,
"maximum" : 100,
"default" : 10,
"description" : "Mid point of image stretch.<br>Lower numbers brighten darker parts of image; higher numbers brighten lighter parts.<br>Only applies if <span class='WebUISetting'>Stretch Amount</span> is greater than 0.",
"label" : "Stretch mid point",
"label_prefix" : "Nighttime",
"type" : "percent"
},
{
"name" : "nightbin",
"default" : 1,
"description" : "Binning level. <span class='WebUIValue'>1x1</span> = OFF.",
"label" : "Binning",
"label_prefix" : "Nighttime",
"type" : "select_integer",
"usage" : "capture",
"options" : [
	{"value" : 1, "label" : "1x1"},
	{"value" : 2, "label" : "2x2"},
	{"value" : 3, "label" : "3x3"},
	{"value" : 4, "label" : "4x4"}
],
"action" : "reload"
},
{
"name" : "nightskipframes",
"minimum" : 0,
"maximum" : "none",
"default" : 1,
"description" : "When starting Allsky at night, skip up to this many frames while the software gets to the correct exposure.",
"label" : "Frames To Skip",
"label_prefix" : "Nighttime",
"type" : "integer",
"usage" : "capture",
"action" : "reload"
},
{
"name" : "dayandnightheader",
"label" : "Both Day and Night Settings",
"type" : "header"
},
{
"name" : "daystokeep",
"minimum" : 0,
"maximum" : "none",
"default" : 14,
"description" : "Number of days of images and videos to keep on the Pi. <span class='WebUIValue'>0</span> keeps all days.",
"label" : "Days To Keep",
"type" : "integer",
"carryforward" : true,
"checkchanges" : true
},
{
"name" : "config",
"default" : "[none]",
"description" : "Configuration file to use for settings.",
"label" : "Configuration File",
"type" : "widetext",
"usage" : "capture",
"checkchanges" : true,
"optional" : true,
"action" : "reload"
},
{
"name" : "aggression",
"minimum" : 0,
"maximum" : 100,
"default" : 85,
"description" : "How much of a calculated exposure change should be made during auto-exposure?<br>Lower numbers smooth out changes but take longer to react to brightness changes.",
"label" : "Aggression",
"type" : "percent",
"usage" : "capture",
"action" : "reload"
},
{
"name" : "gaintransitiontime",
"minimum" : 0,
"maximum" : "none",
"default" : 5,
"description" : "Number of <b>minutes</b> over which to increase or decrease the gain when switching between day and night.<br>This helps smooth brightness differences. <span class='WebUIValue'>0</span> disables transitions.",
"label" : "Gain Transition Time",
"type" : "integer",
"usage" : "capture",
"action" : "reload"
},
{
"name" : "type",
"default" : 99,
"description" : "'auto' uses color if possible, otherwise the best mono mode supported.<br>RAW16 only works with PNG extension.",
"label" : "Image Type",
"type" : "select_integer",
"usage" : "capture",
"options" : [
	{"value" : 99, "label" : "auto"},
	{"value" : 0, "label" : "RAW8"},
	{"value" : 2, "label" : "RAW16"}
],
"checkchanges" : true,
"action" : "reload"
},
{
"name" : "quality",
"minimum" : 1,
"maximum" : 100,
"default" : 95,
"description" : "JPG quality: 0-100. Higher numbers produce larger, clearer files.<br>PNG compression: 0-9. Higher numbers produce smaller files but take longer to save.",
"label" : "Quality / Compression",
"type" : "integer",
"usage" : "capture",
"carryforward" : true,
"action" : "reload"
},
{
"name" : "autousb",
"default" : true,
"description" : "Automatically set the USB bandwidth.",
"label" : "Auto USB Bandwidth",
"type" : "boolean",
"usage" : "capture",
"action" : "reload"
},
{
"name" : "usb",
"minimum" : 40,
"maximum" : 100,
"default" : 50,
"description" : "USB bandwidth.<br>If you get ASI_ERROR_TIMEOUT errors in the log file, try changing this number up and/or down.",
"label" : "USB Bandwidth",
"type" : "integer",
"usage" : "capture",
"action" : "reload"
},
{
"name" : "filename",
"default" : "image.jpg",
"description" : "Extensions allowed: .jpg or .png.<br><b>WARNING</b>: saving a .png file can take 10 or more seconds so be sure the time between successive images is long enough.  To measure how long it takes your Pi to save a .png file, set the <span class='WebUISetting'>Debug Level</span> to 4 and look in the log file.",
"label" : "Filename",
"type" : "text",
"usage" : "capture",
"carryforward" : true,
"checkchanges" : true,
"action" : "reload"
},
{
"name" : "flip",
"default" : 0,
"description" : "Flips the image along an axis.",
"label" : "Flip",
"type" : "select_integer",
"usage" : "capture",
"options" : [
	{"value" : 0, "label" : "None"},
	{"value" : 1, "label" : "Horizontal"},
	{"value" : 2, "label" : "Vertical"},
	{"value" : 3, "label" : "Both"}
],
"action" : "reload"
},
{
"name" : "determinefocus",
"default" : false,
"description" : "Enable to have the image focus determined and output via the 'FOCUS' variable.",
"label" : "Record Focus",
"type" : "boolean",
"usage" : "capture",
"action" : "stop"
},
{
"name" : "consistentdelays",
"default" : true,
"description" : "Enable to have the delays between images be a consistent length.<br>The time between the start of exposures will always be <span class='WebUISetting'>Max Auto-Exposure + Delay</span>.",
"label" : "Consistent Delays Between Images",
"type" : "boolean",
"usage" : "capture",
"carryforward" : true,
"action" : "reload"
},
{
"name" : "timeformat",
"default" : "%Y%m%d %H:%M:%S",
"description" : "Determines the format of the displayed date and time. Run <code>man 3 strftime</code> to see the options.",
"label" : "Time Format",
"type" : "text",
"usage" : "capture",
"carryforward" : true,
"action" : "reload"
},
{
"name" : "temptype",
"default" : "C",
"description" : "Unit(s) to display temperature in.",
"label" : "Temperature Units",
"type" : "select_text",
"usage" : "capture",
"carryforward" : true,
"options" : [
	{"value" : "C", "label" : "Celsius"},
	{"value" : "F", "label" : "Fahrenheit"},
	{"value" : "B", "label" : "Both"}
],
"action" : "reload"
},
{
"name" : "latitude",
"default" : "",
"description" : "Camera latitude: a signed number from <span class='WebUIValue'>-90</span> to <span class='WebUIValue'>+90</span>, or an unsigned number with direction (N or S), for example: <span class='WebUIValue'>60.7N</span>.",
"label" : "Latitude",
"type" : "text",
"usage" : "capture",
"carryforward" : true,
"checkchanges" : true,
"action" : "reload"
},
{
"name" : "longitude",
"default" : "",
"description" : "Camera longitude: a signed number from <span class='WebUIValue'>-180</span> to <span class='WebUIValue'>+180</span>, or an unsigned number with a direction (E or W), for example: <span class='WebUIValue'>135.05W</span>.",
"label" : "Longitude",
"type" : "text",
"usage" : "capture",
"carryforward" : true,
"checkchanges" : true,
"action" : "reload"
},
{
"name" : "angle",
"default" : -6,
"description" : "Altitude of the Sun in degrees relative to the horizon at which to switch between day and night.",
"label" : "Angle",
"type" : "float",
"usage" : "capture",
"carryforward" : true,
"checkchanges" : true,
"action" : "reload"
},
{
"name" : "takedarkframes",
"default" : false,
"description" : "Enable to capture dark frames, which are used to decrease noise.<br>See the <a allsky='true' external='true' href='/documentation/explanations/darkFrames.html#howtousedarks'>Dark frames</a> documentation on how to take dark frames.",
"label" : "Take Dark Frames",
"type" : "boolean",
"usage" : "capture",
"action" : "stop"
},
{
"name" : "usedarkframes",
"default" : false,
"description" : "Enables dark frame subtraction if you have dark frames.",
"label" : "Use Dark Frames",
"type" : "boolean",
"checkchanges" : true
},
{
"name" : "locale",
"default" : "",
"description" : "Your locale, used to determine what the thousands and decimal separators are.<br>Type <code>locale --all-locales</code> at a command prompt to see which locales are configured on your Pi.",
"label" : "Locale",
"type" : "text",
"usage" : "capture",
"carryforward" : true,
"action" : "reload"
},
{
"name" : "zwoexposuretype",
"default" : 0,
"description" : "Select the type of exposure to use with ZWO cameras.  Use <span class='WebUIValue'>Snapshot</span> if possible since it should fix ASI_ERROR_TIMEOUT problems.  If that doesn't work try <span class='WebUIValue'>Video Off</span>. Note that <span class='WebUISetting'>Auto White Balance</span> does not work in <span class='WebUIValue'>Snapshot</span>",
"label" : "ZWO Exposure Type",
"type" : "select_integer",
"usage" : "capture",
"options" : [
	{"value" : 0, "label" : "Snapshot"},
	{"value" : 1, "label" : "Video Off"},
	{"value" : 2, "label" : "Video (original)"}
],
"action" : "reload"
},
{
"name" : "histogrambox",
"default" : "500 500 50 50",
"description" : "Size of the histogram box (X and Y in pixels) and offset from left and top (0-100 percent). Sizes must be even numbers.",
"label" : "Histogram Box",
"type" : "text",
"usage" : "capture",
"action" : "reload"
},
{
"name" : "debuglevel",
"default" : 1,
"description" : "Debug level. Use <span class='WebUIValue'>3</span> while debugging.  See the <a external='true' allsky='true' href='/documentation/settings/allsky.html#debuglevel'>documentation</a> for meaning of the levels.",
"label" : "Debug Level",
"type" : "select_integer",
"usage" : "capture",
"carryforward" : true,
"options" : [
	{"value" : 0, "label" : 0},
	{"value" : 1, "label" : 1},
	{"value" : 2, "label" : 2},
	{"value" : 3, "label" : 3},
	{"value" : 4, "label" : 4}
],
"action" : "reload"
},
{
"name" : "overlaytab========================================",
"label" : "Overlay",
"type" : "header-tab"
},
{
"name" : "overlayheader",
"label" : "Image Overlay Settings",
"type" : "header"
},
{
"name" : "overlaymethod",
"default" : 1,
"description" : "Determines how image overlays are done.<br><span class='WebUIValue'>module</span> supports a visual editor.<br><b>When set to <span class='WebUIValue'>module</span>, the overlay settings below do NOT apply.</b>",
"label" : "Overlay Method",
"type" : "select_integer",
"usage" : "capture",
"carryforward" : true,
"options" : [
	{"value" : 0, "label" : "legacy"},
	{"value" : 1, "label" : "module"}
],
"checkchanges" : true,
"action" : "reload"
},
{
"name" : "showtime",
"default" : true,
"description" : "Enable to display the time an image was taken on the overlay.",
"label" : "Show Time",
"type" : "boolean",
"usage" : "capture",
"carryforward" : true,
"action" : "reload"
},
{
"name" : "showtemp",
"default" : true,
"description" : "Enable to display the camera sensor temperature on the overlay.",
"label" : "Show Temperature",
"type" : "boolean",
"usage" : "capture",
"carryforward" : true,
"action" : "reload"
},
{
"name" : "showexposure",
"default" : true,
"description" : "Enable to display the exposure length on the overlay.<br>If <span class='WebUISetting'>Auto-Exposure</span> is set, '(auto)' will appear after the exposure time.",
"label" : "Show Exposure",
"type" : "boolean",
"usage" : "capture",
"carryforward" : true,
"action" : "reload"
},
{
"name" : "showgain",
"default" : false,
"description" : "Enable to display the camera gain on the overlay.<br>If <span class='WebUISetting'>Auto-Gain</span> is set, '(auto)' will appear after the gain value.",
"label" : "Show Gain",
"type" : "boolean",
"usage" : "capture",
"carryforward" : true,
"action" : "reload"
},
{
"name" : "showusb",
"default" : false,
"description" : "Enable to display the USB Bandwidth number on the overlay.<br>This is primarily for troubleshooting.",
"label" : "Show USB",
"type" : "boolean",
"usage" : "capture",
"carryforward" : true,
"action" : "reload"
},
{
"name" : "showmean",
"default" : false,
"description" : "Enable to display the calculated mean image brightness on the overlay.",
"label" : "Show Mean Brightness",
"type" : "boolean",
"usage" : "capture",
"carryforward" : true,
"action" : "reload"
},
{
"name" : "showhistogrambox",
"default" : false,
"description" : "Enable to show an outline of the histogram box, useful for determining what the <span class='WebUISetting'>Histogram Box</span> numbers should be.",
"label" : "Show Histogram Box",
"type" : "boolean",
"usage" : "capture",
"carryforward" : true,
"action" : "reload"
},
{
"name" : "showfocus",
"default" : false,
"description" : "Enable to display a focus metric to help you focus the camera.<br>This is only usefull while focusing.",
"label" : "Show Focus Metric",
"type" : "boolean",
"usage" : "capture",
"carryforward" : true,
"action" : "reload"
},
{
"name" : "text",
"default" : "",
"description" : "Text that appears below the optional time with the same color and size.",
"label" : "Text Overlay",
"type" : "widetext",
"usage" : "capture",
"optional" : true,
"action" : "reload"
},
{
"name" : "extratext",
"default" : "",
"description" : "Extra Text File (enter full path to the file).<br>Leave blank if NOT using an extra text file.",
"label" : "Extra Text File",
"type" : "widetext",
"usage" : "capture",
"checkchanges" : true,
"optional" : true,
"action" : "reload"
},
{
"name" : "extratextage",
"minimum" : 1,
"maximum" : "none",
"default" : 0,
"description" : "The maximum age of the <span class='WebUISetting'>Extra Text File</span> in seconds.<br>After this time the contents of the file will no longer be displayed. Set to <span class='WebUIValue'>0</span> to always display.",
"label" : "Max Age Of Extra",
"type" : "integer",
"usage" : "capture",
"carryforward" : true,
"action" : "reload"
},
{
"name" : "textlineheight",
"minimum" : "font height",
"maximum" : "image height",
"default" : 30,
"description" : "The line height of the text in pixels. If increasing the font size causes the text to overlap then increase this number.",
"label" : "Line Height",
"type" : "integer",
"usage" : "capture",
"action" : "reload"
},
{
"name" : "textx",
"minimum" : 0,
"maximum" : "image width",
"default" : 15,
"description" : "Text will begin this many pixels from the left.",
"label" : "Text X",
"type" : "integer",
"usage" : "capture",
"action" : "reload"
},
{
"name" : "texty",
"minimum" : 0,
"maximum" : "image height",
"default" : 35,
"description" : "Text will begin this many pixels from the top.",
"label" : "Text Y",
"type" : "integer",
"usage" : "capture",
"action" : "reload"
},
{
"name" : "fontname",
"default" : 0,
"description" : "Font name for the text overlay. Used for both large and small text.",
"label" : "Font Name",
"type" : "select_integer",
"usage" : "capture",
"carryforward" : true,
"options" : [
	{"value" : 0, "label" : "Simplex"},
	{"value" : 1, "label" : "Plain"},
	{"value" : 2, "label" : "Duplex"},
	{"value" : 3, "label" : "Complex"},
	{"value" : 4, "label" : "Triplex"},
	{"value" : 5, "label" : "Complex Small"},
	{"value" : 6, "label" : "Script Simplex"},
	{"value" : 7, "label" : "Script Complex"}
],
"action" : "reload"
},
{
"name" : "fontcolor",
"minimum" : 0,
"default" : "255 0 0",
"description" : "Blue, Green, and Red (BGR) values of text color.<br>NOTE: When using RAW 16 only the first two numbers are used i.e., <span class='WebUIValue'>255 128 0</span>.",
"label" : "Font Color",
"type" : "text",
"usage" : "capture",
"action" : "reload"
},
{
"name" : "smallfontcolor",
"default" : "0 0 255",
"description" : "BGR value of text color.<br>NOTE: When using RAW 16 only the first two numbers are used i.e., <span class='WebUIValue'>255 128 0</span>.",
"label" : "Small Font Color",
"type" : "text",
"usage" : "capture",
"action" : "reload"
},
{
"name" : "fonttype",
"default" : 0,
"description" : "Choose between smooth font lines (antialiased), 8-pixel, or 4 pixel connectivity (harder edges).",
"label" : "Font Smoothness",
"type" : "select_integer",
"usage" : "capture",
"options" : [
	{"value" : 0, "label" : "Antialiased"},
	{"value" : 1, "label" : "8 connected"},
	{"value" : 2, "label" : "4 connected"}
],
"action" : "reload"
},
{
"name" : "fontsize",
"minimum" : 1,
"maximum" : 100,
"default" : 7,
"description" : "Text Font Size. The time, if displayed, will use this size; other text displayed will be about 20% smaller.",
"label" : "Font Size",
"type" : "float",
"usage" : "capture",
"action" : "reload"
},
{
"name" : "fontline",
"minimum" : 1,
"maximum" : 20,
"default" : 1,
"description" : "How thick the text line should be.",
"label" : "Font Weight",
"type" : "integer",
"usage" : "capture",
"action" : "reload"
},
{
"name" : "outlinefont",
"default" : false,
"description" : "Adds a black outline to the text overlay to improve contrast.",
"label" : "Use Outline Font",
"type" : "boolean",
"usage" : "capture",
"carryforward" : true,
"action" : "reload"
},
{
"name" : "postcaptureheader",
"label" : "Post Capture Settings",
"type" : "header"
},
{
"name" : "imageremovebadlow",
"minimum" : 0,
"maximum" : 0.5,
"default" : 0.1,
"description" : "Delete images whose mean is below this value.<br><span class='WebUIValue'>0</span> disables this check.",
"label" : "Remove Bad Images Threshold Low",
"type" : "float"
},
{
"name" : "imageremovebadhigh",
"minimum" : 0,
"maximum" : 0.999,
"default" : 0.9,
"description" : "Delete images whose mean is above this value.<br><span class='WebUIValue'>0</span> disables this check.",
"label" : "Remove Bad Images Threshold High",
"type" : "float"
},
{
"name" : "imagecreatethumbnails",
"default" : true,
"description" : "Enable to create thumbnails of images. If you never look at them, disable this.",
"label" : "Create Image Thumbnails",
"type" : "boolean",
"carryforward" : true
},
{
"name" : "thumbnailsizex",
"minimum" : 25,
"maximum" : 500,
"default" : 100,
"description" : "Width of image and video thumbnails.",
"label" : "Thumbnail Width",
"type" : "integer",
"carryforward" : true
},
{
"name" : "thumbnailsizey",
"minimum" : 20,
"maximum" : 400,
"default" : 75,
"description" : "Height of image and video thumbnails.",
"label" : "Thumbnail Height",
"type" : "integer",
"carryforward" : true
},
{
"name" : "imageresizewidth",
"minimum" : 2,
"maximum" : "none",
"default" : 0,
"description" : "Width of resized image before cropping.  <span class='WebUIValue'>0</span> means don't resize.  Must be an even number.",
"label" : "Image Resize Width",
"type" : "integer",
"checkchanges" : true
},
{
"name" : "imageresizeheight",
"minimum" : 2,
"maximum" : "none",
"default" : 0,
"description" : "Height of resized image before cropping.  <span class='WebUIValue'>0</span> means don't resize.  Must be an even number.",
"label" : "Image Resize Height",
"type" : "integer",
"checkchanges" : true
},
{
"name" : "imagecroptop",
"minimum" : 0,
"maximum" : 1872,
"default" : 0,
"description" : "Number of pixels to crop off the top of image.",
"label" : "Image Crop Top",
"type" : "integer",
"checkchanges" : true
},
{
"name" : "imagecropright",
"minimum" : 0,
"maximum" : 2786,
"default" : 0,
"description" : "Number of pixels to crop off the right side of image.",
"label" : "Image Crop Right",
"type" : "integer",
"checkchanges" : true
},
{
"name" : "imagecropbottom",
"minimum" : 0,
"maximum" : 1872,
"default" : 0,
"description" : "Number of pixels to crop off the bottom of image.",
"label" : "Image Crop Bottom",
"type" : "integer",
"checkchanges" : true
},
{
"name" : "imagecropleft",
"minimum" : 0,
"maximum" : 2786,
"default" : 0,
"description" : "Number of pixels to crop off the left side of image.",
"label" : "Image Crop Left",
"type" : "integer",
"checkchanges" : true
},
{
"name" : "timelapsetab========================================",
"label" : "Timelapses",
"type" : "header-tab"
},
{
"name" : "timelapseheader",
"label" : "Timelapse Settings",
"type" : "header"
},
{
"name" : "timelapsesubheader",
"label" : "Daily Timelapse",
"type" : "header-sub"
},
{
"name" : "timelapsegenerate",
"default" : true,
"description" : "Enable to generate a timelapse video at the end of night.",
"label" : "Generate",
"label_prefix" : "Daily Timelapse",
"type" : "boolean",
"carryforward" : true
},
{
"name" : "timelapseupload",
"default" : true,
"description" : "Enable to upload the timelapse video to an Allsky Website and/or remote server.",
"label" : "Upload",
"label_prefix" : "Daily Timelapse",
"type" : "boolean",
"carryforward" : true
},
{
"name" : "timelapseuploadthumbnail",
"default" : true,
"description" : "Enable to upload the timelapse video thumbnail.",
"label" : "Upload Thumbnail",
"label_prefix" : "Daily Timelapse",
"type" : "boolean",
"carryforward" : true
},
{
"name" : "timelapsewidth",
"minimum" : 0,
"maximum" : 3096,
"default" : 0,
"description" : "Width of resized timelapse video. <span class='WebUIValue'>0</span> disables resize.  Must be an even number.",
"label" : "Width",
"label_prefix" : "Daily Timelapse",
"type" : "integer",
"checkchanges" : true
},
{
"name" : "timelapseheight",
"minimum" : 0,
"maximum" : 2080,
"default" : 0,
"description" : "Height of resized timelapse video. <span class='WebUIValue'>0</span> disables resize.  Must be an even number.",
"label" : "Height",
"label_prefix" : "Daily Timelapse",
"type" : "integer",
"checkchanges" : true
},
{
"name" : "timelapsebitrate",
"minimum" : 100,
"maximum" : 30000,
"default" : 5000,
"description" : "Bitrate (in K) of timelapse video. Higher values produce higher quality but larger files. Do NOT add <code>k</code>.",
"label" : "Bitrate",
"label_prefix" : "Daily Timelapse",
"type" : "integer"
},
{
"name" : "timelapsefps",
"minimum" : 1,
"maximum" : 200,
"default" : 25,
"description" : "Frames Per Second (FPS) of timelapse video.  Higher values will produce smoother, but faster videos.",
"label" : "FPS",
"label_prefix" : "Daily Timelapse",
"type" : "integer",
"carryforward" : true
},
{
"name" : "timelapsekeepsequence",
"default" : false,
"description" : "Use for debugging purposes only.  Enable to keep the list of files used in creating the timelapse video.",
"label" : "Keep Sequence",
"label_prefix" : "Daily Timelapse",
"type" : "boolean"
},
{
"name" : "timelapseextraparameters",
"default" : "",
"description" : "Optional additional timelapse creation parameters.  Run <code>ffmpeg -?</code> to see the options.<br>If quality is poor or the video does not play on Apple devices, try adding <code>-level 3.1</code>.",
"label" : "Extra Parameters",
"label_prefix" : "Daily Timelapse",
"type" : "widetext",
"carryforward" : true,
"optional" : true
},
{
"name" : "minitimelapseheader",
"label" : "Mini-Timelapse",
"type" : "header-sub"
},
{
"name" : "minitimelapsenumimages",
"minimum" : 0,
"maximum" : "none",
"default" : 0,
"description" : "Number of images in a mini-timelapse. <span class='WebUIValue'>0</span> disables mini-timelapse creation.",
"label" : "Number Of Images",
"label_prefix" : "Mini-Timelapse",
"type" : "integer",
"carryforward" : true
},
{
"name" : "minitimelapseforcecreation",
"default" : false,
"description" : "Create a mini-timelapse even if <span class='WebUISetting'>Number Of Images</span> isn't reached?",
"label" : "Force Creation",
"label_prefix" : "Mini-Timelapse",
"type" : "boolean",
"carryforward" : true
},
{
"name" : "minitimelapsefrequency",
"minimum" : 1,
"maximum" : "none",
"default" : 5,
"description" : "Make a mini-timelapse every X images.<br>If you have a slow Pi or short delays between images, set this to a higher number (i.e., not as often).",
"label" : "Frequency",
"label_prefix" : "Mini-Timelapse",
"type" : "integer",
"carryforward" : true
},
{
"name" : "minitimelapseupload",
"default" : false,
"description" : "Enable to upload the mini-timelapse video to an Allsky Website and/or remote server.",
"label" : "Upload",
"label_prefix" : "Mini-Timelapse",
"type" : "boolean",
"carryforward" : true
},
{
"name" : "minitimelapseuploadthumbnail",
"default" : true,
"description" : "Enable to upload the mini-timelapse video thumbnail.",
"label" : "Upload Thumbnail",
"label_prefix" : "Mini-Timelapse",
"type" : "boolean",
"carryforward" : true
},
{
"name" : "minitimelapsewidth",
"minimum" : 0,
"maximum" : 3096,
"default" : 0,
"description" : "Width of resized mini-timelapse video. <span class='WebUIValue'>0</span> disables resize.  Must be an even number.",
"label" : "Width",
"label_prefix" : "Mini-Timelapse",
"type" : "integer",
"checkchanges" : true
},
{
"name" : "minitimelapseheight",
"minimum" : 0,
"maximum" : 2080,
"default" : 0,
"description" : "Height of resized mini-timelapse video. <span class='WebUIValue'>0</span> disables resize.  Must be an even number.",
"label" : "Height",
"label_prefix" : "Mini-Timelapse",
"type" : "integer",
"checkchanges" : true
},
{
"name" : "minitimelapsebitrate",
"minimum" : 100,
"maximum" : 30000,
"default" : 2000,
"description" : "Bitrate (in K) of timelapse video. Higher values produce higher quality but larger files. Do NOT add <code>k</code>.",
"label" : "Bitrate",
"label_prefix" : "Mini-Timelapse",
"type" : "integer",
"carryforward" : true
},
{
"name" : "minitimelapsefps",
"minimum" : 1,
"maximum" : 200,
"default" : 5,
"description" : "Frames Per Second (FPS) of mini-timelapse video.",
"label" : "FPS",
"label_prefix" : "Mini-Timelapse",
"type" : "integer",
"carryforward" : true
},
{
"name" : "timelapsebothsubheader",
"label" : "Both Timelapses",
"type" : "header-sub"
},
{
"name" : "timelapsevcodec",
"default" : "libx264",
"description" : "Video encoder for timelapse.  Rarely changed.",
"label" : "VCODEC",
"label_prefix" : "Timelapse",
"type" : "text",
"carryforward" : true,
"checkchanges" : true
},
{
"name" : "timelapsepixfmt",
"default" : "yuv420p",
"description" : "Pixel format for timelapse.  Rarely changed.",
"label" : "Pixel format",
"label_prefix" : "Timelapse",
"type" : "text",
"carryforward" : true,
"checkchanges" : true
},
{
"name" : "timelapsefflog",
"default" : "warning",
"description" : "Amount of information to display while creating a timelapse.  Rarely changed.",
"label" : "Log Level",
"label_prefix" : "Timelapse",
"type" : "select_text",
"carryforward" : true,
"options" : [
	{"value" : "quiet", "label" : "No output"},
	{"value" : "fatal", "label" : "Fatal Errors"},
	{"value" : "error", "label" : "Errors"},
	{"value" : "warning", "label" : "Warnings + Errors"},
	{"value" : "info", "label" : "Info + Warnings + Errors"}
]
},
{
"name" : "keogramstartrailstab========================================",
"label" : "Keogram and Startrails",
"type" : "header-tab"
},
{
"name" : "keogramheader",
"label" : "Keogram and Startrails Settings",
"type" : "header"
},
{
"name" : "keogramsubheader",
"label" : "Keograms",
"type" : "header-sub"
},
{
"name" : "keogramgenerate",
"default" : true,
"description" : "Enable to generate a keogram at the end of night.",
"label" : "Generate",
"label_prefix" : "Keograms",
"type" : "boolean",
"carryforward" : true
},
{
"name" : "keogramupload",
"default" : true,
"description" : "Enable to upload the keogram to an Allsky Website and/or remote server.",
"label" : "Upload",
"label_prefix" : "Keograms",
"type" : "boolean",
"carryforward" : true
},
{
"name" : "keogramexpand",
"default" : true,
"description" : "Enable to expand keograms to the image width.",
"label" : "Expand",
"label_prefix" : "Keograms",
"type" : "boolean",
"carryforward" : true
},
{
"name" : "keogramfontname",
"default" : "simplex",
"description" : "Font name.",
"label" : "Font Name",
"label_prefix" : "Keograms",
"type" : "select_text",
"carryforward" : true,
"options" : [
	{"value" : "simplex", "label" : "Simplex"},
	{"value" : "plain", "label" : "Plain"},
	{"value" : "duplex", "label" : "Duplex"},
	{"value" : "complex", "label" : "Complex"},
	{"value" : "complexsmall", "label" : "Complex Small"},
	{"value" : "triplex", "label" : "Triplex"},
	{"value" : "scriptsimplex", "label" : "Script Simplex"},
	{"value" : "scriptcomplex", "label" : "Script Complex"}
]
},
{
"name" : "keogramfontcolor",
"default" : "#ffffff",
"description" : "Font color.",
"label" : "Font Color",
"label_prefix" : "Keograms",
"type" : "color"
},
{
"name" : "keogramfontsize",
"minimum" : 1,
"maximum" : 10,
"default" : 2,
"description" : "Font size.",
"label" : "Font Size",
"label_prefix" : "Keograms",
"type" : "integer"
},
{
"name" : "keogramlinethickness",
"minimum" : 1,
"maximum" : 5,
"default" : 3,
"description" : "Font line thickness.",
"label" : "Font Line Thickness",
"label_prefix" : "Keograms",
"type" : "integer"
},
{
"name" : "keogramextraparameters",
"default" : "",
"description" : "Optional additional keogram creation parameters.<br>Run <code>~/allsky/bin/keogram --help</code> for a list of options.",
"label" : "Extra Parameters",
"label_prefix" : "Keograms",
"type" : "widetext",
"optional" : true
},
{
"name" : "startrailssubheader",
"label" : "Startrails",
"type" : "header-sub"
},
{
"name" : "startrailsgenerate",
"default" : true,
"description" : "Enable to generate a startrails at the end of night.",
"label" : "Generate",
"label_prefix" : "Startrails",
"type" : "boolean",
"carryforward" : true
},
{
"name" : "startrailsbrightnessthreshold",
"minimum" : 0,
"maximum" : 1,
"default" : 0.1,
"description" : "Images with a brightness higher than this threshold will not be included in the startrails.",
"label" : "Brightness Threshold",
"label_prefix" : "Startrails",
"type" : "float"
},
{
"name" : "startrailsupload",
"default" : true,
"description" : "Enable to upload the startrails to an Allsky Website and/or remote server.",
"label" : "Upload",
"label_prefix" : "Startrails",
"type" : "boolean",
"carryforward" : true
},
{
"name" : "startrailsextraparameters",
"default" : "",
"description" : "Optional additional startrails creation parameters.<br>Run <code>~/allsky/bin/startrails --help</code> for a list of options.",
"label" : "Extra Parameters",
"label_prefix" : "Startrails",
"type" : "widetext",
"optional" : true
},
{
"name" : "websitetab========================================",
"label" : "Website",
"type" : "header-tab"
},
{
"name" : "websiteheader",
"label" : "Websites and Remote Server Settings",
"type" : "header"
},
{
"name" : "imageresizeuploadswidth",
"minimum" : 0,
"maximum" : 3096,
"default" : 0,
"description" : "Resized width of uploaded images. <span class='WebUIValue'>0</span> means don't resize.  Must be an even number.",
"label" : "Resize Uploaded Images Width",
"type" : "integer",
"checkchanges" : true
},
{
"name" : "imageresizeuploadsheight",
"minimum" : 0,
"maximum" : 2080,
"default" : 0,
"description" : "Resized height of uploaded images. <span class='WebUIValue'>0</span> means don't resize.  Must be an even number.",
"label" : "Resize Uploaded Images Height",
"type" : "integer",
"checkchanges" : true
},
{
"name" : "imageuploadfrequency",
"minimum" : 0,
"maximum" : "none",
"default" : 1,
"description" : "How often should images be uploaded to an Allsky Website and/or remote server?<br><span class='WebUIValue'>0</span> never uploads images, <span class='WebUIValue'>1</span> uploads every frame, <span class='WebUIValue'>2</span> every other frame, etc.",
"label" : "Upload Every X Images",
"type" : "integer",
"carryforward" : true
},
{
"name" : "displaysettings",
"default" : false,
"description" : "Enable to add a link on the Allsky Website to display the settings on this page.",
"label" : "Display Settings",
"type" : "boolean",
"carryforward" : true,
"checkchanges" : true
},
{
"name" : "localwebsiteheader",
"label" : "Local Website",
"type" : "header-sub"
},
{
"name" : "uselocalwebsite",
"default" : false,
"description" : "Enable to use the local Allsky Website.<br>You should configure it in the <span class='WebUILink'>Editor</span> page first.",
"label" : "Use Local Website",
"type" : "boolean",
"carryforward" : true,
"checkchanges" : true
},
{
"name" : "daystokeeplocalwebsite",
"minimum" : 0,
"maximum" : "none",
"default" : 0,
"description" : "Number of days of images and videos to keep on the Pi's Website. <span class='WebUIValue'>0</span> keeps all days.",
"label" : "Days To Keep on Pi Website",
"type" : "integer",
"carryforward" : true,
"checkchanges" : true
},
{
"name" : "remotewebsiteheader",
"label" : "Remote Website",
"type" : "header-sub"
},
{
"name" : "useremotewebsite",
"default" : false,
"description" : "Enable to use a remote Allsky Website.<br>See the Allsky Documentation for how to install the Website.",
"label" : "Use Remote Website",
"type" : "boolean",
"carryforward" : true,
"checkchanges" : true
},
{
"name" : "REMOTEWEBSITE_HOST",
"default" : "",
"description" : "Name of server hosting the remote Allsky Website.  NOT a URL.",
"label" : "Server Name",
"label_prefix" : "Remote Website",
"type" : "widetext",
"checkchanges" : true,
"optional" : true,
"source" : "${ALLSKY_ENV}"
},
{
"name" : "remotewebsiteurl",
"default" : "",
"description" : "The URL of your Allsky Website, for example: <span class='WebUIValue'>https://mywebsite.com/allsky/</span>.<br>Must begin with <span class='WebUIValue'>http</span> or <span class='WebUIValue'>https</span>.",
"label" : "Website URL",
"label_prefix" : "Remote Website",
"type" : "widetext",
"carryforward" : true,
"checkchanges" : true,
"optional" : true
},
{
"name" : "remotewebsiteimageurl",
"default" : "",
"description" : "The URL of the image on your Allsky Website, for example: <span class='WebUIValue'>https://mywebsite.com/allsky/image.jpg</span>.<br>Must begin with <span class='WebUIValue'>http</span> or <span class='WebUIValue'>https</span>.",
"label" : "Image URL",
"label_prefix" : "Remote Website",
"type" : "widetext",
"carryforward" : true,
"checkchanges" : true,
"optional" : true
},
{
"name" : "remotewebsiteimagedir",
"default" : "allsky",
"description" : "Name of the top-level remote Website directory where images go.",
"label" : "Image Directory",
"label_prefix" : "Remote Website",
"type" : "text",
"carryforward" : true,
"checkchanges" : true,
"optional" : true
},
{
"name" : "remotewebsiteprotocol",
"default" : "ftps",
"description" : "Protocol for remote Website",
"label" : "Protocol",
"label_prefix" : "Remote Website",
"type" : "select_text",
"carryforward" : true,
"options" : [
	{"value" : "ftps", "label" : "ftps"},
	{"value" : "ftp", "label" : "ftp"},
	{"value" : "sftp", "label" : "sftp"},
	{"value" : "scp", "label" : "scp"},
	{"value" : "rsync", "label" : "rsync"},
	{"value" : "s3", "label" : "S3"},
	{"value" : "gcs", "label" : "GCS"}
],
"checkchanges" : true
},
{
"name" : "REMOTEWEBSITE_PORT",
"default" : "",
"description" : "Optional port required by server.  Rarely required.",
"label" : "Port",
"label_prefix" : "Remote Website",
"type" : "text",
"checkchanges" : true,
"optional" : true,
"source" : "${ALLSKY_ENV}"
},
{
"name" : "REMOTEWEBSITE_USER",
"default" : "",
"description" : "Username of the login on the remote Website server.",
"label" : "User Name",
"label_prefix" : "Remote Website",
"type" : "text",
"checkchanges" : true,
"optional" : true,
"source" : "${ALLSKY_ENV}"
},
{
"name" : "REMOTEWEBSITE_PASSWORD",
"default" : "",
"description" : "Password of the login on the remote Website server.",
"label" : "Password",
"label_prefix" : "Remote Website",
"type" : "password",
"checkchanges" : true,
"optional" : true,
"source" : "${ALLSKY_ENV}"
},
{
"name" : "REMOTEWEBSITE_LFTP_COMMANDS",
"default" : "",
"description" : "Special commands needed when connecting to an FTP server.",
"label" : "FTP Commands",
"label_prefix" : "Remote Website",
"type" : "widetext",
"checkchanges" : true,
"optional" : true,
"source" : "${ALLSKY_ENV}"
},
{
"name" : "REMOTEWEBSITE_SSH_KEY_FILE",
"default" : "",
"description" : "Path on the Pi to the SSH public key file.",
"label" : "SSH Public Key File",
"label_prefix" : "Remote Website",
"type" : "widetext",
"checkchanges" : true,
"optional" : true,
"source" : "${ALLSKY_ENV}"
},
{
"name" : "REMOTEWEBSITE_AWS_CLI_DIR",
"default" : "",
"description" : "AWS CLI directory where the AWS CLI tools are installed.<br>Often stored in <span class='fileName'>${HOME}/.local/bin</span>",
"label" : "AWS CLI Directory",
"label_prefix" : "Remote Website",
"type" : "widetext",
"checkchanges" : true,
"optional" : true,
"source" : "${ALLSKY_ENV}"
},
{
"name" : "REMOTEWEBSITE_S3_BUCKET",
"default" : "allskybucket",
"description" : "Name of S3 bucket where files will be upload.",
"label" : "S3 Bucket",
"label_prefix" : "Remote Website",
"type" : "text",
"checkchanges" : true,
"optional" : true,
"source" : "${ALLSKY_ENV}"
},
{
"name" : "REMOTEWEBSITE_S3_ACL",
"default" : "private",
"description" : "S3 Access Control List (ACL).",
"label" : "S3 ACL",
"label_prefix" : "Remote Website",
"type" : "text",
"checkchanges" : true,
"optional" : true,
"source" : "${ALLSKY_ENV}"
},
{
"name" : "REMOTEWEBSITE_GCS_BUCKET",
"default" : "allskybucket",
"description" : "Name of GCS bucket where files will be upload.",
"label" : "GCS Bucket",
"label_prefix" : "Remote Website",
"type" : "text",
"checkchanges" : true,
"optional" : true,
"source" : "${ALLSKY_ENV}"
},
{
"name" : "REMOTEWEBSITE_GCS_ACL",
"default" : "private",
"description" : "GCS Access Control List (ACL).",
"label" : "GCS ACL",
"label_prefix" : "Remote Website",
"type" : "text",
"checkchanges" : true,
"optional" : true,
"source" : "${ALLSKY_ENV}"
},
{
"name" : "remotewebsiteimageuploadoriginalname",
"default" : false,
"description" : "Enable to upload images using YYYYMMDDHHMMSS naming.  <strong>Rarely used.</strong>",
"label" : "Upload With Original Name",
"label_prefix" : "Remote Website",
"type" : "boolean",
"carryforward" : true
},
{
"name" : "remoteserverheader",
"label" : "Remote Server",
"type" : "header-sub"
},
{
"name" : "useremoteserver",
"default" : false,
"description" : "This is a remote server NOT running the Allsky Website.<br>See the documentation for the necessary directory layout.",
"label" : "Use Remote Server",
"type" : "boolean",
"carryforward" : true,
"checkchanges" : true
},
{
"name" : "REMOTESERVER_HOST",
"default" : "",
"description" : "Name of remote server NOT hosting an Allsky Website.  NOT a URL.",
"label" : "Server Name",
"label_prefix" : "Remote Server",
"type" : "widetext",
"checkchanges" : true,
"optional" : true,
"source" : "${ALLSKY_ENV}"
},
{
"name" : "remoteserverimagedir",
"default" : "",
"description" : "Name of the top-level remote server directory where images go.",
"label" : "Image Directory",
"label_prefix" : "Remote Server",
"type" : "text",
"carryforward" : true,
"checkchanges" : true,
"optional" : true
},
{
"name" : "remoteserverprotocol",
"default" : "ftps",
"description" : "Protocol for remote server",
"label" : "Protocol",
"label_prefix" : "Remote Server",
"type" : "select_text",
"carryforward" : true,
"options" : [
	{"value" : "ftps", "label" : "ftps"},
	{"value" : "ftp", "label" : "ftp"},
	{"value" : "sftp", "label" : "sftp"},
	{"value" : "scp", "label" : "scp"},
	{"value" : "rsync", "label" : "rsync"},
	{"value" : "s3", "label" : "S3"},
	{"value" : "gcs", "label" : "GCS"}
],
"checkchanges" : true
},
{
"name" : "REMOTESERVER_PORT",
"default" : "",
"description" : "Optional port required by remote server.  Rarely required.",
"label" : "Port",
"label_prefix" : "Remote Server",
"type" : "text",
"checkchanges" : true,
"optional" : true,
"source" : "${ALLSKY_ENV}"
},
{
"name" : "REMOTESERVER_USER",
"default" : "",
"description" : "Username of the login on the remote server.",
"label" : "User Name",
"label_prefix" : "Remote Server",
"type" : "text",
"checkchanges" : true,
"optional" : true,
"source" : "${ALLSKY_ENV}"
},
{
"name" : "REMOTESERVER_PASSWORD",
"default" : "",
"description" : "Password of the remote server login.",
"label" : "Password",
"label_prefix" : "Remote Server",
"type" : "password",
"checkchanges" : true,
"optional" : true,
"source" : "${ALLSKY_ENV}"
},
{
"name" : "REMOTESERVER_LFTP_COMMANDS",
"default" : "",
"description" : "Special commands needed when connecting to an FTP server.",
"label" : "FTP Commands",
"label_prefix" : "Remote Server",
"type" : "widetext",
"checkchanges" : true,
"optional" : true,
"source" : "${ALLSKY_ENV}"
},
{
"name" : "REMOTESERVER_SSH_KEY_FILE",
"default" : "",
"description" : "Path on the Pi to the SSH public key file.",
"label" : "SSH Public Key File",
"label_prefix" : "Remote Server",
"type" : "widetext",
"checkchanges" : true,
"optional" : true,
"source" : "${ALLSKY_ENV}"
},
{
"name" : "REMOTESERVER_AWS_CLI_DIR",
"default" : "",
"description" : "AWS CLI directory where the AWS CLI tools are installed.<br>Often stored in <span class='fileName'>${HOME}/.local/bin</span>",
"label" : "AWS CLI Directory",
"label_prefix" : "Remote Server",
"type" : "widetext",
"checkchanges" : true,
"optional" : true,
"source" : "${ALLSKY_ENV}"
},
{
"name" : "REMOTESERVER_S3_BUCKET",
"default" : "allskybucket",
"description" : "Name of S3 bucket where files will be upload.",
"label" : "S3 Bucket",
"label_prefix" : "Remote Server",
"type" : "text",
"checkchanges" : true,
"optional" : true,
"source" : "${ALLSKY_ENV}"
},
{
"name" : "REMOTESERVER_S3_ACL",
"default" : "private",
"description" : "S3 Access Control List (ACL).",
"label" : "S3 ACL",
"label_prefix" : "Remote Server",
"type" : "text",
"checkchanges" : true,
"optional" : true,
"source" : "${ALLSKY_ENV}"
},
{
"name" : "REMOTESERVER_GCS_BUCKET",
"default" : "allskybucket",
"description" : "Name of GCS bucket where files will be upload.",
"label" : "GCS Bucket",
"label_prefix" : "Remote Server",
"type" : "text",
"checkchanges" : true,
"optional" : true,
"source" : "${ALLSKY_ENV}"
},
{
"name" : "REMOTESERVER_GCS_ACL",
"default" : "private",
"description" : "GCS Access Control List (ACL).",
"label" : "GCS ACL",
"label_prefix" : "Remote Server",
"type" : "text",
"checkchanges" : true,
"optional" : true,
"source" : "${ALLSKY_ENV}"
},
{
"name" : "remoteserverimageuploadoriginalname",
"default" : false,
"description" : "Enable to upload images using YYYYMMDDHHMMSS naming.",
"label" : "Upload With Original Name",
"label_prefix" : "Remote Server",
"type" : "boolean",
"carryforward" : true
},
{
"name" : "remoteservervideodestinationname",
"default" : "allsky.mp4",
"description" : "Optional name of the remote video file.",
"label" : "Remote Video File Name",
"label_prefix" : "Remote Server",
"type" : "text",
"carryforward" : true,
"optional" : true
},
{
"name" : "remoteserverkeogramdestinationname",
"default" : "keogram.jpg",
"description" : "Optional name of the remote keogram file.",
"label" : "Remote Keogram File Name",
"label_prefix" : "Remote Server",
"type" : "text",
"carryforward" : true,
"optional" : true
},
{
"name" : "remoteserverstartrailsdestinationname",
"default" : "startrails.jpg",
"description" : "Optional name of the remote startrails file.",
"label" : "Remote Startrails File Name",
"label_prefix" : "Remote Server",
"type" : "text",
"carryforward" : true,
"optional" : true
},
{
"name" : "allskymaptab========================================",
"label" : "Map",
"type" : "header-tab"
},
{
"name" : "allskymapheader",
"label" : "Allsky Map Settings",
"type" : "header"
},
{
"name" : "showonmap",
"default" : false,
"description" : "Enable to have your camera appear on the <a href='https://www.thomasjacquin.com/allsky-map/' target='_blank' title='Opens in new tab/window'><span class='WebUISetting'>Allsky Map <i class='fa fa-external-link-alt fa-fw'></i></span></a>.",
"label" : "Show on Map",
"type" : "boolean",
"carryforward" : true,
"checkchanges" : true
},
{
"name" : "location",
"default" : "",
"description" : "The location of your camera, for example: Whitehorse, YT.<br>This setting and the remaining ones also appear on the Allsky Website, if installed.",
"label" : "Location",
"type" : "widetext",
"carryforward" : true,
"checkchanges" : true,
"optional" : true
},
{
"name" : "owner",
"default" : "",
"description" : "The owner of the camera. It can be your name, an association, or observatory, etc.",
"label" : "Owner",
"type" : "text",
"carryforward" : true,
"checkchanges" : true,
"optional" : true
},
{
"name" : "camera",
"settingsonly" : true,
"label" : "NOT DISPLAYED IN WebUI",
"type" : "text"
},
{
"name" : "lens",
"default" : "",
"description" : "The lens you're using on your camera, for example: <span class='WebUIValue'>Arecont 1.55 mm</span>.",
"label" : "Lens",
"type" : "text",
"checkchanges" : true,
"optional" : true
},
{
"name" : "computer",
"settingsonly" : true,
"label" : "NOT DISPLAYED IN WebUI",
"type" : "text"
},
{
"name" : "equipmentinfo",
"default" : "",
"description" : "Optional information on your equipment.",
"label" : "Equipment Info",
"type" : "widetext",
"checkchanges" : true,
"optional" : true
},
{
"name" : "webuitab========================================",
"label" : "WebUI",
"type" : "header-tab"
},
{
"name" : "webuiheading",
"label" : "WebUI Configuration",
"type" : "header"
},
{
"name" : "imagessortorder",
"default" : "ascending",
"description" : "The order the images on the <span class='WebUIWebPage'>Images</span> page are sorted in.<br><strong>Ascending</strong> is oldest to newest. <strong>Descending</strong> is newest to oldest.",
"label" : "Images Sort Order",
"type" : "select_text",
"carryforward" : true,
"options" : [
	{"value" : "ascending", "label" : "Ascending"},
	{"value" : "descending", "label" : "Descending"}
]
},
{
"name" : "showupdatedmessage",
"default" : true,
"description" : "Disable to hide the <span class='alert-info'>Daytime images updated every...</span> message in the <span class='WebUIWebPage'>Live View</span> page.",
"label" : "Show Updated Message",
"type" : "boolean",
"carryforward" : true
},
{
"name" : "uselogin",
"default" : true,
"description" : "Determines if you need to login to the WebUI or not.<br><b>If your Pi is accessible on the Internet, do NOT turn this off!!</b>.",
"label" : "Require WebUI Login",
"type" : "boolean",
"carryforward" : true,
"checkchanges" : true
},
{
"name" : "webuidatafiles",
"default" : "",
"description" : "See the documentation for a <a allsky='true' external='true' href='/documentation/settings/allsky.html'>description of this setting</a>.",
"label" : "System Page Additions",
"type" : "widetext",
"carryforward" : true,
"optional" : true
},
{
"name" : "daytimeoverlay",
"settingsonly" : true,
"label" : "NOT DISPLAYED IN WebUI",
"type" : "text"
},
{
"name" : "nighttimeoverlay",
"settingsonly" : true,
"label" : "NOT DISPLAYED IN WebUI",
"type" : "text"
},
{
"name" : "cameratab========================================",
"label" : "Camera Type",
"type" : "header-tab"
},
{
"name" : "cameraheading",
"label" : "Camera",
"type" : "header"
},
{
"name" : "cameratype",
"default" : "ZWO",
"description" : "The type of camera you are using.<br>To change to a camera of a different type, select the new type then press the 'Save changes' button, THEN select the new <span class='WebUISetting'>Camera Model</span>.",
"label" : "Camera Type",
"type" : "select_text",
"options" : [
	{"value" : "ZWO", "label" : "ZWO"},
	{"value" : "Refresh", "label" : "Refresh"}
],
"checkchanges" : true,
"action" : "restart"
},
{
"name" : "cameramodel",
"default" : "ASI178MM",
"description" : "The model of camera you are using.",
"label" : "Camera Model",
"type" : "select_text",
"usage" : "capture",
"options" : [
	{"value" : "ASI178MM", "label" : "ASI178MM"}
],
"checkchanges" : true,
"action" : "restart"
},
{
"name" : "cameranumber",
"settingsonly" : true,
"label" : "Camera Number",
"type" : "integer"
},
{
"name" : "XX_END_XX",
"type" : "boolean",
"display" : false
}
]

