{
    "AS_TOTAL_AIRCRAFT": {
        "group": "ADSB Data",
        "type": "number",
        "description": "Total Aircraft",
        "source": "allsky_adsb",
        "value": 7
    },
    "AS_AZIMUTH_AIRCRAFT1": {
        "group": "ADSB Data",
        "type": "azimuth",
        "description": "Aircraft 1 azimuth",
        "source": "allsky_adsb",
        "value": 329
    },
    "AS_ELEVATION_AIRCRAFT1": {
        "group": "ADSB Data",
        "type": "elevation",
        "description": "Aircraft 1 elevation",
        "source": "allsky_adsb",
        "value": 12
    },
    "AS_ALTITUDE_AIRCRAFT1": {
        "group": "ADSB Data",
        "type": "altitude",
        "description": "Aircraft 1 altitude",
        "source": "allsky_adsb",
        "value": 28125
    },
    "AS_TYPE_AIRCRAFT1": {
        "group": "ADSB Data",
        "type": "string",
        "description": "Aircraft 1 type",
        "source": "allsky_adsb",
        "value": "A20N"
    },
    "AS_OWNER_AIRCRAFT1": {
        "group": "ADSB Data",
        "type": "string",
        "description": "Aircraft 1 owner",
        "source": "allsky_adsb",
        "value": null
    },
    "AS_REGISTRATION_AIRCRAFT1": {
        "group": "ADSB Data",
        "type": "string",
        "description": "Aircraft 1 registration",
        "source": "allsky_adsb",
        "value": "G-UZHX"
    },
    "AS_MANUFACTURER_AIRCRAFT1": {
        "group": "ADSB Data",
        "type": "string",
        "description": "Aircraft 1 manufacturer",
        "source": "allsky_adsb",
        "value": null
    },
    "AS_MILITARY_AIRCRAFT1": {
        "group": "ADSB Data",
        "type": "bool",
        "description": "Aircraft 1 military flag",
        "source": "allsky_adsb",
        "value": ""
    },
    "AS_TEXT_AIRCRAFT1": {
        "group": "ADSB Data",
        "type": "string",
        "description": "Aircraft 1 short text (reg, bearing)",
        "source": "allsky_adsb",
        "value": "EZY57NP 329\u00b0"
    },
    "AS_LONGTEXT_AIRCRAFT1": {
        "group": "ADSB Data",
        "type": "string",
        "description": "Aircraft 1 medium text (reg, type, bearing, distance, alt, speed)",
        "source": "allsky_adsb",
        "value": "EZY57NP A20N 329\u00b0 24Miles FL281  291kts"
    },
    "AS_SHORT_ROUTE_AIRCRAFT1": {
        "group": "ADSB Data",
        "type": "string",
        "description": "Aircraft 1 short route (ICAO -> ICAO)",
        "source": "allsky_adsb",
        "value": "LGIR -> EGCC"
    },
    "AS_MEDIUM_ROUTE_AIRCRAFT1": {
        "group": "ADSB Data",
        "type": "string",
        "description": "Aircraft 1 short route (City -> CITY)",
        "source": "allsky_adsb",
        "value": "Heraklion -> Manchester"
    },
    "AS_LONG_ROUTE_AIRCRAFT1": {
        "group": "ADSB Data",
        "type": "string",
        "description": "Aircraft 1 long route (ICAO - City -> ICAO - CITY)",
        "source": "allsky_adsb",
        "value": "(LGIR) Heraklion International Nikos Kazantzakis Airport -> (EGCC) Manchester Airport"
    },
    "AS_AZIMUTH_AIRCRAFT2": {
        "group": "ADSB Data",
        "type": "azimuth",
        "description": "Aircraft 2 azimuth",
        "source": "allsky_adsb",
        "value": 228
    },
    "AS_ELEVATION_AIRCRAFT2": {
        "group": "ADSB Data",
        "type": "elevation",
        "description": "Aircraft 2 elevation",
        "source": "allsky_adsb",
        "value": 11
    },
    "AS_ALTITUDE_AIRCRAFT2": {
        "group": "ADSB Data",
        "type": "altitude",
        "description": "Aircraft 2 altitude",
        "source": "allsky_adsb",
        "value": 32250
    },
    "AS_TYPE_AIRCRAFT2": {
        "group": "ADSB Data",
        "type": "string",
        "description": "Aircraft 2 type",
        "source": "allsky_adsb",
        "value": "B77L"
    },
    "AS_OWNER_AIRCRAFT2": {
        "group": "ADSB Data",
        "type": "string",
        "description": "Aircraft 2 owner",
        "source": "allsky_adsb",
        "value": null
    },
    "AS_REGISTRATION_AIRCRAFT2": {
        "group": "ADSB Data",
        "type": "string",
        "description": "Aircraft 2 registration",
        "source": "allsky_adsb",
        "value": "G-DHLX"
    },
    "AS_MANUFACTURER_AIRCRAFT2": {
        "group": "ADSB Data",
        "type": "string",
        "description": "Aircraft 2 manufacturer",
        "source": "allsky_adsb",
        "value": null
    },
    "AS_MILITARY_AIRCRAFT2": {
        "group": "ADSB Data",
        "type": "bool",
        "description": "Aircraft 2 military flag",
        "source": "allsky_adsb",
        "value": ""
    },
    "AS_TEXT_AIRCRAFT2": {
        "group": "ADSB Data",
        "type": "string",
        "description": "Aircraft 2 short text (reg, bearing)",
        "source": "allsky_adsb",
        "value": "DHK054 229\u00b0"
    },
    "AS_LONGTEXT_AIRCRAFT2": {
        "group": "ADSB Data",
        "type": "string",
        "description": "Aircraft 2 medium text (reg, type, bearing, distance, alt, speed)",
        "source": "allsky_adsb",
        "value": "DHK054 B77L 229\u00b0 30Miles FL322  289kts"
    },
    "AS_SHORT_ROUTE_AIRCRAFT2": {
        "group": "ADSB Data",
        "type": "string",
        "description": "Aircraft 2 short route (ICAO -> ICAO)",
        "source": "allsky_adsb",
        "value": "EGNX -> EBBR"
    },
    "AS_MEDIUM_ROUTE_AIRCRAFT2": {
        "group": "ADSB Data",
        "type": "string",
        "description": "Aircraft 2 short route (City -> CITY)",
        "source": "allsky_adsb",
        "value": "Nottingham -> Brussels"
    },
    "AS_LONG_ROUTE_AIRCRAFT2": {
        "group": "ADSB Data",
        "type": "string",
        "description": "Aircraft 2 long route (ICAO - City -> ICAO - CITY)",
        "source": "allsky_adsb",
        "value": "(EGNX) East Midlands Airport -> (EBBR) Brussels Airport"
    },
    "AS_AZIMUTH_AIRCRAFT3": {
        "group": "ADSB Data",
        "type": "azimuth",
        "description": "Aircraft 3 azimuth",
        "source": "allsky_adsb",
        "value": 99
    },
    "AS_ELEVATION_AIRCRAFT3": {
        "group": "ADSB Data",
        "type": "elevation",
        "description": "Aircraft 3 elevation",
        "source": "allsky_adsb",
        "value": 9
    },
    "AS_ALTITUDE_AIRCRAFT3": {
        "group": "ADSB Data",
        "type": "altitude",
        "description": "Aircraft 3 altitude",
        "source": "allsky_adsb",
        "value": 36000
    },
    "AS_TYPE_AIRCRAFT3": {
        "group": "ADSB Data",
        "type": "string",
        "description": "Aircraft 3 type",
        "source": "allsky_adsb",
        "value": "B738"
    },
    "AS_OWNER_AIRCRAFT3": {
        "group": "ADSB Data",
        "type": "string",
        "description": "Aircraft 3 owner",
        "source": "allsky_adsb",
        "value": null
    },
    "AS_REGISTRATION_AIRCRAFT3": {
        "group": "ADSB Data",
        "type": "string",
        "description": "Aircraft 3 registration",
        "source": "allsky_adsb",
        "value": "G-JZBG"
    },
    "AS_MANUFACTURER_AIRCRAFT3": {
        "group": "ADSB Data",
        "type": "string",
        "description": "Aircraft 3 manufacturer",
        "source": "allsky_adsb",
        "value": null
    },
    "AS_MILITARY_AIRCRAFT3": {
        "group": "ADSB Data",
        "type": "bool",
        "description": "Aircraft 3 military flag",
        "source": "allsky_adsb",
        "value": ""
    },
    "AS_TEXT_AIRCRAFT3": {
        "group": "ADSB Data",
        "type": "string",
        "description": "Aircraft 3 short text (reg, bearing)",
        "source": "allsky_adsb",
        "value": "EXS232A 99\u00b0"
    },
    "AS_LONGTEXT_AIRCRAFT3": {
        "group": "ADSB Data",
        "type": "string",
        "description": "Aircraft 3 medium text (reg, type, bearing, distance, alt, speed)",
        "source": "allsky_adsb",
        "value": "EXS232A B738 99\u00b0 39Miles FL360  246kts"
    },
    "AS_SHORT_ROUTE_AIRCRAFT3": {
        "group": "ADSB Data",
        "type": "string",
        "description": "Aircraft 3 short route (ICAO -> ICAO)",
        "source": "allsky_adsb",
        "value": "LTAI -> EGGP"
    },
    "AS_MEDIUM_ROUTE_AIRCRAFT3": {
        "group": "ADSB Data",
        "type": "string",
        "description": "Aircraft 3 short route (City -> CITY)",
        "source": "allsky_adsb",
        "value": "Antalya -> Liverpool"
    },
    "AS_LONG_ROUTE_AIRCRAFT3": {
        "group": "ADSB Data",
        "type": "string",
        "description": "Aircraft 3 long route (ICAO - City -> ICAO - CITY)",
        "source": "allsky_adsb",
        "value": "(LTAI) Antalya International Airport -> (EGGP) Liverpool John Lennon Airport"
    },
    "AS_AZIMUTH_AIRCRAFT4": {
        "group": "ADSB Data",
        "type": "azimuth",
        "description": "Aircraft 4 azimuth",
        "source": "allsky_adsb",
        "value": 190
    },
    "AS_ELEVATION_AIRCRAFT4": {
        "group": "ADSB Data",
        "type": "elevation",
        "description": "Aircraft 4 elevation",
        "source": "allsky_adsb",
        "value": 0
    },
    "AS_ALTITUDE_AIRCRAFT4": {
        "group": "ADSB Data",
        "type": "altitude",
        "description": "Aircraft 4 altitude",
        "source": "allsky_adsb",
        "value": 2825
    },
    "AS_TYPE_AIRCRAFT4": {
        "group": "ADSB Data",
        "type": "string",
        "description": "Aircraft 4 type",
        "source": "allsky_adsb",
        "value": "B738"
    },
    "AS_OWNER_AIRCRAFT4": {
        "group": "ADSB Data",
        "type": "string",
        "description": "Aircraft 4 owner",
        "source": "allsky_adsb",
        "value": null
    },
    "AS_REGISTRATION_AIRCRAFT4": {
        "group": "ADSB Data",
        "type": "string",
        "description": "Aircraft 4 registration",
        "source": "allsky_adsb",
        "value": "EI-EFO"
    },
    "AS_MANUFACTURER_AIRCRAFT4": {
        "group": "ADSB Data",
        "type": "string",
        "description": "Aircraft 4 manufacturer",
        "source": "allsky_adsb",
        "value": null
    },
    "AS_MILITARY_AIRCRAFT4": {
        "group": "ADSB Data",
        "type": "bool",
        "description": "Aircraft 4 military flag",
        "source": "allsky_adsb",
        "value": ""
    },
    "AS_TEXT_AIRCRAFT4": {
        "group": "ADSB Data",
        "type": "string",
        "description": "Aircraft 4 short text (reg, bearing)",
        "source": "allsky_adsb",
        "value": "RYR41ZG 191\u00b0"
    },
    "AS_LONGTEXT_AIRCRAFT4": {
        "group": "ADSB Data",
        "type": "string",
        "description": "Aircraft 4 medium text (reg, type, bearing, distance, alt, speed)",
        "source": "allsky_adsb",
        "value": "RYR41ZG B738 191\u00b0 44Miles FL028  170kts"
    },
    "AS_SHORT_ROUTE_AIRCRAFT4": {
        "group": "ADSB Data",
        "type": "string",
        "description": "Aircraft 4 short route (ICAO -> ICAO)",
        "source": "allsky_adsb",
        "value": "EPWR -> EGSS"
    },
    "AS_MEDIUM_ROUTE_AIRCRAFT4": {
        "group": "ADSB Data",
        "type": "string",
        "description": "Aircraft 4 short route (City -> CITY)",
        "source": "allsky_adsb",
        "value": "Wroclaw -> London"
    },
    "AS_LONG_ROUTE_AIRCRAFT4": {
        "group": "ADSB Data",
        "type": "string",
        "description": "Aircraft 4 long route (ICAO - City -> ICAO - CITY)",
        "source": "allsky_adsb",
        "value": "(EPWR) Copernicus Wroclaw Airport -> (EGSS) London Stansted Airport"
    },
    "AS_AZIMUTH_AIRCRAFT5": {
        "group": "ADSB Data",
        "type": "azimuth",
        "description": "Aircraft 5 azimuth",
        "source": "allsky_adsb",
        "value": 170
    },
    "AS_ELEVATION_AIRCRAFT5": {
        "group": "ADSB Data",
        "type": "elevation",
        "description": "Aircraft 5 elevation",
        "source": "allsky_adsb",
        "value": 3
    },
    "AS_ALTITUDE_AIRCRAFT5": {
        "group": "ADSB Data",
        "type": "altitude",
        "description": "Aircraft 5 altitude",
        "source": "allsky_adsb",
        "value": 15800
    },
    "AS_TYPE_AIRCRAFT5": {
        "group": "ADSB Data",
        "type": "string",
        "description": "Aircraft 5 type",
        "source": "allsky_adsb",
        "value": "A21N"
    },
    "AS_OWNER_AIRCRAFT5": {
        "group": "ADSB Data",
        "type": "string",
        "description": "Aircraft 5 owner",
        "source": "allsky_adsb",
        "value": null
    },
    "AS_REGISTRATION_AIRCRAFT5": {
        "group": "ADSB Data",
        "type": "string",
        "description": "Aircraft 5 registration",
        "source": "allsky_adsb",
        "value": "G-WUKW"
    },
    "AS_MANUFACTURER_AIRCRAFT5": {
        "group": "ADSB Data",
        "type": "string",
        "description": "Aircraft 5 manufacturer",
        "source": "allsky_adsb",
        "value": null
    },
    "AS_MILITARY_AIRCRAFT5": {
        "group": "ADSB Data",
        "type": "bool",
        "description": "Aircraft 5 military flag",
        "source": "allsky_adsb",
        "value": ""
    },
    "AS_TEXT_AIRCRAFT5": {
        "group": "ADSB Data",
        "type": "string",
        "description": "Aircraft 5 short text (reg, bearing)",
        "source": "allsky_adsb",
        "value": "WUK1SP 171\u00b0"
    },
    "AS_LONGTEXT_AIRCRAFT5": {
        "group": "ADSB Data",
        "type": "string",
        "description": "Aircraft 5 medium text (reg, type, bearing, distance, alt, speed)",
        "source": "allsky_adsb",
        "value": "WUK1SP A21N 171\u00b0 47Miles FL158  271kts"
    },
    "AS_SHORT_ROUTE_AIRCRAFT5": {
        "group": "ADSB Data",
        "type": "string",
        "description": "Aircraft 5 short route (ICAO -> ICAO)",
        "source": "allsky_adsb",
        "value": "LWSK -> EGGW"
    },
    "AS_MEDIUM_ROUTE_AIRCRAFT5": {
        "group": "ADSB Data",
        "type": "string",
        "description": "Aircraft 5 short route (City -> CITY)",
        "source": "allsky_adsb",
        "value": "Skopje -> London"
    },
    "AS_LONG_ROUTE_AIRCRAFT5": {
        "group": "ADSB Data",
        "type": "string",
        "description": "Aircraft 5 long route (ICAO - City -> ICAO - CITY)",
        "source": "allsky_adsb",
        "value": "(LWSK) Skopje International Airport -> (EGGW) London Luton Airport"
    },
    "AS_AZIMUTH_AIRCRAFT6": {
        "group": "ADSB Data",
        "type": "azimuth",
        "description": "Aircraft 6 azimuth",
        "source": "allsky_adsb",
        "value": 197
    },
    "AS_ELEVATION_AIRCRAFT6": {
        "group": "ADSB Data",
        "type": "elevation",
        "description": "Aircraft 6 elevation",
        "source": "allsky_adsb",
        "value": 1
    },
    "AS_ALTITUDE_AIRCRAFT6": {
        "group": "ADSB Data",
        "type": "altitude",
        "description": "Aircraft 6 altitude",
        "source": "allsky_adsb",
        "value": 8225
    },
    "AS_TYPE_AIRCRAFT6": {
        "group": "ADSB Data",
        "type": "string",
        "description": "Aircraft 6 type",
        "source": "allsky_adsb",
        "value": "A21N"
    },
    "AS_OWNER_AIRCRAFT6": {
        "group": "ADSB Data",
        "type": "string",
        "description": "Aircraft 6 owner",
        "source": "allsky_adsb",
        "value": null
    },
    "AS_REGISTRATION_AIRCRAFT6": {
        "group": "ADSB Data",
        "type": "string",
        "description": "Aircraft 6 registration",
        "source": "allsky_adsb",
        "value": "G-WUKU"
    },
    "AS_MANUFACTURER_AIRCRAFT6": {
        "group": "ADSB Data",
        "type": "string",
        "description": "Aircraft 6 manufacturer",
        "source": "allsky_adsb",
        "value": null
    },
    "AS_MILITARY_AIRCRAFT6": {
        "group": "ADSB Data",
        "type": "bool",
        "description": "Aircraft 6 military flag",
        "source": "allsky_adsb",
        "value": ""
    },
    "AS_TEXT_AIRCRAFT6": {
        "group": "ADSB Data",
        "type": "string",
        "description": "Aircraft 6 short text (reg, bearing)",
        "source": "allsky_adsb",
        "value": "WUK154 197\u00b0"
    },
    "AS_LONGTEXT_AIRCRAFT6": {
        "group": "ADSB Data",
        "type": "string",
        "description": "Aircraft 6 medium text (reg, type, bearing, distance, alt, speed)",
        "source": "allsky_adsb",
        "value": "WUK154 A21N 197\u00b0 49Miles FL082  291kts"
    },
    "AS_SHORT_ROUTE_AIRCRAFT6": {
        "group": "ADSB Data",
        "type": "string",
        "description": "Aircraft 6 short route (ICAO -> ICAO)",
        "source": "allsky_adsb",
        "value": "LATI -> LATI"
    },
    "AS_MEDIUM_ROUTE_AIRCRAFT6": {
        "group": "ADSB Data",
        "type": "string",
        "description": "Aircraft 6 short route (City -> CITY)",
        "source": "allsky_adsb",
        "value": "Tirana -> Tirana"
    },
    "AS_LONG_ROUTE_AIRCRAFT6": {
        "group": "ADSB Data",
        "type": "string",
        "description": "Aircraft 6 long route (ICAO - City -> ICAO - CITY)",
        "source": "allsky_adsb",
        "value": "(LATI) Tirana International Airport Mother Teresa -> (LATI) Tirana International Airport Mother Teresa"
    },
    "AS_AZIMUTH_AIRCRAFT7": {
        "group": "ADSB Data",
        "type": "azimuth",
        "description": "Aircraft 7 azimuth",
        "source": "allsky_adsb",
        "value": 190
    },
    "AS_ELEVATION_AIRCRAFT7": {
        "group": "ADSB Data",
        "type": "elevation",
        "description": "Aircraft 7 elevation",
        "source": "allsky_adsb",
        "value": 0
    },
    "AS_ALTITUDE_AIRCRAFT7": {
        "group": "ADSB Data",
        "type": "altitude",
        "description": "Aircraft 7 altitude",
        "source": "allsky_adsb",
        "value": 4175
    },
    "AS_TYPE_AIRCRAFT7": {
        "group": "ADSB Data",
        "type": "string",
        "description": "Aircraft 7 type",
        "source": "allsky_adsb",
        "value": "B738"
    },
    "AS_OWNER_AIRCRAFT7": {
        "group": "ADSB Data",
        "type": "string",
        "description": "Aircraft 7 owner",
        "source": "allsky_adsb",
        "value": null
    },
    "AS_REGISTRATION_AIRCRAFT7": {
        "group": "ADSB Data",
        "type": "string",
        "description": "Aircraft 7 registration",
        "source": "allsky_adsb",
        "value": "G-DRTN"
    },
    "AS_MANUFACTURER_AIRCRAFT7": {
        "group": "ADSB Data",
        "type": "string",
        "description": "Aircraft 7 manufacturer",
        "source": "allsky_adsb",
        "value": null
    },
    "AS_MILITARY_AIRCRAFT7": {
        "group": "ADSB Data",
        "type": "bool",
        "description": "Aircraft 7 military flag",
        "source": "allsky_adsb",
        "value": ""
    },
    "AS_TEXT_AIRCRAFT7": {
        "group": "ADSB Data",
        "type": "string",
        "description": "Aircraft 7 short text (reg, bearing)",
        "source": "allsky_adsb",
        "value": "EXS72YU 191\u00b0"
    },
    "AS_LONGTEXT_AIRCRAFT7": {
        "group": "ADSB Data",
        "type": "string",
        "description": "Aircraft 7 medium text (reg, type, bearing, distance, alt, speed)",
        "source": "allsky_adsb",
        "value": "EXS72YU B738 191\u00b0 49Miles FL041  180kts"
    },
    "AS_SHORT_ROUTE_AIRCRAFT7": {
        "group": "ADSB Data",
        "type": "string",
        "description": "Aircraft 7 short route (ICAO -> ICAO)",
        "source": "allsky_adsb",
        "value": "EGSS -> GCTS"
    },
    "AS_MEDIUM_ROUTE_AIRCRAFT7": {
        "group": "ADSB Data",
        "type": "string",
        "description": "Aircraft 7 short route (City -> CITY)",
        "source": "allsky_adsb",
        "value": "London -> Tenerife"
    },
    "AS_LONG_ROUTE_AIRCRAFT7": {
        "group": "ADSB Data",
        "type": "string",
        "description": "Aircraft 7 long route (ICAO - City -> ICAO - CITY)",
        "source": "allsky_adsb",
        "value": "(EGSS) London Stansted Airport -> (GCTS) Tenerife Sur Airport"
    }
}