{
    "AS_CAMERAIMAGE": {
        "name": "${CAMERAIMAGE}",
        "format": "",
        "sample": "",
        "group": "Camera",
        "description": "Current Image",
        "type": "string",
        "source": "allsky_loadimage",
        "value": "image-20250712012208.jpg"
    },
    "AS_CAMERAIMAGEPATH": {
        "name": "${CAMERAIMAGEPATH}",
        "format": "",
        "sample": "",
        "group": "Camera",
        "description": "Current Image Path",
        "type": "string",
        "source": "allsky_loadimage",
        "value": "/home/pi/allsky/tmp/image-20250712012208.jpg"
    },
    "AS_CAMERAIMAGEURL": {
        "name": "${CAMERAIMAGEURL}",
        "format": "",
        "sample": "",
        "group": "Camera",
        "description": "Current Image URL",
        "type": "string",
        "source": "allsky_loadimage",
        "value": "/images/20250712/thumbnails/image-20250712012208.jpg"
    },
    "AS_CAMERAEXPOSURE": {
        "name": "${CAMERAEXPOSURE}",
        "format": "",
        "sample": "",
        "group": "Camera",
        "description": "Exposure",
        "type": "number",
        "source": "allsky_loadimage",
        "value": 3795
    },
    "AS_CAMERAGAIN": {
        "name": "${CAMERAGAIN}",
        "format": "",
        "sample": "",
        "group": "Camera",
        "description": "Exposure",
        "type": "number",
        "source": "allsky_loadimage",
        "value": 255.0
    },
    "AS_CAMERATEMPERATURE": {
        "name": "${CAMERATEMPERATURE}",
        "format": "",
        "sample": "",
        "group": "Camera",
        "description": "Exposure",
        "type": "temperature",
        "source": "allsky_loadimage",
        "value": 36.0
    }
}