{
    "AS_CPUTEMP": {
        "name": "${CPUTEMP}",
        "format": "",
        "sample": "43.2",
        "group": "Pi",
        "description": "CPU Temperature (In C or F)",
        "type": "temperature",
        "source": "allsky_pistatus",
        "value": 40.2
    },
    "AS_PIMODEL": {
        "name": "${PIMODEL}",
        "format": "string",
        "sample": "5B",
        "group": "Pi",
        "description": "The model of Pi",
        "type": "string",
        "source": "allsky_pistatus",
        "value": "5B"
    },
    "AS_TSTATSUMARYTEXT": {
        "name": "${TSTATSUMARYTEXT}",
        "format": "text",
        "sample": "",
        "group": "Pi",
        "description": "Throttling/overvoltage issues",
        "type": "string",
        "source": "allsky_pistatus",
        "value": "No Errors"
    },
    "AS_DISKSIZE": {
        "name": "${DISKSIZE}",
        "format": "{GB}",
        "sample": "100000",
        "group": "Pi",
        "description": "Storage size",
        "type": "filesize",
        "source": "allsky_pistatus",
        "value": 251630247936
    },
    "AS_DISKUSAGE": {
        "name": "${DISKUSAGE}",
        "format": "{GB}",
        "sample": "100000",
        "group": "Pi",
        "description": "Storage used size",
        "type": "filesize",
        "source": "allsky_pistatus",
        "value": 17669554176
    },
    "AS_DISKFREE": {
        "name": "${DISKFREE}",
        "format": "{GB}",
        "sample": "100000",
        "group": "Pi",
        "description": "Storage free size",
        "type": "filesize",
        "source": "allsky_pistatus",
        "value": 223705313280
    },
    "AS_MEMORYTOTAL": {
        "name": "${MEMORYTOTAL}",
        "format": "{GB}",
        "sample": "100000",
        "group": "Pi",
        "description": "Total Memory",
        "type": "filesize",
        "source": "allsky_pistatus",
        "value": 8451211264
    },
    "AS_MEMORYUSED": {
        "name": "${MEMORYUSED}",
        "format": "{GB}",
        "sample": "100000",
        "group": "Pi",
        "description": "Memory used",
        "type": "filesize",
        "source": "allsky_pistatus",
        "value": 325206016
    },
    "AS_MEMORYAVAILABLE": {
        "name": "${MEMORYAVAILABLE}",
        "format": "filesize",
        "sample": "100000",
        "group": "Pi",
        "description": "Memory available",
        "type": "filesize",
        "source": "allsky_pistatus",
        "value": 8025374720
    }
}