{
    "AS_TEMPSENSOR": {
        "name": "${TEMPSENSOR}",
        "format": "",
        "sample": "",
        "group": "Environment",
        "description": "Allsky Sensor type",
        "type": "string",
        "source": "allsky_temp",
        "value": "Ecowitt Local"
    },
    "AS_TEMPSENSORNAME": {
        "name": "${TEMPSENSORNAME}",
        "format": "",
        "sample": "",
        "group": "Environment",
        "description": "Sensor  name Allsky",
        "type": "string",
        "source": "allsky_temp",
        "value": "Allsky"
    },
    "AS_TEMP": {
        "name": "${TEMP}",
        "format": "",
        "sample": "",
        "group": "Environment",
        "description": "Temperature from Allsky",
        "type": "temperature",
        "source": "allsky_temp",
        "value": 17.0
    },
    "AS_DEW": {
        "name": "${DEW}",
        "format": "",
        "sample": "",
        "group": "Environment",
        "description": "Dewpoint from Allsky",
        "type": "temperature",
        "source": "allsky_temp",
        "value": 13.53
    },
    "AS_HUMIDITY": {
        "name": "${HUMIDITY}",
        "format": "",
        "sample": "",
        "group": "Environment",
        "description": "Humidity from Allsky",
        "type": "number",
        "source": "allsky_temp",
        "value": 80
    },
    "AS_PRESSURE": {
        "name": "${PRESSURE}",
        "format": "",
        "sample": "",
        "group": "Environment",
        "description": "Pressure from Allsky",
        "type": "number",
        "source": "allsky_temp",
        "value": 1005.0
    }
}